{
"type": "FeatureCollection",
"name": "citywide_census-tigerweb_2026",
"features": [
{ "type": "Feature", "properties": { "GEOID": "4748000", "NAME": "Memphis city" }, "geometry": { "type": "MultiPolygon", "coordinates": [ [ [ [ -90.187787, 35.073218 ], [ -90.187194, 35.072976 ], [ -90.185619, 35.072292 ], [ -90.183681, 35.071487 ], [ -90.183631, 35.071541 ], [ -90.183526, 35.071619 ], [ -90.183437, 35.071679 ], [ -90.183353, 35.071716 ], [ -90.18323, 35.071759 ], [ -90.183035, 35.071823 ], [ -90.18286, 35.071854 ], [ -90.182381, 35.071751 ], [ -90.182238, 35.071662 ], [ -90.182105, 35.071567 ], [ -90.181938, 35.071433 ], [ -90.181807, 35.071287 ], [ -90.181736, 35.07117 ], [ -90.181598, 35.071006 ], [ -90.181519, 35.070879 ], [ -90.181454, 35.070796 ], [ -90.18136, 35.070597 ], [ -90.181266, 35.070489 ], [ -90.181155, 35.070315 ], [ -90.181045, 35.070134 ], [ -90.180956, 35.07001 ], [ -90.180823, 35.069889 ], [ -90.180709, 35.069729 ], [ -90.18054, 35.069479 ], [ -90.180403, 35.069277 ], [ -90.180312, 35.069127 ], [ -90.180158, 35.068916 ], [ -90.180039, 35.068737 ], [ -90.179948, 35.068561 ], [ -90.179784, 35.068439 ], [ -90.179637, 35.068263 ], [ -90.179508, 35.068093 ], [ -90.179406, 35.067926 ], [ -90.17931, 35.067803 ], [ -90.179251, 35.067583 ], [ -90.179243, 35.067393 ], [ -90.179211, 35.067212 ], [ -90.179214, 35.067114 ], [ -90.179223, 35.067026 ], [ -90.179197, 35.066855 ], [ -90.179195, 35.066533 ], [ -90.179199, 35.066195 ], [ -90.17919, 35.066043 ], [ -90.179135, 35.065885 ], [ -90.179141, 35.065635 ], [ -90.179147, 35.065429 ], [ -90.179139, 35.065312 ], [ -90.179142, 35.065097 ], [ -90.179165, 35.064925 ], [ -90.179195, 35.064825 ], [ -90.179208, 35.064746 ], [ -90.179236, 35.064576 ], [ -90.179249, 35.06448 ], [ -90.179302, 35.06429 ], [ -90.179341, 35.064156 ], [ -90.179376, 35.064048 ], [ -90.179442, 35.063848 ], [ -90.179462, 35.063763 ], [ -90.179501, 35.063602 ], [ -90.179524, 35.063434 ], [ -90.179545, 35.063221 ], [ -90.179635, 35.062975 ], [ -90.179725, 35.06275 ], [ -90.179812, 35.062508 ], [ -90.179873, 35.062258 ], [ -90.179947, 35.061992 ], [ -90.179974, 35.061769 ], [ -90.180049, 35.06155 ], [ -90.180134, 35.061296 ], [ -90.180209, 35.061107 ], [ -90.180261, 35.060969 ], [ -90.180312, 35.060743 ], [ -90.180379, 35.060583 ], [ -90.180418, 35.060479 ], [ -90.180445, 35.060404 ], [ -90.18048, 35.060128 ], [ -90.180537, 35.05989 ], [ -90.180605, 35.059675 ], [ -90.180695, 35.059381 ], [ -90.180693, 35.059242 ], [ -90.180846, 35.058877 ], [ -90.180874, 35.058732 ], [ -90.180891, 35.058659 ], [ -90.180947, 35.058416 ], [ -90.181004, 35.058209 ], [ -90.18108, 35.057994 ], [ -90.18121, 35.057723 ], [ -90.181357, 35.057494 ], [ -90.181398, 35.057374 ], [ -90.18153, 35.057098 ], [ -90.181619, 35.056942 ], [ -90.181683, 35.056821 ], [ -90.181753, 35.056669 ], [ -90.18183, 35.056526 ], [ -90.181912, 35.056403 ], [ -90.182011, 35.056279 ], [ -90.182095, 35.056174 ], [ -90.182192, 35.056095 ], [ -90.182309, 35.055937 ], [ -90.182494, 35.055753 ], [ -90.18265, 35.055598 ], [ -90.180494, 35.055646 ], [ -90.178878, 35.055679 ], [ -90.178608, 35.055465 ], [ -90.178665, 35.055259 ], [ -90.178542, 35.055413 ], [ -90.178271, 35.055198 ], [ -90.176645, 35.053617 ], [ -90.175204, 35.052068 ], [ -90.175131, 35.051938 ], [ -90.17436, 35.050587 ], [ -90.174079, 35.04878 ], [ -90.173306, 35.043806 ], [ -90.173129, 35.042667 ], [ -90.173141, 35.042305 ], [ -90.173222, 35.042222 ], [ -90.179307, 35.035229 ], [ -90.184631, 35.03528 ], [ -90.184596, 35.033654 ], [ -90.184587, 35.033198 ], [ -90.18448, 35.028218 ], [ -90.184503, 35.027916 ], [ -90.18452, 35.027676 ], [ -90.18496, 35.021737 ], [ -90.184896, 35.018747 ], [ -90.184888, 35.018339 ], [ -90.184836, 35.015928 ], [ -90.186257, 35.015894 ], [ -90.186963, 35.016438 ], [ -90.187152, 35.016225 ], [ -90.186442, 35.015684 ], [ -90.186497, 35.013369 ], [ -90.184726, 35.011962 ], [ -90.184696, 35.009109 ], [ -90.184691, 35.008643 ], [ -90.183828, 35.008678 ], [ -90.174692, 35.009052 ], [ -90.171686, 35.006954 ], [ -90.169092, 35.007652 ], [ -90.168849, 35.008095 ], [ -90.167079, 35.011317 ], [ -90.167084, 35.011736 ], [ -90.166667, 35.011747 ], [ -90.163742, 35.011826 ], [ -90.163702, 35.011494 ], [ -90.161852, 35.01125 ], [ -90.159205, 35.010902 ], [ -90.158466, 35.010849 ], [ -90.156555, 35.010691 ], [ -90.155814, 35.010653 ], [ -90.154833, 35.010602 ], [ -90.153548, 35.010579 ], [ -90.153495, 35.009779 ], [ -90.15296, 35.009779 ], [ -90.15297, 35.010026 ], [ -90.152977, 35.01022 ], [ -90.15299, 35.010542 ], [ -90.151451, 35.010498 ], [ -90.149112, 35.010533 ], [ -90.14911, 35.010078 ], [ -90.149105, 35.008742 ], [ -90.147649, 35.007485 ], [ -90.148162, 35.007062 ], [ -90.146447, 35.006014 ], [ -90.146006, 35.006008 ], [ -90.137986, 35.006054 ], [ -90.135554, 35.006068 ], [ -90.135592, 35.005766 ], [ -90.13587, 35.00352 ], [ -90.136127, 35.001448 ], [ -90.136437, 34.998944 ], [ -90.136451, 34.998841 ], [ -90.136473, 34.998712 ], [ -90.136495, 34.998603 ], [ -90.136519, 34.998489 ], [ -90.136542, 34.998381 ], [ -90.136565, 34.998276 ], [ -90.13659, 34.998166 ], [ -90.13662, 34.998036 ], [ -90.136661, 34.997862 ], [ -90.136713, 34.997653 ], [ -90.136785, 34.997381 ], [ -90.136855, 34.997142 ], [ -90.136902, 34.996993 ], [ -90.136972, 34.996784 ], [ -90.137032, 34.996614 ], [ -90.13709, 34.996457 ], [ -90.137161, 34.996276 ], [ -90.137322, 34.995889 ], [ -90.13741, 34.995683 ], [ -90.137506, 34.99547 ], [ -90.137601, 34.995263 ], [ -90.137662, 34.995132 ], [ -90.137741, 34.994968 ], [ -90.137811, 34.99482 ], [ -90.13786, 34.994715 ], [ -90.137865, 34.994704 ], [ -90.137885, 34.994667 ], [ -90.137698, 34.99467 ], [ -90.137666, 34.99467 ], [ -90.136755, 34.994678 ], [ -90.134511, 34.994701 ], [ -90.12747, 34.994771 ], [ -90.12721, 34.994774 ], [ -90.124651, 34.994799 ], [ -90.113643, 34.994903 ], [ -90.103391, 34.994922 ], [ -90.102744, 34.994922 ], [ -90.096341, 34.994933 ], [ -90.095315, 34.994935 ], [ -90.089298, 34.994945 ], [ -90.087803, 34.994947 ], [ -90.080236, 34.994959 ], [ -90.066165, 34.994979 ], [ -90.066067, 34.994981 ], [ -90.060785, 34.994988 ], [ -90.057732, 34.994991 ], [ -90.054062, 34.994995 ], [ -90.043037, 34.995011 ], [ -90.042442, 34.995011 ], [ -90.041258, 34.995013 ], [ -90.031376, 34.995023 ], [ -90.028289, 34.995027 ], [ -90.025161, 34.995021 ], [ -90.017914, 34.995006 ], [ -90.016362, 34.994994 ], [ -90.011475, 34.994958 ], [ -90.010336, 34.99495 ], [ -90.010159, 34.994949 ], [ -90.010124, 34.994949 ], [ -90.009492, 34.994952 ], [ -90.009281, 34.994954 ], [ -90.009055, 34.994955 ], [ -90.008379, 34.994959 ], [ -90.008154, 34.994961 ], [ -90.007569, 34.994963 ], [ -90.005816, 34.994973 ], [ -90.005453, 34.994976 ], [ -90.005232, 34.994979 ], [ -90.004889, 34.994982 ], [ -90.003863, 34.994991 ], [ -90.00352, 34.994993 ], [ -90.003325, 34.994994 ], [ -90.003031, 34.994996 ], [ -90.002696, 34.994999 ], [ -90.002549, 34.995 ], [ -90.002264, 34.995002 ], [ -90.002122, 34.995003 ], [ -90.001991, 34.995004 ], [ -90.001942, 34.995004 ], [ -90.001829, 34.995005 ], [ -90.001733, 34.995006 ], [ -89.999367, 34.995022 ], [ -89.992271, 34.995072 ], [ -89.989906, 34.995089 ], [ -89.988875, 34.995084 ], [ -89.985785, 34.995072 ], [ -89.985348, 34.995071 ], [ -89.985023, 34.99507 ], [ -89.984755, 34.995069 ], [ -89.983907, 34.995065 ], [ -89.981363, 34.995055 ], [ -89.980516, 34.995052 ], [ -89.978852, 34.995045 ], [ -89.978703, 34.995045 ], [ -89.976101, 34.995035 ], [ -89.97386, 34.995026 ], [ -89.973183, 34.995024 ], [ -89.972197, 34.99502 ], [ -89.970449, 34.995012 ], [ -89.968975, 34.995007 ], [ -89.965205, 34.994991 ], [ -89.963458, 34.994985 ], [ -89.963416, 34.994984 ], [ -89.963291, 34.994984 ], [ -89.96325, 34.994984 ], [ -89.961779, 34.994978 ], [ -89.957367, 34.994961 ], [ -89.957052, 34.99496 ], [ -89.955897, 34.994955 ], [ -89.95415, 34.994947 ], [ -89.953416, 34.994945 ], [ -89.953252, 34.994944 ], [ -89.953088, 34.994943 ], [ -89.952928, 34.994943 ], [ -89.948909, 34.994926 ], [ -89.947163, 34.994919 ], [ -89.946734, 34.994917 ], [ -89.945447, 34.994911 ], [ -89.945019, 34.99491 ], [ -89.943555, 34.994904 ], [ -89.943365, 34.994903 ], [ -89.938407, 34.994882 ], [ -89.93717, 34.994877 ], [ -89.936754, 34.994876 ], [ -89.934615, 34.994865 ], [ -89.934009, 34.994863 ], [ -89.928201, 34.994839 ], [ -89.926831, 34.994834 ], [ -89.92618, 34.994831 ], [ -89.926063, 34.994831 ], [ -89.92479, 34.994825 ], [ -89.924398, 34.994824 ], [ -89.924252, 34.994823 ], [ -89.924105, 34.994823 ], [ -89.920972, 34.994808 ], [ -89.920752, 34.994808 ], [ -89.9197, 34.994803 ], [ -89.9196, 34.994802 ], [ -89.919303, 34.994801 ], [ -89.919204, 34.994801 ], [ -89.919169, 34.9948 ], [ -89.919066, 34.9948 ], [ -89.919032, 34.9948 ], [ -89.91887, 34.994798 ], [ -89.917605, 34.994784 ], [ -89.915337, 34.99476 ], [ -89.915229, 34.994759 ], [ -89.91323, 34.994745 ], [ -89.911797, 34.994735 ], [ -89.910519, 34.99472 ], [ -89.909434, 34.994719 ], [ -89.904905, 34.994686 ], [ -89.904522, 34.994684 ], [ -89.901464, 34.994663 ], [ -89.899849, 34.994629 ], [ -89.898169, 34.994595 ], [ -89.896481, 34.99456 ], [ -89.896256, 34.994555 ], [ -89.89603, 34.99455 ], [ -89.895547, 34.99454 ], [ -89.895064, 34.994531 ], [ -89.895006, 34.994529 ], [ -89.894194, 34.994512 ], [ -89.893449, 34.994496 ], [ -89.893611, 34.994555 ], [ -89.89362, 34.995882 ], [ -89.893622, 34.996045 ], [ -89.893459, 34.996042 ], [ -89.893409, 34.996041 ], [ -89.891485, 34.996006 ], [ -89.890895, 34.995996 ], [ -89.885714, 34.995902 ], [ -89.883791, 34.995868 ], [ -89.883789, 34.995771 ], [ -89.883785, 34.995482 ], [ -89.883784, 34.995386 ], [ -89.883777, 34.994904 ], [ -89.883762, 34.994663 ], [ -89.883748, 34.994393 ], [ -89.883373, 34.994392 ], [ -89.879277, 34.994392 ], [ -89.878752, 34.994392 ], [ -89.878683, 34.994392 ], [ -89.878595, 34.994392 ], [ -89.878478, 34.994392 ], [ -89.87841, 34.994392 ], [ -89.878364, 34.994327 ], [ -89.871797, 34.994293 ], [ -89.871774, 34.994293 ], [ -89.871419, 34.994291 ], [ -89.870867, 34.994288 ], [ -89.870812, 34.994288 ], [ -89.870547, 34.994286 ], [ -89.86995, 34.994283 ], [ -89.868162, 34.994274 ], [ -89.867566, 34.994271 ], [ -89.867289, 34.99427 ], [ -89.867184, 34.994269 ], [ -89.866329, 34.994266 ], [ -89.866166, 34.994265 ], [ -89.86604, 34.994264 ], [ -89.866002, 34.994264 ], [ -89.865659, 34.994263 ], [ -89.865556, 34.994262 ], [ -89.865248, 34.994259 ], [ -89.865146, 34.994259 ], [ -89.864476, 34.994255 ], [ -89.862468, 34.994245 ], [ -89.861799, 34.994242 ], [ -89.859114, 34.994228 ], [ -89.855609, 34.99421 ], [ -89.851384, 34.994188 ], [ -89.851062, 34.994211 ], [ -89.848385, 34.994409 ], [ -89.848391, 34.994992 ], [ -89.848392, 34.995162 ], [ -89.848399, 34.996331 ], [ -89.848404, 34.997424 ], [ -89.848409, 34.998179 ], [ -89.848409, 34.998255 ], [ -89.848409, 34.998302 ], [ -89.848586, 34.998301 ], [ -89.850444, 34.998301 ], [ -89.853164, 34.998268 ], [ -89.853327, 34.998325 ], [ -89.853393, 35.000076 ], [ -89.853428, 35.000985 ], [ -89.853431, 35.001047 ], [ -89.853314, 35.001189 ], [ -89.853394, 35.001269 ], [ -89.853443, 35.001396 ], [ -89.853478, 35.001489 ], [ -89.853362, 35.00157 ], [ -89.853365, 35.001735 ], [ -89.853368, 35.0019 ], [ -89.85337, 35.002067 ], [ -89.853372, 35.002137 ], [ -89.853373, 35.00221 ], [ -89.853573, 35.00221 ], [ -89.853769, 35.00221 ], [ -89.853902, 35.00221 ], [ -89.854197, 35.002209 ], [ -89.854349, 35.002241 ], [ -89.854452, 35.002263 ], [ -89.854486, 35.002271 ], [ -89.854337, 35.002805 ], [ -89.854308, 35.002935 ], [ -89.85429, 35.003019 ], [ -89.854224, 35.003351 ], [ -89.854214, 35.003389 ], [ -89.854201, 35.003433 ], [ -89.85412, 35.003779 ], [ -89.853931, 35.003778 ], [ -89.853852, 35.003778 ], [ -89.853736, 35.003777 ], [ -89.853532, 35.003776 ], [ -89.853235, 35.003775 ], [ -89.853135, 35.003775 ], [ -89.852953, 35.003774 ], [ -89.852844, 35.003773 ], [ -89.852643, 35.003772 ], [ -89.85244, 35.003772 ], [ -89.852413, 35.003771 ], [ -89.85228, 35.003771 ], [ -89.852036, 35.00377 ], [ -89.851842, 35.003769 ], [ -89.851564, 35.003768 ], [ -89.851354, 35.003767 ], [ -89.851127, 35.003766 ], [ -89.850927, 35.003765 ], [ -89.850726, 35.003764 ], [ -89.850526, 35.003763 ], [ -89.850235, 35.003762 ], [ -89.850102, 35.003761 ], [ -89.849797, 35.003765 ], [ -89.849597, 35.003767 ], [ -89.849396, 35.003769 ], [ -89.849192, 35.003772 ], [ -89.848746, 35.003777 ], [ -89.848633, 35.003778 ], [ -89.848453, 35.003786 ], [ -89.848457, 35.00387 ], [ -89.848458, 35.003898 ], [ -89.848467, 35.004071 ], [ -89.848478, 35.00426 ], [ -89.848538, 35.00529 ], [ -89.848548, 35.005431 ], [ -89.848578, 35.005821 ], [ -89.848603, 35.006925 ], [ -89.848638, 35.008421 ], [ -89.848639, 35.008655 ], [ -89.848637, 35.009116 ], [ -89.84864, 35.010237 ], [ -89.848644, 35.011342 ], [ -89.848644, 35.011604 ], [ -89.848644, 35.012394 ], [ -89.848644, 35.012657 ], [ -89.848645, 35.012733 ], [ -89.848648, 35.012961 ], [ -89.848649, 35.013038 ], [ -89.84865, 35.013117 ], [ -89.848653, 35.013354 ], [ -89.848654, 35.013434 ], [ -89.848654, 35.01345 ], [ -89.848462, 35.013481 ], [ -89.848462, 35.013436 ], [ -89.848461, 35.013304 ], [ -89.84846, 35.013253 ], [ -89.848458, 35.013048 ], [ -89.848393, 35.013049 ], [ -89.848292, 35.01305 ], [ -89.84809, 35.013053 ], [ -89.848023, 35.013054 ], [ -89.847976, 35.013054 ], [ -89.847926, 35.013055 ], [ -89.847781, 35.013057 ], [ -89.847756, 35.013057 ], [ -89.847621, 35.013059 ], [ -89.847556, 35.01306 ], [ -89.84753, 35.01306 ], [ -89.847417, 35.013061 ], [ -89.847357, 35.013062 ], [ -89.84727, 35.013063 ], [ -89.847211, 35.013064 ], [ -89.847157, 35.013065 ], [ -89.847022, 35.013066 ], [ -89.846985, 35.013067 ], [ -89.846954, 35.013067 ], [ -89.846788, 35.013069 ], [ -89.846753, 35.01307 ], [ -89.846553, 35.013072 ], [ -89.846528, 35.013073 ], [ -89.846287, 35.013076 ], [ -89.846241, 35.013076 ], [ -89.846125, 35.013078 ], [ -89.846038, 35.013079 ], [ -89.845874, 35.013081 ], [ -89.845799, 35.013082 ], [ -89.845634, 35.013084 ], [ -89.845542, 35.013085 ], [ -89.845341, 35.013088 ], [ -89.845299, 35.013088 ], [ -89.845128, 35.01309 ], [ -89.845023, 35.013092 ], [ -89.844914, 35.013093 ], [ -89.844775, 35.013095 ], [ -89.844697, 35.013096 ], [ -89.844537, 35.013098 ], [ -89.844517, 35.013098 ], [ -89.844456, 35.013099 ], [ -89.844292, 35.013101 ], [ -89.844265, 35.013101 ], [ -89.844219, 35.013102 ], [ -89.844037, 35.013104 ], [ -89.844012, 35.013104 ], [ -89.843979, 35.013105 ], [ -89.843707, 35.013108 ], [ -89.843623, 35.013109 ], [ -89.84354, 35.013109 ], [ -89.843314, 35.01311 ], [ -89.843277, 35.01311 ], [ -89.843238, 35.013111 ], [ -89.843222, 35.013111 ], [ -89.843067, 35.013111 ], [ -89.843042, 35.013111 ], [ -89.842981, 35.013111 ], [ -89.842963, 35.013112 ], [ -89.842845, 35.013112 ], [ -89.842809, 35.013112 ], [ -89.842735, 35.013112 ], [ -89.842705, 35.013113 ], [ -89.842597, 35.013113 ], [ -89.842572, 35.013113 ], [ -89.842479, 35.013113 ], [ -89.842455, 35.013113 ], [ -89.842288, 35.013114 ], [ -89.842239, 35.013114 ], [ -89.842185, 35.013115 ], [ -89.84195, 35.013115 ], [ -89.841907, 35.013116 ], [ -89.841882, 35.013116 ], [ -89.841659, 35.013116 ], [ -89.841599, 35.013117 ], [ -89.841372, 35.013118 ], [ -89.841322, 35.013118 ], [ -89.841185, 35.013118 ], [ -89.84111, 35.013119 ], [ -89.841093, 35.013119 ], [ -89.8408, 35.01312 ], [ -89.840542, 35.013121 ], [ -89.840249, 35.013122 ], [ -89.839904, 35.013123 ], [ -89.839781, 35.013137 ], [ -89.83961, 35.01316 ], [ -89.839634, 35.013168 ], [ -89.839652, 35.013181 ], [ -89.839659, 35.013189 ], [ -89.839668, 35.013204 ], [ -89.839671, 35.013215 ], [ -89.839672, 35.013225 ], [ -89.839675, 35.01343 ], [ -89.839674, 35.013506 ], [ -89.839675, 35.013536 ], [ -89.839373, 35.013537 ], [ -89.839129, 35.013538 ], [ -89.83878, 35.013538 ], [ -89.838342, 35.013539 ], [ -89.837806, 35.01354 ], [ -89.837316, 35.013539 ], [ -89.837225, 35.013542 ], [ -89.83619, 35.013568 ], [ -89.835528, 35.013156 ], [ -89.835448, 35.01315 ], [ -89.8354, 35.013146 ], [ -89.834898, 35.013106 ], [ -89.83467, 35.013088 ], [ -89.834553, 35.013103 ], [ -89.834429, 35.013119 ], [ -89.834276, 35.013201 ], [ -89.833761, 35.013546 ], [ -89.833543, 35.013466 ], [ -89.833504, 35.013452 ], [ -89.833243, 35.013383 ], [ -89.833011, 35.013267 ], [ -89.83291, 35.013199 ], [ -89.832851, 35.01316 ], [ -89.832716, 35.013074 ], [ -89.832618, 35.013034 ], [ -89.832512, 35.012993 ], [ -89.83239, 35.012967 ], [ -89.832313, 35.012961 ], [ -89.832208, 35.012953 ], [ -89.832098, 35.012944 ], [ -89.831996, 35.012883 ], [ -89.831984, 35.012876 ], [ -89.831474, 35.012876 ], [ -89.831381, 35.012945 ], [ -89.831333, 35.012945 ], [ -89.831274, 35.012945 ], [ -89.831189, 35.012945 ], [ -89.831105, 35.012945 ], [ -89.830996, 35.012944 ], [ -89.831023, 35.015425 ], [ -89.831026, 35.015746 ], [ -89.83084, 35.015861 ], [ -89.830614, 35.016 ], [ -89.830299, 35.016195 ], [ -89.829897, 35.016443 ], [ -89.829198, 35.016875 ], [ -89.829296, 35.016989 ], [ -89.829381, 35.017088 ], [ -89.829553, 35.017289 ], [ -89.829575, 35.017315 ], [ -89.829564, 35.017318 ], [ -89.829541, 35.017324 ], [ -89.829513, 35.017331 ], [ -89.829482, 35.01734 ], [ -89.829457, 35.017348 ], [ -89.829423, 35.017358 ], [ -89.829404, 35.017364 ], [ -89.829391, 35.017369 ], [ -89.829349, 35.017382 ], [ -89.829334, 35.017387 ], [ -89.829302, 35.017398 ], [ -89.829273, 35.017408 ], [ -89.829234, 35.017422 ], [ -89.829195, 35.017437 ], [ -89.829172, 35.017447 ], [ -89.829157, 35.017453 ], [ -89.829107, 35.017474 ], [ -89.82906, 35.017494 ], [ -89.828997, 35.017523 ], [ -89.828946, 35.017548 ], [ -89.828907, 35.017568 ], [ -89.828862, 35.017591 ], [ -89.828821, 35.017614 ], [ -89.828778, 35.017638 ], [ -89.828741, 35.017661 ], [ -89.828727, 35.017669 ], [ -89.828639, 35.017723 ], [ -89.828512, 35.0178 ], [ -89.828496, 35.01781 ], [ -89.828472, 35.017824 ], [ -89.828432, 35.017849 ], [ -89.828223, 35.017976 ], [ -89.828186, 35.017999 ], [ -89.827884, 35.018182 ], [ -89.827844, 35.018207 ], [ -89.827804, 35.018231 ], [ -89.827572, 35.018373 ], [ -89.827252, 35.018567 ], [ -89.827212, 35.018592 ], [ -89.827171, 35.018616 ], [ -89.826966, 35.018741 ], [ -89.826855, 35.018809 ], [ -89.826835, 35.018821 ], [ -89.826702, 35.018902 ], [ -89.826781, 35.018978 ], [ -89.826854, 35.019049 ], [ -89.826853, 35.019545 ], [ -89.826853, 35.019702 ], [ -89.826876, 35.020151 ], [ -89.826885, 35.020239 ], [ -89.826772, 35.020388 ], [ -89.826658, 35.020542 ], [ -89.826657, 35.023188 ], [ -89.826657, 35.023887 ], [ -89.826656, 35.02501 ], [ -89.826655, 35.025949 ], [ -89.826631, 35.025957 ], [ -89.82635, 35.026044 ], [ -89.826137, 35.026124 ], [ -89.825876, 35.026249 ], [ -89.825584, 35.026414 ], [ -89.825317, 35.02658 ], [ -89.824997, 35.026792 ], [ -89.824715, 35.02699 ], [ -89.824522, 35.027113 ], [ -89.824341, 35.027133 ], [ -89.824168, 35.027127 ], [ -89.824016, 35.02712 ], [ -89.823886, 35.027115 ], [ -89.82381, 35.027229 ], [ -89.823771, 35.027287 ], [ -89.823696, 35.0274 ], [ -89.823637, 35.027488 ], [ -89.823464, 35.027483 ], [ -89.823295, 35.027477 ], [ -89.823101, 35.027606 ], [ -89.823034, 35.02765 ], [ -89.822987, 35.027681 ], [ -89.822876, 35.027681 ], [ -89.822789, 35.027681 ], [ -89.822626, 35.027682 ], [ -89.822366, 35.027682 ], [ -89.822251, 35.02774 ], [ -89.822251, 35.027768 ], [ -89.822251, 35.027956 ], [ -89.822251, 35.028059 ], [ -89.822251, 35.028157 ], [ -89.822251, 35.02824 ], [ -89.82225, 35.02827 ], [ -89.822249, 35.028611 ], [ -89.822249, 35.028725 ], [ -89.822249, 35.028845 ], [ -89.822251, 35.029205 ], [ -89.822252, 35.029325 ], [ -89.822251, 35.029564 ], [ -89.82225, 35.030282 ], [ -89.82225, 35.030522 ], [ -89.822249, 35.030769 ], [ -89.822249, 35.031514 ], [ -89.822249, 35.031762 ], [ -89.822248, 35.031893 ], [ -89.822247, 35.032288 ], [ -89.822247, 35.03242 ], [ -89.822248, 35.032589 ], [ -89.822253, 35.032955 ], [ -89.822254, 35.033098 ], [ -89.822256, 35.033268 ], [ -89.822257, 35.033295 ], [ -89.82226, 35.033379 ], [ -89.822261, 35.033407 ], [ -89.822256, 35.034045 ], [ -89.822252, 35.034798 ], [ -89.822273, 35.034999 ], [ -89.82216, 35.034999 ], [ -89.822056, 35.034998 ], [ -89.821752, 35.034997 ], [ -89.821418, 35.034996 ], [ -89.821314, 35.034996 ], [ -89.821151, 35.034995 ], [ -89.82095, 35.034995 ], [ -89.82089, 35.034995 ], [ -89.820535, 35.034993 ], [ -89.820453, 35.034998 ], [ -89.820368, 35.034995 ], [ -89.820008, 35.034991 ], [ -89.819981, 35.034991 ], [ -89.819737, 35.034989 ], [ -89.819543, 35.034987 ], [ -89.819467, 35.034987 ], [ -89.819206, 35.034987 ], [ -89.819085, 35.034985 ], [ -89.818937, 35.034984 ], [ -89.818881, 35.034983 ], [ -89.818717, 35.034983 ], [ -89.818694, 35.034983 ], [ -89.818675, 35.034983 ], [ -89.818403, 35.034983 ], [ -89.818163, 35.034983 ], [ -89.818136, 35.034983 ], [ -89.817868, 35.034983 ], [ -89.81775, 35.034982 ], [ -89.817598, 35.034983 ], [ -89.817423, 35.034982 ], [ -89.81733, 35.034982 ], [ -89.817056, 35.034982 ], [ -89.816875, 35.034981 ], [ -89.816792, 35.034981 ], [ -89.816561, 35.034981 ], [ -89.816517, 35.034981 ], [ -89.816145, 35.034981 ], [ -89.816065, 35.034979 ], [ -89.815978, 35.034977 ], [ -89.815644, 35.034974 ], [ -89.815582, 35.034974 ], [ -89.815409, 35.034972 ], [ -89.815175, 35.03497 ], [ -89.814944, 35.034969 ], [ -89.814852, 35.034968 ], [ -89.814523, 35.034965 ], [ -89.814356, 35.034964 ], [ -89.814244, 35.034963 ], [ -89.814242, 35.03502 ], [ -89.814347, 35.035085 ], [ -89.814379, 35.035255 ], [ -89.814413, 35.035445 ], [ -89.814505, 35.035943 ], [ -89.814536, 35.036184 ], [ -89.814532, 35.036347 ], [ -89.814523, 35.036548 ], [ -89.814503, 35.036781 ], [ -89.814487, 35.036946 ], [ -89.814483, 35.036984 ], [ -89.814448, 35.037146 ], [ -89.814369, 35.037383 ], [ -89.814255, 35.037626 ], [ -89.81411, 35.037856 ], [ -89.813953, 35.038059 ], [ -89.81348, 35.038506 ], [ -89.813478, 35.038522 ], [ -89.813473, 35.03878 ], [ -89.813473, 35.038996 ], [ -89.813474, 35.039156 ], [ -89.813474, 35.039216 ], [ -89.813474, 35.039316 ], [ -89.813475, 35.039409 ], [ -89.813475, 35.039434 ], [ -89.813476, 35.039618 ], [ -89.813463, 35.039949 ], [ -89.813455, 35.040036 ], [ -89.813462, 35.040113 ], [ -89.813507, 35.040493 ], [ -89.813516, 35.040549 ], [ -89.813521, 35.040582 ], [ -89.813521, 35.040604 ], [ -89.813531, 35.040733 ], [ -89.813553, 35.040976 ], [ -89.813637, 35.041927 ], [ -89.813646, 35.042037 ], [ -89.813488, 35.043704 ], [ -89.813433, 35.044274 ], [ -89.813373, 35.044893 ], [ -89.813364, 35.044991 ], [ -89.813331, 35.045341 ], [ -89.813255, 35.046391 ], [ -89.813236, 35.046621 ], [ -89.813221, 35.046812 ], [ -89.813148, 35.046788 ], [ -89.81167, 35.046296 ], [ -89.811439, 35.04622 ], [ -89.810087, 35.045761 ], [ -89.808951, 35.045383 ], [ -89.808942, 35.045389 ], [ -89.808699, 35.045541 ], [ -89.808647, 35.045572 ], [ -89.808618, 35.04559 ], [ -89.808408, 35.045717 ], [ -89.808286, 35.045789 ], [ -89.808006, 35.04595 ], [ -89.80801, 35.048701 ], [ -89.808012, 35.048947 ], [ -89.807891, 35.048931 ], [ -89.807807, 35.048917 ], [ -89.807113, 35.048817 ], [ -89.807059, 35.048809 ], [ -89.80643, 35.048718 ], [ -89.806264, 35.048695 ], [ -89.806191, 35.048684 ], [ -89.805495, 35.048584 ], [ -89.804859, 35.048492 ], [ -89.804408, 35.048441 ], [ -89.804096, 35.048407 ], [ -89.803984, 35.048395 ], [ -89.80387, 35.048382 ], [ -89.801792, 35.048049 ], [ -89.800851, 35.047949 ], [ -89.799537, 35.047784 ], [ -89.799455, 35.047772 ], [ -89.798538, 35.047656 ], [ -89.797783, 35.047562 ], [ -89.797809, 35.047437 ], [ -89.797988, 35.046574 ], [ -89.798048, 35.046578 ], [ -89.798342, 35.045324 ], [ -89.798476, 35.045334 ], [ -89.798502, 35.045185 ], [ -89.798369, 35.045171 ], [ -89.798393, 35.045005 ], [ -89.798336, 35.044987 ], [ -89.798112, 35.044978 ], [ -89.797884, 35.044947 ], [ -89.797657, 35.044916 ], [ -89.79761, 35.044917 ], [ -89.797261, 35.044918 ], [ -89.796915, 35.044922 ], [ -89.796734, 35.044924 ], [ -89.795951, 35.044894 ], [ -89.795807, 35.044886 ], [ -89.795801, 35.043877 ], [ -89.795802, 35.04374 ], [ -89.795797, 35.043601 ], [ -89.795756, 35.040547 ], [ -89.795751, 35.04018 ], [ -89.795745, 35.039792 ], [ -89.795744, 35.03963 ], [ -89.795742, 35.039522 ], [ -89.789629, 35.03707 ], [ -89.789582, 35.037041 ], [ -89.789506, 35.037012 ], [ -89.788881, 35.036767 ], [ -89.788435, 35.036593 ], [ -89.788262, 35.036525 ], [ -89.788123, 35.03647 ], [ -89.787605, 35.036281 ], [ -89.786816, 35.035964 ], [ -89.786339, 35.035746 ], [ -89.78567, 35.035468 ], [ -89.785381, 35.035339 ], [ -89.785209, 35.035263 ], [ -89.78493, 35.035161 ], [ -89.784625, 35.035049 ], [ -89.783813, 35.034677 ], [ -89.783267, 35.034436 ], [ -89.782417, 35.034072 ], [ -89.781917, 35.033847 ], [ -89.781754, 35.033777 ], [ -89.781256, 35.034473 ], [ -89.783539, 35.035442 ], [ -89.783993, 35.035672 ], [ -89.784447, 35.035861 ], [ -89.784767, 35.035994 ], [ -89.785066, 35.036119 ], [ -89.785368, 35.036244 ], [ -89.785669, 35.03637 ], [ -89.78597, 35.036495 ], [ -89.78627, 35.03662 ], [ -89.786586, 35.036752 ], [ -89.786881, 35.036875 ], [ -89.787178, 35.036998 ], [ -89.787472, 35.037121 ], [ -89.787767, 35.037246 ], [ -89.788101, 35.037404 ], [ -89.788429, 35.037552 ], [ -89.788622, 35.037633 ], [ -89.788797, 35.037705 ], [ -89.789, 35.037788 ], [ -89.789373, 35.03794 ], [ -89.789729, 35.038086 ], [ -89.78988, 35.038148 ], [ -89.789897, 35.038117 ], [ -89.790151, 35.03826 ], [ -89.790418, 35.03837 ], [ -89.790653, 35.038468 ], [ -89.790959, 35.038595 ], [ -89.791222, 35.038704 ], [ -89.791514, 35.038825 ], [ -89.791778, 35.038934 ], [ -89.792046, 35.039045 ], [ -89.792349, 35.039171 ], [ -89.792652, 35.039297 ], [ -89.792958, 35.039423 ], [ -89.793274, 35.039554 ], [ -89.793563, 35.039674 ], [ -89.793603, 35.039691 ], [ -89.79374, 35.039747 ], [ -89.793739, 35.039866 ], [ -89.793739, 35.040092 ], [ -89.793738, 35.040272 ], [ -89.793738, 35.040433 ], [ -89.793737, 35.040739 ], [ -89.793736, 35.041157 ], [ -89.793741, 35.04136 ], [ -89.793739, 35.041638 ], [ -89.793738, 35.041898 ], [ -89.793737, 35.042175 ], [ -89.793735, 35.042448 ], [ -89.793734, 35.042729 ], [ -89.793733, 35.043001 ], [ -89.793731, 35.043281 ], [ -89.793729, 35.04367 ], [ -89.793736, 35.043749 ], [ -89.793744, 35.043807 ], [ -89.79375, 35.044392 ], [ -89.7936, 35.044395 ], [ -89.793422, 35.044398 ], [ -89.793416, 35.04439 ], [ -89.793232, 35.044401 ], [ -89.793235, 35.044604 ], [ -89.793238, 35.044857 ], [ -89.793241, 35.045059 ], [ -89.793245, 35.04532 ], [ -89.793248, 35.045601 ], [ -89.793253, 35.045905 ], [ -89.793262, 35.046128 ], [ -89.793264, 35.046409 ], [ -89.793266, 35.046673 ], [ -89.793268, 35.046926 ], [ -89.79327, 35.047185 ], [ -89.793272, 35.047351 ], [ -89.793273, 35.047463 ], [ -89.793264, 35.047819 ], [ -89.793262, 35.047941 ], [ -89.793259, 35.048043 ], [ -89.793224, 35.048204 ], [ -89.793112, 35.048203 ], [ -89.792984, 35.048201 ], [ -89.790484, 35.048149 ], [ -89.78928, 35.048127 ], [ -89.787383, 35.04809 ], [ -89.786796, 35.048078 ], [ -89.786312, 35.048069 ], [ -89.784001, 35.048021 ], [ -89.783846, 35.048018 ], [ -89.783623, 35.048013 ], [ -89.78304, 35.047999 ], [ -89.783042, 35.047851 ], [ -89.782679, 35.04784 ], [ -89.781699, 35.047811 ], [ -89.778392, 35.047754 ], [ -89.778211, 35.047752 ], [ -89.776134, 35.047732 ], [ -89.776149, 35.047256 ], [ -89.77352, 35.047193 ], [ -89.772419, 35.047171 ], [ -89.772408, 35.046795 ], [ -89.771739, 35.04679 ], [ -89.771738, 35.046636 ], [ -89.771685, 35.046613 ], [ -89.771674, 35.046476 ], [ -89.770948, 35.045574 ], [ -89.770514, 35.045035 ], [ -89.770054, 35.044463 ], [ -89.767992, 35.044433 ], [ -89.767731, 35.044429 ], [ -89.766568, 35.044412 ], [ -89.766451, 35.044411 ], [ -89.766401, 35.04441 ], [ -89.766401, 35.044581 ], [ -89.766404, 35.046303 ], [ -89.766404, 35.046762 ], [ -89.766406, 35.047585 ], [ -89.766374, 35.04766 ], [ -89.766311, 35.047808 ], [ -89.766279, 35.047885 ], [ -89.766272, 35.049743 ], [ -89.76672, 35.049754 ], [ -89.767712, 35.049779 ], [ -89.770592, 35.049828 ], [ -89.770664, 35.049837 ], [ -89.770794, 35.049831 ], [ -89.770804, 35.050068 ], [ -89.770792, 35.050364 ], [ -89.770753, 35.050558 ], [ -89.770678, 35.050784 ], [ -89.770654, 35.050857 ], [ -89.770651, 35.050867 ], [ -89.770625, 35.050952 ], [ -89.770758, 35.050978 ], [ -89.770758, 35.050968 ], [ -89.77076, 35.050957 ], [ -89.770763, 35.050943 ], [ -89.770769, 35.05093 ], [ -89.770777, 35.050916 ], [ -89.770786, 35.050904 ], [ -89.770796, 35.050893 ], [ -89.770852, 35.050895 ], [ -89.771224, 35.050909 ], [ -89.771464, 35.050918 ], [ -89.771671, 35.050921 ], [ -89.77195, 35.050933 ], [ -89.772604, 35.05095 ], [ -89.773326, 35.050967 ], [ -89.774081, 35.050987 ], [ -89.775947, 35.051022 ], [ -89.776018, 35.051023 ], [ -89.776122, 35.051006 ], [ -89.776133, 35.050716 ], [ -89.776459, 35.050848 ], [ -89.776628, 35.050916 ], [ -89.776797, 35.050984 ], [ -89.776967, 35.051053 ], [ -89.77712, 35.051113 ], [ -89.777986, 35.050967 ], [ -89.778117, 35.050988 ], [ -89.778274, 35.051016 ], [ -89.778378, 35.051036 ], [ -89.778586, 35.051078 ], [ -89.778843, 35.051137 ], [ -89.779023, 35.051181 ], [ -89.779226, 35.051235 ], [ -89.779434, 35.051294 ], [ -89.77941, 35.051601 ], [ -89.779403, 35.051696 ], [ -89.783384, 35.051765 ], [ -89.783677, 35.051951 ], [ -89.78375, 35.051946 ], [ -89.783828, 35.051973 ], [ -89.783866, 35.052015 ], [ -89.783887, 35.052071 ], [ -89.783894, 35.052118 ], [ -89.783877, 35.052528 ], [ -89.783861, 35.052948 ], [ -89.783876, 35.053441 ], [ -89.784079, 35.053444 ], [ -89.785974, 35.053475 ], [ -89.786839, 35.053489 ], [ -89.78731, 35.053224 ], [ -89.787416, 35.052723 ], [ -89.787578, 35.051956 ], [ -89.787734, 35.051206 ], [ -89.787878, 35.050513 ], [ -89.788028, 35.050309 ], [ -89.788204, 35.050067 ], [ -89.788897, 35.049893 ], [ -89.789392, 35.050248 ], [ -89.789629, 35.050417 ], [ -89.789678, 35.050659 ], [ -89.789537, 35.052204 ], [ -89.78958, 35.052665 ], [ -89.78968, 35.052861 ], [ -89.78992, 35.053009 ], [ -89.790156, 35.053155 ], [ -89.790486, 35.053602 ], [ -89.790723, 35.053746 ], [ -89.790914, 35.053765 ], [ -89.791917, 35.05372 ], [ -89.79243, 35.053694 ], [ -89.792564, 35.053811 ], [ -89.792698, 35.05382 ], [ -89.792784, 35.053864 ], [ -89.7928, 35.053872 ], [ -89.792907, 35.053933 ], [ -89.792906, 35.053904 ], [ -89.792986, 35.053934 ], [ -89.793102, 35.053944 ], [ -89.793222, 35.054009 ], [ -89.793308, 35.054074 ], [ -89.793328, 35.054077 ], [ -89.793484, 35.054081 ], [ -89.793569, 35.054164 ], [ -89.793467, 35.054308 ], [ -89.793004, 35.054943 ], [ -89.792959, 35.055038 ], [ -89.792819, 35.055334 ], [ -89.792763, 35.055568 ], [ -89.792727, 35.055946 ], [ -89.792724, 35.056002 ], [ -89.792609, 35.055997 ], [ -89.7925, 35.055992 ], [ -89.791026, 35.055924 ], [ -89.790853, 35.055917 ], [ -89.790533, 35.055902 ], [ -89.790185, 35.05579 ], [ -89.789657, 35.055667 ], [ -89.788677, 35.055439 ], [ -89.788334, 35.055679 ], [ -89.788158, 35.055832 ], [ -89.78787, 35.055907 ], [ -89.787683, 35.055854 ], [ -89.787511, 35.055804 ], [ -89.78716, 35.055536 ], [ -89.78705, 35.055454 ], [ -89.787031, 35.055441 ], [ -89.786987, 35.055409 ], [ -89.786689, 35.055198 ], [ -89.785691, 35.054935 ], [ -89.785281, 35.054811 ], [ -89.78409, 35.054625 ], [ -89.784037, 35.054667 ], [ -89.783902, 35.054773 ], [ -89.783867, 35.0548 ], [ -89.783841, 35.05482 ], [ -89.783829, 35.05483 ], [ -89.783357, 35.054846 ], [ -89.782839, 35.056099 ], [ -89.781856, 35.056766 ], [ -89.781871, 35.057494 ], [ -89.781876, 35.057714 ], [ -89.781878, 35.057804 ], [ -89.781879, 35.057852 ], [ -89.781882, 35.057989 ], [ -89.781884, 35.058127 ], [ -89.781887, 35.058264 ], [ -89.78189, 35.058401 ], [ -89.781893, 35.058539 ], [ -89.781896, 35.058676 ], [ -89.781899, 35.058813 ], [ -89.781902, 35.058951 ], [ -89.781904, 35.059088 ], [ -89.781907, 35.059226 ], [ -89.78191, 35.059363 ], [ -89.781913, 35.0595 ], [ -89.781914, 35.059568 ], [ -89.782075, 35.059561 ], [ -89.782077, 35.059649 ], [ -89.782078, 35.059719 ], [ -89.782079, 35.059799 ], [ -89.782534, 35.059763 ], [ -89.78293, 35.059735 ], [ -89.783372, 35.059639 ], [ -89.783739, 35.059553 ], [ -89.784063, 35.059474 ], [ -89.784442, 35.059355 ], [ -89.784906, 35.059184 ], [ -89.785376, 35.058978 ], [ -89.785871, 35.058726 ], [ -89.785909, 35.058772 ], [ -89.786294, 35.059234 ], [ -89.78663, 35.059603 ], [ -89.786809, 35.05979 ], [ -89.786869, 35.059847 ], [ -89.787285, 35.060244 ], [ -89.787121, 35.060377 ], [ -89.786592, 35.060811 ], [ -89.786369, 35.060991 ], [ -89.786118, 35.061195 ], [ -89.785636, 35.061587 ], [ -89.785495, 35.061707 ], [ -89.785458, 35.061757 ], [ -89.785404, 35.061786 ], [ -89.784909, 35.062063 ], [ -89.783932, 35.062863 ], [ -89.783856, 35.062929 ], [ -89.783981, 35.062966 ], [ -89.783994, 35.06297 ], [ -89.784437, 35.063139 ], [ -89.785097, 35.06345 ], [ -89.785283, 35.063552 ], [ -89.785391, 35.063553 ], [ -89.785427, 35.063554 ], [ -89.78576, 35.063562 ], [ -89.785845, 35.063564 ], [ -89.786718, 35.063588 ], [ -89.786802, 35.063591 ], [ -89.786835, 35.063592 ], [ -89.78719, 35.063604 ], [ -89.787478, 35.063614 ], [ -89.787763, 35.063624 ], [ -89.788048, 35.063634 ], [ -89.788336, 35.063644 ], [ -89.788596, 35.063654 ], [ -89.788624, 35.063654 ], [ -89.788892, 35.063664 ], [ -89.788908, 35.063664 ], [ -89.789209, 35.063675 ], [ -89.78922, 35.063675 ], [ -89.789411, 35.063682 ], [ -89.789443, 35.063683 ], [ -89.78959, 35.063688 ], [ -89.789753, 35.063694 ], [ -89.789907, 35.063699 ], [ -89.790026, 35.063703 ], [ -89.79028, 35.063712 ], [ -89.790329, 35.063714 ], [ -89.790482, 35.063719 ], [ -89.790513, 35.06372 ], [ -89.790779, 35.063729 ], [ -89.791268, 35.063746 ], [ -89.791664, 35.06376 ], [ -89.791961, 35.06377 ], [ -89.792107, 35.063776 ], [ -89.792203, 35.063779 ], [ -89.792243, 35.06378 ], [ -89.792285, 35.063782 ], [ -89.792529, 35.06379 ], [ -89.792563, 35.063791 ], [ -89.792885, 35.063803 ], [ -89.792942, 35.063805 ], [ -89.793064, 35.063786 ], [ -89.793188, 35.063766 ], [ -89.793284, 35.063751 ], [ -89.793745, 35.063761 ], [ -89.794499, 35.063781 ], [ -89.794534, 35.063771 ], [ -89.794557, 35.063761 ], [ -89.794844, 35.063687 ], [ -89.795349, 35.063456 ], [ -89.796852, 35.063526 ], [ -89.796922, 35.063531 ], [ -89.796965, 35.063532 ], [ -89.797243, 35.063945 ], [ -89.798315, 35.06398 ], [ -89.798353, 35.063979 ], [ -89.798594, 35.063987 ], [ -89.798682, 35.06399 ], [ -89.799099, 35.064009 ], [ -89.799244, 35.064009 ], [ -89.79937, 35.064013 ], [ -89.801482, 35.064047 ], [ -89.802581, 35.064065 ], [ -89.802586, 35.064122 ], [ -89.802704, 35.064124 ], [ -89.802704, 35.064155 ], [ -89.802704, 35.064176 ], [ -89.802702, 35.064248 ], [ -89.802697, 35.064467 ], [ -89.802696, 35.06454 ], [ -89.80269, 35.064788 ], [ -89.802674, 35.065532 ], [ -89.802669, 35.065781 ], [ -89.802666, 35.065899 ], [ -89.80266, 35.066254 ], [ -89.802659, 35.066373 ], [ -89.802657, 35.066494 ], [ -89.802866, 35.066499 ], [ -89.803084, 35.066501 ], [ -89.803273, 35.066502 ], [ -89.803444, 35.066504 ], [ -89.803603, 35.066505 ], [ -89.803807, 35.066507 ], [ -89.803857, 35.066514 ], [ -89.803907, 35.06651 ], [ -89.804404, 35.066514 ], [ -89.804422, 35.066515 ], [ -89.804541, 35.066514 ], [ -89.8048, 35.066514 ], [ -89.80491, 35.066514 ], [ -89.805248, 35.066514 ], [ -89.805602, 35.066515 ], [ -89.805659, 35.066515 ], [ -89.805951, 35.066515 ], [ -89.80598, 35.066515 ], [ -89.806296, 35.066515 ], [ -89.806331, 35.066515 ], [ -89.806627, 35.066515 ], [ -89.806669, 35.066515 ], [ -89.806958, 35.066516 ], [ -89.807, 35.066516 ], [ -89.807339, 35.066516 ], [ -89.807431, 35.066523 ], [ -89.807549, 35.06653 ], [ -89.80787, 35.066524 ], [ -89.808003, 35.066521 ], [ -89.808388, 35.066527 ], [ -89.808506, 35.066529 ], [ -89.808725, 35.066532 ], [ -89.808756, 35.066533 ], [ -89.808879, 35.066535 ], [ -89.809066, 35.066538 ], [ -89.809144, 35.066539 ], [ -89.80925, 35.066541 ], [ -89.809395, 35.066543 ], [ -89.809596, 35.066546 ], [ -89.809629, 35.066547 ], [ -89.80973, 35.066548 ], [ -89.809998, 35.066553 ], [ -89.810071, 35.066554 ], [ -89.810191, 35.066556 ], [ -89.810282, 35.066557 ], [ -89.810366, 35.066559 ], [ -89.810396, 35.06656 ], [ -89.810541, 35.066562 ], [ -89.810653, 35.066563 ], [ -89.810732, 35.066564 ], [ -89.811075, 35.06657 ], [ -89.811097, 35.06657 ], [ -89.811386, 35.066575 ], [ -89.811407, 35.066575 ], [ -89.811454, 35.066576 ], [ -89.811465, 35.066576 ], [ -89.811748, 35.066581 ], [ -89.811779, 35.066581 ], [ -89.811828, 35.066582 ], [ -89.81231, 35.06659 ], [ -89.812512, 35.066599 ], [ -89.812497, 35.066949 ], [ -89.812492, 35.067075 ], [ -89.812478, 35.067278 ], [ -89.812449, 35.067724 ], [ -89.812446, 35.067889 ], [ -89.812444, 35.068094 ], [ -89.812833, 35.068097 ], [ -89.812937, 35.068094 ], [ -89.814418, 35.068061 ], [ -89.814912, 35.068051 ], [ -89.81516, 35.068047 ], [ -89.815907, 35.068036 ], [ -89.816079, 35.068034 ], [ -89.816156, 35.068036 ], [ -89.816151, 35.068124 ], [ -89.816338, 35.068119 ], [ -89.816498, 35.068115 ], [ -89.817166, 35.068098 ], [ -89.817442, 35.068091 ], [ -89.817465, 35.06809 ], [ -89.817534, 35.068087 ], [ -89.817558, 35.068087 ], [ -89.817582, 35.068083 ], [ -89.817653, 35.068072 ], [ -89.817678, 35.068069 ], [ -89.817805, 35.068027 ], [ -89.817852, 35.068013 ], [ -89.817947, 35.067977 ], [ -89.818031, 35.068173 ], [ -89.818339, 35.068391 ], [ -89.818502, 35.068148 ], [ -89.819543, 35.068003 ], [ -89.819818, 35.067963 ], [ -89.820253, 35.067896 ], [ -89.82034, 35.067885 ], [ -89.820358, 35.067882 ], [ -89.820279, 35.067695 ], [ -89.820571, 35.067608 ], [ -89.821006, 35.067474 ], [ -89.821154, 35.067429 ], [ -89.821384, 35.067358 ], [ -89.821491, 35.067411 ], [ -89.821621, 35.067475 ], [ -89.821958, 35.067387 ], [ -89.822004, 35.067375 ], [ -89.822039, 35.067365 ], [ -89.822052, 35.067349 ], [ -89.822209, 35.067152 ], [ -89.822271, 35.067074 ], [ -89.822402, 35.066909 ], [ -89.822391, 35.066768 ], [ -89.822388, 35.066735 ], [ -89.822567, 35.066651 ], [ -89.822849, 35.066519 ], [ -89.823265, 35.066509 ], [ -89.823276, 35.066366 ], [ -89.823337, 35.066375 ], [ -89.823795, 35.066436 ], [ -89.823939, 35.066457 ], [ -89.824016, 35.066468 ], [ -89.824111, 35.066481 ], [ -89.824181, 35.066392 ], [ -89.824261, 35.066382 ], [ -89.824427, 35.066354 ], [ -89.824523, 35.066339 ], [ -89.824542, 35.066336 ], [ -89.824567, 35.066332 ], [ -89.824684, 35.066689 ], [ -89.8247, 35.066738 ], [ -89.82472, 35.066799 ], [ -89.82474, 35.066858 ], [ -89.824851, 35.066842 ], [ -89.824925, 35.067157 ], [ -89.824947, 35.067247 ], [ -89.824953, 35.067272 ], [ -89.825206, 35.067235 ], [ -89.825487, 35.067195 ], [ -89.825628, 35.067176 ], [ -89.825932, 35.067136 ], [ -89.826218, 35.067079 ], [ -89.826712, 35.067012 ], [ -89.82696, 35.066958 ], [ -89.828108, 35.066777 ], [ -89.828439, 35.066736 ], [ -89.828448, 35.067187 ], [ -89.828443, 35.067355 ], [ -89.828439, 35.067517 ], [ -89.828425, 35.06804 ], [ -89.82842, 35.068204 ], [ -89.82841, 35.068557 ], [ -89.828409, 35.06863 ], [ -89.828407, 35.068694 ], [ -89.828397, 35.069056 ], [ -89.828393, 35.069202 ], [ -89.828378, 35.069751 ], [ -89.828374, 35.069912 ], [ -89.82837, 35.070062 ], [ -89.828355, 35.070604 ], [ -89.82835, 35.070762 ], [ -89.828345, 35.070947 ], [ -89.828333, 35.071407 ], [ -89.828327, 35.071615 ], [ -89.828323, 35.071778 ], [ -89.828313, 35.072147 ], [ -89.828303, 35.072498 ], [ -89.828303, 35.072533 ], [ -89.828303, 35.072584 ], [ -89.828304, 35.07269 ], [ -89.828291, 35.073052 ], [ -89.828282, 35.073305 ], [ -89.828273, 35.073547 ], [ -89.828265, 35.073795 ], [ -89.828256, 35.074048 ], [ -89.828247, 35.074299 ], [ -89.828238, 35.074554 ], [ -89.828233, 35.074703 ], [ -89.828229, 35.074804 ], [ -89.828221, 35.075054 ], [ -89.828212, 35.075304 ], [ -89.828203, 35.075563 ], [ -89.828194, 35.075824 ], [ -89.828185, 35.076059 ], [ -89.828176, 35.076338 ], [ -89.828172, 35.076442 ], [ -89.82816, 35.076793 ], [ -89.828145, 35.077212 ], [ -89.828133, 35.077555 ], [ -89.828132, 35.077671 ], [ -89.828166, 35.077672 ], [ -89.828423, 35.077678 ], [ -89.828946, 35.077689 ], [ -89.828979, 35.077689 ], [ -89.829066, 35.077691 ], [ -89.829088, 35.077691 ], [ -89.829046, 35.078628 ], [ -89.82904, 35.079206 ], [ -89.82901, 35.079707 ], [ -89.82901, 35.080164 ], [ -89.829, 35.080489 ], [ -89.828933, 35.082734 ], [ -89.82893, 35.0828 ], [ -89.829224, 35.082801 ], [ -89.829514, 35.082804 ], [ -89.830044, 35.082822 ], [ -89.830455, 35.082834 ], [ -89.830609, 35.082838 ], [ -89.830699, 35.082841 ], [ -89.830632, 35.084131 ], [ -89.830603, 35.084747 ], [ -89.830582, 35.085176 ], [ -89.830559, 35.085657 ], [ -89.830531, 35.086241 ], [ -89.830528, 35.0863 ], [ -89.830518, 35.086509 ], [ -89.830482, 35.087262 ], [ -89.830485, 35.08759 ], [ -89.830465, 35.087621 ], [ -89.830463, 35.087655 ], [ -89.830376, 35.089476 ], [ -89.830375, 35.089613 ], [ -89.830356, 35.090001 ], [ -89.830354, 35.090062 ], [ -89.83034, 35.090354 ], [ -89.830338, 35.090404 ], [ -89.830299, 35.091226 ], [ -89.830288, 35.091464 ], [ -89.830293, 35.093406 ], [ -89.830288, 35.094451 ], [ -89.830283, 35.094502 ], [ -89.830272, 35.094656 ], [ -89.830268, 35.094708 ], [ -89.830391, 35.094725 ], [ -89.830761, 35.094779 ], [ -89.830885, 35.094797 ], [ -89.832676, 35.095055 ], [ -89.836994, 35.09568 ], [ -89.837827, 35.095776 ], [ -89.838054, 35.095808 ], [ -89.838524, 35.095874 ], [ -89.838959, 35.095935 ], [ -89.839848, 35.096057 ], [ -89.840975, 35.096239 ], [ -89.841024, 35.096247 ], [ -89.842119, 35.096392 ], [ -89.843134, 35.096558 ], [ -89.844114, 35.096782 ], [ -89.844342, 35.09685 ], [ -89.845436, 35.097179 ], [ -89.845443, 35.097611 ], [ -89.845455, 35.098384 ], [ -89.845456, 35.098407 ], [ -89.845474, 35.098688 ], [ -89.845488, 35.098805 ], [ -89.845503, 35.098902 ], [ -89.845572, 35.099319 ], [ -89.845466, 35.099294 ], [ -89.844203, 35.099071 ], [ -89.843043, 35.098863 ], [ -89.842642, 35.098796 ], [ -89.842355, 35.098749 ], [ -89.842224, 35.098725 ], [ -89.841924, 35.098657 ], [ -89.841667, 35.098606 ], [ -89.841376, 35.098556 ], [ -89.841078, 35.098502 ], [ -89.840849, 35.098466 ], [ -89.840585, 35.098433 ], [ -89.839473, 35.09826 ], [ -89.839388, 35.098248 ], [ -89.839294, 35.098236 ], [ -89.837894, 35.098059 ], [ -89.837538, 35.09802 ], [ -89.837421, 35.098007 ], [ -89.837081, 35.097964 ], [ -89.836149, 35.097856 ], [ -89.836097, 35.099098 ], [ -89.836078, 35.099843 ], [ -89.836076, 35.100604 ], [ -89.836068, 35.101425 ], [ -89.836065, 35.101791 ], [ -89.836046, 35.102455 ], [ -89.836044, 35.102554 ], [ -89.836034, 35.102971 ], [ -89.836031, 35.103106 ], [ -89.836023, 35.103413 ], [ -89.836016, 35.103727 ], [ -89.836009, 35.104009 ], [ -89.836002, 35.104284 ], [ -89.836002, 35.104309 ], [ -89.835995, 35.104562 ], [ -89.835995, 35.104587 ], [ -89.835992, 35.104789 ], [ -89.835988, 35.104847 ], [ -89.83534, 35.104843 ], [ -89.834419, 35.10484 ], [ -89.83441, 35.105141 ], [ -89.834385, 35.105848 ], [ -89.834387, 35.105881 ], [ -89.83438, 35.106177 ], [ -89.834375, 35.106254 ], [ -89.834357, 35.10665 ], [ -89.834355, 35.10671 ], [ -89.834354, 35.106731 ], [ -89.834346, 35.106998 ], [ -89.834344, 35.107086 ], [ -89.834336, 35.107361 ], [ -89.834334, 35.107402 ], [ -89.834333, 35.107448 ], [ -89.834323, 35.107784 ], [ -89.834325, 35.107853 ], [ -89.834315, 35.108113 ], [ -89.83431, 35.108368 ], [ -89.834301, 35.108557 ], [ -89.834297, 35.108779 ], [ -89.834288, 35.109067 ], [ -89.834277, 35.109473 ], [ -89.834266, 35.109823 ], [ -89.834255, 35.110168 ], [ -89.834243, 35.110503 ], [ -89.834229, 35.111013 ], [ -89.83422, 35.111285 ], [ -89.834205, 35.11185 ], [ -89.8342, 35.111978 ], [ -89.834148, 35.112006 ], [ -89.834142, 35.112362 ], [ -89.834131, 35.112988 ], [ -89.83411, 35.114222 ], [ -89.834107, 35.11439 ], [ -89.83413, 35.114393 ], [ -89.834219, 35.114391 ], [ -89.834182, 35.115777 ], [ -89.834177, 35.116431 ], [ -89.834172, 35.116869 ], [ -89.83417, 35.117016 ], [ -89.834171, 35.117378 ], [ -89.834156, 35.11853 ], [ -89.83413, 35.118607 ], [ -89.834081, 35.118744 ], [ -89.834054, 35.118827 ], [ -89.834063, 35.120341 ], [ -89.834061, 35.120828 ], [ -89.834063, 35.121013 ], [ -89.833912, 35.120987 ], [ -89.833335, 35.120948 ], [ -89.8332, 35.120936 ], [ -89.832681, 35.120888 ], [ -89.83194, 35.120723 ], [ -89.831706, 35.120624 ], [ -89.83158, 35.12057 ], [ -89.831416, 35.120502 ], [ -89.831294, 35.120451 ], [ -89.83083, 35.120334 ], [ -89.830512, 35.120308 ], [ -89.830358, 35.120266 ], [ -89.829881, 35.120183 ], [ -89.829409, 35.120088 ], [ -89.829281, 35.120067 ], [ -89.828415, 35.119668 ], [ -89.827757, 35.119502 ], [ -89.827338, 35.119503 ], [ -89.826954, 35.119556 ], [ -89.82637, 35.119566 ], [ -89.825997, 35.11956 ], [ -89.825163, 35.119429 ], [ -89.824705, 35.119283 ], [ -89.824183, 35.119039 ], [ -89.823515, 35.118792 ], [ -89.823198, 35.118712 ], [ -89.822748, 35.118598 ], [ -89.822136, 35.118561 ], [ -89.821171, 35.118537 ], [ -89.820597, 35.11844 ], [ -89.820186, 35.11831 ], [ -89.819834, 35.118196 ], [ -89.819327, 35.118041 ], [ -89.819152, 35.117984 ], [ -89.818433, 35.11782 ], [ -89.817876, 35.1178 ], [ -89.817369, 35.117705 ], [ -89.816423, 35.117507 ], [ -89.815894, 35.117415 ], [ -89.815211, 35.117429 ], [ -89.814701, 35.117375 ], [ -89.814283, 35.117222 ], [ -89.813611, 35.117024 ], [ -89.812841, 35.116862 ], [ -89.81224, 35.116839 ], [ -89.811826, 35.116781 ], [ -89.811607, 35.116755 ], [ -89.811265, 35.116682 ], [ -89.810438, 35.116358 ], [ -89.80956, 35.116086 ], [ -89.808084, 35.115656 ], [ -89.807481, 35.115652 ], [ -89.806977, 35.115837 ], [ -89.806681, 35.116087 ], [ -89.806328, 35.116516 ], [ -89.806102, 35.116722 ], [ -89.805456, 35.116928 ], [ -89.804704, 35.117157 ], [ -89.8037, 35.117241 ], [ -89.803218, 35.117264 ], [ -89.803003, 35.117276 ], [ -89.802958, 35.11727 ], [ -89.802259, 35.117178 ], [ -89.801632, 35.117094 ], [ -89.801243, 35.117023 ], [ -89.801131, 35.116996 ], [ -89.800957, 35.116964 ], [ -89.799472, 35.116652 ], [ -89.797056, 35.116146 ], [ -89.795355, 35.114884 ], [ -89.793806, 35.113225 ], [ -89.79291, 35.112689 ], [ -89.792824, 35.112638 ], [ -89.79129, 35.111719 ], [ -89.786573, 35.10988 ], [ -89.785978, 35.109647 ], [ -89.784169, 35.108943 ], [ -89.784176, 35.1086 ], [ -89.783932, 35.108504 ], [ -89.783334, 35.108268 ], [ -89.782833, 35.10807 ], [ -89.782355, 35.107879 ], [ -89.782316, 35.107875 ], [ -89.782245, 35.107835 ], [ -89.781751, 35.107637 ], [ -89.781112, 35.107361 ], [ -89.78121, 35.107948 ], [ -89.781277, 35.109336 ], [ -89.77903, 35.109179 ], [ -89.779045, 35.111179 ], [ -89.778899, 35.114723 ], [ -89.778778, 35.117525 ], [ -89.778647, 35.120919 ], [ -89.778735, 35.124416 ], [ -89.777366, 35.124395 ], [ -89.776686, 35.124389 ], [ -89.776416, 35.124385 ], [ -89.776078, 35.124382 ], [ -89.776064, 35.124502 ], [ -89.77604, 35.124712 ], [ -89.775931, 35.125645 ], [ -89.775764, 35.126988 ], [ -89.77569, 35.12766 ], [ -89.775473, 35.127636 ], [ -89.774763, 35.127565 ], [ -89.774531, 35.127553 ], [ -89.774094, 35.127533 ], [ -89.773421, 35.127509 ], [ -89.772312, 35.127471 ], [ -89.771719, 35.127453 ], [ -89.771402, 35.127439 ], [ -89.771333, 35.127437 ], [ -89.771024, 35.127447 ], [ -89.770731, 35.127472 ], [ -89.770658, 35.12748 ], [ -89.77044, 35.127505 ], [ -89.770368, 35.127514 ], [ -89.770121, 35.127542 ], [ -89.769964, 35.127557 ], [ -89.769757, 35.127579 ], [ -89.768794, 35.127694 ], [ -89.768756, 35.127698 ], [ -89.768354, 35.127745 ], [ -89.76833, 35.127748 ], [ -89.76806, 35.127781 ], [ -89.767992, 35.127789 ], [ -89.767907, 35.127799 ], [ -89.767178, 35.127889 ], [ -89.767127, 35.127896 ], [ -89.767037, 35.127961 ], [ -89.766905, 35.127978 ], [ -89.766793, 35.127983 ], [ -89.766307, 35.12804 ], [ -89.765647, 35.128095 ], [ -89.764554, 35.128175 ], [ -89.761119, 35.128443 ], [ -89.761012, 35.12845 ], [ -89.761009, 35.128671 ], [ -89.761097, 35.129296 ], [ -89.761113, 35.129409 ], [ -89.761158, 35.129657 ], [ -89.761246, 35.129977 ], [ -89.761348, 35.130273 ], [ -89.761512, 35.130652 ], [ -89.761678, 35.130968 ], [ -89.762629, 35.132284 ], [ -89.762895, 35.132796 ], [ -89.76312, 35.133556 ], [ -89.763137, 35.133666 ], [ -89.763192, 35.134012 ], [ -89.7632, 35.134294 ], [ -89.763315, 35.135104 ], [ -89.763491, 35.13635 ], [ -89.763589, 35.137043 ], [ -89.763679, 35.13768 ], [ -89.763669, 35.138133 ], [ -89.763659, 35.138581 ], [ -89.763744, 35.139329 ], [ -89.763884, 35.139975 ], [ -89.763895, 35.140026 ], [ -89.763948, 35.14026 ], [ -89.763976, 35.140385 ], [ -89.763522, 35.140387 ], [ -89.763203, 35.140385 ], [ -89.763214, 35.141093 ], [ -89.763197, 35.141367 ], [ -89.763289, 35.141904 ], [ -89.763355, 35.142287 ], [ -89.7624, 35.142275 ], [ -89.762373, 35.143411 ], [ -89.762338, 35.14484 ], [ -89.762294, 35.146634 ], [ -89.762259, 35.148074 ], [ -89.762236, 35.148996 ], [ -89.762223, 35.149531 ], [ -89.761866, 35.149522 ], [ -89.761803, 35.150951 ], [ -89.761731, 35.152541 ], [ -89.761715, 35.152908 ], [ -89.761686, 35.153549 ], [ -89.761674, 35.153833 ], [ -89.761279, 35.153818 ], [ -89.761083, 35.153795 ], [ -89.760899, 35.153774 ], [ -89.760752, 35.153737 ], [ -89.760652, 35.153697 ], [ -89.760642, 35.153692 ], [ -89.760551, 35.153643 ], [ -89.760272, 35.153444 ], [ -89.760182, 35.15338 ], [ -89.760164, 35.153367 ], [ -89.760164, 35.153462 ], [ -89.76016, 35.153722 ], [ -89.760153, 35.154136 ], [ -89.760141, 35.154775 ], [ -89.760145, 35.155444 ], [ -89.760137, 35.156555 ], [ -89.760186, 35.156557 ], [ -89.761503, 35.156583 ], [ -89.761414, 35.158183 ], [ -89.761344, 35.15942 ], [ -89.761328, 35.159723 ], [ -89.761372, 35.159885 ], [ -89.761409, 35.160019 ], [ -89.761479, 35.159998 ], [ -89.76165, 35.159949 ], [ -89.762167, 35.159801 ], [ -89.767744, 35.158206 ], [ -89.77105, 35.157287 ], [ -89.771062, 35.157577 ], [ -89.771074, 35.157892 ], [ -89.771078, 35.158023 ], [ -89.771081, 35.158078 ], [ -89.771105, 35.158688 ], [ -89.771108, 35.15877 ], [ -89.771112, 35.158885 ], [ -89.771111, 35.158894 ], [ -89.771108, 35.158908 ], [ -89.771101, 35.15892 ], [ -89.771092, 35.158932 ], [ -89.771081, 35.158942 ], [ -89.771067, 35.15895 ], [ -89.771053, 35.158957 ], [ -89.771029, 35.158962 ], [ -89.771005, 35.158962 ], [ -89.770956, 35.158962 ], [ -89.770891, 35.158964 ], [ -89.770819, 35.158965 ], [ -89.770738, 35.158968 ], [ -89.770657, 35.158971 ], [ -89.770552, 35.158975 ], [ -89.770439, 35.158981 ], [ -89.770374, 35.158985 ], [ -89.770285, 35.158991 ], [ -89.770205, 35.158998 ], [ -89.770124, 35.159004 ], [ -89.770052, 35.159011 ], [ -89.770028, 35.159013 ], [ -89.769984, 35.159013 ], [ -89.769865, 35.159019 ], [ -89.769761, 35.15903 ], [ -89.769748, 35.159032 ], [ -89.769551, 35.159066 ], [ -89.769385, 35.159094 ], [ -89.76929, 35.159115 ], [ -89.769162, 35.15915 ], [ -89.76909, 35.159171 ], [ -89.76894, 35.159209 ], [ -89.768769, 35.159257 ], [ -89.768586, 35.159315 ], [ -89.768434, 35.159368 ], [ -89.768256, 35.159435 ], [ -89.768094, 35.159502 ], [ -89.767936, 35.159573 ], [ -89.767813, 35.159631 ], [ -89.767634, 35.159723 ], [ -89.767439, 35.159832 ], [ -89.7673, 35.159917 ], [ -89.767105, 35.160044 ], [ -89.766938, 35.160164 ], [ -89.76684, 35.160238 ], [ -89.766722, 35.160333 ], [ -89.76663, 35.160412 ], [ -89.766562, 35.160471 ], [ -89.766479, 35.160547 ], [ -89.766412, 35.160608 ], [ -89.766338, 35.160675 ], [ -89.766259, 35.16075 ], [ -89.766167, 35.160838 ], [ -89.76608, 35.160923 ], [ -89.765995, 35.161008 ], [ -89.765908, 35.161096 ], [ -89.76584, 35.161167 ], [ -89.765759, 35.161252 ], [ -89.765665, 35.161353 ], [ -89.765584, 35.161441 ], [ -89.765506, 35.161528 ], [ -89.765426, 35.161619 ], [ -89.765189, 35.161886 ], [ -89.765042, 35.162052 ], [ -89.765016, 35.162082 ], [ -89.764975, 35.162128 ], [ -89.764933, 35.162174 ], [ -89.764891, 35.16222 ], [ -89.764801, 35.162308 ], [ -89.764761, 35.162347 ], [ -89.764698, 35.162409 ], [ -89.764609, 35.162495 ], [ -89.764523, 35.162571 ], [ -89.764451, 35.162632 ], [ -89.764385, 35.162685 ], [ -89.764302, 35.16275 ], [ -89.764225, 35.162807 ], [ -89.764152, 35.162861 ], [ -89.764077, 35.162913 ], [ -89.764018, 35.162953 ], [ -89.763949, 35.162997 ], [ -89.763785, 35.163092 ], [ -89.763617, 35.16318 ], [ -89.763501, 35.163236 ], [ -89.763326, 35.163314 ], [ -89.763304, 35.163323 ], [ -89.763369, 35.163529 ], [ -89.763402, 35.163527 ], [ -89.763397, 35.163617 ], [ -89.763395, 35.163729 ], [ -89.763394, 35.163781 ], [ -89.763392, 35.163873 ], [ -89.764155, 35.163898 ], [ -89.764202, 35.163899 ], [ -89.764602, 35.164252 ], [ -89.764663, 35.16431 ], [ -89.764896, 35.16453 ], [ -89.7649, 35.165074 ], [ -89.764887, 35.165918 ], [ -89.764885, 35.165999 ], [ -89.764589, 35.166008 ], [ -89.764653, 35.166626 ], [ -89.764739, 35.167353 ], [ -89.764759, 35.167535 ], [ -89.764768, 35.167662 ], [ -89.764775, 35.16775 ], [ -89.764803, 35.168153 ], [ -89.764824, 35.168446 ], [ -89.764689, 35.168443 ], [ -89.764266, 35.168431 ], [ -89.764264, 35.168452 ], [ -89.764257, 35.168853 ], [ -89.764208, 35.168852 ], [ -89.764192, 35.169265 ], [ -89.764191, 35.169287 ], [ -89.764359, 35.16929 ], [ -89.764462, 35.169293 ], [ -89.764643, 35.169323 ], [ -89.764681, 35.16933 ], [ -89.764893, 35.169367 ], [ -89.76497, 35.169401 ], [ -89.765081, 35.16946 ], [ -89.765199, 35.169522 ], [ -89.765255, 35.169552 ], [ -89.765292, 35.169572 ], [ -89.765473, 35.169687 ], [ -89.765506, 35.169708 ], [ -89.765688, 35.169821 ], [ -89.76572, 35.169841 ], [ -89.765896, 35.169953 ], [ -89.765933, 35.169976 ], [ -89.76622, 35.170157 ], [ -89.766257, 35.170182 ], [ -89.766295, 35.170212 ], [ -89.76662, 35.170368 ], [ -89.76669, 35.170401 ], [ -89.766879, 35.170458 ], [ -89.766986, 35.17049 ], [ -89.767148, 35.170522 ], [ -89.767304, 35.170553 ], [ -89.767389, 35.170557 ], [ -89.767373, 35.17077 ], [ -89.767364, 35.170891 ], [ -89.767349, 35.171101 ], [ -89.767414, 35.171228 ], [ -89.767463, 35.171324 ], [ -89.767458, 35.171431 ], [ -89.767447, 35.171666 ], [ -89.767364, 35.171646 ], [ -89.767274, 35.171626 ], [ -89.767164, 35.171605 ], [ -89.76705, 35.171587 ], [ -89.766973, 35.171577 ], [ -89.766824, 35.171563 ], [ -89.766703, 35.171556 ], [ -89.766566, 35.171554 ], [ -89.76647, 35.171555 ], [ -89.766338, 35.171561 ], [ -89.766176, 35.171576 ], [ -89.766046, 35.171593 ], [ -89.765871, 35.171624 ], [ -89.76575, 35.171651 ], [ -89.765631, 35.171683 ], [ -89.765516, 35.171718 ], [ -89.765427, 35.171748 ], [ -89.765342, 35.171779 ], [ -89.765294, 35.171799 ], [ -89.765248, 35.171817 ], [ -89.765428, 35.172115 ], [ -89.76544, 35.172155 ], [ -89.765368, 35.172187 ], [ -89.765479, 35.172484 ], [ -89.765489, 35.172509 ], [ -89.765539, 35.172644 ], [ -89.765556, 35.17269 ], [ -89.765615, 35.172847 ], [ -89.765691, 35.173048 ], [ -89.765701, 35.173076 ], [ -89.765513, 35.173109 ], [ -89.765333, 35.17314 ], [ -89.765253, 35.173154 ], [ -89.764827, 35.173229 ], [ -89.764685, 35.173254 ], [ -89.764414, 35.173336 ], [ -89.764324, 35.173363 ], [ -89.76414, 35.173419 ], [ -89.76389, 35.173526 ], [ -89.763814, 35.173558 ], [ -89.763635, 35.173635 ], [ -89.763402, 35.173735 ], [ -89.763371, 35.173748 ], [ -89.763294, 35.17378 ], [ -89.763003, 35.173898 ], [ -89.762948, 35.173844 ], [ -89.762714, 35.173981 ], [ -89.76256, 35.17408 ], [ -89.762467, 35.173903 ], [ -89.762422, 35.173818 ], [ -89.762382, 35.173743 ], [ -89.762289, 35.173567 ], [ -89.762295, 35.173301 ], [ -89.7623, 35.173076 ], [ -89.76176, 35.173002 ], [ -89.76143, 35.172949 ], [ -89.761371, 35.17295 ], [ -89.761355, 35.173382 ], [ -89.761347, 35.173652 ], [ -89.761339, 35.173902 ], [ -89.76133, 35.174211 ], [ -89.761325, 35.174378 ], [ -89.761316, 35.174674 ], [ -89.761307, 35.174984 ], [ -89.761303, 35.175114 ], [ -89.761166, 35.17511 ], [ -89.760827, 35.175101 ], [ -89.760403, 35.17509 ], [ -89.759992, 35.175079 ], [ -89.759753, 35.175072 ], [ -89.759462, 35.175065 ], [ -89.759189, 35.175057 ], [ -89.758898, 35.175049 ], [ -89.758605, 35.175042 ], [ -89.758335, 35.175034 ], [ -89.758346, 35.174716 ], [ -89.75835, 35.174634 ], [ -89.758361, 35.174318 ], [ -89.758376, 35.173922 ], [ -89.758391, 35.173528 ], [ -89.758404, 35.173161 ], [ -89.758412, 35.172969 ], [ -89.758265, 35.172969 ], [ -89.758178, 35.172969 ], [ -89.758013, 35.172968 ], [ -89.757417, 35.172968 ], [ -89.756872, 35.172968 ], [ -89.756799, 35.172969 ], [ -89.756609, 35.172968 ], [ -89.756603, 35.173168 ], [ -89.756601, 35.173262 ], [ -89.753625, 35.173258 ], [ -89.7535, 35.173257 ], [ -89.753186, 35.173256 ], [ -89.751935, 35.173252 ], [ -89.75164, 35.173251 ], [ -89.74932, 35.173242 ], [ -89.748628, 35.17324 ], [ -89.748551, 35.175787 ], [ -89.748619, 35.175787 ], [ -89.74899, 35.175783 ], [ -89.74928, 35.175781 ], [ -89.7495, 35.175779 ], [ -89.749756, 35.175776 ], [ -89.749972, 35.175775 ], [ -89.750201, 35.175772 ], [ -89.750456, 35.17577 ], [ -89.750688, 35.175768 ], [ -89.750898, 35.175766 ], [ -89.751155, 35.175764 ], [ -89.751387, 35.175762 ], [ -89.751611, 35.17576 ], [ -89.751885, 35.175758 ], [ -89.752106, 35.175756 ], [ -89.752569, 35.175751 ], [ -89.752642, 35.175751 ], [ -89.753055, 35.175747 ], [ -89.753203, 35.17575 ], [ -89.753366, 35.175753 ], [ -89.753773, 35.175755 ], [ -89.75411, 35.175746 ], [ -89.756529, 35.175842 ], [ -89.75652, 35.176149 ], [ -89.756507, 35.176651 ], [ -89.75652, 35.176784 ], [ -89.756549, 35.17707 ], [ -89.75658, 35.177377 ], [ -89.756592, 35.177469 ], [ -89.756588, 35.177893 ], [ -89.756566, 35.178343 ], [ -89.75652, 35.17879 ], [ -89.756464, 35.179066 ], [ -89.756424, 35.179213 ], [ -89.756417, 35.179236 ], [ -89.756404, 35.179281 ], [ -89.756252, 35.179835 ], [ -89.756221, 35.180032 ], [ -89.756204, 35.180229 ], [ -89.756184, 35.180418 ], [ -89.756151, 35.180905 ], [ -89.756123, 35.181394 ], [ -89.756098, 35.181857 ], [ -89.756084, 35.182111 ], [ -89.75611, 35.18274 ], [ -89.756106, 35.182853 ], [ -89.756163, 35.182943 ], [ -89.756366, 35.183264 ], [ -89.756402, 35.183336 ], [ -89.756492, 35.183504 ], [ -89.756558, 35.183616 ], [ -89.756593, 35.183672 ], [ -89.756699, 35.183833 ], [ -89.756787, 35.183956 ], [ -89.756832, 35.184016 ], [ -89.75689, 35.184091 ], [ -89.756916, 35.184122 ], [ -89.756948, 35.184161 ], [ -89.756986, 35.184206 ], [ -89.757052, 35.184283 ], [ -89.757187, 35.184428 ], [ -89.757296, 35.184537 ], [ -89.757373, 35.184703 ], [ -89.757418, 35.184722 ], [ -89.758581, 35.185372 ], [ -89.758746, 35.185453 ], [ -89.758822, 35.185503 ], [ -89.759024, 35.185643 ], [ -89.759273, 35.185871 ], [ -89.759464, 35.186078 ], [ -89.76007, 35.186733 ], [ -89.760394, 35.187131 ], [ -89.760567, 35.187382 ], [ -89.761076, 35.188108 ], [ -89.76126, 35.188371 ], [ -89.761517, 35.188789 ], [ -89.761544, 35.188837 ], [ -89.76157, 35.188882 ], [ -89.761579, 35.188899 ], [ -89.761685, 35.189088 ], [ -89.761721, 35.189151 ], [ -89.761733, 35.189172 ], [ -89.761863, 35.189454 ], [ -89.761878, 35.189508 ], [ -89.761833, 35.189517 ], [ -89.761809, 35.189523 ], [ -89.761785, 35.189529 ], [ -89.760955, 35.189745 ], [ -89.760676, 35.189818 ], [ -89.760538, 35.189854 ], [ -89.760428, 35.189882 ], [ -89.760374, 35.189896 ], [ -89.76001, 35.189991 ], [ -89.759674, 35.190079 ], [ -89.759387, 35.190198 ], [ -89.758945, 35.190382 ], [ -89.758493, 35.19057 ], [ -89.75804, 35.190758 ], [ -89.757427, 35.191013 ], [ -89.756806, 35.191272 ], [ -89.756724, 35.191321 ], [ -89.756709, 35.191327 ], [ -89.756254, 35.191462 ], [ -89.756174, 35.191632 ], [ -89.755919, 35.191859 ], [ -89.755527, 35.192705 ], [ -89.755496, 35.192743 ], [ -89.755335, 35.192908 ], [ -89.755176, 35.193139 ], [ -89.755114, 35.193228 ], [ -89.755088, 35.193266 ], [ -89.75508, 35.193277 ], [ -89.755403, 35.193275 ], [ -89.755485, 35.193274 ], [ -89.755486, 35.19331 ], [ -89.755508, 35.194216 ], [ -89.755509, 35.194289 ], [ -89.755517, 35.194615 ], [ -89.755527, 35.195037 ], [ -89.755537, 35.195454 ], [ -89.755513, 35.196022 ], [ -89.755502, 35.19629 ], [ -89.755492, 35.196545 ], [ -89.754798, 35.196517 ], [ -89.754799, 35.196623 ], [ -89.754757, 35.197442 ], [ -89.754725, 35.19805 ], [ -89.754714, 35.19887 ], [ -89.754711, 35.199122 ], [ -89.754628, 35.199035 ], [ -89.754445, 35.198765 ], [ -89.754108, 35.198279 ], [ -89.753875, 35.197949 ], [ -89.753816, 35.197867 ], [ -89.753486, 35.197393 ], [ -89.753327, 35.197185 ], [ -89.753185, 35.197064 ], [ -89.752974, 35.196947 ], [ -89.752768, 35.196865 ], [ -89.752422, 35.196787 ], [ -89.752193, 35.196737 ], [ -89.751996, 35.196704 ], [ -89.751944, 35.196695 ], [ -89.751838, 35.196689 ], [ -89.749997, 35.196685 ], [ -89.74922, 35.196696 ], [ -89.749168, 35.196697 ], [ -89.747458, 35.19668 ], [ -89.74689, 35.196669 ], [ -89.746114, 35.196656 ], [ -89.745381, 35.196648 ], [ -89.743186, 35.196625 ], [ -89.742454, 35.196618 ], [ -89.74236, 35.196617 ], [ -89.742013, 35.196614 ], [ -89.741189, 35.196609 ], [ -89.740894, 35.196635 ], [ -89.740697, 35.196669 ], [ -89.740521, 35.196701 ], [ -89.740266, 35.196756 ], [ -89.74021, 35.196663 ], [ -89.740042, 35.196387 ], [ -89.739987, 35.196295 ], [ -89.739882, 35.19612 ], [ -89.739599, 35.195548 ], [ -89.739198, 35.194657 ], [ -89.739028, 35.194397 ], [ -89.738811, 35.194147 ], [ -89.738668, 35.193982 ], [ -89.738503, 35.193745 ], [ -89.738341, 35.193454 ], [ -89.738119, 35.192974 ], [ -89.738083, 35.192891 ], [ -89.737751, 35.192302 ], [ -89.737649, 35.19204 ], [ -89.73754, 35.191652 ], [ -89.737347, 35.191119 ], [ -89.737322, 35.190956 ], [ -89.737318, 35.190875 ], [ -89.737358, 35.190404 ], [ -89.737358, 35.19007 ], [ -89.737294, 35.189424 ], [ -89.73726, 35.189234 ], [ -89.737175, 35.188909 ], [ -89.736993, 35.188269 ], [ -89.736902, 35.188088 ], [ -89.736821, 35.187988 ], [ -89.736684, 35.187878 ], [ -89.736176, 35.187577 ], [ -89.735906, 35.187417 ], [ -89.734211, 35.186434 ], [ -89.734035, 35.186427 ], [ -89.733941, 35.186425 ], [ -89.732199, 35.186391 ], [ -89.730793, 35.186364 ], [ -89.730426, 35.186441 ], [ -89.730291, 35.186469 ], [ -89.730135, 35.186502 ], [ -89.729639, 35.186782 ], [ -89.7293, 35.186975 ], [ -89.729021, 35.187102 ], [ -89.728475, 35.187193 ], [ -89.727674, 35.187277 ], [ -89.727261, 35.187322 ], [ -89.726983, 35.187379 ], [ -89.726085, 35.187567 ], [ -89.726069, 35.187462 ], [ -89.725962, 35.186815 ], [ -89.725951, 35.186748 ], [ -89.725796, 35.185807 ], [ -89.725568, 35.184384 ], [ -89.725564, 35.184292 ], [ -89.725557, 35.184127 ], [ -89.725614, 35.183491 ], [ -89.725617, 35.183466 ], [ -89.725649, 35.183169 ], [ -89.725501, 35.183288 ], [ -89.723087, 35.185127 ], [ -89.723078, 35.186178 ], [ -89.720769, 35.186643 ], [ -89.720779, 35.186939 ], [ -89.720828, 35.188332 ], [ -89.720829, 35.188642 ], [ -89.720885, 35.188781 ], [ -89.720887, 35.188837 ], [ -89.720884, 35.188936 ], [ -89.720878, 35.189173 ], [ -89.720839, 35.189936 ], [ -89.720769, 35.19128 ], [ -89.720717, 35.192299 ], [ -89.720712, 35.192389 ], [ -89.72071, 35.192475 ], [ -89.720704, 35.192633 ], [ -89.720702, 35.192701 ], [ -89.720697, 35.192856 ], [ -89.720692, 35.193021 ], [ -89.720687, 35.193186 ], [ -89.720681, 35.193351 ], [ -89.720676, 35.193515 ], [ -89.720671, 35.19368 ], [ -89.720666, 35.193845 ], [ -89.720658, 35.19407 ], [ -89.720658, 35.194139 ], [ -89.720648, 35.194381 ], [ -89.720643, 35.194546 ], [ -89.720638, 35.194711 ], [ -89.720632, 35.194875 ], [ -89.720627, 35.19504 ], [ -89.720622, 35.195205 ], [ -89.720617, 35.19537 ], [ -89.720611, 35.195535 ], [ -89.720606, 35.195699 ], [ -89.720601, 35.195864 ], [ -89.720595, 35.196038 ], [ -89.720582, 35.196458 ], [ -89.720583, 35.196484 ], [ -89.720541, 35.197274 ], [ -89.720544, 35.197355 ], [ -89.72054, 35.197434 ], [ -89.720523, 35.197798 ], [ -89.720469, 35.198894 ], [ -89.720462, 35.199101 ], [ -89.720499, 35.199347 ], [ -89.720546, 35.199663 ], [ -89.720529, 35.200585 ], [ -89.720494, 35.201213 ], [ -89.720458, 35.201853 ], [ -89.720384, 35.202371 ], [ -89.720334, 35.202717 ], [ -89.720334, 35.202735 ], [ -89.720336, 35.202792 ], [ -89.720337, 35.202811 ], [ -89.720334, 35.203 ], [ -89.72033, 35.203232 ], [ -89.720327, 35.203262 ], [ -89.720295, 35.203709 ], [ -89.720279, 35.204201 ], [ -89.720258, 35.204615 ], [ -89.720247, 35.204841 ], [ -89.72028, 35.205064 ], [ -89.719769, 35.205024 ], [ -89.719304, 35.205009 ], [ -89.719173, 35.205009 ], [ -89.718454, 35.205029 ], [ -89.717789, 35.205049 ], [ -89.717451, 35.205058 ], [ -89.716754, 35.205076 ], [ -89.715906, 35.205099 ], [ -89.715727, 35.205104 ], [ -89.71446, 35.205136 ], [ -89.714442, 35.205136 ], [ -89.713594, 35.205174 ], [ -89.712976, 35.205218 ], [ -89.712912, 35.205223 ], [ -89.711158, 35.205399 ], [ -89.710419, 35.205472 ], [ -89.709926, 35.20552 ], [ -89.70941, 35.205572 ], [ -89.707815, 35.205701 ], [ -89.706224, 35.205808 ], [ -89.705053, 35.205888 ], [ -89.70499, 35.205892 ], [ -89.704158, 35.205946 ], [ -89.704094, 35.205951 ], [ -89.701663, 35.20611 ], [ -89.70085, 35.206164 ], [ -89.700832, 35.206165 ], [ -89.700503, 35.206187 ], [ -89.699517, 35.206251 ], [ -89.699189, 35.206274 ], [ -89.699191, 35.206382 ], [ -89.699191, 35.206471 ], [ -89.69919, 35.206522 ], [ -89.69939, 35.206512 ], [ -89.699702, 35.206496 ], [ -89.700638, 35.206452 ], [ -89.700951, 35.206437 ], [ -89.702904, 35.206347 ], [ -89.704581, 35.206271 ], [ -89.70875, 35.205882 ], [ -89.70942, 35.20582 ], [ -89.710698, 35.205701 ], [ -89.712002, 35.205588 ], [ -89.712617, 35.205549 ], [ -89.712925, 35.205531 ], [ -89.714405, 35.205439 ], [ -89.718096, 35.205208 ], [ -89.718383, 35.205212 ], [ -89.719827, 35.205233 ], [ -89.720306, 35.205289 ], [ -89.720373, 35.20529 ], [ -89.720574, 35.205296 ], [ -89.720642, 35.205298 ], [ -89.72305, 35.205708 ], [ -89.724246, 35.205912 ], [ -89.724838, 35.206018 ], [ -89.725534, 35.206002 ], [ -89.726774, 35.205962 ], [ -89.728205, 35.205917 ], [ -89.73035, 35.20585 ], [ -89.732792, 35.205774 ], [ -89.734082, 35.205618 ], [ -89.737954, 35.205153 ], [ -89.738794, 35.205053 ], [ -89.739245, 35.204999 ], [ -89.740645, 35.204855 ], [ -89.740897, 35.20483 ], [ -89.742874, 35.204642 ], [ -89.743767, 35.204606 ], [ -89.744856, 35.204613 ], [ -89.746264, 35.204624 ], [ -89.746977, 35.20464 ], [ -89.748783, 35.204683 ], [ -89.749116, 35.204691 ], [ -89.749829, 35.204708 ], [ -89.749955, 35.204708 ], [ -89.750333, 35.20471 ], [ -89.75046, 35.204711 ], [ -89.75182, 35.204709 ], [ -89.753546, 35.204637 ], [ -89.754308, 35.204606 ], [ -89.755323, 35.204558 ], [ -89.756956, 35.204567 ], [ -89.758222, 35.204574 ], [ -89.758689, 35.204576 ], [ -89.758729, 35.204575 ], [ -89.758853, 35.204572 ], [ -89.759923, 35.204548 ], [ -89.760457, 35.204536 ], [ -89.760604, 35.204528 ], [ -89.760792, 35.204518 ], [ -89.762208, 35.204521 ], [ -89.762447, 35.204522 ], [ -89.762535, 35.204522 ], [ -89.763992, 35.204512 ], [ -89.764085, 35.20451 ], [ -89.765449, 35.204492 ], [ -89.765541, 35.204491 ], [ -89.767462, 35.204465 ], [ -89.768, 35.204458 ], [ -89.768967, 35.204445 ], [ -89.769214, 35.204457 ], [ -89.76964, 35.204453 ], [ -89.770882, 35.204443 ], [ -89.770905, 35.204443 ], [ -89.771364, 35.204436 ], [ -89.771606, 35.204433 ], [ -89.772037, 35.204427 ], [ -89.772251, 35.204424 ], [ -89.772435, 35.204422 ], [ -89.772467, 35.204409 ], [ -89.772488, 35.204396 ], [ -89.772587, 35.204344 ], [ -89.772794, 35.204243 ], [ -89.773073, 35.204102 ], [ -89.773209, 35.204034 ], [ -89.773227, 35.204024 ], [ -89.773863, 35.204068 ], [ -89.775576, 35.204071 ], [ -89.775501, 35.204265 ], [ -89.775448, 35.204402 ], [ -89.775434, 35.204437 ], [ -89.775303, 35.204777 ], [ -89.775336, 35.204771 ], [ -89.77547, 35.204759 ], [ -89.77553, 35.204754 ], [ -89.775593, 35.204749 ], [ -89.776384, 35.204745 ], [ -89.777034, 35.204774 ], [ -89.777148, 35.20478 ], [ -89.777224, 35.204785 ], [ -89.777575, 35.204798 ], [ -89.777679, 35.204802 ], [ -89.777708, 35.204791 ], [ -89.777853, 35.204739 ], [ -89.777857, 35.204706 ], [ -89.777869, 35.204675 ], [ -89.77791, 35.204618 ], [ -89.777932, 35.2046 ], [ -89.777957, 35.204584 ], [ -89.778008, 35.204562 ], [ -89.778033, 35.204557 ], [ -89.778047, 35.204554 ], [ -89.778088, 35.204551 ], [ -89.778127, 35.204551 ], [ -89.778149, 35.204551 ], [ -89.778381, 35.204552 ], [ -89.779189, 35.204555 ], [ -89.779873, 35.204557 ], [ -89.780176, 35.204558 ], [ -89.780177, 35.204514 ], [ -89.780358, 35.204516 ], [ -89.781848, 35.204531 ], [ -89.782155, 35.204535 ], [ -89.782577, 35.204539 ], [ -89.78322, 35.204545 ], [ -89.783268, 35.204547 ], [ -89.783818, 35.204551 ], [ -89.784424, 35.204558 ], [ -89.784744, 35.204561 ], [ -89.784799, 35.204562 ], [ -89.784817, 35.204562 ], [ -89.784889, 35.204562 ], [ -89.785272, 35.204566 ], [ -89.786367, 35.204578 ], [ -89.786771, 35.204582 ], [ -89.787529, 35.204589 ], [ -89.787757, 35.204592 ], [ -89.788826, 35.204603 ], [ -89.790243, 35.204617 ], [ -89.79111, 35.204626 ], [ -89.791697, 35.204632 ], [ -89.792006, 35.20467 ], [ -89.792367, 35.204709 ], [ -89.792572, 35.204719 ], [ -89.792743, 35.204729 ], [ -89.792848, 35.204735 ], [ -89.792901, 35.204738 ], [ -89.79319, 35.204756 ], [ -89.793417, 35.204772 ], [ -89.793585, 35.204784 ], [ -89.793749, 35.204797 ], [ -89.793851, 35.204805 ], [ -89.793914, 35.20481 ], [ -89.794025, 35.204819 ], [ -89.794143, 35.204829 ], [ -89.79423, 35.204836 ], [ -89.794467, 35.204855 ], [ -89.794736, 35.204878 ], [ -89.794853, 35.20489 ], [ -89.794935, 35.204894 ], [ -89.795368, 35.204929 ], [ -89.795587, 35.204947 ], [ -89.795755, 35.205019 ], [ -89.795851, 35.20502 ], [ -89.795915, 35.205019 ], [ -89.796697, 35.205016 ], [ -89.796773, 35.205016 ], [ -89.797403, 35.205013 ], [ -89.797822, 35.205012 ], [ -89.798129, 35.205011 ], [ -89.798215, 35.205012 ], [ -89.798291, 35.20501 ], [ -89.798742, 35.205009 ], [ -89.800565, 35.205002 ], [ -89.801425, 35.204999 ], [ -89.802163, 35.204997 ], [ -89.802371, 35.204996 ], [ -89.802587, 35.204992 ], [ -89.802609, 35.204989 ], [ -89.803137, 35.204975 ], [ -89.80368, 35.204961 ], [ -89.804174, 35.204952 ], [ -89.804179, 35.204752 ], [ -89.804174, 35.204677 ], [ -89.804272, 35.204677 ], [ -89.804763, 35.204683 ], [ -89.807296, 35.204706 ], [ -89.80853, 35.204718 ], [ -89.808939, 35.204718 ], [ -89.808951, 35.204718 ], [ -89.810169, 35.204727 ], [ -89.810579, 35.204731 ], [ -89.811475, 35.204737 ], [ -89.812246, 35.204743 ], [ -89.813981, 35.204779 ], [ -89.814597, 35.204792 ], [ -89.814801, 35.204786 ], [ -89.814968, 35.204784 ], [ -89.81565, 35.204729 ], [ -89.816045, 35.204677 ], [ -89.816156, 35.204664 ], [ -89.819103, 35.204195 ], [ -89.819754, 35.204093 ], [ -89.820108, 35.204039 ], [ -89.820752, 35.203962 ], [ -89.820952, 35.203944 ], [ -89.821007, 35.20394 ], [ -89.821154, 35.203927 ], [ -89.821172, 35.203924 ], [ -89.821285, 35.203917 ], [ -89.821669, 35.203902 ], [ -89.821835, 35.203895 ], [ -89.822183, 35.203903 ], [ -89.822363, 35.203913 ], [ -89.822702, 35.203931 ], [ -89.823219, 35.203984 ], [ -89.823944, 35.204083 ], [ -89.824469, 35.204156 ], [ -89.825065, 35.204242 ], [ -89.826334, 35.204426 ], [ -89.826854, 35.204495 ], [ -89.827453, 35.204574 ], [ -89.829138, 35.204787 ], [ -89.830544, 35.204997 ], [ -89.831212, 35.205097 ], [ -89.832319, 35.205245 ], [ -89.83276, 35.205284 ], [ -89.833478, 35.205346 ], [ -89.833522, 35.205236 ], [ -89.833553, 35.205155 ], [ -89.833591, 35.20512 ], [ -89.833601, 35.205111 ], [ -89.834148, 35.20461 ], [ -89.834258, 35.204509 ], [ -89.834472, 35.2043 ], [ -89.834892, 35.203888 ], [ -89.834907, 35.203875 ], [ -89.834937, 35.203845 ], [ -89.834889, 35.203812 ], [ -89.835113, 35.203593 ], [ -89.835141, 35.203566 ], [ -89.835207, 35.203611 ], [ -89.83539, 35.203432 ], [ -89.835423, 35.2034 ], [ -89.835334, 35.203339 ], [ -89.835547, 35.203135 ], [ -89.835654, 35.203212 ], [ -89.836071, 35.202814 ], [ -89.836314, 35.202582 ], [ -89.836399, 35.202501 ], [ -89.836595, 35.202314 ], [ -89.836607, 35.202303 ], [ -89.836688, 35.202225 ], [ -89.836767, 35.20215 ], [ -89.836764, 35.20208 ], [ -89.836763, 35.202066 ], [ -89.836762, 35.202041 ], [ -89.836788, 35.202041 ], [ -89.836797, 35.202032 ], [ -89.836973, 35.201859 ], [ -89.837191, 35.201645 ], [ -89.837246, 35.201602 ], [ -89.837331, 35.201537 ], [ -89.8375, 35.201345 ], [ -89.838136, 35.200743 ], [ -89.838411, 35.200476 ], [ -89.838546, 35.200346 ], [ -89.838826, 35.200075 ], [ -89.838955, 35.199947 ], [ -89.839073, 35.199825 ], [ -89.839511, 35.199412 ], [ -89.839832, 35.199101 ], [ -89.840157, 35.198787 ], [ -89.84057, 35.198387 ], [ -89.840649, 35.198312 ], [ -89.843033, 35.1961 ], [ -89.843436, 35.195726 ], [ -89.843736, 35.195446 ], [ -89.843842, 35.195328 ], [ -89.844775, 35.194283 ], [ -89.84488, 35.194166 ], [ -89.845027, 35.194001 ], [ -89.845149, 35.193865 ], [ -89.845151, 35.193802 ], [ -89.845152, 35.193766 ], [ -89.845162, 35.193436 ], [ -89.845166, 35.19329 ], [ -89.845174, 35.193051 ], [ -89.845176, 35.19297 ], [ -89.845184, 35.192728 ], [ -89.845187, 35.192648 ], [ -89.845189, 35.192575 ], [ -89.845593, 35.192172 ], [ -89.846012, 35.191754 ], [ -89.846092, 35.191674 ], [ -89.846918, 35.192285 ], [ -89.846609, 35.192567 ], [ -89.847058, 35.192832 ], [ -89.847337, 35.192561 ], [ -89.847458, 35.192638 ], [ -89.847473, 35.192623 ], [ -89.847523, 35.192574 ], [ -89.84799, 35.192113 ], [ -89.848243, 35.191865 ], [ -89.848685, 35.191449 ], [ -89.849162, 35.190982 ], [ -89.84941, 35.190751 ], [ -89.84947, 35.190697 ], [ -89.849883, 35.190297 ], [ -89.850387, 35.189805 ], [ -89.850491, 35.189702 ], [ -89.85075, 35.18943 ], [ -89.851288, 35.188878 ], [ -89.851449, 35.188715 ], [ -89.852286, 35.187891 ], [ -89.852303, 35.187875 ], [ -89.852423, 35.187957 ], [ -89.852454, 35.187957 ], [ -89.852665, 35.18775 ], [ -89.853614, 35.187767 ], [ -89.854499, 35.187784 ], [ -89.854862, 35.187788 ], [ -89.855778, 35.187798 ], [ -89.856692, 35.187809 ], [ -89.858073, 35.187824 ], [ -89.858544, 35.187829 ], [ -89.859448, 35.187839 ], [ -89.859888, 35.187844 ], [ -89.860327, 35.187849 ], [ -89.861197, 35.187859 ], [ -89.861212, 35.187616 ], [ -89.861213, 35.187593 ], [ -89.86123, 35.187315 ], [ -89.861233, 35.187272 ], [ -89.861354, 35.187277 ], [ -89.861366, 35.187277 ], [ -89.861364, 35.187315 ], [ -89.861347, 35.187593 ], [ -89.861331, 35.187866 ], [ -89.86218, 35.187877 ], [ -89.863101, 35.18789 ], [ -89.864146, 35.187903 ], [ -89.864649, 35.187904 ], [ -89.866236, 35.187906 ], [ -89.866237, 35.187942 ], [ -89.869167, 35.187938 ], [ -89.86927, 35.187944 ], [ -89.869433, 35.187952 ], [ -89.869535, 35.187957 ], [ -89.869913, 35.187961 ], [ -89.870226, 35.187965 ], [ -89.870524, 35.187969 ], [ -89.870827, 35.187972 ], [ -89.871139, 35.187976 ], [ -89.871445, 35.18798 ], [ -89.871728, 35.187983 ], [ -89.872034, 35.187987 ], [ -89.872339, 35.18799 ], [ -89.872647, 35.187994 ], [ -89.873055, 35.187999 ], [ -89.873627, 35.188006 ], [ -89.873687, 35.188007 ], [ -89.873748, 35.188007 ], [ -89.873776, 35.188008 ], [ -89.873924, 35.188009 ], [ -89.87439, 35.188014 ], [ -89.874671, 35.188018 ], [ -89.874926, 35.18802 ], [ -89.875207, 35.188023 ], [ -89.875477, 35.188026 ], [ -89.875749, 35.188029 ], [ -89.876003, 35.188032 ], [ -89.876368, 35.188036 ], [ -89.876756, 35.188042 ], [ -89.876845, 35.188043 ], [ -89.877724, 35.188037 ], [ -89.877795, 35.188036 ], [ -89.877964, 35.188035 ], [ -89.877966, 35.188072 ], [ -89.878699, 35.188055 ], [ -89.87879, 35.188053 ], [ -89.87883, 35.188052 ], [ -89.879073, 35.188055 ], [ -89.879088, 35.188055 ], [ -89.879424, 35.18806 ], [ -89.879438, 35.18806 ], [ -89.879706, 35.188064 ], [ -89.879795, 35.188065 ], [ -89.87984, 35.188065 ], [ -89.879796, 35.188317 ], [ -89.879785, 35.188584 ], [ -89.879773, 35.188837 ], [ -89.879761, 35.189107 ], [ -89.879749, 35.189382 ], [ -89.879741, 35.189566 ], [ -89.879731, 35.189789 ], [ -89.879724, 35.189962 ], [ -89.879721, 35.190012 ], [ -89.879712, 35.190232 ], [ -89.879702, 35.190453 ], [ -89.879692, 35.19067 ], [ -89.879699, 35.190947 ], [ -89.879674, 35.191249 ], [ -89.879657, 35.191249 ], [ -89.879647, 35.191452 ], [ -89.879623, 35.19196 ], [ -89.87962, 35.192067 ], [ -89.879619, 35.19209 ], [ -89.879621, 35.192205 ], [ -89.879623, 35.192427 ], [ -89.8796, 35.193289 ], [ -89.8797, 35.194507 ], [ -89.87971, 35.194621 ], [ -89.879721, 35.194768 ], [ -89.879735, 35.195001 ], [ -89.879738, 35.195173 ], [ -89.879678, 35.195207 ], [ -89.879657, 35.195213 ], [ -89.879647, 35.195222 ], [ -89.879631, 35.195227 ], [ -89.879615, 35.195232 ], [ -89.879603, 35.19524 ], [ -89.879586, 35.195243 ], [ -89.879562, 35.195254 ], [ -89.879552, 35.195263 ], [ -89.879507, 35.19528 ], [ -89.879396, 35.19534 ], [ -89.879334, 35.195365 ], [ -89.879323, 35.195381 ], [ -89.878915, 35.195673 ], [ -89.87893, 35.196372 ], [ -89.87895, 35.197318 ], [ -89.878958, 35.19767 ], [ -89.878967, 35.198094 ], [ -89.878968, 35.198154 ], [ -89.878988, 35.199143 ], [ -89.879004, 35.199899 ], [ -89.879012, 35.199993 ], [ -89.879061, 35.200601 ], [ -89.879106, 35.201134 ], [ -89.879172, 35.201974 ], [ -89.879171, 35.202004 ], [ -89.879166, 35.202269 ], [ -89.879163, 35.202409 ], [ -89.87916, 35.202558 ], [ -89.879154, 35.202877 ], [ -89.879146, 35.203255 ], [ -89.879139, 35.203589 ], [ -89.879136, 35.203764 ], [ -89.879129, 35.204092 ], [ -89.879128, 35.204136 ], [ -89.879126, 35.204238 ], [ -89.879123, 35.204403 ], [ -89.879115, 35.204777 ], [ -89.879111, 35.204868 ], [ -89.879102, 35.205026 ], [ -89.879272, 35.205034 ], [ -89.879553, 35.205047 ], [ -89.879804, 35.205059 ], [ -89.880145, 35.205082 ], [ -89.880397, 35.205103 ], [ -89.880679, 35.205127 ], [ -89.881236, 35.205182 ], [ -89.881517, 35.20521 ], [ -89.882906, 35.205361 ], [ -89.883463, 35.205422 ], [ -89.883623, 35.205438 ], [ -89.883662, 35.205442 ], [ -89.884086, 35.205504 ], [ -89.884101, 35.205506 ], [ -89.884261, 35.205529 ], [ -89.884454, 35.205563 ], [ -89.885036, 35.205665 ], [ -89.88523, 35.2057 ], [ -89.885367, 35.205726 ], [ -89.88543, 35.20574 ], [ -89.88603, 35.205881 ], [ -89.88623, 35.205928 ], [ -89.886556, 35.206007 ], [ -89.887534, 35.206245 ], [ -89.887613, 35.206264 ], [ -89.887495, 35.208288 ], [ -89.887468, 35.210148 ], [ -89.88746, 35.210714 ], [ -89.887462, 35.21076 ], [ -89.886674, 35.210754 ], [ -89.884886, 35.21074 ], [ -89.884909, 35.210804 ], [ -89.885199, 35.211532 ], [ -89.885213, 35.211566 ], [ -89.883267, 35.211543 ], [ -89.883115, 35.21154 ], [ -89.881374, 35.21151 ], [ -89.88043, 35.211485 ], [ -89.880432, 35.211729 ], [ -89.880434, 35.211873 ], [ -89.880434, 35.211913 ], [ -89.880436, 35.212174 ], [ -89.880438, 35.212393 ], [ -89.880422, 35.212958 ], [ -89.880418, 35.213103 ], [ -89.880422, 35.21322 ], [ -89.880441, 35.213394 ], [ -89.880515, 35.213724 ], [ -89.880597, 35.213963 ], [ -89.880604, 35.213981 ], [ -89.880738, 35.214267 ], [ -89.880942, 35.214587 ], [ -89.881115, 35.214801 ], [ -89.881275, 35.214969 ], [ -89.881486, 35.21516 ], [ -89.881624, 35.215266 ], [ -89.882086, 35.215583 ], [ -89.882132, 35.21562 ], [ -89.882244, 35.21571 ], [ -89.882401, 35.215852 ], [ -89.882673, 35.216161 ], [ -89.882741, 35.216244 ], [ -89.882783, 35.216309 ], [ -89.88291, 35.216502 ], [ -89.883004, 35.21668 ], [ -89.883056, 35.216794 ], [ -89.883082, 35.216851 ], [ -89.883122, 35.216968 ], [ -89.883195, 35.217216 ], [ -89.883198, 35.217249 ], [ -89.883227, 35.217521 ], [ -89.883253, 35.218069 ], [ -89.88325, 35.218123 ], [ -89.88324, 35.218416 ], [ -89.883238, 35.218456 ], [ -89.883233, 35.218576 ], [ -89.883232, 35.218617 ], [ -89.883229, 35.218697 ], [ -89.883219, 35.218937 ], [ -89.883217, 35.219018 ], [ -89.883199, 35.219389 ], [ -89.883175, 35.219913 ], [ -89.883083, 35.220318 ], [ -89.883036, 35.220487 ], [ -89.882938, 35.220846 ], [ -89.882921, 35.220911 ], [ -89.882854, 35.221216 ], [ -89.882843, 35.221271 ], [ -89.88284, 35.221292 ], [ -89.882757, 35.222168 ], [ -89.882734, 35.222658 ], [ -89.882733, 35.222695 ], [ -89.882671, 35.223111 ], [ -89.882629, 35.223299 ], [ -89.882548, 35.223657 ], [ -89.882518, 35.223787 ], [ -89.882508, 35.223834 ], [ -89.882463, 35.224033 ], [ -89.882391, 35.224326 ], [ -89.882198, 35.225119 ], [ -89.882056, 35.225527 ], [ -89.881976, 35.225715 ], [ -89.88194, 35.225779 ], [ -89.881605, 35.226387 ], [ -89.881759, 35.226399 ], [ -89.88184, 35.2264 ], [ -89.882226, 35.226409 ], [ -89.882549, 35.226415 ], [ -89.882786, 35.226421 ], [ -89.882866, 35.226422 ], [ -89.883106, 35.226428 ], [ -89.883186, 35.22643 ], [ -89.883519, 35.226438 ], [ -89.884519, 35.226462 ], [ -89.884853, 35.22647 ], [ -89.884961, 35.226472 ], [ -89.884982, 35.226473 ], [ -89.885287, 35.22648 ], [ -89.88532, 35.226481 ], [ -89.885396, 35.226483 ], [ -89.88574, 35.22649 ], [ -89.885798, 35.226491 ], [ -89.885797, 35.226586 ], [ -89.885793, 35.227456 ], [ -89.885785, 35.229015 ], [ -89.885783, 35.229385 ], [ -89.885868, 35.229387 ], [ -89.886097, 35.229392 ], [ -89.886338, 35.229397 ], [ -89.886565, 35.229402 ], [ -89.886799, 35.229408 ], [ -89.887037, 35.229413 ], [ -89.887277, 35.229418 ], [ -89.887508, 35.229424 ], [ -89.887915, 35.229433 ], [ -89.888001, 35.229433 ], [ -89.888132, 35.229434 ], [ -89.887992, 35.229839 ], [ -89.887985, 35.230045 ], [ -89.887968, 35.230625 ], [ -89.887951, 35.230663 ], [ -89.887937, 35.230695 ], [ -89.887873, 35.230757 ], [ -89.887866, 35.230788 ], [ -89.887821, 35.231025 ], [ -89.886808, 35.230982 ], [ -89.886623, 35.231372 ], [ -89.885814, 35.233088 ], [ -89.885757, 35.2332 ], [ -89.885674, 35.233366 ], [ -89.885598, 35.233519 ], [ -89.885522, 35.233671 ], [ -89.885433, 35.233849 ], [ -89.88538, 35.233965 ], [ -89.885286, 35.23417 ], [ -89.885209, 35.234338 ], [ -89.885133, 35.234505 ], [ -89.885057, 35.234672 ], [ -89.88498, 35.234839 ], [ -89.884904, 35.235007 ], [ -89.884875, 35.235071 ], [ -89.885811, 35.235132 ], [ -89.88667, 35.23513 ], [ -89.887216, 35.235129 ], [ -89.887039, 35.235283 ], [ -89.886744, 35.235518 ], [ -89.886213, 35.235901 ], [ -89.886146, 35.235949 ], [ -89.885706, 35.236259 ], [ -89.885651, 35.236299 ], [ -89.885608, 35.236328 ], [ -89.88552, 35.236391 ], [ -89.884983, 35.236778 ], [ -89.884567, 35.237087 ], [ -89.884249, 35.237345 ], [ -89.8839, 35.237685 ], [ -89.883667, 35.237922 ], [ -89.883019, 35.238586 ], [ -89.882939, 35.238678 ], [ -89.882801, 35.238887 ], [ -89.882381, 35.239726 ], [ -89.882242, 35.239935 ], [ -89.882097, 35.240085 ], [ -89.881834, 35.240275 ], [ -89.881638, 35.240417 ], [ -89.880849, 35.240972 ], [ -89.880597, 35.241148 ], [ -89.88058, 35.241163 ], [ -89.880314, 35.24139 ], [ -89.88053, 35.241386 ], [ -89.880606, 35.241389 ], [ -89.880774, 35.241395 ], [ -89.881948, 35.241405 ], [ -89.882143, 35.241407 ], [ -89.882299, 35.241417 ], [ -89.882446, 35.241445 ], [ -89.88252, 35.24147 ], [ -89.882629, 35.241508 ], [ -89.883361, 35.241903 ], [ -89.883549, 35.24198 ], [ -89.883695, 35.242022 ], [ -89.883888, 35.242057 ], [ -89.884173, 35.242078 ], [ -89.884318, 35.242088 ], [ -89.884749, 35.242098 ], [ -89.884753, 35.242239 ], [ -89.885204, 35.242317 ], [ -89.887036, 35.242367 ], [ -89.88705, 35.242368 ], [ -89.887746, 35.242413 ], [ -89.887696, 35.242377 ], [ -89.887875, 35.242201 ], [ -89.88809, 35.242211 ], [ -89.888323, 35.242202 ], [ -89.888563, 35.242198 ], [ -89.889426, 35.242257 ], [ -89.89012, 35.242289 ], [ -89.891151, 35.242339 ], [ -89.891877, 35.242354 ], [ -89.894596, 35.242438 ], [ -89.894617, 35.242438 ], [ -89.895516, 35.242462 ], [ -89.895975, 35.242474 ], [ -89.89598, 35.24268 ], [ -89.896867, 35.242707 ], [ -89.896897, 35.242711 ], [ -89.896919, 35.242718 ], [ -89.896935, 35.242726 ], [ -89.896949, 35.242736 ], [ -89.896966, 35.242751 ], [ -89.896979, 35.242769 ], [ -89.897112, 35.242773 ], [ -89.897296, 35.242776 ], [ -89.897408, 35.242779 ], [ -89.897424, 35.242514 ], [ -89.897432, 35.242261 ], [ -89.897479, 35.241179 ], [ -89.897513, 35.240378 ], [ -89.89753, 35.239989 ], [ -89.897585, 35.238718 ], [ -89.897595, 35.238467 ], [ -89.897598, 35.238396 ], [ -89.897598, 35.238286 ], [ -89.897597, 35.23823 ], [ -89.897594, 35.238158 ], [ -89.897582, 35.237996 ], [ -89.897558, 35.237814 ], [ -89.897542, 35.23772 ], [ -89.897526, 35.237638 ], [ -89.897502, 35.237531 ], [ -89.897466, 35.237398 ], [ -89.89744, 35.237312 ], [ -89.89739, 35.237166 ], [ -89.897355, 35.237076 ], [ -89.897331, 35.237017 ], [ -89.897269, 35.236871 ], [ -89.897247, 35.23682 ], [ -89.897192, 35.236708 ], [ -89.897136, 35.236606 ], [ -89.897073, 35.2365 ], [ -89.896983, 35.236361 ], [ -89.896914, 35.236261 ], [ -89.896805, 35.236117 ], [ -89.896719, 35.236011 ], [ -89.896585, 35.23586 ], [ -89.896471, 35.235741 ], [ -89.89638, 35.235653 ], [ -89.896264, 35.235547 ], [ -89.896134, 35.235437 ], [ -89.895902, 35.235248 ], [ -89.895867, 35.235212 ], [ -89.895838, 35.235164 ], [ -89.895823, 35.235115 ], [ -89.895823, 35.235054 ], [ -89.895829, 35.235026 ], [ -89.895848, 35.234983 ], [ -89.89587, 35.234952 ], [ -89.895885, 35.234936 ], [ -89.896121, 35.234698 ], [ -89.898836, 35.231885 ], [ -89.899574, 35.23112 ], [ -89.900393, 35.230271 ], [ -89.900532, 35.230378 ], [ -89.900816, 35.230592 ], [ -89.901049, 35.23082 ], [ -89.90105, 35.231675 ], [ -89.901738, 35.231683 ], [ -89.901853, 35.231786 ], [ -89.901861, 35.231793 ], [ -89.901885, 35.231815 ], [ -89.902306, 35.231727 ], [ -89.902465, 35.231694 ], [ -89.90256, 35.231674 ], [ -89.902634, 35.231659 ], [ -89.903005, 35.231584 ], [ -89.903245, 35.231584 ], [ -89.903297, 35.231624 ], [ -89.903321, 35.231672 ], [ -89.903463, 35.231944 ], [ -89.903637, 35.232278 ], [ -89.903704, 35.232534 ], [ -89.90415, 35.232702 ], [ -89.904239, 35.233018 ], [ -89.904252, 35.233101 ], [ -89.904262, 35.233172 ], [ -89.904365, 35.233478 ], [ -89.904233, 35.23373 ], [ -89.904292, 35.23383 ], [ -89.904308, 35.233857 ], [ -89.904523, 35.234217 ], [ -89.904562, 35.234287 ], [ -89.904593, 35.234342 ], [ -89.904871, 35.234736 ], [ -89.904731, 35.234857 ], [ -89.90466, 35.234919 ], [ -89.904657, 35.235083 ], [ -89.904654, 35.235307 ], [ -89.904649, 35.235442 ], [ -89.904644, 35.23554 ], [ -89.904638, 35.235646 ], [ -89.904628, 35.235858 ], [ -89.904617, 35.236073 ], [ -89.904608, 35.236247 ], [ -89.904634, 35.236331 ], [ -89.904662, 35.236429 ], [ -89.904676, 35.23661 ], [ -89.904674, 35.236653 ], [ -89.904673, 35.236675 ], [ -89.90509, 35.236683 ], [ -89.905163, 35.236688 ], [ -89.905272, 35.236693 ], [ -89.905521, 35.2367 ], [ -89.905709, 35.236706 ], [ -89.905816, 35.23671 ], [ -89.90679, 35.236748 ], [ -89.906963, 35.236756 ], [ -89.906986, 35.236788 ], [ -89.907154, 35.236791 ], [ -89.907821, 35.236803 ], [ -89.907959, 35.236805 ], [ -89.908647, 35.236817 ], [ -89.909906, 35.236841 ], [ -89.911831, 35.236876 ], [ -89.911956, 35.236878 ], [ -89.911883, 35.239201 ], [ -89.911871, 35.239583 ], [ -89.911859, 35.239962 ], [ -89.911857, 35.240021 ], [ -89.911187, 35.240025 ], [ -89.911184, 35.240713 ], [ -89.911182, 35.241572 ], [ -89.911182, 35.241883 ], [ -89.911174, 35.241961 ], [ -89.911868, 35.241976 ], [ -89.9121, 35.24198 ], [ -89.912096, 35.242664 ], [ -89.912093, 35.24276 ], [ -89.912095, 35.242829 ], [ -89.912529, 35.242837 ], [ -89.912593, 35.242838 ], [ -89.912785, 35.242841 ], [ -89.912849, 35.242843 ], [ -89.913184, 35.242847 ], [ -89.913354, 35.24285 ], [ -89.913384, 35.24285 ], [ -89.913564, 35.242853 ], [ -89.914191, 35.242864 ], [ -89.914527, 35.24287 ], [ -89.914602, 35.242871 ], [ -89.91483, 35.242875 ], [ -89.914906, 35.242877 ], [ -89.91498, 35.242878 ], [ -89.91521, 35.242882 ], [ -89.91528, 35.242883 ], [ -89.915794, 35.242893 ], [ -89.916434, 35.242906 ], [ -89.917339, 35.242922 ], [ -89.917512, 35.242926 ], [ -89.917574, 35.242927 ], [ -89.917854, 35.242933 ], [ -89.918377, 35.242944 ], [ -89.919946, 35.24298 ], [ -89.920469, 35.242993 ], [ -89.920925, 35.243003 ], [ -89.922293, 35.243033 ], [ -89.922749, 35.243044 ], [ -89.92281, 35.243045 ], [ -89.922873, 35.243047 ], [ -89.922871, 35.243154 ], [ -89.922821, 35.244949 ], [ -89.922811, 35.245298 ], [ -89.922607, 35.245297 ], [ -89.92261, 35.245608 ], [ -89.922634, 35.245654 ], [ -89.922653, 35.245691 ], [ -89.922591, 35.246019 ], [ -89.922532, 35.246179 ], [ -89.92248, 35.246322 ], [ -89.922435, 35.246446 ], [ -89.922414, 35.247133 ], [ -89.922652, 35.247133 ], [ -89.922994, 35.247134 ], [ -89.92333, 35.247134 ], [ -89.92339, 35.247135 ], [ -89.923421, 35.247135 ], [ -89.923734, 35.247135 ], [ -89.924077, 35.247136 ], [ -89.92416, 35.247135 ], [ -89.924155, 35.247444 ], [ -89.924128, 35.247523 ], [ -89.924111, 35.247551 ], [ -89.924059, 35.247638 ], [ -89.923918, 35.247799 ], [ -89.923857, 35.247921 ], [ -89.923802, 35.24812 ], [ -89.923804, 35.248275 ], [ -89.923809, 35.2483 ], [ -89.923886, 35.248602 ], [ -89.923945, 35.248805 ], [ -89.923945, 35.248868 ], [ -89.923947, 35.249004 ], [ -89.923914, 35.249138 ], [ -89.923843, 35.249327 ], [ -89.923896, 35.249323 ], [ -89.923975, 35.249319 ], [ -89.924057, 35.24932 ], [ -89.924111, 35.249322 ], [ -89.924205, 35.249324 ], [ -89.924419, 35.249349 ], [ -89.924245, 35.250588 ], [ -89.924038, 35.252092 ], [ -89.923821, 35.253672 ], [ -89.92356, 35.255568 ], [ -89.923573, 35.255596 ], [ -89.923534, 35.257054 ], [ -89.923759, 35.257064 ], [ -89.923933, 35.257315 ], [ -89.924592, 35.257263 ], [ -89.925155, 35.257684 ], [ -89.924824, 35.258037 ], [ -89.92477, 35.258753 ], [ -89.924547, 35.258611 ], [ -89.924531, 35.258601 ], [ -89.924441, 35.25879 ], [ -89.924345, 35.258993 ], [ -89.924207, 35.259283 ], [ -89.923901, 35.259521 ], [ -89.923979, 35.260004 ], [ -89.923984, 35.260035 ], [ -89.924019, 35.260062 ], [ -89.924267, 35.260255 ], [ -89.92446, 35.260242 ], [ -89.924515, 35.26042 ], [ -89.924529, 35.260466 ], [ -89.924561, 35.260574 ], [ -89.925151, 35.260797 ], [ -89.925349, 35.260872 ], [ -89.925412, 35.260857 ], [ -89.925396, 35.260891 ], [ -89.925586, 35.260962 ], [ -89.925532, 35.26098 ], [ -89.925165, 35.261107 ], [ -89.92524, 35.261442 ], [ -89.925484, 35.261718 ], [ -89.92474, 35.262028 ], [ -89.924522, 35.261854 ], [ -89.923975, 35.26142 ], [ -89.924215, 35.261813 ], [ -89.92451, 35.262297 ], [ -89.92385, 35.26182 ], [ -89.923781, 35.26177 ], [ -89.92316, 35.262271 ], [ -89.923397, 35.262875 ], [ -89.92311, 35.262707 ], [ -89.923169, 35.262908 ], [ -89.923201, 35.263014 ], [ -89.923176, 35.263101 ], [ -89.923146, 35.2632 ], [ -89.923384, 35.263183 ], [ -89.923668, 35.263162 ], [ -89.924069, 35.263335 ], [ -89.924332, 35.263205 ], [ -89.924432, 35.262922 ], [ -89.924802, 35.263186 ], [ -89.925339, 35.263123 ], [ -89.925445, 35.262993 ], [ -89.925512, 35.262949 ], [ -89.925599, 35.262793 ], [ -89.92564, 35.262742 ], [ -89.926059, 35.263036 ], [ -89.926199, 35.262938 ], [ -89.926281, 35.263206 ], [ -89.926326, 35.263791 ], [ -89.926522, 35.263965 ], [ -89.926611, 35.263964 ], [ -89.926783, 35.263901 ], [ -89.927021, 35.263812 ], [ -89.927576, 35.263612 ], [ -89.927608, 35.263601 ], [ -89.929253, 35.263002 ], [ -89.92934, 35.262971 ], [ -89.929427, 35.26294 ], [ -89.929508, 35.262913 ], [ -89.930477, 35.262776 ], [ -89.931878, 35.262579 ], [ -89.93499, 35.26214 ], [ -89.939496, 35.261505 ], [ -89.942276, 35.261209 ], [ -89.944049, 35.26102 ], [ -89.946963, 35.26071 ], [ -89.947639, 35.260627 ], [ -89.948963, 35.260462 ], [ -89.952831, 35.259947 ], [ -89.956448, 35.259466 ], [ -89.95945, 35.25906 ], [ -89.961405, 35.258806 ], [ -89.962298, 35.258702 ], [ -89.962963, 35.258616 ], [ -89.96352, 35.258526 ], [ -89.963983, 35.258458 ], [ -89.964301, 35.258453 ], [ -89.964757, 35.25844 ], [ -89.965379, 35.25827 ], [ -89.965849, 35.258026 ], [ -89.966129, 35.257841 ], [ -89.966279, 35.257699 ], [ -89.966619, 35.257377 ], [ -89.966704, 35.257197 ], [ -89.966997, 35.256583 ], [ -89.96727, 35.256305 ], [ -89.967484, 35.256087 ], [ -89.967626, 35.255942 ], [ -89.968144, 35.255413 ], [ -89.968654, 35.254893 ], [ -89.968828, 35.254729 ], [ -89.96896, 35.254587 ], [ -89.969147, 35.254376 ], [ -89.969237, 35.254292 ], [ -89.969607, 35.25426 ], [ -89.969938, 35.254128 ], [ -89.96996, 35.254081 ], [ -89.970008, 35.253964 ], [ -89.969819, 35.253761 ], [ -89.969639, 35.253662 ], [ -89.969437, 35.253565 ], [ -89.969479, 35.25341 ], [ -89.969397, 35.253105 ], [ -89.969174, 35.252854 ], [ -89.969368, 35.252863 ], [ -89.969938, 35.252831 ], [ -89.970666, 35.252843 ], [ -89.97262, 35.252871 ], [ -89.972703, 35.252918 ], [ -89.972839, 35.252996 ], [ -89.973288, 35.252976 ], [ -89.973425, 35.252827 ], [ -89.973501, 35.252746 ], [ -89.973776, 35.25245 ], [ -89.974128, 35.252119 ], [ -89.974351, 35.25204 ], [ -89.97477, 35.252114 ], [ -89.97506, 35.252273 ], [ -89.975535, 35.252518 ], [ -89.976028, 35.25283 ], [ -89.976489, 35.25308 ], [ -89.97673, 35.25331 ], [ -89.976917, 35.253666 ], [ -89.976935, 35.253683 ], [ -89.977001, 35.253801 ], [ -89.977081, 35.253944 ], [ -89.977077, 35.254152 ], [ -89.9769, 35.254301 ], [ -89.97673, 35.254444 ], [ -89.976625, 35.25449 ], [ -89.976287, 35.254617 ], [ -89.975896, 35.25477 ], [ -89.9756, 35.254886 ], [ -89.975477, 35.255015 ], [ -89.97531, 35.255189 ], [ -89.975296, 35.255243 ], [ -89.975255, 35.255388 ], [ -89.975146, 35.255859 ], [ -89.975055, 35.256319 ], [ -89.974978, 35.256711 ], [ -89.974875, 35.256888 ], [ -89.974718, 35.257158 ], [ -89.974646, 35.257282 ], [ -89.974612, 35.257403 ], [ -89.974585, 35.257499 ], [ -89.97458, 35.257558 ], [ -89.97457, 35.257683 ], [ -89.974684, 35.257739 ], [ -89.974884, 35.257774 ], [ -89.975084, 35.257767 ], [ -89.97632, 35.257731 ], [ -89.976379, 35.257753 ], [ -89.976518, 35.257805 ], [ -89.976783, 35.257905 ], [ -89.976796, 35.257969 ], [ -89.976801, 35.257986 ], [ -89.976993, 35.259253 ], [ -89.977081, 35.259477 ], [ -89.977204, 35.259791 ], [ -89.977252, 35.259911 ], [ -89.977287, 35.26 ], [ -89.977327, 35.260161 ], [ -89.977437, 35.260474 ], [ -89.977556, 35.260798 ], [ -89.977629, 35.261152 ], [ -89.977743, 35.261408 ], [ -89.97782, 35.261548 ], [ -89.977842, 35.26157 ], [ -89.977975, 35.261713 ], [ -89.978057, 35.2618 ], [ -89.978191, 35.261942 ], [ -89.978201, 35.261952 ], [ -89.978313, 35.261981 ], [ -89.97843, 35.26201 ], [ -89.978637, 35.262013 ], [ -89.979007, 35.26193 ], [ -89.979531, 35.261788 ], [ -89.979999, 35.261755 ], [ -89.98064, 35.261828 ], [ -89.981148, 35.261879 ], [ -89.981998, 35.261845 ], [ -89.983371, 35.261735 ], [ -89.98349, 35.261717 ], [ -89.983691, 35.261611 ], [ -89.984068, 35.261442 ], [ -89.984396, 35.261346 ], [ -89.984781, 35.26123 ], [ -89.984887, 35.261198 ], [ -89.985253, 35.261066 ], [ -89.98537, 35.260948 ], [ -89.985661, 35.260807 ], [ -89.985717, 35.26067 ], [ -89.985746, 35.260544 ], [ -89.985756, 35.260379 ], [ -89.985726, 35.260186 ], [ -89.985634, 35.260081 ], [ -89.985515, 35.25998 ], [ -89.985363, 35.259869 ], [ -89.985252, 35.25973 ], [ -89.985228, 35.259587 ], [ -89.98532, 35.259286 ], [ -89.985534, 35.258887 ], [ -89.985643, 35.258817 ], [ -89.985756, 35.258818 ], [ -89.985813, 35.258854 ], [ -89.985889, 35.258902 ], [ -89.986072, 35.259124 ], [ -89.986523, 35.259664 ], [ -89.988175, 35.258935 ], [ -89.988352, 35.258713 ], [ -89.988449, 35.258576 ], [ -89.988715, 35.258277 ], [ -89.988901, 35.257993 ], [ -89.98904, 35.257687 ], [ -89.989092, 35.25738 ], [ -89.989038, 35.257033 ], [ -89.98895, 35.256697 ], [ -89.988864, 35.256509 ], [ -89.988756, 35.256365 ], [ -89.988485, 35.25618 ], [ -89.988419, 35.256152 ], [ -89.988126, 35.256105 ], [ -89.98802, 35.256073 ], [ -89.988028, 35.256002 ], [ -89.988031, 35.255971 ], [ -89.988112, 35.2559 ], [ -89.988185, 35.255894 ], [ -89.988216, 35.255863 ], [ -89.988311, 35.255799 ], [ -89.988479, 35.255746 ], [ -89.988713, 35.255754 ], [ -89.989306, 35.255877 ], [ -89.989579, 35.255929 ], [ -89.989893, 35.255961 ], [ -89.990188, 35.255898 ], [ -89.990437, 35.255797 ], [ -89.99066, 35.255673 ], [ -89.990758, 35.255449 ], [ -89.990749, 35.255207 ], [ -89.990659, 35.254959 ], [ -89.990532, 35.254583 ], [ -89.990523, 35.254347 ], [ -89.990552, 35.25421 ], [ -89.990716, 35.254052 ], [ -89.990937, 35.253989 ], [ -89.991265, 35.254015 ], [ -89.991531, 35.254101 ], [ -89.99178, 35.254291 ], [ -89.991991, 35.25454 ], [ -89.992198, 35.254917 ], [ -89.992428, 35.255183 ], [ -89.992566, 35.2553 ], [ -89.992772, 35.255374 ], [ -89.993125, 35.255456 ], [ -89.993719, 35.25554 ], [ -89.994218, 35.255678 ], [ -89.99455, 35.25583 ], [ -89.99476, 35.256025 ], [ -89.994829, 35.256284 ], [ -89.994812, 35.256526 ], [ -89.994754, 35.256756 ], [ -89.994465, 35.257258 ], [ -89.993161, 35.259242 ], [ -89.993125, 35.259297 ], [ -89.993364, 35.259399 ], [ -89.99362, 35.259497 ], [ -89.993826, 35.259611 ], [ -89.993851, 35.259623 ], [ -89.993988, 35.259691 ], [ -89.994009, 35.259699 ], [ -89.994025, 35.25968 ], [ -89.99406, 35.259639 ], [ -89.996834, 35.256401 ], [ -89.998337, 35.254649 ], [ -90.000262, 35.252402 ], [ -90.004925, 35.246964 ], [ -90.005159, 35.246693 ], [ -90.005522, 35.246268 ], [ -90.00779, 35.243621 ], [ -90.00845, 35.242853 ], [ -90.009017, 35.242188 ], [ -90.00929, 35.241868 ], [ -90.009509, 35.241614 ], [ -90.009761, 35.241319 ], [ -90.009962, 35.241085 ], [ -90.010046, 35.240987 ], [ -90.010355, 35.240622 ], [ -90.010517, 35.240433 ], [ -90.010771, 35.240139 ], [ -90.010896, 35.239993 ], [ -90.010917, 35.23997 ], [ -90.01127, 35.239556 ], [ -90.011395, 35.239411 ], [ -90.011546, 35.239493 ], [ -90.011728, 35.239592 ], [ -90.011997, 35.239748 ], [ -90.012065, 35.239787 ], [ -90.012136, 35.23985 ], [ -90.012181, 35.239947 ], [ -90.012381, 35.240733 ], [ -90.012832, 35.242505 ], [ -90.012869, 35.242717 ], [ -90.012869, 35.242741 ], [ -90.012865, 35.242855 ], [ -90.01277, 35.243436 ], [ -90.012724, 35.243678 ], [ -90.012633, 35.244164 ], [ -90.012619, 35.244238 ], [ -90.012601, 35.244412 ], [ -90.0126, 35.244553 ], [ -90.012598, 35.24494 ], [ -90.012455, 35.248633 ], [ -90.012459, 35.248949 ], [ -90.012526, 35.248979 ], [ -90.012523, 35.249068 ], [ -90.012521, 35.24913 ], [ -90.012519, 35.249178 ], [ -90.012522, 35.249201 ], [ -90.012536, 35.249225 ], [ -90.012557, 35.249244 ], [ -90.012589, 35.249266 ], [ -90.012681, 35.249327 ], [ -90.012837, 35.249431 ], [ -90.012992, 35.249536 ], [ -90.01312, 35.249635 ], [ -90.013321, 35.249774 ], [ -90.013532, 35.24992 ], [ -90.013592, 35.24996 ], [ -90.013642, 35.249986 ], [ -90.013693, 35.250013 ], [ -90.013755, 35.25005 ], [ -90.01381, 35.250087 ], [ -90.013839, 35.25011 ], [ -90.013879, 35.250142 ], [ -90.013905, 35.250166 ], [ -90.013931, 35.250197 ], [ -90.013952, 35.250228 ], [ -90.013971, 35.250266 ], [ -90.013985, 35.250308 ], [ -90.013992, 35.250359 ], [ -90.013992, 35.250397 ], [ -90.013989, 35.250558 ], [ -90.013982, 35.250999 ], [ -90.013977, 35.251345 ], [ -90.013969, 35.251861 ], [ -90.013959, 35.252431 ], [ -90.013951, 35.252934 ], [ -90.013943, 35.253445 ], [ -90.013937, 35.253865 ], [ -90.01393, 35.254301 ], [ -90.013927, 35.254489 ], [ -90.013919, 35.254987 ], [ -90.013914, 35.255276 ], [ -90.01391, 35.255518 ], [ -90.01391, 35.255682 ], [ -90.013916, 35.255773 ], [ -90.01392, 35.255835 ], [ -90.013938, 35.256009 ], [ -90.013973, 35.256344 ], [ -90.014023, 35.256823 ], [ -90.01407, 35.257269 ], [ -90.014124, 35.257788 ], [ -90.014201, 35.258522 ], [ -90.014235, 35.258844 ], [ -90.014263, 35.259117 ], [ -90.014267, 35.259144 ], [ -90.014274, 35.259175 ], [ -90.014285, 35.259209 ], [ -90.014302, 35.25925 ], [ -90.014478, 35.259684 ], [ -90.015058, 35.259467 ], [ -90.01532, 35.259323 ], [ -90.015526, 35.259173 ], [ -90.016193, 35.258819 ], [ -90.016753, 35.258664 ], [ -90.01698, 35.258584 ], [ -90.017193, 35.25851 ], [ -90.017956, 35.258379 ], [ -90.018488, 35.258337 ], [ -90.019323, 35.258438 ], [ -90.019628, 35.25852 ], [ -90.019943, 35.25864 ], [ -90.020197, 35.258739 ], [ -90.020453, 35.25883 ], [ -90.020777, 35.258789 ], [ -90.021152, 35.258741 ], [ -90.021316, 35.258593 ], [ -90.021591, 35.258346 ], [ -90.021826, 35.258024 ], [ -90.022023, 35.257766 ], [ -90.022163, 35.257532 ], [ -90.022296, 35.257302 ], [ -90.022462, 35.256985 ], [ -90.022543, 35.256701 ], [ -90.022658, 35.256294 ], [ -90.022681, 35.256212 ], [ -90.022715, 35.256093 ], [ -90.022742, 35.255996 ], [ -90.022758, 35.255914 ], [ -90.022784, 35.25567 ], [ -90.022856, 35.255423 ], [ -90.022875, 35.25536 ], [ -90.02292, 35.255259 ], [ -90.022989, 35.255108 ], [ -90.023036, 35.254972 ], [ -90.023146, 35.254669 ], [ -90.023187, 35.254566 ], [ -90.023221, 35.254478 ], [ -90.023293, 35.254357 ], [ -90.023416, 35.253948 ], [ -90.023495, 35.253756 ], [ -90.023674, 35.253329 ], [ -90.023786, 35.252994 ], [ -90.02386, 35.252745 ], [ -90.023934, 35.25246 ], [ -90.023959, 35.252388 ], [ -90.024044, 35.252146 ], [ -90.024068, 35.252062 ], [ -90.024138, 35.251804 ], [ -90.024129, 35.251798 ], [ -90.023741, 35.251521 ], [ -90.023313, 35.251217 ], [ -90.023228, 35.251157 ], [ -90.022586, 35.2507 ], [ -90.021777, 35.250125 ], [ -90.021807, 35.249658 ], [ -90.021827, 35.249328 ], [ -90.021079, 35.24931 ], [ -90.020679, 35.2493 ], [ -90.01957, 35.249273 ], [ -90.018681, 35.249252 ], [ -90.017721, 35.249229 ], [ -90.017723, 35.249098 ], [ -90.017725, 35.248896 ], [ -90.017736, 35.248049 ], [ -90.017744, 35.247455 ], [ -90.017751, 35.246945 ], [ -90.017756, 35.246509 ], [ -90.017765, 35.245858 ], [ -90.017777, 35.244884 ], [ -90.017789, 35.243956 ], [ -90.0178, 35.243079 ], [ -90.017807, 35.242544 ], [ -90.017673, 35.242373 ], [ -90.01719, 35.241756 ], [ -90.016587, 35.240985 ], [ -90.016168, 35.240449 ], [ -90.015769, 35.23994 ], [ -90.015481, 35.239572 ], [ -90.015263, 35.239293 ], [ -90.01499, 35.238944 ], [ -90.014663, 35.238526 ], [ -90.014591, 35.238456 ], [ -90.014794, 35.23834 ], [ -90.015671, 35.237841 ], [ -90.015715, 35.237816 ], [ -90.015964, 35.237675 ], [ -90.0156, 35.237371 ], [ -90.015452, 35.237247 ], [ -90.015076, 35.236975 ], [ -90.014859, 35.236823 ], [ -90.014817, 35.236793 ], [ -90.01472, 35.236729 ], [ -90.014444, 35.236547 ], [ -90.014435, 35.236541 ], [ -90.014316, 35.236464 ], [ -90.014267, 35.236432 ], [ -90.014047, 35.236291 ], [ -90.014092, 35.236245 ], [ -90.014133, 35.236203 ], [ -90.014173, 35.236161 ], [ -90.014239, 35.236093 ], [ -90.014394, 35.235912 ], [ -90.014531, 35.235751 ], [ -90.01465, 35.235614 ], [ -90.014876, 35.235352 ], [ -90.014965, 35.235247 ], [ -90.015261, 35.234903 ], [ -90.015525, 35.234595 ], [ -90.015908, 35.234146 ], [ -90.016222, 35.233779 ], [ -90.016239, 35.23376 ], [ -90.016273, 35.233721 ], [ -90.016458, 35.233504 ], [ -90.016943, 35.23294 ], [ -90.017165, 35.232679 ], [ -90.0174, 35.232404 ], [ -90.01823, 35.231437 ], [ -90.018397, 35.231241 ], [ -90.020059, 35.2293 ], [ -90.021027, 35.228177 ], [ -90.021297, 35.227858 ], [ -90.021392, 35.227753 ], [ -90.021535, 35.227596 ], [ -90.021697, 35.227418 ], [ -90.021957, 35.227109 ], [ -90.022181, 35.226844 ], [ -90.022213, 35.226806 ], [ -90.022377, 35.22681 ], [ -90.022899, 35.226818 ], [ -90.023234, 35.226823 ], [ -90.023545, 35.226828 ], [ -90.023912, 35.226834 ], [ -90.024228, 35.226839 ], [ -90.024889, 35.226849 ], [ -90.025589, 35.22686 ], [ -90.026256, 35.22687 ], [ -90.02692, 35.22688 ], [ -90.027256, 35.226887 ], [ -90.027569, 35.22689 ], [ -90.027797, 35.226894 ], [ -90.027927, 35.226896 ], [ -90.027867, 35.226996 ], [ -90.027791, 35.227102 ], [ -90.027737, 35.22718 ], [ -90.027607, 35.227354 ], [ -90.035402, 35.227532 ], [ -90.035837, 35.227453 ], [ -90.036387, 35.227254 ], [ -90.036816, 35.226945 ], [ -90.037138, 35.226624 ], [ -90.037324, 35.22632 ], [ -90.040469, 35.226393 ], [ -90.040652, 35.226399 ], [ -90.040658, 35.226225 ], [ -90.040662, 35.226149 ], [ -90.040675, 35.225923 ], [ -90.04068, 35.225848 ], [ -90.040684, 35.225657 ], [ -90.040701, 35.225241 ], [ -90.040776, 35.223423 ], [ -90.040802, 35.222817 ], [ -90.040844, 35.221792 ], [ -90.040862, 35.221374 ], [ -90.040914, 35.220118 ], [ -90.04097, 35.218719 ], [ -90.040994, 35.218141 ], [ -90.041151, 35.218143 ], [ -90.045712, 35.218226 ], [ -90.045744, 35.217943 ], [ -90.045859, 35.217183 ], [ -90.045862, 35.217088 ], [ -90.045873, 35.216804 ], [ -90.045877, 35.21671 ], [ -90.045882, 35.21656 ], [ -90.045901, 35.216112 ], [ -90.045908, 35.215963 ], [ -90.04592, 35.215624 ], [ -90.045936, 35.215214 ], [ -90.045944, 35.214607 ], [ -90.045948, 35.214364 ], [ -90.057672, 35.214563 ], [ -90.058817, 35.213865 ], [ -90.059635, 35.213169 ], [ -90.059714, 35.213126 ], [ -90.059738, 35.213106 ], [ -90.060538, 35.212605 ], [ -90.060759, 35.212495 ], [ -90.061193, 35.212171 ], [ -90.061239, 35.212137 ], [ -90.063225, 35.210761 ], [ -90.064979, 35.209544 ], [ -90.065512, 35.209131 ], [ -90.067492, 35.207569 ], [ -90.066721, 35.20577 ], [ -90.065289, 35.2039 ], [ -90.064236, 35.202523 ], [ -90.061665, 35.199165 ], [ -90.061306, 35.197281 ], [ -90.060932, 35.195323 ], [ -90.060203, 35.191498 ], [ -90.06028, 35.19071 ], [ -90.060443, 35.189036 ], [ -90.060821, 35.185138 ], [ -90.061158, 35.18114 ], [ -90.061225, 35.180349 ], [ -90.06141, 35.176955 ], [ -90.061272, 35.175071 ], [ -90.061111, 35.172874 ], [ -90.06099, 35.17122 ], [ -90.060913, 35.170161 ], [ -90.060892, 35.169879 ], [ -90.061137, 35.168693 ], [ -90.061726, 35.165831 ], [ -90.062513, 35.162009 ], [ -90.063044, 35.158913 ], [ -90.063435, 35.155961 ], [ -90.063809, 35.153133 ], [ -90.063825, 35.153014 ], [ -90.063862, 35.152736 ], [ -90.064516, 35.14897 ], [ -90.064648, 35.148216 ], [ -90.064849, 35.147058 ], [ -90.065259, 35.144697 ], [ -90.06529, 35.144457 ], [ -90.065577, 35.142235 ], [ -90.065662, 35.141735 ], [ -90.065866, 35.14053 ], [ -90.06621, 35.139224 ], [ -90.066483, 35.138621 ], [ -90.066747, 35.13805 ], [ -90.067182, 35.137401 ], [ -90.067556, 35.136843 ], [ -90.068075, 35.136069 ], [ -90.069255, 35.134452 ], [ -90.070609, 35.132878 ], [ -90.071065, 35.132345 ], [ -90.072495, 35.131042 ], [ -90.072647, 35.130922 ], [ -90.075472, 35.128691 ], [ -90.075659, 35.128544 ], [ -90.075985, 35.12831 ], [ -90.076272, 35.128104 ], [ -90.076376, 35.128028 ], [ -90.07762, 35.127135 ], [ -90.079152, 35.126007 ], [ -90.080552, 35.125108 ], [ -90.081464, 35.124469 ], [ -90.082473, 35.123712 ], [ -90.083405, 35.123094 ], [ -90.083901, 35.122728 ], [ -90.084532, 35.12229 ], [ -90.084954, 35.122017 ], [ -90.085577, 35.121624 ], [ -90.086546, 35.121268 ], [ -90.087428, 35.120948 ], [ -90.088832, 35.120525 ], [ -90.089782, 35.120194 ], [ -90.091331, 35.11958 ], [ -90.091906, 35.119459 ], [ -90.094021, 35.119141 ], [ -90.09555, 35.118915 ], [ -90.097834, 35.118693 ], [ -90.099276, 35.118735 ], [ -90.100048, 35.118771 ], [ -90.100677, 35.118804 ], [ -90.101115, 35.118865 ], [ -90.102265, 35.11904 ], [ -90.10387, 35.119309 ], [ -90.105308, 35.119645 ], [ -90.107469, 35.120278 ], [ -90.108574, 35.120654 ], [ -90.109744, 35.121031 ], [ -90.112241, 35.121983 ], [ -90.115132, 35.123153 ], [ -90.118114, 35.125244 ], [ -90.120162, 35.126466 ], [ -90.122528, 35.127671 ], [ -90.125, 35.128724 ], [ -90.127326, 35.129542 ], [ -90.129234, 35.1301 ], [ -90.130932, 35.130515 ], [ -90.132696, 35.13087 ], [ -90.134143, 35.131104 ], [ -90.135393, 35.131266 ], [ -90.136304, 35.131358 ], [ -90.13665, 35.131392 ], [ -90.137911, 35.131482 ], [ -90.138669, 35.131519 ], [ -90.138897, 35.13106 ], [ -90.140033, 35.131043 ], [ -90.141114, 35.131008 ], [ -90.142308, 35.130989 ], [ -90.142852, 35.130974 ], [ -90.143835, 35.130835 ], [ -90.145244, 35.130518 ], [ -90.147606, 35.129924 ], [ -90.150294, 35.129203 ], [ -90.153315, 35.128357 ], [ -90.155988, 35.127624 ], [ -90.156729, 35.127308 ], [ -90.157964, 35.126711 ], [ -90.159851, 35.125898 ], [ -90.161218, 35.125335 ], [ -90.162563, 35.124804 ], [ -90.163657, 35.124177 ], [ -90.164016, 35.123965 ], [ -90.164484, 35.123683 ], [ -90.165026, 35.123319 ], [ -90.165413, 35.123026 ], [ -90.165808, 35.122721 ], [ -90.166249, 35.122361 ], [ -90.16682, 35.121904 ], [ -90.167397, 35.121529 ], [ -90.1679, 35.121132 ], [ -90.168383, 35.120729 ], [ -90.168764, 35.12038 ], [ -90.169145, 35.120025 ], [ -90.16954, 35.119715 ], [ -90.17001, 35.119251 ], [ -90.170392, 35.118836 ], [ -90.170713, 35.118592 ], [ -90.170954, 35.118339 ], [ -90.171425, 35.117814 ], [ -90.171722, 35.117483 ], [ -90.172261, 35.116883 ], [ -90.172485, 35.116628 ], [ -90.172767, 35.116309 ], [ -90.173005, 35.115978 ], [ -90.173381, 35.115458 ], [ -90.173557, 35.115192 ], [ -90.173732, 35.114925 ], [ -90.173917, 35.114551 ], [ -90.174049, 35.114284 ], [ -90.174216, 35.113837 ], [ -90.174259, 35.113434 ], [ -90.174286, 35.11318 ], [ -90.174305, 35.112648 ], [ -90.174341, 35.112149 ], [ -90.174415, 35.111658 ], [ -90.174536, 35.111104 ], [ -90.174755, 35.1103 ], [ -90.174979, 35.109685 ], [ -90.175424, 35.108692 ], [ -90.175888, 35.107373 ], [ -90.176694, 35.105348 ], [ -90.177396, 35.103585 ], [ -90.177822, 35.102508 ], [ -90.178333, 35.101097 ], [ -90.178868, 35.099343 ], [ -90.178953, 35.09876 ], [ -90.179321, 35.097968 ], [ -90.179917, 35.096461 ], [ -90.1804, 35.095209 ], [ -90.180758, 35.094281 ], [ -90.181262, 35.092803 ], [ -90.181445, 35.092163 ], [ -90.182169, 35.089648 ], [ -90.182384, 35.088795 ], [ -90.182738, 35.087592 ], [ -90.183033, 35.086679 ], [ -90.183246, 35.085926 ], [ -90.18359, 35.084502 ], [ -90.183728, 35.083836 ], [ -90.18398, 35.083166 ], [ -90.184143, 35.082594 ], [ -90.184463, 35.081853 ], [ -90.185128, 35.080065 ], [ -90.185435, 35.079306 ], [ -90.186663, 35.07617 ], [ -90.186815, 35.075748 ], [ -90.187787, 35.073218 ] ], [ [ -89.83712, 35.15525 ], [ -89.837121, 35.155299 ], [ -89.837119, 35.155419 ], [ -89.837117, 35.155649 ], [ -89.837113, 35.156298 ], [ -89.837112, 35.15634 ], [ -89.837111, 35.156571 ], [ -89.837111, 35.157161 ], [ -89.837112, 35.157917 ], [ -89.837113, 35.158021 ], [ -89.83709, 35.158933 ], [ -89.837076, 35.159524 ], [ -89.837067, 35.159767 ], [ -89.837043, 35.160442 ], [ -89.837042, 35.160499 ], [ -89.837035, 35.160743 ], [ -89.837032, 35.160847 ], [ -89.837027, 35.160995 ], [ -89.837024, 35.161089 ], [ -89.837003, 35.161789 ], [ -89.836993, 35.162127 ], [ -89.836984, 35.162474 ], [ -89.836954, 35.163255 ], [ -89.836868, 35.165576 ], [ -89.836867, 35.165601 ], [ -89.836844, 35.166383 ], [ -89.83683, 35.16739 ], [ -89.836829, 35.167472 ], [ -89.836818, 35.168268 ], [ -89.8367, 35.170411 ], [ -89.836646, 35.171418 ], [ -89.836639, 35.171531 ], [ -89.836617, 35.171835 ], [ -89.83653, 35.173091 ], [ -89.836502, 35.17351 ], [ -89.83642, 35.17372 ], [ -89.836338, 35.173887 ], [ -89.836228, 35.174058 ], [ -89.836139, 35.174185 ], [ -89.836015, 35.174338 ], [ -89.832898, 35.176339 ], [ -89.832445, 35.176554 ], [ -89.831983, 35.176761 ], [ -89.829343, 35.177948 ], [ -89.829219, 35.177983 ], [ -89.829147, 35.178004 ], [ -89.82899, 35.178009 ], [ -89.828194, 35.178359 ], [ -89.828035, 35.178431 ], [ -89.824114, 35.180192 ], [ -89.823357, 35.180531 ], [ -89.822439, 35.180944 ], [ -89.816267, 35.183716 ], [ -89.815088, 35.184245 ], [ -89.814608, 35.184327 ], [ -89.813489, 35.184168 ], [ -89.813178, 35.183905 ], [ -89.812708, 35.183188 ], [ -89.812636, 35.182907 ], [ -89.812535, 35.182473 ], [ -89.812534, 35.181985 ], [ -89.812552, 35.181898 ], [ -89.812677, 35.18131 ], [ -89.812827, 35.180745 ], [ -89.812845, 35.180675 ], [ -89.812866, 35.180594 ], [ -89.813171, 35.179427 ], [ -89.813359, 35.178656 ], [ -89.813527, 35.177966 ], [ -89.81363, 35.177544 ], [ -89.813665, 35.177404 ], [ -89.81397, 35.176144 ], [ -89.81429, 35.174825 ], [ -89.814316, 35.174716 ], [ -89.814367, 35.174495 ], [ -89.814495, 35.17393 ], [ -89.814571, 35.173601 ], [ -89.814701, 35.173012 ], [ -89.814719, 35.172956 ], [ -89.814777, 35.172706 ], [ -89.814912, 35.172115 ], [ -89.814925, 35.172068 ], [ -89.814954, 35.171975 ], [ -89.814986, 35.171864 ], [ -89.814889, 35.171844 ], [ -89.814703, 35.171806 ], [ -89.814678, 35.171904 ], [ -89.81464, 35.172051 ], [ -89.814475, 35.172019 ], [ -89.814204, 35.171968 ], [ -89.813909, 35.171909 ], [ -89.813819, 35.171891 ], [ -89.81345, 35.171805 ], [ -89.813415, 35.171797 ], [ -89.81329, 35.171763 ], [ -89.813114, 35.17171 ], [ -89.813, 35.171675 ], [ -89.812522, 35.171513 ], [ -89.812489, 35.171502 ], [ -89.812286, 35.171438 ], [ -89.812116, 35.171384 ], [ -89.812047, 35.171364 ], [ -89.812052, 35.17101 ], [ -89.812055, 35.170836 ], [ -89.812057, 35.170699 ], [ -89.812058, 35.170577 ], [ -89.812061, 35.170458 ], [ -89.812062, 35.170339 ], [ -89.812068, 35.170063 ], [ -89.812071, 35.169763 ], [ -89.812079, 35.169385 ], [ -89.812086, 35.169083 ], [ -89.812055, 35.169011 ], [ -89.812037, 35.168971 ], [ -89.81202, 35.168923 ], [ -89.811906, 35.168601 ], [ -89.811835, 35.168446 ], [ -89.811818, 35.168409 ], [ -89.811795, 35.16836 ], [ -89.811639, 35.168021 ], [ -89.81153, 35.167785 ], [ -89.811438, 35.167583 ], [ -89.811388, 35.167475 ], [ -89.811351, 35.167395 ], [ -89.811324, 35.167335 ], [ -89.811297, 35.167277 ], [ -89.811083, 35.166787 ], [ -89.810809, 35.16616 ], [ -89.810965, 35.165184 ], [ -89.810985, 35.165058 ], [ -89.811003, 35.164952 ], [ -89.811064, 35.164566 ], [ -89.811078, 35.16448 ], [ -89.811117, 35.164452 ], [ -89.811195, 35.164358 ], [ -89.811436, 35.163894 ], [ -89.811504, 35.163779 ], [ -89.811534, 35.163729 ], [ -89.811676, 35.163531 ], [ -89.811747, 35.163431 ], [ -89.811962, 35.163134 ], [ -89.811976, 35.163116 ], [ -89.812002, 35.163081 ], [ -89.812035, 35.163035 ], [ -89.812056, 35.163005 ], [ -89.812072, 35.162984 ], [ -89.812069, 35.162926 ], [ -89.812083, 35.162908 ], [ -89.812106, 35.16288 ], [ -89.811586, 35.162645 ], [ -89.810028, 35.161942 ], [ -89.80959, 35.161745 ], [ -89.809509, 35.161708 ], [ -89.809387, 35.161653 ], [ -89.808826, 35.161346 ], [ -89.808602, 35.161223 ], [ -89.808215, 35.160916 ], [ -89.807991, 35.160739 ], [ -89.807717, 35.160417 ], [ -89.807658, 35.160348 ], [ -89.807505, 35.160167 ], [ -89.807151, 35.159909 ], [ -89.807072, 35.159857 ], [ -89.806764, 35.159656 ], [ -89.806397, 35.159487 ], [ -89.806238, 35.15942 ], [ -89.805886, 35.159324 ], [ -89.805599, 35.159246 ], [ -89.80552, 35.159224 ], [ -89.80514, 35.159176 ], [ -89.804453, 35.159083 ], [ -89.804299, 35.159062 ], [ -89.804221, 35.159051 ], [ -89.804077, 35.159033 ], [ -89.803968, 35.159019 ], [ -89.803768, 35.158983 ], [ -89.803681, 35.158979 ], [ -89.803598, 35.15897 ], [ -89.802922, 35.158861 ], [ -89.802938, 35.158808 ], [ -89.802973, 35.158697 ], [ -89.803005, 35.158595 ], [ -89.803032, 35.15851 ], [ -89.803052, 35.158446 ], [ -89.803078, 35.158368 ], [ -89.8031, 35.158305 ], [ -89.803123, 35.158238 ], [ -89.80315, 35.15816 ], [ -89.803173, 35.158095 ], [ -89.803196, 35.15803 ], [ -89.803223, 35.157952 ], [ -89.803245, 35.157889 ], [ -89.803271, 35.157812 ], [ -89.803352, 35.157579 ], [ -89.803397, 35.157456 ], [ -89.803449, 35.157303 ], [ -89.803484, 35.157202 ], [ -89.803508, 35.157135 ], [ -89.803562, 35.156981 ], [ -89.80358, 35.156929 ], [ -89.803622, 35.156807 ], [ -89.803644, 35.156744 ], [ -89.803662, 35.156692 ], [ -89.803694, 35.156599 ], [ -89.803744, 35.156455 ], [ -89.803796, 35.156306 ], [ -89.803844, 35.156167 ], [ -89.803891, 35.15603 ], [ -89.803936, 35.155901 ], [ -89.803944, 35.155877 ], [ -89.80399, 35.155746 ], [ -89.804014, 35.155674 ], [ -89.804087, 35.155471 ], [ -89.80432, 35.155479 ], [ -89.804429, 35.155484 ], [ -89.804566, 35.15549 ], [ -89.804631, 35.155493 ], [ -89.804672, 35.155495 ], [ -89.804827, 35.155511 ], [ -89.804893, 35.155519 ], [ -89.805154, 35.155564 ], [ -89.805208, 35.155574 ], [ -89.805573, 35.155651 ], [ -89.805773, 35.155705 ], [ -89.805924, 35.155757 ], [ -89.806175, 35.155844 ], [ -89.80619, 35.15558 ], [ -89.80619, 35.155429 ], [ -89.806189, 35.155331 ], [ -89.806189, 35.155259 ], [ -89.806201, 35.155003 ], [ -89.806203, 35.15495 ], [ -89.806209, 35.154823 ], [ -89.806213, 35.154737 ], [ -89.80622, 35.154604 ], [ -89.806221, 35.154563 ], [ -89.80623, 35.154384 ], [ -89.806236, 35.154261 ], [ -89.806239, 35.15419 ], [ -89.806248, 35.153995 ], [ -89.806254, 35.153818 ], [ -89.806256, 35.153706 ], [ -89.806261, 35.153612 ], [ -89.806267, 35.153415 ], [ -89.80627, 35.153325 ], [ -89.806273, 35.153228 ], [ -89.806276, 35.153099 ], [ -89.806279, 35.153028 ], [ -89.806283, 35.152874 ], [ -89.806284, 35.152849 ], [ -89.806289, 35.15267 ], [ -89.806293, 35.15256 ], [ -89.806295, 35.152486 ], [ -89.8063, 35.152316 ], [ -89.806302, 35.152226 ], [ -89.806305, 35.152142 ], [ -89.806312, 35.151927 ], [ -89.806318, 35.151737 ], [ -89.806325, 35.151549 ], [ -89.806331, 35.151358 ], [ -89.806338, 35.151159 ], [ -89.806344, 35.15097 ], [ -89.80635, 35.15078 ], [ -89.806367, 35.150342 ], [ -89.806438, 35.150345 ], [ -89.806481, 35.150348 ], [ -89.806543, 35.150351 ], [ -89.806731, 35.150363 ], [ -89.806794, 35.150367 ], [ -89.806843, 35.15037 ], [ -89.806892, 35.150373 ], [ -89.807215, 35.150391 ], [ -89.807519, 35.150408 ], [ -89.808481, 35.150462 ], [ -89.808725, 35.150476 ], [ -89.808718, 35.150558 ], [ -89.808711, 35.150757 ], [ -89.808701, 35.151049 ], [ -89.808695, 35.151222 ], [ -89.808688, 35.151404 ], [ -89.808681, 35.151589 ], [ -89.808675, 35.151749 ], [ -89.808668, 35.151941 ], [ -89.808662, 35.15211 ], [ -89.808655, 35.152295 ], [ -89.808648, 35.152481 ], [ -89.808642, 35.152657 ], [ -89.808635, 35.152836 ], [ -89.808629, 35.153015 ], [ -89.808623, 35.153187 ], [ -89.808616, 35.15337 ], [ -89.80861, 35.153546 ], [ -89.808601, 35.153725 ], [ -89.808595, 35.153902 ], [ -89.808588, 35.15408 ], [ -89.808581, 35.154259 ], [ -89.808575, 35.154438 ], [ -89.808568, 35.15462 ], [ -89.808556, 35.154947 ], [ -89.808805, 35.154971 ], [ -89.810504, 35.155134 ], [ -89.811064, 35.155187 ], [ -89.811091, 35.155171 ], [ -89.811093, 35.155127 ], [ -89.811098, 35.154989 ], [ -89.81128, 35.150645 ], [ -89.811282, 35.150576 ], [ -89.811311, 35.150577 ], [ -89.811566, 35.150586 ], [ -89.811749, 35.150595 ], [ -89.812103, 35.150608 ], [ -89.812215, 35.150613 ], [ -89.813557, 35.150664 ], [ -89.813675, 35.150669 ], [ -89.813966, 35.150681 ], [ -89.813963, 35.150609 ], [ -89.813961, 35.150523 ], [ -89.81396, 35.150486 ], [ -89.81396, 35.150426 ], [ -89.81396, 35.150374 ], [ -89.813954, 35.150271 ], [ -89.813951, 35.150145 ], [ -89.813949, 35.15003 ], [ -89.813941, 35.14992 ], [ -89.813939, 35.149811 ], [ -89.813935, 35.149696 ], [ -89.813932, 35.149526 ], [ -89.813924, 35.149259 ], [ -89.813926, 35.149217 ], [ -89.8139, 35.148611 ], [ -89.813898, 35.148563 ], [ -89.813893, 35.148293 ], [ -89.813985, 35.148282 ], [ -89.814113, 35.148267 ], [ -89.81425, 35.148251 ], [ -89.814387, 35.148235 ], [ -89.814517, 35.148219 ], [ -89.814656, 35.148203 ], [ -89.81479, 35.148187 ], [ -89.814917, 35.148172 ], [ -89.815053, 35.148156 ], [ -89.815187, 35.14814 ], [ -89.815323, 35.148124 ], [ -89.815451, 35.148109 ], [ -89.815591, 35.148093 ], [ -89.815763, 35.148072 ], [ -89.816038, 35.148045 ], [ -89.817876, 35.147957 ], [ -89.817962, 35.147969 ], [ -89.818107, 35.14799 ], [ -89.818146, 35.147989 ], [ -89.818209, 35.147988 ], [ -89.818276, 35.147987 ], [ -89.818366, 35.147987 ], [ -89.818452, 35.147988 ], [ -89.818538, 35.14799 ], [ -89.818624, 35.147994 ], [ -89.818707, 35.147998 ], [ -89.818764, 35.148001 ], [ -89.818863, 35.148009 ], [ -89.818985, 35.148019 ], [ -89.8191, 35.148032 ], [ -89.819186, 35.148042 ], [ -89.8193, 35.148058 ], [ -89.819408, 35.148075 ], [ -89.819548, 35.148099 ], [ -89.819641, 35.148117 ], [ -89.822627, 35.148715 ], [ -89.822696, 35.148734 ], [ -89.823013, 35.148815 ], [ -89.825305, 35.149274 ], [ -89.825368, 35.149287 ], [ -89.82565, 35.149343 ], [ -89.825886, 35.14939 ], [ -89.826016, 35.149415 ], [ -89.826146, 35.149441 ], [ -89.826276, 35.149467 ], [ -89.826407, 35.149493 ], [ -89.826553, 35.149522 ], [ -89.828788, 35.149965 ], [ -89.832466, 35.150695 ], [ -89.832525, 35.150707 ], [ -89.832804, 35.150762 ], [ -89.833101, 35.150821 ], [ -89.833121, 35.150825 ], [ -89.833166, 35.150834 ], [ -89.833811, 35.150962 ], [ -89.833893, 35.150979 ], [ -89.834624, 35.151123 ], [ -89.834648, 35.151128 ], [ -89.834762, 35.151153 ], [ -89.83478, 35.151157 ], [ -89.834913, 35.151181 ], [ -89.835046, 35.151207 ], [ -89.835179, 35.151234 ], [ -89.835312, 35.15126 ], [ -89.835444, 35.151287 ], [ -89.835577, 35.151313 ], [ -89.83571, 35.15134 ], [ -89.835843, 35.151366 ], [ -89.836, 35.151398 ], [ -89.836189, 35.151435 ], [ -89.836379, 35.151472 ], [ -89.836595, 35.151516 ], [ -89.83685, 35.151562 ], [ -89.836943, 35.151581 ], [ -89.837024, 35.151597 ], [ -89.837106, 35.151606 ], [ -89.837105, 35.151917 ], [ -89.837105, 35.152449 ], [ -89.837105, 35.153362 ], [ -89.837105, 35.153844 ], [ -89.837106, 35.15399 ], [ -89.83711, 35.154428 ], [ -89.837112, 35.154575 ], [ -89.837114, 35.154743 ], [ -89.83712, 35.15525 ] ] ], [ [ [ -89.759437, 35.125092 ], [ -89.759521, 35.125057 ], [ -89.759423, 35.124922 ], [ -89.759357, 35.124818 ], [ -89.759297, 35.124722 ], [ -89.759156, 35.124441 ], [ -89.759088, 35.124272 ], [ -89.75901, 35.124025 ], [ -89.758944, 35.123744 ], [ -89.758937, 35.123717 ], [ -89.758923, 35.123654 ], [ -89.758921, 35.123639 ], [ -89.758919, 35.123613 ], [ -89.758888, 35.123325 ], [ -89.75889, 35.12309 ], [ -89.758823, 35.123087 ], [ -89.757718, 35.123086 ], [ -89.755961, 35.123073 ], [ -89.753607, 35.123037 ], [ -89.753699, 35.123142 ], [ -89.75402, 35.123506 ], [ -89.754385, 35.123921 ], [ -89.754622, 35.124189 ], [ -89.755255, 35.124698 ], [ -89.755718, 35.12507 ], [ -89.755994, 35.125292 ], [ -89.756265, 35.125509 ], [ -89.756413, 35.125628 ], [ -89.756618, 35.125793 ], [ -89.756795, 35.126284 ], [ -89.756888, 35.12654 ], [ -89.756991, 35.126823 ], [ -89.757329, 35.127003 ], [ -89.757566, 35.127128 ], [ -89.75798, 35.127348 ], [ -89.758458, 35.127601 ], [ -89.758696, 35.127726 ], [ -89.758859, 35.127812 ], [ -89.758853, 35.127678 ], [ -89.758877, 35.126755 ], [ -89.758897, 35.125867 ], [ -89.7589, 35.125779 ], [ -89.758922, 35.125565 ], [ -89.758932, 35.125538 ], [ -89.758947, 35.125499 ], [ -89.759048, 35.125361 ], [ -89.759147, 35.12526 ], [ -89.759281, 35.125176 ], [ -89.759437, 35.125092 ] ] ] ] } }
]
}
