{
"type": "FeatureCollection",
"name": "commission_district_memphis-datahub_2022",
"features": [
{ "type": "Feature", "properties": { "ShelbyCoun": "7" }, "geometry": { "type": "Polygon", "coordinates": [ [ [ -89.978143, 35.261941 ], [ -89.978319, 35.261987 ], [ -89.978436, 35.262017 ], [ -89.978643, 35.26202 ], [ -89.979013, 35.261936 ], [ -89.979537, 35.261795 ], [ -89.980005, 35.261761 ], [ -89.980646, 35.261835 ], [ -89.981154, 35.261885 ], [ -89.982004, 35.261851 ], [ -89.983377, 35.261742 ], [ -89.983719, 35.261691 ], [ -89.984446, 35.261398 ], [ -89.984814, 35.261223 ], [ -89.984893, 35.261179 ], [ -89.984973, 35.261148 ], [ -89.985047, 35.261109 ], [ -89.985089, 35.261098 ], [ -89.985124, 35.261077 ], [ -89.985262, 35.261011 ], [ -89.985667, 35.260813 ], [ -89.985723, 35.260676 ], [ -89.985752, 35.260551 ], [ -89.985762, 35.260385 ], [ -89.985732, 35.260192 ], [ -89.98564, 35.260088 ], [ -89.985521, 35.259986 ], [ -89.985369, 35.259875 ], [ -89.985258, 35.259736 ], [ -89.985234, 35.259594 ], [ -89.985326, 35.259293 ], [ -89.98554, 35.258893 ], [ -89.985649, 35.258823 ], [ -89.985762, 35.258824 ], [ -89.985895, 35.258908 ], [ -89.986078, 35.25913 ], [ -89.986529, 35.25967 ], [ -89.988181, 35.258941 ], [ -89.988455, 35.258582 ], [ -89.988721, 35.258283 ], [ -89.988907, 35.257999 ], [ -89.989046, 35.257694 ], [ -89.989098, 35.257386 ], [ -89.989044, 35.257039 ], [ -89.988956, 35.256704 ], [ -89.988879, 35.256515 ], [ -89.988762, 35.256372 ], [ -89.988491, 35.256186 ], [ -89.988424, 35.256158 ], [ -89.988132, 35.256111 ], [ -89.988026, 35.256079 ], [ -89.988034, 35.256009 ], [ -89.988037, 35.255978 ], [ -89.988118, 35.255907 ], [ -89.988191, 35.2559 ], [ -89.988222, 35.255869 ], [ -89.988317, 35.255805 ], [ -89.988485, 35.255753 ], [ -89.988719, 35.25576 ], [ -89.989312, 35.255883 ], [ -89.989585, 35.255935 ], [ -89.989899, 35.255967 ], [ -89.990194, 35.255904 ], [ -89.990443, 35.255803 ], [ -89.990666, 35.255679 ], [ -89.990764, 35.255455 ], [ -89.990755, 35.255213 ], [ -89.990665, 35.254965 ], [ -89.990538, 35.25459 ], [ -89.990529, 35.254354 ], [ -89.990558, 35.254217 ], [ -89.990722, 35.254058 ], [ -89.990943, 35.253995 ], [ -89.991271, 35.254022 ], [ -89.991537, 35.254107 ], [ -89.991786, 35.254297 ], [ -89.991997, 35.254546 ], [ -89.992204, 35.254923 ], [ -89.992434, 35.25519 ], [ -89.992572, 35.255307 ], [ -89.992778, 35.255381 ], [ -89.993131, 35.255463 ], [ -89.993725, 35.255547 ], [ -89.994224, 35.255685 ], [ -89.994556, 35.255837 ], [ -89.994766, 35.256031 ], [ -89.994835, 35.25629 ], [ -89.994818, 35.256533 ], [ -89.99476, 35.256763 ], [ -89.994471, 35.257264 ], [ -89.993131, 35.259304 ], [ -89.99337, 35.259405 ], [ -89.993626, 35.259504 ], [ -89.993832, 35.259617 ], [ -89.993857, 35.259629 ], [ -89.993994, 35.259698 ], [ -89.994015, 35.259706 ], [ -89.994066, 35.259645 ], [ -89.99684, 35.256408 ], [ -89.998343, 35.254656 ], [ -90.000268, 35.252409 ], [ -90.004931, 35.24697 ], [ -90.005165, 35.246699 ], [ -90.005528, 35.246275 ], [ -90.007796, 35.243627 ], [ -90.008456, 35.24286 ], [ -90.009023, 35.242194 ], [ -90.009296, 35.241875 ], [ -90.009515, 35.24162 ], [ -90.009767, 35.241325 ], [ -90.009968, 35.241091 ], [ -90.010052, 35.240994 ], [ -90.010361, 35.240628 ], [ -90.010523, 35.24044 ], [ -90.010777, 35.240145 ], [ -90.010902, 35.239999 ], [ -90.010923, 35.239976 ], [ -90.011276, 35.239562 ], [ -90.011401, 35.239418 ], [ -90.011552, 35.2395 ], [ -90.011734, 35.239598 ], [ -90.012003, 35.239755 ], [ -90.012071, 35.239793 ], [ -90.012142, 35.239856 ], [ -90.012242, 35.2398 ], [ -90.012245, 35.239798 ], [ -90.012274, 35.239781 ], [ -90.012615, 35.239587 ], [ -90.014035, 35.238782 ], [ -90.014052, 35.238774 ], [ -90.014508, 35.238513 ], [ -90.014575, 35.238475 ], [ -90.014575, 35.238475 ], [ -90.014588, 35.238467 ], [ -90.014593, 35.238465 ], [ -90.0148, 35.238346 ], [ -90.015677, 35.237848 ], [ -90.015721, 35.237823 ], [ -90.01597, 35.237682 ], [ -90.015606, 35.237378 ], [ -90.015458, 35.237254 ], [ -90.015082, 35.236981 ], [ -90.014865, 35.236829 ], [ -90.014823, 35.236799 ], [ -90.014726, 35.236735 ], [ -90.01445, 35.236553 ], [ -90.014441, 35.236547 ], [ -90.014322, 35.23647 ], [ -90.014273, 35.236438 ], [ -90.014053, 35.236297 ], [ -90.014098, 35.236252 ], [ -90.014139, 35.23621 ], [ -90.014179, 35.236167 ], [ -90.014245, 35.2361 ], [ -90.0144, 35.235918 ], [ -90.014537, 35.235758 ], [ -90.014656, 35.23562 ], [ -90.014882, 35.235358 ], [ -90.014971, 35.235253 ], [ -90.015267, 35.23491 ], [ -90.015531, 35.234601 ], [ -90.015914, 35.234153 ], [ -90.016228, 35.233786 ], [ -90.016245, 35.233767 ], [ -90.016279, 35.233728 ], [ -90.016464, 35.233511 ], [ -90.016949, 35.232946 ], [ -90.017171, 35.232685 ], [ -90.017406, 35.23241 ], [ -90.018236, 35.231443 ], [ -90.018403, 35.231247 ], [ -90.020065, 35.229306 ], [ -90.021033, 35.228184 ], [ -90.021303, 35.227864 ], [ -90.021398, 35.227759 ], [ -90.021541, 35.227602 ], [ -90.021703, 35.227424 ], [ -90.021963, 35.227116 ], [ -90.022187, 35.22685 ], [ -90.022245, 35.226782 ], [ -90.022396, 35.226597 ], [ -90.022435, 35.226548 ], [ -90.022555, 35.226402 ], [ -90.022595, 35.226354 ], [ -90.022647, 35.226291 ], [ -90.02273, 35.226176 ], [ -90.023122, 35.225629 ], [ -90.023253, 35.225448 ], [ -90.023167, 35.225456 ], [ -90.023086, 35.225463 ], [ -90.022764, 35.225451 ], [ -90.022442, 35.225439 ], [ -90.021294, 35.225414 ], [ -90.020805, 35.225405 ], [ -90.020609, 35.2254 ], [ -90.020021, 35.22539 ], [ -90.019825, 35.225388 ], [ -90.019828, 35.225347 ], [ -90.019816, 35.225279 ], [ -90.019676, 35.224945 ], [ -90.019133, 35.223641 ], [ -90.019063, 35.223472 ], [ -90.019, 35.223299 ], [ -90.019001, 35.223247 ], [ -90.019034, 35.223208 ], [ -90.018825, 35.223236 ], [ -90.018198, 35.223321 ], [ -90.01799, 35.22335 ], [ -90.017576, 35.223852 ], [ -90.01712, 35.224405 ], [ -90.016334, 35.225361 ], [ -90.015935, 35.225873 ], [ -90.015731, 35.225781 ], [ -90.015121, 35.225502 ], [ -90.014918, 35.225409 ], [ -90.014925, 35.225216 ], [ -90.014939, 35.224874 ], [ -90.014939, 35.224638 ], [ -90.01492, 35.224452 ], [ -90.014885, 35.22427 ], [ -90.014868, 35.224174 ], [ -90.014853, 35.224049 ], [ -90.014839, 35.223937 ], [ -90.014837, 35.223714 ], [ -90.014837, 35.22353 ], [ -90.01484, 35.223385 ], [ -90.014853, 35.222953 ], [ -90.014857, 35.22281 ], [ -90.014864, 35.222501 ], [ -90.014887, 35.221581 ], [ -90.014895, 35.221274 ], [ -90.014909, 35.2208 ], [ -90.014918, 35.220521 ], [ -90.014919, 35.22047 ], [ -90.014947, 35.219379 ], [ -90.01496, 35.218907 ], [ -90.014964, 35.218706 ], [ -90.01498, 35.218108 ], [ -90.014986, 35.217909 ], [ -90.014991, 35.217727 ], [ -90.015006, 35.217185 ], [ -90.015012, 35.217005 ], [ -90.015017, 35.216819 ], [ -90.015017, 35.21628 ], [ -90.015018, 35.216099 ], [ -90.015024, 35.215835 ], [ -90.015031, 35.215609 ], [ -90.015049, 35.215044 ], [ -90.015058, 35.21478 ], [ -90.015069, 35.214247 ], [ -90.015106, 35.213211 ], [ -90.015108, 35.213169 ], [ -90.01292, 35.21315 ], [ -90.012933, 35.212705 ], [ -90.012974, 35.211374 ], [ -90.012988, 35.210932 ], [ -90.012996, 35.210711 ], [ -90.012993, 35.210428 ], [ -90.012989, 35.209973 ], [ -90.012942, 35.20982 ], [ -90.012858, 35.209689 ], [ -90.012759, 35.209598 ], [ -90.012619, 35.209508 ], [ -90.012532, 35.209467 ], [ -90.012301, 35.209437 ], [ -90.012192, 35.209433 ], [ -90.011689, 35.209421 ], [ -90.011691, 35.209303 ], [ -90.011699, 35.208952 ], [ -90.0117, 35.208928 ], [ -90.011677, 35.208838 ], [ -90.011384, 35.208801 ], [ -90.011291, 35.208791 ], [ -90.010508, 35.208697 ], [ -90.010216, 35.208664 ], [ -90.009869, 35.208619 ], [ -90.008828, 35.208487 ], [ -90.008481, 35.208444 ], [ -90.00779, 35.208424 ], [ -90.007546, 35.208419 ], [ -90.004742, 35.208357 ], [ -90.004504, 35.208352 ], [ -90.004336, 35.208343 ], [ -90.004099, 35.208309 ], [ -90.003815, 35.208254 ], [ -90.003604, 35.208213 ], [ -90.003593, 35.20821 ], [ -90.003379, 35.208168 ], [ -90.003339, 35.208161 ], [ -90.003098, 35.208116 ], [ -90.002973, 35.208095 ], [ -90.002762, 35.20806 ], [ -90.002754, 35.208017 ], [ -90.002713, 35.207935 ], [ -90.002672, 35.207884 ], [ -90.002628, 35.207827 ], [ -90.002218, 35.207487 ], [ -90.002064, 35.207359 ], [ -90.00193, 35.207245 ], [ -90.001528, 35.206905 ], [ -90.001394, 35.206792 ], [ -90.000865, 35.20634 ], [ -90.000139, 35.20571 ], [ -90.000068, 35.205672 ], [ -90.000042, 35.205658 ], [ -89.999956, 35.205629 ], [ -89.99993, 35.205566 ], [ -89.99991, 35.205534 ], [ -89.999704, 35.205338 ], [ -89.999384, 35.205071 ], [ -89.999207, 35.204966 ], [ -89.999074, 35.20491 ], [ -89.998869, 35.204848 ], [ -89.998342, 35.204746 ], [ -89.99865, 35.204581 ], [ -89.998875, 35.204418 ], [ -89.999137, 35.204221 ], [ -89.999415, 35.203989 ], [ -89.999617, 35.203787 ], [ -89.999786, 35.203574 ], [ -89.999885, 35.203398 ], [ -90.000034, 35.203091 ], [ -90.000114, 35.202869 ], [ -90.000354, 35.202264 ], [ -90.000743, 35.201643 ], [ -90.000915, 35.201375 ], [ -90.001031, 35.201162 ], [ -90.001108, 35.201028 ], [ -90.001135, 35.200983 ], [ -90.001209, 35.200803 ], [ -90.001253, 35.2007 ], [ -90.001392, 35.200249 ], [ -90.00145, 35.200063 ], [ -90.001525, 35.199841 ], [ -90.001541, 35.199793 ], [ -90.001598, 35.199676 ], [ -90.001677, 35.199551 ], [ -90.001812, 35.199397 ], [ -90.001942, 35.199287 ], [ -90.001976, 35.199259 ], [ -90.002142, 35.199163 ], [ -90.002297, 35.199075 ], [ -90.002328, 35.199058 ], [ -90.002897, 35.198763 ], [ -90.002919, 35.198752 ], [ -90.003081, 35.198653 ], [ -90.003332, 35.198479 ], [ -90.00352, 35.198315 ], [ -90.003958, 35.197868 ], [ -90.003994, 35.197806 ], [ -90.004106, 35.197632 ], [ -90.004144, 35.197575 ], [ -90.00465, 35.196824 ], [ -90.004706, 35.196742 ], [ -90.004726, 35.196714 ], [ -90.004936, 35.196438 ], [ -90.005169, 35.196172 ], [ -90.005331, 35.195989 ], [ -90.005428, 35.195879 ], [ -90.005648, 35.195637 ], [ -90.006122, 35.195115 ], [ -90.006517, 35.19471 ], [ -90.006552, 35.194675 ], [ -90.006985, 35.194263 ], [ -90.00709, 35.19416 ], [ -90.007173, 35.194081 ], [ -90.007205, 35.194051 ], [ -90.007657, 35.19361 ], [ -90.007743, 35.193537 ], [ -90.007776, 35.193509 ], [ -90.007851, 35.193444 ], [ -90.007944, 35.193368 ], [ -90.008006, 35.193314 ], [ -90.008011, 35.192893 ], [ -90.008011, 35.192798 ], [ -90.008015, 35.192639 ], [ -90.00802, 35.192492 ], [ -90.00802, 35.192477 ], [ -90.008033, 35.192175 ], [ -90.008033, 35.192158 ], [ -90.008035, 35.192034 ], [ -90.008036, 35.192001 ], [ -90.008037, 35.191928 ], [ -90.008044, 35.191719 ], [ -90.008047, 35.191648 ], [ -90.008051, 35.191462 ], [ -90.008087, 35.190143 ], [ -90.008112, 35.189576 ], [ -90.008097, 35.188907 ], [ -90.008082, 35.18826 ], [ -90.008085, 35.188007 ], [ -90.008091, 35.187867 ], [ -90.008091, 35.187839 ], [ -90.008095, 35.187756 ], [ -90.008097, 35.18773 ], [ -90.0081, 35.187652 ], [ -90.008104, 35.187497 ], [ -90.00811, 35.187276 ], [ -90.00811, 35.187262 ], [ -90.008138, 35.186219 ], [ -90.00821, 35.182371 ], [ -90.008212, 35.182268 ], [ -90.008217, 35.181925 ], [ -90.008234, 35.181222 ], [ -90.008314, 35.178121 ], [ -90.008315, 35.178086 ], [ -90.008346, 35.17704 ], [ -90.00821, 35.176983 ], [ -90.00806, 35.17703 ], [ -90.007935, 35.177018 ], [ -90.007899, 35.177017 ], [ -90.007561, 35.176994 ], [ -90.007437, 35.176988 ], [ -90.007271, 35.17698 ], [ -90.006775, 35.17696 ], [ -90.00661, 35.176955 ], [ -90.006437, 35.176946 ], [ -90.005921, 35.176926 ], [ -90.005749, 35.176918 ], [ -90.005613, 35.176904 ], [ -90.005518, 35.176893 ], [ -90.005203, 35.176888 ], [ -90.005067, 35.176887 ], [ -90.004575, 35.176835 ], [ -90.003101, 35.176679 ], [ -90.00261, 35.176626 ], [ -90.002539, 35.176643 ], [ -90.002468, 35.17666 ], [ -90.002317, 35.176642 ], [ -90.002233, 35.17662 ], [ -90.00217, 35.176593 ], [ -90.002078, 35.176626 ], [ -90.001516, 35.176632 ], [ -90.001088, 35.176556 ], [ -90.001048, 35.17655 ], [ -90.000754, 35.176461 ], [ -90.00062, 35.176455 ], [ -90.000346, 35.176521 ], [ -90.000099, 35.176637 ], [ -90.000047, 35.176624 ], [ -90.000033, 35.176562 ], [ -90.000051, 35.176499 ], [ -90.000099, 35.176455 ], [ -90.000252, 35.176455 ], [ -90.000346, 35.176428 ], [ -90.000359, 35.1764 ], [ -90.000513, 35.176291 ], [ -90.000774, 35.176116 ], [ -90.000674, 35.176094 ], [ -90.000553, 35.176039 ], [ -90.000487, 35.175973 ], [ -90.000467, 35.175863 ], [ -90.000567, 35.175759 ], [ -90.000667, 35.175708 ], [ -90.000681, 35.175681 ], [ -90.000808, 35.175599 ], [ -90.000922, 35.175452 ], [ -90.000929, 35.175253 ], [ -90.000862, 35.175039 ], [ -90.000701, 35.174934 ], [ -90.000594, 35.174918 ], [ -90.000568, 35.174896 ], [ -90.000561, 35.17478 ], [ -90.000762, 35.174605 ], [ -90.000802, 35.174489 ], [ -90.000695, 35.174264 ], [ -90.000648, 35.174194 ], [ -90.000515, 35.174105 ], [ -90.000241, 35.174122 ], [ -90.000097, 35.174177 ], [ -90.000028, 35.17413 ], [ -90.000024, 35.174025 ], [ -90.000089, 35.173935 ], [ -90.00016, 35.173865 ], [ -90.000151, 35.173808 ], [ -90.000097, 35.173797 ], [ -89.999857, 35.173808 ], [ -89.999657, 35.173699 ], [ -89.999402, 35.173617 ], [ -89.999235, 35.173655 ], [ -89.999054, 35.173655 ], [ -89.998954, 35.173606 ], [ -89.99872, 35.173567 ], [ -89.998553, 35.173628 ], [ -89.998383, 35.173668 ], [ -89.998279, 35.173694 ], [ -89.998192, 35.173645 ], [ -89.998078, 35.173589 ], [ -89.99761, 35.173573 ], [ -89.997208, 35.173617 ], [ -89.997021, 35.173634 ], [ -89.996814, 35.173667 ], [ -89.996232, 35.173722 ], [ -89.995924, 35.173777 ], [ -89.995893, 35.1738 ], [ -89.995864, 35.173821 ], [ -89.995851, 35.173904 ], [ -89.995873, 35.17401 ], [ -89.995911, 35.174184 ], [ -89.995891, 35.174338 ], [ -89.995804, 35.174535 ], [ -89.995719, 35.174639 ], [ -89.995577, 35.174817 ], [ -89.995422, 35.173839 ], [ -89.99546, 35.173696 ], [ -89.995467, 35.173617 ], [ -89.995501, 35.173278 ], [ -89.995521, 35.172942 ], [ -89.995529, 35.17281 ], [ -89.995532, 35.172715 ], [ -89.995915, 35.172661 ], [ -89.996374, 35.172621 ], [ -89.996455, 35.172619 ], [ -89.996866, 35.172608 ], [ -89.998647, 35.172656 ], [ -89.999242, 35.172683 ], [ -89.99968, 35.172702 ], [ -90.000171, 35.172706 ], [ -90.000172, 35.172646 ], [ -90.000173, 35.172613 ], [ -90.000176, 35.172466 ], [ -90.00018, 35.172407 ], [ -90.000915, 35.172435 ], [ -90.002154, 35.172482 ], [ -90.00312, 35.172519 ], [ -90.003855, 35.172549 ], [ -90.004779, 35.172584 ], [ -90.007552, 35.172691 ], [ -90.008477, 35.172726 ], [ -90.008857, 35.172742 ], [ -90.009469, 35.172767 ], [ -90.01, 35.172767 ], [ -90.010382, 35.172767 ], [ -90.010671, 35.172777 ], [ -90.010754, 35.172779 ], [ -90.011539, 35.172784 ], [ -90.011829, 35.172786 ], [ -90.012148, 35.17272 ], [ -90.012241, 35.172694 ], [ -90.012612, 35.172599 ], [ -90.01308, 35.172464 ], [ -90.013459, 35.172342 ], [ -90.013553, 35.172311 ], [ -90.013858, 35.172201 ], [ -90.014113, 35.172106 ], [ -90.014878, 35.171819 ], [ -90.015134, 35.171724 ], [ -90.015389, 35.171628 ], [ -90.016157, 35.17134 ], [ -90.016413, 35.171245 ], [ -90.016679, 35.171146 ], [ -90.017186, 35.170956 ], [ -90.01748, 35.170846 ], [ -90.017747, 35.170747 ], [ -90.017937, 35.170676 ], [ -90.018362, 35.170518 ], [ -90.018477, 35.168117 ], [ -90.018514, 35.16762 ], [ -90.01808, 35.167603 ], [ -90.017946, 35.1676 ], [ -90.017928, 35.167599 ], [ -90.017142, 35.167569 ], [ -90.016899, 35.167561 ], [ -90.01593, 35.167525 ], [ -90.01516, 35.167499 ], [ -90.014784, 35.167485 ], [ -90.013998, 35.167457 ], [ -90.013919, 35.167454 ], [ -90.013682, 35.167445 ], [ -90.013603, 35.167443 ], [ -90.013192, 35.167431 ], [ -90.013242, 35.165642 ], [ -90.013273, 35.165 ], [ -90.012509, 35.164924 ], [ -90.01244, 35.164918 ], [ -90.0117, 35.164848 ], [ -90.01202, 35.162662 ], [ -90.012152, 35.161685 ], [ -90.012336, 35.160477 ], [ -90.011532, 35.160397 ], [ -90.011633, 35.159786 ], [ -90.011839, 35.158316 ], [ -90.011857, 35.158195 ], [ -90.011861, 35.158167 ], [ -90.011753, 35.158161 ], [ -90.011782, 35.158116 ], [ -90.011807, 35.158041 ], [ -90.011858, 35.157694 ], [ -90.011866, 35.15764 ], [ -90.011938, 35.157134 ], [ -90.01197, 35.156909 ], [ -90.012067, 35.156234 ], [ -90.012084, 35.156118 ], [ -90.012099, 35.15601 ], [ -90.01213, 35.1558 ], [ -90.012176, 35.155482 ], [ -90.012192, 35.155382 ], [ -90.012224, 35.155167 ], [ -90.012256, 35.154958 ], [ -90.012298, 35.154753 ], [ -90.012426, 35.154143 ], [ -90.012469, 35.15394 ], [ -90.012483, 35.153874 ], [ -90.0125, 35.153793 ], [ -90.012524, 35.153672 ], [ -90.012538, 35.153606 ], [ -90.012547, 35.15356 ], [ -90.012554, 35.153529 ], [ -90.012558, 35.153507 ], [ -90.012564, 35.153478 ], [ -90.012572, 35.15344 ], [ -90.012599, 35.153267 ], [ -90.012607, 35.153211 ], [ -90.012623, 35.153112 ], [ -90.012626, 35.153094 ], [ -90.012633, 35.153047 ], [ -90.012636, 35.15303 ], [ -90.012644, 35.152981 ], [ -90.012668, 35.152836 ], [ -90.012676, 35.152787 ], [ -90.012704, 35.152612 ], [ -90.012791, 35.152089 ], [ -90.012821, 35.151915 ], [ -90.012831, 35.151854 ], [ -90.012843, 35.15179 ], [ -90.012879, 35.15168 ], [ -90.012899, 35.151623 ], [ -90.012917, 35.151461 ], [ -90.012946, 35.151205 ], [ -90.012982, 35.150977 ], [ -90.013008, 35.150817 ], [ -90.013057, 35.150503 ], [ -90.013205, 35.149562 ], [ -90.013255, 35.149248 ], [ -90.013295, 35.148955 ], [ -90.013418, 35.148083 ], [ -90.013459, 35.147791 ], [ -90.013521, 35.1474 ], [ -90.013619, 35.146792 ], [ -90.013698, 35.146225 ], [ -90.013753, 35.145834 ], [ -90.01381, 35.145429 ], [ -90.013985, 35.144211 ], [ -90.014012, 35.144025 ], [ -90.014006, 35.143805 ], [ -90.013922, 35.143797 ], [ -90.013673, 35.143775 ], [ -90.01359, 35.143769 ], [ -90.013465, 35.143757 ], [ -90.01309, 35.143724 ], [ -90.012966, 35.143713 ], [ -90.01274, 35.143693 ], [ -90.01243, 35.143665 ], [ -90.012064, 35.143631 ], [ -90.011839, 35.143611 ], [ -90.011739, 35.143603 ], [ -90.01144, 35.143576 ], [ -90.011341, 35.143566 ], [ -90.011269, 35.143559 ], [ -90.01118, 35.14355 ], [ -90.010697, 35.143505 ], [ -90.010629, 35.143498 ], [ -90.010522, 35.143487 ], [ -90.010481, 35.143487 ], [ -90.009902, 35.143434 ], [ -90.009809, 35.143425 ], [ -90.009654, 35.143411 ], [ -90.009531, 35.143398 ], [ -90.009165, 35.143366 ], [ -90.009043, 35.143355 ], [ -90.008918, 35.143344 ], [ -90.008544, 35.14331 ], [ -90.00842, 35.1433 ], [ -90.007823, 35.143247 ], [ -90.007155, 35.143192 ], [ -90.007101, 35.143186 ], [ -90.007077, 35.143184 ], [ -90.005951, 35.143097 ], [ -90.005605, 35.143071 ], [ -90.005345, 35.143049 ], [ -90.005215, 35.14304 ], [ -90.004565, 35.142987 ], [ -90.004305, 35.142968 ], [ -90.004137, 35.142955 ], [ -90.003634, 35.142916 ], [ -90.003467, 35.142902 ], [ -90.003351, 35.142892 ], [ -90.003004, 35.142865 ], [ -90.002889, 35.142855 ], [ -90.002757, 35.142844 ], [ -90.002362, 35.142811 ], [ -90.002231, 35.142801 ], [ -90.002132, 35.142793 ], [ -90.001837, 35.142769 ], [ -90.001739, 35.142762 ], [ -90.001584, 35.14275 ], [ -90.001119, 35.142714 ], [ -90.000965, 35.142702 ], [ -90.000705, 35.142682 ], [ -90.000638, 35.142677 ], [ -90.000379, 35.142657 ], [ -90.000277, 35.142651 ], [ -89.999292, 35.142567 ], [ -89.99895, 35.142539 ], [ -89.999029, 35.142104 ], [ -89.999115, 35.141731 ], [ -89.999219, 35.141152 ], [ -89.999244, 35.140991 ], [ -89.999253, 35.140929 ], [ -89.999278, 35.140763 ], [ -89.999339, 35.140363 ], [ -89.999354, 35.140262 ], [ -89.99938, 35.140096 ], [ -89.999415, 35.139855 ], [ -89.999456, 35.139576 ], [ -89.9995, 35.139136 ], [ -89.999525, 35.138897 ], [ -89.998967, 35.138838 ], [ -89.998324, 35.13877 ], [ -89.998078, 35.138736 ], [ -89.997296, 35.138643 ], [ -89.99674, 35.138579 ], [ -89.996723, 35.138694 ], [ -89.996672, 35.139043 ], [ -89.996656, 35.139161 ], [ -89.996635, 35.139299 ], [ -89.996572, 35.139717 ], [ -89.996552, 35.139857 ], [ -89.996488, 35.140231 ], [ -89.996471, 35.140346 ], [ -89.996348, 35.141251 ], [ -89.996252, 35.14182 ], [ -89.99624, 35.14189 ], [ -89.996171, 35.142311 ], [ -89.99543, 35.142243 ], [ -89.995077, 35.142212 ], [ -89.994829, 35.14219 ], [ -89.994545, 35.142163 ], [ -89.994085, 35.142122 ], [ -89.993838, 35.1421 ], [ -89.993534, 35.142072 ], [ -89.992999, 35.142022 ], [ -89.992623, 35.141988 ], [ -89.99232, 35.14196 ], [ -89.992132, 35.141942 ], [ -89.991594, 35.141894 ], [ -89.991569, 35.141891 ], [ -89.991382, 35.141875 ], [ -89.991349, 35.141872 ], [ -89.990993, 35.141839 ], [ -89.989826, 35.141735 ], [ -89.989471, 35.141706 ], [ -89.989438, 35.141703 ], [ -89.988922, 35.141658 ], [ -89.988343, 35.141609 ], [ -89.987596, 35.141531 ], [ -89.987376, 35.141512 ], [ -89.986861, 35.141468 ], [ -89.986766, 35.141459 ], [ -89.986459, 35.141424 ], [ -89.98609, 35.141382 ], [ -89.985257, 35.141275 ], [ -89.985118, 35.141258 ], [ -89.984859, 35.141215 ], [ -89.984719, 35.141183 ], [ -89.984493, 35.141101 ], [ -89.983984, 35.140918 ], [ -89.983688, 35.140798 ], [ -89.98342, 35.14069 ], [ -89.983065, 35.140547 ], [ -89.982669, 35.140392 ], [ -89.982217, 35.140219 ], [ -89.981614, 35.140003 ], [ -89.98125, 35.139874 ], [ -89.981033, 35.139796 ], [ -89.980382, 35.139565 ], [ -89.980166, 35.139488 ], [ -89.979914, 35.139399 ], [ -89.979607, 35.139292 ], [ -89.979431, 35.139232 ], [ -89.979161, 35.139134 ], [ -89.979129, 35.139123 ], [ -89.978915, 35.139035 ], [ -89.978457, 35.138863 ], [ -89.978048, 35.138711 ], [ -89.977076, 35.13838 ], [ -89.976615, 35.138224 ], [ -89.976499, 35.138185 ], [ -89.976151, 35.138067 ], [ -89.976036, 35.138027 ], [ -89.975856, 35.137963 ], [ -89.975318, 35.137774 ], [ -89.975139, 35.13771 ], [ -89.975091, 35.137692 ], [ -89.97495, 35.137639 ], [ -89.974903, 35.137622 ], [ -89.97461, 35.137502 ], [ -89.973733, 35.137147 ], [ -89.9737, 35.137135 ], [ -89.973437, 35.13704 ], [ -89.972991, 35.13688 ], [ -89.971654, 35.136404 ], [ -89.971515, 35.136356 ], [ -89.971209, 35.136244 ], [ -89.971094, 35.136202 ], [ -89.970749, 35.136077 ], [ -89.970635, 35.136036 ], [ -89.97049, 35.135984 ], [ -89.970058, 35.135827 ], [ -89.970006, 35.135807 ], [ -89.969914, 35.135775 ], [ -89.969774, 35.135724 ], [ -89.969355, 35.135571 ], [ -89.969305, 35.135552 ], [ -89.969215, 35.13552 ], [ -89.969146, 35.135496 ], [ -89.96894, 35.135422 ], [ -89.968872, 35.135398 ], [ -89.968838, 35.135386 ], [ -89.96876, 35.135358 ], [ -89.968739, 35.13535 ], [ -89.968707, 35.135338 ], [ -89.968634, 35.135312 ], [ -89.968416, 35.135233 ], [ -89.968344, 35.135207 ], [ -89.967721, 35.134982 ], [ -89.967505, 35.134909 ], [ -89.96616, 35.134447 ], [ -89.964739, 35.133903 ], [ -89.964324, 35.133744 ], [ -89.964133, 35.133671 ], [ -89.96356, 35.133452 ], [ -89.96337, 35.133381 ], [ -89.96317, 35.133837 ], [ -89.962573, 35.135208 ], [ -89.962374, 35.135666 ], [ -89.962325, 35.135776 ], [ -89.962178, 35.136109 ], [ -89.96213, 35.136221 ], [ -89.962048, 35.13641 ], [ -89.961803, 35.136982 ], [ -89.961722, 35.137173 ], [ -89.961704, 35.137274 ], [ -89.961692, 35.137342 ], [ -89.961685, 35.137577 ], [ -89.961683, 35.137679 ], [ -89.961682, 35.137909 ], [ -89.961678, 35.138597 ], [ -89.961678, 35.138827 ], [ -89.961677, 35.138931 ], [ -89.961675, 35.139246 ], [ -89.961675, 35.139351 ], [ -89.961673, 35.139503 ], [ -89.96167, 35.139961 ], [ -89.96167, 35.140114 ], [ -89.961663, 35.14062 ], [ -89.961642, 35.140904 ], [ -89.961635, 35.140929 ], [ -89.961452, 35.141583 ], [ -89.961392, 35.141815 ], [ -89.960983, 35.141809 ], [ -89.959759, 35.141794 ], [ -89.959747, 35.141794 ], [ -89.959352, 35.141789 ], [ -89.959162, 35.141784 ], [ -89.958592, 35.141776 ], [ -89.958403, 35.141773 ], [ -89.958303, 35.14177 ], [ -89.958003, 35.141768 ], [ -89.957921, 35.141767 ], [ -89.957903, 35.141768 ], [ -89.957925, 35.141811 ], [ -89.957925, 35.14186 ], [ -89.957965, 35.141948 ], [ -89.958052, 35.142058 ], [ -89.958066, 35.142112 ], [ -89.958113, 35.142142 ], [ -89.958277, 35.142239 ], [ -89.958519, 35.142353 ], [ -89.958785, 35.142497 ], [ -89.958966, 35.142633 ], [ -89.959159, 35.142861 ], [ -89.95918, 35.142916 ], [ -89.959195, 35.142953 ], [ -89.959197, 35.143082 ], [ -89.959202, 35.143327 ], [ -89.959162, 35.143588 ], [ -89.959149, 35.143684 ], [ -89.959158, 35.143758 ], [ -89.959169, 35.143854 ], [ -89.959235, 35.144026 ], [ -89.959249, 35.144062 ], [ -89.959363, 35.14421 ], [ -89.959449, 35.144321 ], [ -89.959593, 35.144394 ], [ -89.959698, 35.144462 ], [ -89.959775, 35.144505 ], [ -89.959889, 35.144585 ], [ -89.95994, 35.144662 ], [ -89.959965, 35.144728 ], [ -89.959989, 35.144867 ], [ -89.959985, 35.144903 ], [ -89.95997, 35.144977 ], [ -89.959918, 35.14526 ], [ -89.959737, 35.145581 ], [ -89.959671, 35.145699 ], [ -89.959632, 35.145772 ], [ -89.959537, 35.145952 ], [ -89.959475, 35.146052 ], [ -89.959357, 35.146248 ], [ -89.959256, 35.146535 ], [ -89.959252, 35.146566 ], [ -89.959246, 35.146592 ], [ -89.959246, 35.146609 ], [ -89.959227, 35.14676 ], [ -89.959223, 35.146804 ], [ -89.959215, 35.14685 ], [ -89.9592, 35.146963 ], [ -89.959196, 35.147 ], [ -89.959244, 35.147279 ], [ -89.959321, 35.147725 ], [ -89.959411, 35.148236 ], [ -89.959634, 35.149044 ], [ -89.959755, 35.149482 ], [ -89.959667, 35.14948 ], [ -89.959381, 35.149474 ], [ -89.959351, 35.149474 ], [ -89.959157, 35.14947 ], [ -89.959044, 35.149468 ], [ -89.958261, 35.149448 ], [ -89.957888, 35.14944 ], [ -89.957648, 35.149434 ], [ -89.956928, 35.14942 ], [ -89.956689, 35.149414 ], [ -89.956549, 35.149412 ], [ -89.95613, 35.149403 ], [ -89.955991, 35.1494 ], [ -89.955759, 35.149394 ], [ -89.955064, 35.149376 ], [ -89.954833, 35.149372 ], [ -89.954677, 35.149367 ], [ -89.954209, 35.149356 ], [ -89.954053, 35.149353 ], [ -89.953978, 35.149352 ], [ -89.953754, 35.149346 ], [ -89.95368, 35.149345 ], [ -89.952544, 35.149347 ], [ -89.952314, 35.14935 ], [ -89.952118, 35.149353 ], [ -89.951625, 35.149361 ], [ -89.951396, 35.149366 ], [ -89.950688, 35.149375 ], [ -89.949158, 35.149398 ], [ -89.948567, 35.1494 ], [ -89.948469, 35.149401 ], [ -89.947954, 35.149414 ], [ -89.947828, 35.149414 ], [ -89.947191, 35.149423 ], [ -89.946094, 35.149439 ], [ -89.945187, 35.149459 ], [ -89.944519, 35.149473 ], [ -89.944155, 35.149476 ], [ -89.943815, 35.14948 ], [ -89.943525, 35.149483 ], [ -89.941703, 35.149431 ], [ -89.941, 35.149412 ], [ -89.940651, 35.1494 ], [ -89.939605, 35.149371 ], [ -89.939257, 35.149361 ], [ -89.939112, 35.149358 ], [ -89.938678, 35.149349 ], [ -89.938534, 35.149347 ], [ -89.937827, 35.149338 ], [ -89.937331, 35.149321 ], [ -89.935591, 35.149283 ], [ -89.934523, 35.14926 ], [ -89.934462, 35.149259 ], [ -89.934464, 35.149338 ], [ -89.934465, 35.150263 ], [ -89.934457, 35.150571 ], [ -89.934443, 35.151911 ], [ -89.934173, 35.151901 ], [ -89.933366, 35.151871 ], [ -89.933097, 35.15186 ], [ -89.932817, 35.151849 ], [ -89.931977, 35.151819 ], [ -89.931698, 35.151809 ], [ -89.931416, 35.151799 ], [ -89.931214, 35.151792 ], [ -89.930572, 35.15177 ], [ -89.930291, 35.151762 ], [ -89.929805, 35.151744 ], [ -89.929123, 35.151722 ], [ -89.928759, 35.151709 ], [ -89.92835, 35.151697 ], [ -89.927865, 35.151683 ], [ -89.927763, 35.151792 ], [ -89.92765, 35.151889 ], [ -89.927637, 35.151905 ], [ -89.927592, 35.151978 ], [ -89.927568, 35.152101 ], [ -89.927564, 35.152231 ], [ -89.927541, 35.153119 ], [ -89.927533, 35.15344 ], [ -89.927528, 35.153693 ], [ -89.927525, 35.153821 ], [ -89.927522, 35.153936 ], [ -89.927515, 35.154179 ], [ -89.927514, 35.154211 ], [ -89.927507, 35.154488 ], [ -89.927504, 35.154601 ], [ -89.927497, 35.154871 ], [ -89.927495, 35.154925 ], [ -89.927491, 35.155091 ], [ -89.92749, 35.155147 ], [ -89.927489, 35.155196 ], [ -89.927485, 35.155324 ], [ -89.927472, 35.155857 ], [ -89.927469, 35.156035 ], [ -89.927465, 35.156181 ], [ -89.927453, 35.156622 ], [ -89.92745, 35.156769 ], [ -89.927425, 35.15737 ], [ -89.927423, 35.157446 ], [ -89.927403, 35.157947 ], [ -89.927399, 35.15806 ], [ -89.927386, 35.158382 ], [ -89.927384, 35.15843 ], [ -89.927373, 35.158698 ], [ -89.927365, 35.158893 ], [ -89.927352, 35.159172 ], [ -89.927348, 35.159289 ], [ -89.927337, 35.15954 ], [ -89.92733, 35.159774 ], [ -89.927322, 35.159931 ], [ -89.927314, 35.160118 ], [ -89.927301, 35.160405 ], [ -89.9273, 35.160438 ], [ -89.927295, 35.160564 ], [ -89.927288, 35.160739 ], [ -89.927277, 35.161021 ], [ -89.927267, 35.161265 ], [ -89.92726, 35.16144 ], [ -89.927258, 35.16151 ], [ -89.92726, 35.161606 ], [ -89.927273, 35.162002 ], [ -89.92727, 35.1621 ], [ -89.927265, 35.162265 ], [ -89.927097, 35.16226 ], [ -89.926822, 35.162254 ], [ -89.926595, 35.162248 ], [ -89.926428, 35.162244 ], [ -89.926388, 35.162243 ], [ -89.926179, 35.162239 ], [ -89.926088, 35.162237 ], [ -89.925435, 35.162221 ], [ -89.925187, 35.162216 ], [ -89.92492, 35.16221 ], [ -89.924555, 35.162202 ], [ -89.924121, 35.162191 ], [ -89.923855, 35.162185 ], [ -89.923754, 35.162183 ], [ -89.923451, 35.162175 ], [ -89.92335, 35.162174 ], [ -89.923193, 35.162168 ], [ -89.922724, 35.162157 ], [ -89.922568, 35.162153 ], [ -89.922298, 35.162146 ], [ -89.921489, 35.162128 ], [ -89.92122, 35.162121 ], [ -89.921108, 35.162118 ], [ -89.920773, 35.162109 ], [ -89.920662, 35.162108 ], [ -89.920334, 35.162099 ], [ -89.91935, 35.162076 ], [ -89.91917, 35.162073 ], [ -89.919023, 35.162068 ], [ -89.919041, 35.16216 ], [ -89.919739, 35.163114 ], [ -89.919973, 35.163433 ], [ -89.920465, 35.164105 ], [ -89.922071, 35.166346 ], [ -89.922249, 35.166594 ], [ -89.922903, 35.167507 ], [ -89.923878, 35.168867 ], [ -89.923971, 35.168996 ], [ -89.924209, 35.169328 ], [ -89.924238, 35.169393 ], [ -89.924305, 35.169537 ], [ -89.924437, 35.169541 ], [ -89.924679, 35.169548 ], [ -89.925451, 35.169567 ], [ -89.925802, 35.169579 ], [ -89.92602, 35.169587 ], [ -89.926176, 35.169608 ], [ -89.92613, 35.169771 ], [ -89.926128, 35.169781 ], [ -89.925986, 35.170153 ], [ -89.925963, 35.170257 ], [ -89.925928, 35.170424 ], [ -89.925923, 35.170494 ], [ -89.925908, 35.170707 ], [ -89.925904, 35.170777 ], [ -89.925901, 35.170882 ], [ -89.925894, 35.171194 ], [ -89.925894, 35.17121 ], [ -89.925892, 35.171299 ], [ -89.925889, 35.171425 ], [ -89.925881, 35.1718 ], [ -89.925879, 35.171926 ], [ -89.925875, 35.172092 ], [ -89.925865, 35.172593 ], [ -89.925862, 35.172759 ], [ -89.926019, 35.172762 ], [ -89.92649, 35.172773 ], [ -89.926648, 35.172777 ], [ -89.926703, 35.172778 ], [ -89.926762, 35.172778 ], [ -89.927106, 35.172784 ], [ -89.927221, 35.172787 ], [ -89.927408, 35.17279 ], [ -89.92797, 35.172801 ], [ -89.928158, 35.172804 ], [ -89.928392, 35.172808 ], [ -89.928815, 35.172815 ], [ -89.928989, 35.172818 ], [ -89.929095, 35.172819 ], [ -89.92933, 35.172823 ], [ -89.929533, 35.172823 ], [ -89.929558, 35.172823 ], [ -89.930243, 35.17284 ], [ -89.930472, 35.172847 ], [ -89.931278, 35.172877 ], [ -89.931916, 35.172889 ], [ -89.932287, 35.172908 ], [ -89.933571, 35.172948 ], [ -89.933581, 35.172414 ], [ -89.933592, 35.171923 ], [ -89.933598, 35.171482 ], [ -89.933607, 35.170972 ], [ -89.933612, 35.170159 ], [ -89.933615, 35.169719 ], [ -89.933767, 35.169719 ], [ -89.934226, 35.169722 ], [ -89.934379, 35.169723 ], [ -89.934579, 35.169725 ], [ -89.934896, 35.169727 ], [ -89.934976, 35.169743 ], [ -89.935069, 35.169784 ], [ -89.935155, 35.16984 ], [ -89.935324, 35.16995 ], [ -89.935844, 35.170296 ], [ -89.937405, 35.171337 ], [ -89.937506, 35.171403 ], [ -89.937931, 35.171675 ], [ -89.938611, 35.172124 ], [ -89.940379, 35.173294 ], [ -89.940653, 35.173475 ], [ -89.941033, 35.17373 ], [ -89.941186, 35.173834 ], [ -89.941313, 35.173924 ], [ -89.939947, 35.175362 ], [ -89.940069, 35.175323 ], [ -89.940436, 35.175208 ], [ -89.940559, 35.175171 ], [ -89.941267, 35.174955 ], [ -89.942034, 35.174723 ], [ -89.943383, 35.174286 ], [ -89.943674, 35.174192 ], [ -89.944094, 35.174079 ], [ -89.944102, 35.174122 ], [ -89.944107, 35.174272 ], [ -89.944095, 35.174449 ], [ -89.944079, 35.17472 ], [ -89.944068, 35.17498 ], [ -89.944062, 35.175158 ], [ -89.944058, 35.175247 ], [ -89.944054, 35.175359 ], [ -89.944049, 35.175514 ], [ -89.944047, 35.175603 ], [ -89.944038, 35.175874 ], [ -89.944013, 35.176688 ], [ -89.944006, 35.17696 ], [ -89.944001, 35.177115 ], [ -89.943989, 35.177576 ], [ -89.943985, 35.17773 ], [ -89.943978, 35.178084 ], [ -89.943974, 35.178318 ], [ -89.943959, 35.17915 ], [ -89.943954, 35.179505 ], [ -89.94395, 35.179761 ], [ -89.94394, 35.180533 ], [ -89.94394, 35.18055 ], [ -89.943939, 35.180792 ], [ -89.943938, 35.180912 ], [ -89.943936, 35.18127 ], [ -89.943936, 35.181396 ], [ -89.943936, 35.181433 ], [ -89.943936, 35.181551 ], [ -89.943937, 35.18159 ], [ -89.94395, 35.182092 ], [ -89.943961, 35.182458 ], [ -89.944029, 35.183491 ], [ -89.94404, 35.183602 ], [ -89.944092, 35.184103 ], [ -89.94433, 35.1864 ], [ -89.944341, 35.186493 ], [ -89.944355, 35.186616 ], [ -89.944621, 35.186622 ], [ -89.944695, 35.186606 ], [ -89.944798, 35.186584 ], [ -89.944827, 35.186571 ], [ -89.945361, 35.186318 ], [ -89.946103, 35.186049 ], [ -89.946477, 35.18604 ], [ -89.946568, 35.186053 ], [ -89.946542, 35.186039 ], [ -89.948296, 35.185941 ], [ -89.948468, 35.18599 ], [ -89.9487, 35.186 ], [ -89.948997, 35.186059 ], [ -89.949195, 35.186146 ], [ -89.949331, 35.186184 ], [ -89.949603, 35.186192 ], [ -89.950061, 35.186225 ], [ -89.950292, 35.18622 ], [ -89.950406, 35.186203 ], [ -89.950471, 35.186172 ], [ -89.950588, 35.186091 ], [ -89.950619, 35.186074 ], [ -89.950654, 35.186062 ], [ -89.95091, 35.185995 ], [ -89.951288, 35.185944 ], [ -89.951505, 35.1859 ], [ -89.95199, 35.185848 ], [ -89.952357, 35.185849 ], [ -89.952874, 35.185854 ], [ -89.953533, 35.185797 ], [ -89.954428, 35.185676 ], [ -89.955039, 35.185583 ], [ -89.955267, 35.185578 ], [ -89.955549, 35.185532 ], [ -89.955565, 35.185529 ], [ -89.955578, 35.185527 ], [ -89.955942, 35.185475 ], [ -89.956094, 35.185421 ], [ -89.956495, 35.185395 ], [ -89.956615, 35.185375 ], [ -89.95749, 35.185219 ], [ -89.957612, 35.185153 ], [ -89.957556, 35.185302 ], [ -89.9575, 35.185451 ], [ -89.957494, 35.185468 ], [ -89.956866, 35.18715 ], [ -89.956789, 35.187382 ], [ -89.956765, 35.187452 ], [ -89.956695, 35.187663 ], [ -89.956672, 35.187735 ], [ -89.95662, 35.187956 ], [ -89.956585, 35.188146 ], [ -89.956541, 35.188398 ], [ -89.956499, 35.188744 ], [ -89.956483, 35.188936 ], [ -89.956466, 35.189403 ], [ -89.956466, 35.189415 ], [ -89.956449, 35.189825 ], [ -89.956441, 35.189995 ], [ -89.956426, 35.190379 ], [ -89.956425, 35.190416 ], [ -89.956421, 35.190508 ], [ -89.95642, 35.190554 ], [ -89.956416, 35.19068 ], [ -89.956415, 35.190699 ], [ -89.956412, 35.190777 ], [ -89.956402, 35.191074 ], [ -89.956399, 35.191173 ], [ -89.956395, 35.191356 ], [ -89.956387, 35.191782 ], [ -89.956382, 35.191908 ], [ -89.956375, 35.192093 ], [ -89.956374, 35.192107 ], [ -89.956368, 35.192293 ], [ -89.956346, 35.192899 ], [ -89.95634, 35.193101 ], [ -89.956334, 35.193261 ], [ -89.956318, 35.193739 ], [ -89.956313, 35.1939 ], [ -89.9563, 35.194298 ], [ -89.956325, 35.194578 ], [ -89.956331, 35.194635 ], [ -89.956387, 35.194913 ], [ -89.956476, 35.19522 ], [ -89.956599, 35.195521 ], [ -89.956776, 35.195842 ], [ -89.956924, 35.196057 ], [ -89.957185, 35.196393 ], [ -89.957428, 35.196703 ], [ -89.957608, 35.196925 ], [ -89.95801, 35.197441 ], [ -89.958016, 35.197449 ], [ -89.958236, 35.197772 ], [ -89.958421, 35.198121 ], [ -89.958568, 35.198496 ], [ -89.958669, 35.198903 ], [ -89.958704, 35.199168 ], [ -89.958708, 35.199247 ], [ -89.958746, 35.1999 ], [ -89.95875, 35.199966 ], [ -89.958772, 35.20063 ], [ -89.958751, 35.200866 ], [ -89.958741, 35.200995 ], [ -89.958684, 35.20129 ], [ -89.958598, 35.201535 ], [ -89.958506, 35.201718 ], [ -89.9584, 35.201876 ], [ -89.958324, 35.201977 ], [ -89.958108, 35.202203 ], [ -89.957843, 35.202444 ], [ -89.957664, 35.202587 ], [ -89.957021, 35.203055 ], [ -89.956239, 35.203624 ], [ -89.956003, 35.203815 ], [ -89.955874, 35.203919 ], [ -89.955696, 35.20411 ], [ -89.955626, 35.204198 ], [ -89.955503, 35.204366 ], [ -89.955445, 35.204445 ], [ -89.955413, 35.204496 ], [ -89.955254, 35.204753 ], [ -89.95486, 35.205414 ], [ -89.954497, 35.206027 ], [ -89.954376, 35.206241 ], [ -89.954138, 35.206736 ], [ -89.953948, 35.207279 ], [ -89.953881, 35.207497 ], [ -89.953656, 35.208233 ], [ -89.953584, 35.208472 ], [ -89.953369, 35.209188 ], [ -89.953298, 35.209428 ], [ -89.953212, 35.209714 ], [ -89.952956, 35.210577 ], [ -89.952871, 35.210865 ], [ -89.952991, 35.210908 ], [ -89.953099, 35.210952 ], [ -89.953196, 35.210994 ], [ -89.954156, 35.211427 ], [ -89.954476, 35.211571 ], [ -89.954967, 35.211788 ], [ -89.955048, 35.211824 ], [ -89.955333, 35.211934 ], [ -89.955687, 35.212038 ], [ -89.95601, 35.212103 ], [ -89.956367, 35.212142 ], [ -89.956528, 35.212148 ], [ -89.957066, 35.212165 ], [ -89.957294, 35.212172 ], [ -89.957979, 35.21219 ], [ -89.958208, 35.212196 ], [ -89.95848, 35.212204 ], [ -89.959296, 35.212228 ], [ -89.959568, 35.212236 ], [ -89.960072, 35.212244 ], [ -89.960234, 35.212247 ], [ -89.960382, 35.21225 ], [ -89.961585, 35.212288 ], [ -89.96209, 35.212305 ], [ -89.962174, 35.212308 ], [ -89.962523, 35.212318 ], [ -89.963822, 35.212362 ], [ -89.964256, 35.212376 ], [ -89.964412, 35.212381 ], [ -89.964883, 35.212392 ], [ -89.96504, 35.212398 ], [ -89.965338, 35.212432 ], [ -89.966235, 35.212534 ], [ -89.966534, 35.21257 ], [ -89.966582, 35.212574 ], [ -89.966647, 35.212581 ], [ -89.966726, 35.212589 ], [ -89.966775, 35.212595 ], [ -89.966972, 35.212604 ], [ -89.967019, 35.212606 ], [ -89.967421, 35.212624 ], [ -89.967566, 35.212624 ], [ -89.967765, 35.212626 ], [ -89.968949, 35.212633 ], [ -89.969246, 35.212642 ], [ -89.970162, 35.212646 ], [ -89.97077, 35.212663 ], [ -89.97098, 35.212661 ], [ -89.972411, 35.212669 ], [ -89.972446, 35.212665 ], [ -89.972681, 35.212643 ], [ -89.972931, 35.212595 ], [ -89.973219, 35.212509 ], [ -89.973408, 35.212433 ], [ -89.973618, 35.212323 ], [ -89.97386, 35.212156 ], [ -89.974093, 35.211962 ], [ -89.974154, 35.211912 ], [ -89.974775, 35.211357 ], [ -89.974944, 35.211206 ], [ -89.975004, 35.211157 ], [ -89.97512, 35.211279 ], [ -89.975471, 35.211644 ], [ -89.975519, 35.211694 ], [ -89.975588, 35.211766 ], [ -89.975585, 35.212153 ], [ -89.975575, 35.213318 ], [ -89.975573, 35.213706 ], [ -89.975573, 35.213963 ], [ -89.975567, 35.214611 ], [ -89.975566, 35.214809 ], [ -89.975562, 35.215366 ], [ -89.975559, 35.215822 ], [ -89.975548, 35.217329 ], [ -89.975542, 35.218188 ], [ -89.975542, 35.218236 ], [ -89.975538, 35.218812 ], [ -89.975529, 35.220195 ], [ -89.975539, 35.220538 ], [ -89.975556, 35.221047 ], [ -89.975559, 35.221115 ], [ -89.975321, 35.221156 ], [ -89.974951, 35.221179 ], [ -89.974806, 35.221188 ], [ -89.97351, 35.221249 ], [ -89.973501, 35.22125 ], [ -89.97344, 35.221251 ], [ -89.973119, 35.221261 ], [ -89.972508, 35.221281 ], [ -89.972172, 35.221291 ], [ -89.971971, 35.221297 ], [ -89.970699, 35.221339 ], [ -89.970363, 35.221325 ], [ -89.97022, 35.221319 ], [ -89.969831, 35.221269 ], [ -89.969574, 35.221235 ], [ -89.968968, 35.221154 ], [ -89.968804, 35.221138 ], [ -89.968666, 35.221126 ], [ -89.968547, 35.22112 ], [ -89.968452, 35.221117 ], [ -89.968328, 35.221112 ], [ -89.968167, 35.221115 ], [ -89.968072, 35.221117 ], [ -89.967918, 35.22112 ], [ -89.96782, 35.221083 ], [ -89.96782, 35.221083 ], [ -89.96775, 35.221085 ], [ -89.967532, 35.221092 ], [ -89.967417, 35.221097 ], [ -89.967363, 35.2211 ], [ -89.967347, 35.2211 ], [ -89.96654, 35.221103 ], [ -89.965893, 35.221075 ], [ -89.965731, 35.221069 ], [ -89.965415, 35.221051 ], [ -89.965385, 35.22105 ], [ -89.965348, 35.221047 ], [ -89.965346, 35.221053 ], [ -89.965327, 35.221111 ], [ -89.965324, 35.221121 ], [ -89.964862, 35.222541 ], [ -89.964305, 35.224258 ], [ -89.963676, 35.22618 ], [ -89.963399, 35.227024 ], [ -89.963172, 35.22772 ], [ -89.96297, 35.228537 ], [ -89.962873, 35.229056 ], [ -89.962817, 35.229605 ], [ -89.962816, 35.229637 ], [ -89.962807, 35.2301 ], [ -89.962835, 35.230505 ], [ -89.962891, 35.230971 ], [ -89.963068, 35.231749 ], [ -89.963282, 35.232383 ], [ -89.963515, 35.232862 ], [ -89.96365, 35.23314 ], [ -89.963982, 35.233874 ], [ -89.964015, 35.233934 ], [ -89.964117, 35.234117 ], [ -89.964151, 35.234179 ], [ -89.964179, 35.234237 ], [ -89.964214, 35.234306 ], [ -89.964405, 35.234693 ], [ -89.964469, 35.234822 ], [ -89.964551, 35.235004 ], [ -89.964798, 35.235552 ], [ -89.964881, 35.235735 ], [ -89.964952, 35.235874 ], [ -89.965119, 35.236199 ], [ -89.965165, 35.236288 ], [ -89.965228, 35.23641 ], [ -89.965237, 35.236427 ], [ -89.965279, 35.236514 ], [ -89.965408, 35.236781 ], [ -89.965451, 35.236869 ], [ -89.965993, 35.23799 ], [ -89.966055, 35.238121 ], [ -89.966265, 35.238557 ], [ -89.966908, 35.239863 ], [ -89.967047, 35.240145 ], [ -89.967362, 35.240783 ], [ -89.967633, 35.241389 ], [ -89.967761, 35.241738 ], [ -89.967898, 35.242159 ], [ -89.967959, 35.242438 ], [ -89.968033, 35.242798 ], [ -89.968094, 35.243258 ], [ -89.968158, 35.245928 ], [ -89.968172, 35.246544 ], [ -89.968176, 35.246694 ], [ -89.968225, 35.250141 ], [ -89.968238, 35.250884 ], [ -89.968252, 35.25159 ], [ -89.968286, 35.252069 ], [ -89.96832, 35.252402 ], [ -89.968409, 35.252883 ], [ -89.96872, 35.254267 ], [ -89.968744, 35.254372 ], [ -89.968767, 35.254478 ], [ -89.968821, 35.254421 ], [ -89.968884, 35.254371 ], [ -89.968995, 35.254259 ], [ -89.969008, 35.254251 ], [ -89.969254, 35.253743 ], [ -89.969303, 35.253597 ], [ -89.969358, 35.253381 ], [ -89.969318, 35.253128 ], [ -89.96918, 35.25286 ], [ -89.971781, 35.252986 ], [ -89.97313, 35.252897 ], [ -89.973513, 35.252817 ], [ -89.973779, 35.252651 ], [ -89.974132, 35.252212 ], [ -89.974357, 35.252047 ], [ -89.974776, 35.25212 ], [ -89.975066, 35.25228 ], [ -89.975541, 35.252524 ], [ -89.976034, 35.252837 ], [ -89.976495, 35.253086 ], [ -89.976736, 35.253316 ], [ -89.97701, 35.253839 ], [ -89.976976, 35.25409 ], [ -89.976876, 35.254303 ], [ -89.97661, 35.254512 ], [ -89.976264, 35.254687 ], [ -89.975957, 35.254886 ], [ -89.975557, 35.255114 ], [ -89.97542, 35.255221 ], [ -89.975394, 35.255285 ], [ -89.975416, 35.255292 ], [ -89.975499, 35.255423 ], [ -89.975521, 35.255449 ], [ -89.975658, 35.255589 ], [ -89.975725, 35.255634 ], [ -89.975756, 35.25566 ], [ -89.975781, 35.25569 ], [ -89.975823, 35.255753 ], [ -89.975852, 35.255779 ], [ -89.975867, 35.255813 ], [ -89.975931, 35.255907 ], [ -89.976004, 35.255995 ], [ -89.976029, 35.256063 ], [ -89.976113, 35.256189 ], [ -89.97614, 35.256217 ], [ -89.976169, 35.256283 ], [ -89.976188, 35.256315 ], [ -89.976213, 35.256344 ], [ -89.976233, 35.256375 ], [ -89.976318, 35.256539 ], [ -89.976395, 35.256667 ], [ -89.976419, 35.256698 ], [ -89.97645, 35.256764 ], [ -89.976471, 35.256833 ], [ -89.976506, 35.256898 ], [ -89.976544, 35.257039 ], [ -89.976578, 35.257104 ], [ -89.976594, 35.257174 ], [ -89.976637, 35.257275 ], [ -89.976726, 35.257587 ], [ -89.976789, 35.257911 ], [ -89.976802, 35.257976 ], [ -89.976904, 35.258358 ], [ -89.976926, 35.258426 ], [ -89.977007, 35.258741 ], [ -89.977028, 35.258845 ], [ -89.977083, 35.258981 ], [ -89.977101, 35.259051 ], [ -89.97713, 35.259118 ], [ -89.977199, 35.259391 ], [ -89.977216, 35.259471 ], [ -89.977262, 35.259552 ], [ -89.977472, 35.260158 ], [ -89.977613, 35.260902 ], [ -89.977784, 35.261426 ], [ -89.977913, 35.26173 ], [ -89.978026, 35.261835 ], [ -89.978143, 35.261941 ] ] ] } },
{ "type": "Feature", "properties": { "ShelbyCoun": "3" }, "geometry": { "type": "Polygon", "coordinates": [ [ [ -89.754133, 35.281655 ], [ -89.754218, 35.281654 ], [ -89.754261, 35.281647 ], [ -89.754574, 35.281635 ], [ -89.754606, 35.281635 ], [ -89.754649, 35.281636 ], [ -89.754735, 35.28163 ], [ -89.754822, 35.281631 ], [ -89.755257, 35.281611 ], [ -89.755957, 35.281588 ], [ -89.75603, 35.28158 ], [ -89.756514, 35.28154 ], [ -89.756558, 35.281537 ], [ -89.756732, 35.281517 ], [ -89.75682, 35.281512 ], [ -89.757256, 35.281465 ], [ -89.757343, 35.281458 ], [ -89.757387, 35.281451 ], [ -89.757491, 35.281444 ], [ -89.757518, 35.281442 ], [ -89.758088, 35.28143 ], [ -89.758175, 35.281424 ], [ -89.759137, 35.281391 ], [ -89.759879, 35.281358 ], [ -89.759966, 35.281349 ], [ -89.760314, 35.281332 ], [ -89.760402, 35.281332 ], [ -89.760436, 35.281329 ], [ -89.760818, 35.281323 ], [ -89.761416, 35.281292 ], [ -89.76231, 35.281234 ], [ -89.762926, 35.281205 ], [ -89.764993, 35.281157 ], [ -89.765088, 35.281156 ], [ -89.765136, 35.281147 ], [ -89.765522, 35.281116 ], [ -89.765884, 35.281082 ], [ -89.765924, 35.281078 ], [ -89.765991, 35.281073 ], [ -89.76602, 35.281072 ], [ -89.766046, 35.28107 ], [ -89.766086, 35.281067 ], [ -89.7668, 35.281011 ], [ -89.767019, 35.280998 ], [ -89.767105, 35.28099 ], [ -89.767542, 35.280966 ], [ -89.767701, 35.280952 ], [ -89.767746, 35.280953 ], [ -89.767832, 35.280941 ], [ -89.768182, 35.280914 ], [ -89.768802, 35.280913 ], [ -89.769668, 35.28082 ], [ -89.769754, 35.280806 ], [ -89.769842, 35.280803 ], [ -89.770782, 35.280797 ], [ -89.771039, 35.280795 ], [ -89.771393, 35.280786 ], [ -89.77148, 35.280778 ], [ -89.772181, 35.280738 ], [ -89.772268, 35.28073 ], [ -89.772884, 35.280697 ], [ -89.774693, 35.280631 ], [ -89.775042, 35.280595 ], [ -89.775127, 35.280577 ], [ -89.77569, 35.280505 ], [ -89.775823, 35.280497 ], [ -89.776968, 35.28047 ], [ -89.777629, 35.280441 ], [ -89.778198, 35.280389 ], [ -89.778961, 35.280314 ], [ -89.779532, 35.280265 ], [ -89.78054, 35.280244 ], [ -89.780627, 35.280246 ], [ -89.781022, 35.28024 ], [ -89.781198, 35.280232 ], [ -89.781357, 35.280231 ], [ -89.782415, 35.280195 ], [ -89.782856, 35.280165 ], [ -89.784265, 35.280088 ], [ -89.784441, 35.280074 ], [ -89.784881, 35.280048 ], [ -89.786069, 35.279981 ], [ -89.786951, 35.27992 ], [ -89.788362, 35.279834 ], [ -89.78942, 35.27979 ], [ -89.789583, 35.279785 ], [ -89.790654, 35.279753 ], [ -89.791977, 35.279697 ], [ -89.792906, 35.279646 ], [ -89.794134, 35.279582 ], [ -89.795363, 35.279506 ], [ -89.795626, 35.279474 ], [ -89.795933, 35.279456 ], [ -89.795976, 35.27946 ], [ -89.796064, 35.279457 ], [ -89.796239, 35.279463 ], [ -89.796322, 35.27946 ], [ -89.797426, 35.279478 ], [ -89.79769, 35.279476 ], [ -89.797776, 35.279464 ], [ -89.798035, 35.279443 ], [ -89.798251, 35.279419 ], [ -89.798338, 35.279414 ], [ -89.798944, 35.279353 ], [ -89.79903, 35.279339 ], [ -89.799899, 35.27925 ], [ -89.799987, 35.279244 ], [ -89.80003, 35.279236 ], [ -89.800161, 35.279227 ], [ -89.801132, 35.27919 ], [ -89.801615, 35.279165 ], [ -89.801836, 35.279158 ], [ -89.802864, 35.279151 ], [ -89.803121, 35.279149 ], [ -89.803253, 35.279143 ], [ -89.80334, 35.279134 ], [ -89.803769, 35.279104 ], [ -89.805789, 35.278937 ], [ -89.806182, 35.278912 ], [ -89.806577, 35.278898 ], [ -89.806971, 35.278878 ], [ -89.807059, 35.278878 ], [ -89.808672, 35.278717 ], [ -89.809465, 35.278735 ], [ -89.809773, 35.278734 ], [ -89.811218, 35.278683 ], [ -89.811262, 35.278684 ], [ -89.812047, 35.278636 ], [ -89.812134, 35.278627 ], [ -89.812285, 35.278619 ], [ -89.812726, 35.278622 ], [ -89.812814, 35.278631 ], [ -89.813035, 35.278627 ], [ -89.813123, 35.27862 ], [ -89.813253, 35.278603 ], [ -89.813468, 35.278568 ], [ -89.813641, 35.278546 ], [ -89.813769, 35.27852 ], [ -89.814191, 35.278413 ], [ -89.814365, 35.278395 ], [ -89.814636, 35.278395 ], [ -89.814674, 35.278396 ], [ -89.815649, 35.278419 ], [ -89.816059, 35.278409 ], [ -89.816102, 35.278402 ], [ -89.816277, 35.278391 ], [ -89.816364, 35.278378 ], [ -89.81693, 35.278326 ], [ -89.81706, 35.27831 ], [ -89.817609, 35.278257 ], [ -89.81831, 35.278212 ], [ -89.818442, 35.27821 ], [ -89.81853, 35.278217 ], [ -89.818745, 35.278255 ], [ -89.819184, 35.278275 ], [ -89.81927, 35.278272 ], [ -89.819357, 35.278264 ], [ -89.819531, 35.278252 ], [ -89.819617, 35.278242 ], [ -89.820357, 35.278179 ], [ -89.820445, 35.278177 ], [ -89.821317, 35.278119 ], [ -89.821404, 35.27811 ], [ -89.822013, 35.27807 ], [ -89.8221, 35.278068 ], [ -89.822665, 35.27803 ], [ -89.82384, 35.277994 ], [ -89.823927, 35.277986 ], [ -89.824538, 35.277969 ], [ -89.824625, 35.27797 ], [ -89.824971, 35.277956 ], [ -89.825057, 35.277946 ], [ -89.8261, 35.277893 ], [ -89.826186, 35.277883 ], [ -89.827494, 35.277814 ], [ -89.827581, 35.277806 ], [ -89.828455, 35.277756 ], [ -89.828542, 35.277756 ], [ -89.830162, 35.277662 ], [ -89.831057, 35.27762 ], [ -89.831675, 35.277584 ], [ -89.83238, 35.277549 ], [ -89.835334, 35.277363 ], [ -89.835994, 35.277325 ], [ -89.838148, 35.277224 ], [ -89.840054, 35.277111 ], [ -89.840176, 35.277105 ], [ -89.841518, 35.277034 ], [ -89.842881, 35.27696 ], [ -89.844463, 35.276879 ], [ -89.845432, 35.276838 ], [ -89.846534, 35.276803 ], [ -89.846962, 35.276785 ], [ -89.847501, 35.276762 ], [ -89.847764, 35.276754 ], [ -89.847894, 35.276744 ], [ -89.8482, 35.276727 ], [ -89.848373, 35.276712 ], [ -89.848533, 35.276704 ], [ -89.848651, 35.276418 ], [ -89.84878, 35.276415 ], [ -89.854274, 35.276204 ], [ -89.85454, 35.276261 ], [ -89.854793, 35.276007 ], [ -89.854884, 35.275917 ], [ -89.855246, 35.275554 ], [ -89.855686, 35.275112 ], [ -89.858095, 35.272696 ], [ -89.85874, 35.27205 ], [ -89.858898, 35.271892 ], [ -89.859043, 35.271743 ], [ -89.859321, 35.27146 ], [ -89.860593, 35.270171 ], [ -89.861018, 35.269742 ], [ -89.86136, 35.2694 ], [ -89.862182, 35.268582 ], [ -89.862387, 35.268376 ], [ -89.862729, 35.268035 ], [ -89.863323, 35.26744 ], [ -89.863784, 35.266977 ], [ -89.8641, 35.266661 ], [ -89.86464, 35.266121 ], [ -89.86485, 35.26591 ], [ -89.864958, 35.265805 ], [ -89.865359, 35.265403 ], [ -89.865821, 35.264941 ], [ -89.865956, 35.264806 ], [ -89.866194, 35.264568 ], [ -89.86821, 35.262553 ], [ -89.868876, 35.261888 ], [ -89.869179, 35.261581 ], [ -89.869572, 35.261174 ], [ -89.86982, 35.260914 ], [ -89.869996, 35.26072 ], [ -89.870891, 35.259739 ], [ -89.871268, 35.259352 ], [ -89.871703, 35.258907 ], [ -89.871557, 35.258902 ], [ -89.87134, 35.258876 ], [ -89.870839, 35.258817 ], [ -89.870311, 35.258768 ], [ -89.870252, 35.258761 ], [ -89.86989, 35.258725 ], [ -89.868882, 35.25863 ], [ -89.866253, 35.258381 ], [ -89.865861, 35.25834 ], [ -89.865391, 35.258292 ], [ -89.865286, 35.258281 ], [ -89.864873, 35.258238 ], [ -89.864855, 35.258236 ], [ -89.864433, 35.258195 ], [ -89.863416, 35.258094 ], [ -89.863168, 35.258072 ], [ -89.862746, 35.258037 ], [ -89.862491, 35.258015 ], [ -89.862051, 35.257979 ], [ -89.861727, 35.257942 ], [ -89.861473, 35.257916 ], [ -89.861491, 35.257593 ], [ -89.861446, 35.25675 ], [ -89.861423, 35.256595 ], [ -89.861415, 35.256271 ], [ -89.861446, 35.256031 ], [ -89.861516, 35.255504 ], [ -89.861547, 35.255055 ], [ -89.86162, 35.254539 ], [ -89.861679, 35.254348 ], [ -89.86176, 35.254217 ], [ -89.861813, 35.254157 ], [ -89.862051, 35.253892 ], [ -89.862179, 35.253747 ], [ -89.862358, 35.253544 ], [ -89.862862, 35.252942 ], [ -89.86332, 35.252358 ], [ -89.86366, 35.251904 ], [ -89.863777, 35.251709 ], [ -89.86384, 35.251526 ], [ -89.863862, 35.251311 ], [ -89.863872, 35.25105 ], [ -89.863888, 35.250302 ], [ -89.8639, 35.24942 ], [ -89.863925, 35.249056 ], [ -89.864034, 35.248603 ], [ -89.864068, 35.248379 ], [ -89.864077, 35.248274 ], [ -89.864111, 35.247733 ], [ -89.864114, 35.247681 ], [ -89.864117, 35.247611 ], [ -89.864125, 35.247389 ], [ -89.864126, 35.247359 ], [ -89.864127, 35.247308 ], [ -89.864128, 35.247159 ], [ -89.864126, 35.246761 ], [ -89.864164, 35.245349 ], [ -89.864168, 35.245131 ], [ -89.864183, 35.244424 ], [ -89.864185, 35.244177 ], [ -89.864185, 35.244115 ], [ -89.864184, 35.243963 ], [ -89.864181, 35.242917 ], [ -89.864197, 35.242635 ], [ -89.864245, 35.242491 ], [ -89.864339, 35.242341 ], [ -89.864609, 35.242021 ], [ -89.864738, 35.241858 ], [ -89.864829, 35.24172 ], [ -89.864861, 35.241664 ], [ -89.864925, 35.241484 ], [ -89.864957, 35.241214 ], [ -89.864968, 35.2409 ], [ -89.86497, 35.24052 ], [ -89.86497, 35.240497 ], [ -89.864972, 35.239587 ], [ -89.864976, 35.238946 ], [ -89.864978, 35.23861 ], [ -89.864977, 35.23791 ], [ -89.864977, 35.23779 ], [ -89.864974, 35.237503 ], [ -89.864979, 35.237 ], [ -89.865017, 35.23581 ], [ -89.86504, 35.23511 ], [ -89.865051, 35.234832 ], [ -89.865057, 35.234654 ], [ -89.865057, 35.234637 ], [ -89.865072, 35.233222 ], [ -89.865078, 35.23275 ], [ -89.865084, 35.23253 ], [ -89.865086, 35.232481 ], [ -89.865121, 35.231679 ], [ -89.865126, 35.231572 ], [ -89.865134, 35.231412 ], [ -89.865137, 35.231367 ], [ -89.865138, 35.231356 ], [ -89.865181, 35.230883 ], [ -89.865193, 35.230627 ], [ -89.865229, 35.229875 ], [ -89.865274, 35.228941 ], [ -89.865305, 35.228711 ], [ -89.865429, 35.228289 ], [ -89.865453, 35.22821 ], [ -89.865477, 35.228041 ], [ -89.865443, 35.227562 ], [ -89.865438, 35.227511 ], [ -89.865399, 35.227076 ], [ -89.865385, 35.226653 ], [ -89.86539, 35.226537 ], [ -89.865421, 35.225896 ], [ -89.865518, 35.223917 ], [ -89.865505, 35.223723 ], [ -89.865471, 35.223623 ], [ -89.865464, 35.2236 ], [ -89.865387, 35.223463 ], [ -89.865004, 35.222913 ], [ -89.864935, 35.222812 ], [ -89.864714, 35.222493 ], [ -89.864354, 35.221972 ], [ -89.864027, 35.221554 ], [ -89.864013, 35.221536 ], [ -89.863851, 35.221377 ], [ -89.863829, 35.22136 ], [ -89.863742, 35.221292 ], [ -89.864127, 35.221106 ], [ -89.865286, 35.220551 ], [ -89.865672, 35.220368 ], [ -89.865864, 35.220277 ], [ -89.866443, 35.220009 ], [ -89.866637, 35.219921 ], [ -89.866906, 35.219797 ], [ -89.867464, 35.219545 ], [ -89.867681, 35.219424 ], [ -89.8677, 35.219407 ], [ -89.86772, 35.219392 ], [ -89.867824, 35.219289 ], [ -89.867869, 35.21922 ], [ -89.867882, 35.219181 ], [ -89.867911, 35.219093 ], [ -89.867954, 35.21897 ], [ -89.867978, 35.218872 ], [ -89.867986, 35.218832 ], [ -89.868005, 35.218743 ], [ -89.8681, 35.218742 ], [ -89.868192, 35.21874 ], [ -89.868317, 35.218739 ], [ -89.868708, 35.21872 ], [ -89.868754, 35.218713 ], [ -89.868941, 35.218691 ], [ -89.869123, 35.218667 ], [ -89.870203, 35.218494 ], [ -89.870311, 35.218477 ], [ -89.870699, 35.218421 ], [ -89.871051, 35.218387 ], [ -89.871184, 35.218385 ], [ -89.871392, 35.218378 ], [ -89.871881, 35.218386 ], [ -89.87214, 35.218401 ], [ -89.872598, 35.218453 ], [ -89.872982, 35.218517 ], [ -89.873565, 35.218652 ], [ -89.873983, 35.218784 ], [ -89.874041, 35.218803 ], [ -89.87451, 35.218989 ], [ -89.874847, 35.219145 ], [ -89.875151, 35.2193 ], [ -89.875209, 35.21933 ], [ -89.875259, 35.219355 ], [ -89.875506, 35.219474 ], [ -89.875675, 35.219555 ], [ -89.876339, 35.219873 ], [ -89.876855, 35.220048 ], [ -89.877018, 35.220087 ], [ -89.877315, 35.220149 ], [ -89.877409, 35.220168 ], [ -89.877756, 35.220211 ], [ -89.877894, 35.220219 ], [ -89.877991, 35.220226 ], [ -89.87806, 35.220227 ], [ -89.878192, 35.220228 ], [ -89.87819, 35.220362 ], [ -89.87819, 35.220436 ], [ -89.878165, 35.22201 ], [ -89.87816, 35.222367 ], [ -89.881397, 35.222479 ], [ -89.881388, 35.223081 ], [ -89.882486, 35.223264 ], [ -89.882635, 35.223305 ], [ -89.882677, 35.223118 ], [ -89.882739, 35.222701 ], [ -89.88274, 35.222665 ], [ -89.882763, 35.222175 ], [ -89.882846, 35.221298 ], [ -89.882849, 35.221277 ], [ -89.88286, 35.221222 ], [ -89.882927, 35.220917 ], [ -89.882944, 35.220853 ], [ -89.883042, 35.220493 ], [ -89.883089, 35.220324 ], [ -89.883181, 35.21992 ], [ -89.883205, 35.219395 ], [ -89.883223, 35.219024 ], [ -89.883225, 35.218943 ], [ -89.883235, 35.218703 ], [ -89.883238, 35.218624 ], [ -89.883239, 35.218582 ], [ -89.883244, 35.218463 ], [ -89.883246, 35.218422 ], [ -89.883256, 35.218129 ], [ -89.883259, 35.218075 ], [ -89.883233, 35.217528 ], [ -89.883204, 35.217256 ], [ -89.883201, 35.217222 ], [ -89.883128, 35.216974 ], [ -89.883088, 35.216857 ], [ -89.883062, 35.2168 ], [ -89.88301, 35.216687 ], [ -89.882916, 35.216508 ], [ -89.882789, 35.216316 ], [ -89.882747, 35.216251 ], [ -89.882679, 35.216167 ], [ -89.882407, 35.215859 ], [ -89.88225, 35.215716 ], [ -89.882138, 35.215626 ], [ -89.882092, 35.21559 ], [ -89.88163, 35.215272 ], [ -89.881492, 35.215166 ], [ -89.881281, 35.214976 ], [ -89.881121, 35.214807 ], [ -89.880948, 35.214593 ], [ -89.880744, 35.214273 ], [ -89.88061, 35.213988 ], [ -89.880603, 35.213969 ], [ -89.880521, 35.21373 ], [ -89.880447, 35.213401 ], [ -89.880428, 35.213226 ], [ -89.880424, 35.21311 ], [ -89.880428, 35.212964 ], [ -89.880444, 35.212399 ], [ -89.880442, 35.21218 ], [ -89.88044, 35.21192 ], [ -89.88044, 35.21188 ], [ -89.880438, 35.211735 ], [ -89.880436, 35.211476 ], [ -89.883124, 35.211467 ], [ -89.885207, 35.211538 ], [ -89.884915, 35.210811 ], [ -89.88488, 35.210716 ], [ -89.884961, 35.210712 ], [ -89.887466, 35.210721 ], [ -89.887474, 35.210155 ], [ -89.887501, 35.208295 ], [ -89.887619, 35.20627 ], [ -89.88754, 35.206252 ], [ -89.886562, 35.206013 ], [ -89.886236, 35.205934 ], [ -89.886036, 35.205888 ], [ -89.885436, 35.205746 ], [ -89.885373, 35.205733 ], [ -89.885236, 35.205706 ], [ -89.885042, 35.205672 ], [ -89.88446, 35.205569 ], [ -89.884267, 35.205535 ], [ -89.884107, 35.205512 ], [ -89.884092, 35.20551 ], [ -89.883668, 35.205448 ], [ -89.883629, 35.205445 ], [ -89.883469, 35.205428 ], [ -89.882912, 35.205368 ], [ -89.881523, 35.205216 ], [ -89.881242, 35.205188 ], [ -89.880685, 35.205134 ], [ -89.880403, 35.205109 ], [ -89.880151, 35.205088 ], [ -89.87981, 35.205065 ], [ -89.879559, 35.205053 ], [ -89.879278, 35.20504 ], [ -89.879108, 35.205033 ], [ -89.879117, 35.204874 ], [ -89.879121, 35.204784 ], [ -89.879129, 35.204409 ], [ -89.879132, 35.204245 ], [ -89.879134, 35.204142 ], [ -89.879135, 35.204099 ], [ -89.879142, 35.20377 ], [ -89.879145, 35.203595 ], [ -89.879152, 35.203261 ], [ -89.87916, 35.202883 ], [ -89.879166, 35.202564 ], [ -89.879169, 35.202416 ], [ -89.879172, 35.202276 ], [ -89.879177, 35.202011 ], [ -89.879178, 35.20198 ], [ -89.879112, 35.201141 ], [ -89.879067, 35.200607 ], [ -89.879018, 35.199999 ], [ -89.87901, 35.199905 ], [ -89.878994, 35.199149 ], [ -89.878974, 35.198161 ], [ -89.878973, 35.1981 ], [ -89.878964, 35.197677 ], [ -89.878956, 35.197325 ], [ -89.878936, 35.196379 ], [ -89.878921, 35.195679 ], [ -89.879329, 35.195387 ], [ -89.87934, 35.195372 ], [ -89.879402, 35.195347 ], [ -89.879513, 35.195287 ], [ -89.879558, 35.195269 ], [ -89.879568, 35.19526 ], [ -89.879592, 35.195249 ], [ -89.879609, 35.195246 ], [ -89.879621, 35.195238 ], [ -89.879637, 35.195234 ], [ -89.879653, 35.195228 ], [ -89.879663, 35.19522 ], [ -89.879684, 35.195214 ], [ -89.879744, 35.19518 ], [ -89.879741, 35.195007 ], [ -89.879727, 35.194775 ], [ -89.879716, 35.194627 ], [ -89.879706, 35.194513 ], [ -89.879606, 35.193295 ], [ -89.879629, 35.192433 ], [ -89.879627, 35.192211 ], [ -89.879625, 35.192096 ], [ -89.879626, 35.192073 ], [ -89.879629, 35.191966 ], [ -89.879653, 35.191459 ], [ -89.879663, 35.191255 ], [ -89.87968, 35.191255 ], [ -89.879705, 35.190954 ], [ -89.879698, 35.190676 ], [ -89.879708, 35.190459 ], [ -89.879718, 35.190238 ], [ -89.879727, 35.190019 ], [ -89.87973, 35.189968 ], [ -89.879737, 35.189795 ], [ -89.879747, 35.189572 ], [ -89.879755, 35.189388 ], [ -89.879767, 35.189113 ], [ -89.879779, 35.188843 ], [ -89.879791, 35.18859 ], [ -89.879802, 35.188323 ], [ -89.879846, 35.188071 ], [ -89.879801, 35.188071 ], [ -89.879712, 35.188071 ], [ -89.879444, 35.188066 ], [ -89.87943, 35.188066 ], [ -89.879094, 35.188061 ], [ -89.879079, 35.188062 ], [ -89.878836, 35.188059 ], [ -89.878796, 35.18806 ], [ -89.878705, 35.188061 ], [ -89.877972, 35.188078 ], [ -89.87797, 35.188041 ], [ -89.877801, 35.188043 ], [ -89.87773, 35.188043 ], [ -89.876851, 35.188049 ], [ -89.876762, 35.188049 ], [ -89.876374, 35.188043 ], [ -89.876009, 35.188038 ], [ -89.875755, 35.188035 ], [ -89.875483, 35.188032 ], [ -89.875213, 35.188029 ], [ -89.874932, 35.188026 ], [ -89.874677, 35.188024 ], [ -89.874396, 35.188021 ], [ -89.87393, 35.188015 ], [ -89.873782, 35.188015 ], [ -89.873754, 35.188013 ], [ -89.873693, 35.188013 ], [ -89.873633, 35.188012 ], [ -89.873061, 35.188005 ], [ -89.872653, 35.188001 ], [ -89.872345, 35.187996 ], [ -89.87204, 35.187993 ], [ -89.871734, 35.18799 ], [ -89.871451, 35.187987 ], [ -89.871145, 35.187982 ], [ -89.870833, 35.187978 ], [ -89.87053, 35.187976 ], [ -89.870232, 35.187971 ], [ -89.869919, 35.187967 ], [ -89.869541, 35.187963 ], [ -89.869439, 35.187958 ], [ -89.869276, 35.18795 ], [ -89.869173, 35.187945 ], [ -89.866243, 35.187948 ], [ -89.866242, 35.187912 ], [ -89.864655, 35.187911 ], [ -89.864152, 35.187909 ], [ -89.863107, 35.187897 ], [ -89.862186, 35.187883 ], [ -89.861337, 35.187872 ], [ -89.861353, 35.187599 ], [ -89.86137, 35.187321 ], [ -89.861372, 35.187283 ], [ -89.86136, 35.187283 ], [ -89.861239, 35.187279 ], [ -89.861236, 35.187321 ], [ -89.861219, 35.187599 ], [ -89.861218, 35.187622 ], [ -89.861203, 35.187866 ], [ -89.860333, 35.187855 ], [ -89.859894, 35.18785 ], [ -89.859454, 35.187846 ], [ -89.85855, 35.187836 ], [ -89.858079, 35.18783 ], [ -89.856698, 35.187815 ], [ -89.855784, 35.187804 ], [ -89.854868, 35.187794 ], [ -89.854505, 35.18779 ], [ -89.854499, 35.187962 ], [ -89.854404, 35.187962 ], [ -89.854193, 35.187962 ], [ -89.853995, 35.187962 ], [ -89.853926, 35.187962 ], [ -89.853716, 35.187962 ], [ -89.853506, 35.187962 ], [ -89.853414, 35.187962 ], [ -89.852476, 35.187963 ], [ -89.852429, 35.187963 ], [ -89.852309, 35.187881 ], [ -89.852292, 35.187897 ], [ -89.851455, 35.188721 ], [ -89.851294, 35.188885 ], [ -89.850756, 35.189436 ], [ -89.850497, 35.189709 ], [ -89.850393, 35.189811 ], [ -89.849889, 35.190303 ], [ -89.849476, 35.190703 ], [ -89.849416, 35.190758 ], [ -89.849168, 35.190988 ], [ -89.848691, 35.191455 ], [ -89.848249, 35.191871 ], [ -89.847996, 35.19212 ], [ -89.847529, 35.19258 ], [ -89.847479, 35.192629 ], [ -89.847464, 35.192645 ], [ -89.847421, 35.192617 ], [ -89.847343, 35.192567 ], [ -89.847111, 35.192414 ], [ -89.847039, 35.192368 ], [ -89.846924, 35.192291 ], [ -89.846851, 35.192238 ], [ -89.846098, 35.19168 ], [ -89.846018, 35.19176 ], [ -89.845599, 35.192178 ], [ -89.845195, 35.192581 ], [ -89.845193, 35.192655 ], [ -89.84519, 35.192735 ], [ -89.845182, 35.192977 ], [ -89.84518, 35.193058 ], [ -89.845172, 35.193296 ], [ -89.845168, 35.193442 ], [ -89.845158, 35.193773 ], [ -89.845157, 35.193808 ], [ -89.845155, 35.193872 ], [ -89.845033, 35.194007 ], [ -89.844886, 35.194173 ], [ -89.844781, 35.194289 ], [ -89.843848, 35.195335 ], [ -89.843742, 35.195453 ], [ -89.843442, 35.195732 ], [ -89.843039, 35.196106 ], [ -89.840655, 35.198318 ], [ -89.840576, 35.198394 ], [ -89.840163, 35.198794 ], [ -89.839838, 35.199107 ], [ -89.839517, 35.199419 ], [ -89.839079, 35.199831 ], [ -89.838961, 35.199953 ], [ -89.838832, 35.200081 ], [ -89.838552, 35.200353 ], [ -89.838417, 35.200482 ], [ -89.838142, 35.20075 ], [ -89.837506, 35.201352 ], [ -89.837337, 35.201543 ], [ -89.837252, 35.201609 ], [ -89.837197, 35.201651 ], [ -89.836979, 35.201865 ], [ -89.836803, 35.202039 ], [ -89.836794, 35.202047 ], [ -89.836768, 35.202047 ], [ -89.836769, 35.202072 ], [ -89.83677, 35.202086 ], [ -89.836773, 35.202157 ], [ -89.836694, 35.202231 ], [ -89.836613, 35.202309 ], [ -89.836601, 35.20232 ], [ -89.836405, 35.202507 ], [ -89.83632, 35.202589 ], [ -89.836077, 35.20282 ], [ -89.83566, 35.203218 ], [ -89.835429, 35.203406 ], [ -89.835396, 35.203439 ], [ -89.835213, 35.203618 ], [ -89.835147, 35.203572 ], [ -89.835119, 35.203599 ], [ -89.834895, 35.203818 ], [ -89.834943, 35.203851 ], [ -89.834913, 35.203882 ], [ -89.834898, 35.203894 ], [ -89.834478, 35.204307 ], [ -89.834264, 35.204515 ], [ -89.834154, 35.204617 ], [ -89.833607, 35.205118 ], [ -89.833597, 35.205127 ], [ -89.833559, 35.205162 ], [ -89.833528, 35.205242 ], [ -89.833484, 35.205352 ], [ -89.832766, 35.20529 ], [ -89.832325, 35.205252 ], [ -89.831218, 35.205103 ], [ -89.83055, 35.205003 ], [ -89.829144, 35.204794 ], [ -89.827459, 35.20458 ], [ -89.82686, 35.204501 ], [ -89.82634, 35.204432 ], [ -89.825071, 35.204248 ], [ -89.824475, 35.204162 ], [ -89.82395, 35.20409 ], [ -89.823225, 35.20399 ], [ -89.822708, 35.203937 ], [ -89.822369, 35.203919 ], [ -89.822189, 35.20391 ], [ -89.821841, 35.203902 ], [ -89.821675, 35.203908 ], [ -89.821291, 35.203924 ], [ -89.821178, 35.203931 ], [ -89.82116, 35.203933 ], [ -89.821013, 35.203946 ], [ -89.820958, 35.20395 ], [ -89.820758, 35.203968 ], [ -89.820114, 35.204045 ], [ -89.81976, 35.204099 ], [ -89.819109, 35.204201 ], [ -89.816162, 35.204671 ], [ -89.816051, 35.204684 ], [ -89.815656, 35.204735 ], [ -89.814974, 35.20479 ], [ -89.814807, 35.204792 ], [ -89.814603, 35.204798 ], [ -89.813987, 35.204785 ], [ -89.812252, 35.204749 ], [ -89.811481, 35.204743 ], [ -89.810585, 35.204738 ], [ -89.810175, 35.204733 ], [ -89.808957, 35.204724 ], [ -89.808945, 35.204724 ], [ -89.808536, 35.204724 ], [ -89.807302, 35.204712 ], [ -89.806019, 35.204701 ], [ -89.804769, 35.20469 ], [ -89.804278, 35.204684 ], [ -89.80418, 35.204684 ], [ -89.803599, 35.204684 ], [ -89.803529, 35.204685 ], [ -89.802366, 35.204691 ], [ -89.801438, 35.204707 ], [ -89.80026, 35.204729 ], [ -89.798226, 35.204721 ], [ -89.797932, 35.204725 ], [ -89.797479, 35.204735 ], [ -89.797152, 35.204735 ], [ -89.796177, 35.204739 ], [ -89.795851, 35.20474 ], [ -89.795083, 35.204746 ], [ -89.794843, 35.204749 ], [ -89.793864, 35.204701 ], [ -89.792018, 35.204608 ], [ -89.791954, 35.204603 ], [ -89.791417, 35.204573 ], [ -89.790648, 35.20453 ], [ -89.789159, 35.20451 ], [ -89.788742, 35.204504 ], [ -89.788616, 35.204503 ], [ -89.788473, 35.204504 ], [ -89.78531, 35.204468 ], [ -89.784895, 35.204466 ], [ -89.784827, 35.204466 ], [ -89.784754, 35.204465 ], [ -89.783277, 35.204448 ], [ -89.782175, 35.204437 ], [ -89.782082, 35.204436 ], [ -89.781033, 35.204426 ], [ -89.780576, 35.204428 ], [ -89.779727, 35.204429 ], [ -89.777715, 35.204397 ], [ -89.775894, 35.204412 ], [ -89.775561, 35.204409 ], [ -89.775454, 35.204408 ], [ -89.775164, 35.204403 ], [ -89.774959, 35.204404 ], [ -89.774517, 35.204408 ], [ -89.773793, 35.204414 ], [ -89.773629, 35.204409 ], [ -89.773508, 35.204404 ], [ -89.772494, 35.204403 ], [ -89.772305, 35.204406 ], [ -89.772279, 35.204406 ], [ -89.77209, 35.204409 ], [ -89.771725, 35.204415 ], [ -89.77166, 35.204416 ], [ -89.771634, 35.204417 ], [ -89.771419, 35.204417 ], [ -89.771069, 35.204431 ], [ -89.77095, 35.204431 ], [ -89.77092, 35.204431 ], [ -89.770307, 35.204434 ], [ -89.769868, 35.204425 ], [ -89.76981, 35.204424 ], [ -89.769544, 35.20442 ], [ -89.769519, 35.20442 ], [ -89.769076, 35.204423 ], [ -89.768075, 35.204423 ], [ -89.768002, 35.204423 ], [ -89.766826, 35.204438 ], [ -89.766106, 35.204426 ], [ -89.765506, 35.204415 ], [ -89.76543, 35.204418 ], [ -89.765087, 35.204436 ], [ -89.764179, 35.204481 ], [ -89.764124, 35.204483 ], [ -89.764089, 35.204485 ], [ -89.764008, 35.20449 ], [ -89.763364, 35.204505 ], [ -89.763343, 35.204507 ], [ -89.762517, 35.204502 ], [ -89.762453, 35.204502 ], [ -89.761188, 35.204508 ], [ -89.760612, 35.20451 ], [ -89.760536, 35.20451 ], [ -89.760463, 35.20451 ], [ -89.760082, 35.204509 ], [ -89.759924, 35.204508 ], [ -89.759357, 35.204507 ], [ -89.758939, 35.204507 ], [ -89.758862, 35.204507 ], [ -89.758559, 35.204507 ], [ -89.758231, 35.204505 ], [ -89.757949, 35.204505 ], [ -89.756961, 35.204507 ], [ -89.756121, 35.20451 ], [ -89.755834, 35.204511 ], [ -89.755613, 35.204515 ], [ -89.755564, 35.204516 ], [ -89.755512, 35.204518 ], [ -89.755306, 35.204522 ], [ -89.754956, 35.20453 ], [ -89.754689, 35.204542 ], [ -89.754484, 35.204552 ], [ -89.753952, 35.204578 ], [ -89.752769, 35.204636 ], [ -89.752089, 35.204652 ], [ -89.751826, 35.204664 ], [ -89.75115, 35.204687 ], [ -89.750475, 35.204674 ], [ -89.749837, 35.204662 ], [ -89.749744, 35.204659 ], [ -89.749123, 35.204645 ], [ -89.74879, 35.204637 ], [ -89.748542, 35.204631 ], [ -89.747509, 35.204609 ], [ -89.746984, 35.2046 ], [ -89.746271, 35.204585 ], [ -89.745209, 35.204561 ], [ -89.745016, 35.204557 ], [ -89.744444, 35.204557 ], [ -89.744025, 35.204557 ], [ -89.742923, 35.204611 ], [ -89.742028, 35.204688 ], [ -89.741929, 35.204698 ], [ -89.740972, 35.204792 ], [ -89.740848, 35.204802 ], [ -89.740626, 35.204825 ], [ -89.739589, 35.204926 ], [ -89.739408, 35.204943 ], [ -89.739244, 35.20496 ], [ -89.738765, 35.205005 ], [ -89.738059, 35.205071 ], [ -89.737949, 35.205082 ], [ -89.735669, 35.205312 ], [ -89.734166, 35.205489 ], [ -89.734071, 35.205501 ], [ -89.732781, 35.205665 ], [ -89.732296, 35.205725 ], [ -89.731443, 35.205793 ], [ -89.730691, 35.205836 ], [ -89.730352, 35.205844 ], [ -89.729993, 35.205853 ], [ -89.729522, 35.205848 ], [ -89.729139, 35.205844 ], [ -89.728206, 35.205825 ], [ -89.726782, 35.205797 ], [ -89.726551, 35.205793 ], [ -89.725674, 35.205776 ], [ -89.72554, 35.205773 ], [ -89.724311, 35.205749 ], [ -89.723998, 35.205735 ], [ -89.723579, 35.205686 ], [ -89.72316, 35.205618 ], [ -89.723056, 35.205594 ], [ -89.721597, 35.205267 ], [ -89.721006, 35.205161 ], [ -89.720669, 35.205116 ], [ -89.720592, 35.205106 ], [ -89.720476, 35.20509 ], [ -89.720362, 35.205078 ], [ -89.720286, 35.20507 ], [ -89.720181, 35.205062 ], [ -89.719775, 35.20503 ], [ -89.71931, 35.205016 ], [ -89.719179, 35.205016 ], [ -89.71846, 35.205036 ], [ -89.717795, 35.205056 ], [ -89.717457, 35.205064 ], [ -89.71676, 35.205082 ], [ -89.715912, 35.205106 ], [ -89.715733, 35.20511 ], [ -89.715324, 35.205121 ], [ -89.714466, 35.205143 ], [ -89.714448, 35.205143 ], [ -89.7136, 35.20518 ], [ -89.712982, 35.205224 ], [ -89.712918, 35.20523 ], [ -89.711164, 35.205405 ], [ -89.710425, 35.205478 ], [ -89.709932, 35.205526 ], [ -89.709416, 35.205579 ], [ -89.707821, 35.205707 ], [ -89.70623, 35.205814 ], [ -89.705059, 35.205894 ], [ -89.704996, 35.205898 ], [ -89.704164, 35.205953 ], [ -89.7041, 35.205957 ], [ -89.702445, 35.206066 ], [ -89.701669, 35.206117 ], [ -89.700856, 35.20617 ], [ -89.700838, 35.206171 ], [ -89.700509, 35.206193 ], [ -89.699523, 35.206258 ], [ -89.699195, 35.20628 ], [ -89.699197, 35.206388 ], [ -89.699197, 35.206477 ], [ -89.699189, 35.206846 ], [ -89.699159, 35.207988 ], [ -89.699157, 35.208114 ], [ -89.699106, 35.209336 ], [ -89.699012, 35.211098 ], [ -89.698967, 35.211347 ], [ -89.698874, 35.211768 ], [ -89.698819, 35.212564 ], [ -89.698807, 35.212844 ], [ -89.698798, 35.213096 ], [ -89.698738, 35.214804 ], [ -89.698714, 35.215457 ], [ -89.698692, 35.215554 ], [ -89.698629, 35.21566 ], [ -89.69854, 35.215745 ], [ -89.698432, 35.215829 ], [ -89.698179, 35.216031 ], [ -89.698006, 35.216173 ], [ -89.69793, 35.216266 ], [ -89.697868, 35.216426 ], [ -89.697861, 35.216461 ], [ -89.697788, 35.216875 ], [ -89.697758, 35.217208 ], [ -89.697743, 35.217509 ], [ -89.697726, 35.218344 ], [ -89.697699, 35.218985 ], [ -89.697684, 35.219342 ], [ -89.697633, 35.22012 ], [ -89.697591, 35.220751 ], [ -89.697569, 35.221213 ], [ -89.697526, 35.221816 ], [ -89.697476, 35.222541 ], [ -89.697432, 35.223871 ], [ -89.697432, 35.223913 ], [ -89.6974, 35.226317 ], [ -89.697392, 35.226917 ], [ -89.69737, 35.228617 ], [ -89.697368, 35.228699 ], [ -89.697358, 35.229208 ], [ -89.697351, 35.22963 ], [ -89.697309, 35.230978 ], [ -89.6973, 35.231268 ], [ -89.697327, 35.231469 ], [ -89.697357, 35.231564 ], [ -89.69736, 35.231578 ], [ -89.697369, 35.23162 ], [ -89.697373, 35.231634 ], [ -89.697399, 35.231741 ], [ -89.697419, 35.231926 ], [ -89.697423, 35.232191 ], [ -89.697413, 35.23265 ], [ -89.697407, 35.232948 ], [ -89.697377, 35.234707 ], [ -89.697338, 35.235715 ], [ -89.6973, 35.236716 ], [ -89.697299, 35.236737 ], [ -89.697253, 35.237496 ], [ -89.697229, 35.237913 ], [ -89.697213, 35.238492 ], [ -89.697224, 35.238675 ], [ -89.697293, 35.239777 ], [ -89.697297, 35.239833 ], [ -89.697346, 35.240077 ], [ -89.697427, 35.240324 ], [ -89.697449, 35.240375 ], [ -89.697517, 35.240499 ], [ -89.697626, 35.24066 ], [ -89.697753, 35.2408 ], [ -89.69794, 35.240959 ], [ -89.698222, 35.241172 ], [ -89.700575, 35.242953 ], [ -89.70095, 35.243237 ], [ -89.701147, 35.243387 ], [ -89.701249, 35.243465 ], [ -89.701358, 35.24355 ], [ -89.701544, 35.243691 ], [ -89.701682, 35.243795 ], [ -89.702657, 35.244531 ], [ -89.702982, 35.244775 ], [ -89.703415, 35.245102 ], [ -89.703618, 35.245255 ], [ -89.704716, 35.24608 ], [ -89.70515, 35.246406 ], [ -89.705364, 35.246573 ], [ -89.705689, 35.246879 ], [ -89.705766, 35.246964 ], [ -89.705906, 35.247119 ], [ -89.70604, 35.247318 ], [ -89.706139, 35.247527 ], [ -89.706219, 35.247789 ], [ -89.706253, 35.247954 ], [ -89.706269, 35.248079 ], [ -89.706293, 35.248272 ], [ -89.706304, 35.248486 ], [ -89.706305, 35.24895 ], [ -89.706291, 35.249654 ], [ -89.706286, 35.249964 ], [ -89.706272, 35.251312 ], [ -89.70627, 35.251576 ], [ -89.706269, 35.251676 ], [ -89.706285, 35.252862 ], [ -89.706311, 35.25297 ], [ -89.706366, 35.253043 ], [ -89.706386, 35.253059 ], [ -89.706446, 35.253085 ], [ -89.706565, 35.253105 ], [ -89.708724, 35.253163 ], [ -89.708951, 35.253189 ], [ -89.709054, 35.253225 ], [ -89.709143, 35.253297 ], [ -89.709187, 35.25337 ], [ -89.709218, 35.253507 ], [ -89.709226, 35.254267 ], [ -89.709227, 35.254903 ], [ -89.709235, 35.255876 ], [ -89.709246, 35.256577 ], [ -89.709251, 35.256906 ], [ -89.709264, 35.258018 ], [ -89.70931, 35.261676 ], [ -89.70931, 35.262165 ], [ -89.709311, 35.26231 ], [ -89.709313, 35.263531 ], [ -89.709319, 35.263634 ], [ -89.709331, 35.263833 ], [ -89.709371, 35.263945 ], [ -89.709462, 35.264092 ], [ -89.709513, 35.264067 ], [ -89.709728, 35.263991 ], [ -89.709866, 35.263965 ], [ -89.710084, 35.26395 ], [ -89.710594, 35.263976 ], [ -89.711429, 35.264005 ], [ -89.712952, 35.264094 ], [ -89.71512, 35.264223 ], [ -89.715078, 35.264984 ], [ -89.715042, 35.265707 ], [ -89.714995, 35.266599 ], [ -89.714885, 35.268138 ], [ -89.714895, 35.268249 ], [ -89.714967, 35.268391 ], [ -89.714745, 35.268479 ], [ -89.714082, 35.268738 ], [ -89.713861, 35.268826 ], [ -89.713255, 35.269064 ], [ -89.712023, 35.269545 ], [ -89.711029, 35.269936 ], [ -89.707899, 35.271161 ], [ -89.706832, 35.271578 ], [ -89.706774, 35.271601 ], [ -89.706714, 35.271625 ], [ -89.706509, 35.271704 ], [ -89.704732, 35.272399 ], [ -89.704671, 35.272423 ], [ -89.704689, 35.272456 ], [ -89.704928, 35.272707 ], [ -89.704978, 35.272765 ], [ -89.705035, 35.272817 ], [ -89.705325, 35.273123 ], [ -89.705373, 35.273182 ], [ -89.705664, 35.273492 ], [ -89.70572, 35.273545 ], [ -89.706012, 35.273852 ], [ -89.706061, 35.273911 ], [ -89.706433, 35.274303 ], [ -89.706489, 35.274358 ], [ -89.706861, 35.27475 ], [ -89.70691, 35.274808 ], [ -89.707362, 35.275285 ], [ -89.707419, 35.27534 ], [ -89.707533, 35.275461 ], [ -89.708435, 35.276433 ], [ -89.708681, 35.276704 ], [ -89.708827, 35.276865 ], [ -89.708847, 35.276896 ], [ -89.708918, 35.276972 ], [ -89.708981, 35.27704 ], [ -89.709053, 35.277127 ], [ -89.709097, 35.277227 ], [ -89.709209, 35.277572 ], [ -89.709282, 35.27776 ], [ -89.709316, 35.277861 ], [ -89.709319, 35.277869 ], [ -89.709356, 35.277978 ], [ -89.709429, 35.277966 ], [ -89.70999, 35.277876 ], [ -89.711133, 35.277665 ], [ -89.714268, 35.277085 ], [ -89.716456, 35.276671 ], [ -89.716654, 35.276633 ], [ -89.717186, 35.276533 ], [ -89.718231, 35.276342 ], [ -89.719457, 35.276111 ], [ -89.721704, 35.27569 ], [ -89.722945, 35.275458 ], [ -89.728429, 35.274437 ], [ -89.729743, 35.274193 ], [ -89.73709, 35.272813 ], [ -89.73838, 35.272571 ], [ -89.741809, 35.271952 ], [ -89.74181, 35.2724 ], [ -89.741884, 35.272531 ], [ -89.741904, 35.272625 ], [ -89.741917, 35.272844 ], [ -89.741984, 35.272906 ], [ -89.742152, 35.272917 ], [ -89.7424, 35.272866 ], [ -89.742694, 35.27274 ], [ -89.742868, 35.272718 ], [ -89.743123, 35.272745 ], [ -89.743297, 35.272756 ], [ -89.743545, 35.272893 ], [ -89.743612, 35.272904 ], [ -89.743652, 35.272768 ], [ -89.743545, 35.272454 ], [ -89.743565, 35.272377 ], [ -89.743698, 35.272333 ], [ -89.743799, 35.272355 ], [ -89.743926, 35.272486 ], [ -89.744134, 35.272641 ], [ -89.744737, 35.273201 ], [ -89.744894, 35.273369 ], [ -89.744985, 35.273465 ], [ -89.744999, 35.273579 ], [ -89.744872, 35.273744 ], [ -89.744671, 35.273888 ], [ -89.744289, 35.274119 ], [ -89.743787, 35.274476 ], [ -89.743713, 35.274601 ], [ -89.743754, 35.274679 ], [ -89.743868, 35.274738 ], [ -89.744075, 35.274766 ], [ -89.744263, 35.274705 ], [ -89.744497, 35.274679 ], [ -89.744557, 35.274694 ], [ -89.744591, 35.2748 ], [ -89.744524, 35.274859 ], [ -89.744042, 35.274921 ], [ -89.743499, 35.274953 ], [ -89.743252, 35.275014 ], [ -89.743151, 35.275123 ], [ -89.743171, 35.275178 ], [ -89.743265, 35.275222 ], [ -89.743848, 35.275282 ], [ -89.743935, 35.275326 ], [ -89.743969, 35.275408 ], [ -89.743942, 35.275485 ], [ -89.743674, 35.275695 ], [ -89.743621, 35.275799 ], [ -89.743634, 35.275882 ], [ -89.743708, 35.275937 ], [ -89.743835, 35.275964 ], [ -89.744371, 35.275931 ], [ -89.745349, 35.275957 ], [ -89.745764, 35.27599 ], [ -89.746012, 35.276079 ], [ -89.746159, 35.276242 ], [ -89.746334, 35.277012 ], [ -89.746623, 35.278428 ], [ -89.746724, 35.278796 ], [ -89.746885, 35.279022 ], [ -89.746938, 35.279094 ], [ -89.747133, 35.279104 ], [ -89.747361, 35.279136 ], [ -89.747448, 35.279176 ], [ -89.747588, 35.279367 ], [ -89.747689, 35.279433 ], [ -89.748131, 35.279405 ], [ -89.750096, 35.279256 ], [ -89.750148, 35.279255 ], [ -89.75094, 35.27925 ], [ -89.751047, 35.279278 ], [ -89.752292, 35.280124 ], [ -89.752875, 35.280426 ], [ -89.753913, 35.281119 ], [ -89.753966, 35.28114 ], [ -89.754134, 35.281228 ], [ -89.7541, 35.281613 ], [ -89.75409, 35.281662 ], [ -89.754133, 35.281655 ] ] ] } },
{ "type": "Feature", "properties": { "ShelbyCoun": "12" }, "geometry": { "type": "Polygon", "coordinates": [ [ [ -89.847697, 35.067038 ], [ -89.8483, 35.067256 ], [ -89.848417, 35.067305 ], [ -89.848497, 35.067333 ], [ -89.84854, 35.067341 ], [ -89.848663, 35.067378 ], [ -89.84876, 35.067424 ], [ -89.848964, 35.067493 ], [ -89.849043, 35.067524 ], [ -89.849304, 35.067654 ], [ -89.849382, 35.067684 ], [ -89.849506, 35.067721 ], [ -89.849883, 35.067817 ], [ -89.849963, 35.067847 ], [ -89.850092, 35.067915 ], [ -89.850373, 35.068017 ], [ -89.851251, 35.068351 ], [ -89.851492, 35.068439 ], [ -89.851734, 35.068521 ], [ -89.85181, 35.068555 ], [ -89.852255, 35.068709 ], [ -89.852415, 35.068771 ], [ -89.852524, 35.068807 ], [ -89.852684, 35.068863 ], [ -89.852797, 35.068917 ], [ -89.853069, 35.069038 ], [ -89.853292, 35.06915 ], [ -89.85336, 35.069192 ], [ -89.853512, 35.069264 ], [ -89.853582, 35.069305 ], [ -89.853808, 35.069413 ], [ -89.853859, 35.069435 ], [ -89.854005, 35.069494 ], [ -89.854118, 35.069548 ], [ -89.854153, 35.06957 ], [ -89.854434, 35.069674 ], [ -89.854548, 35.069725 ], [ -89.854582, 35.069747 ], [ -89.854859, 35.069857 ], [ -89.85497, 35.069913 ], [ -89.855048, 35.069944 ], [ -89.855121, 35.069983 ], [ -89.855284, 35.070034 ], [ -89.855695, 35.070149 ], [ -89.855895, 35.07022 ], [ -89.856004, 35.07027 ], [ -89.856074, 35.070312 ], [ -89.856354, 35.070546 ], [ -89.856443, 35.070619 ], [ -89.856535, 35.070697 ], [ -89.856615, 35.070782 ], [ -89.856647, 35.070805 ], [ -89.856718, 35.070847 ], [ -89.856806, 35.070913 ], [ -89.856861, 35.070827 ], [ -89.856922, 35.07073 ], [ -89.857273, 35.070184 ], [ -89.85739, 35.070003 ], [ -89.857163, 35.069915 ], [ -89.856485, 35.069648 ], [ -89.856259, 35.069561 ], [ -89.855787, 35.069374 ], [ -89.855214, 35.069148 ], [ -89.854373, 35.068816 ], [ -89.854002, 35.06867 ], [ -89.853955, 35.068652 ], [ -89.853902, 35.068631 ], [ -89.853959, 35.068531 ], [ -89.854107, 35.068278 ], [ -89.85412, 35.068227 ], [ -89.85415, 35.068117 ], [ -89.853954, 35.068059 ], [ -89.853833, 35.068005 ], [ -89.853771, 35.067941 ], [ -89.853753, 35.06789 ], [ -89.853746, 35.067867 ], [ -89.853758, 35.067277 ], [ -89.853779, 35.066857 ], [ -89.853837, 35.066765 ], [ -89.853869, 35.066741 ], [ -89.853897, 35.066727 ], [ -89.853994, 35.066705 ], [ -89.854116, 35.066703 ], [ -89.854271, 35.066702 ], [ -89.854374, 35.066679 ], [ -89.854578, 35.0666 ], [ -89.854551, 35.066538 ], [ -89.854539, 35.066463 ], [ -89.854531, 35.066415 ], [ -89.85455, 35.066038 ], [ -89.854558, 35.065897 ], [ -89.8547, 35.065898 ], [ -89.854804, 35.065909 ], [ -89.854849, 35.065914 ], [ -89.85501, 35.065959 ], [ -89.855135, 35.065985 ], [ -89.855535, 35.066001 ], [ -89.855782, 35.066013 ], [ -89.855822, 35.066015 ], [ -89.855987, 35.066021 ], [ -89.856469, 35.066041 ], [ -89.856604, 35.066041 ], [ -89.85681, 35.06604 ], [ -89.856798, 35.066333 ], [ -89.856766, 35.067214 ], [ -89.856755, 35.067507 ], [ -89.856965, 35.067512 ], [ -89.857596, 35.067527 ], [ -89.857807, 35.067533 ], [ -89.857817, 35.067218 ], [ -89.857848, 35.066276 ], [ -89.857859, 35.065976 ], [ -89.857864, 35.065962 ], [ -89.857882, 35.065945 ], [ -89.857964, 35.065937 ], [ -89.858229, 35.06594 ], [ -89.858731, 35.065948 ], [ -89.85914, 35.065962 ], [ -89.859349, 35.065962 ], [ -89.859723, 35.065967 ], [ -89.859981, 35.065968 ], [ -89.860124, 35.065971 ], [ -89.860269, 35.065951 ], [ -89.860716, 35.065756 ], [ -89.860954, 35.065654 ], [ -89.86112, 35.065577 ], [ -89.861622, 35.065346 ], [ -89.861789, 35.06527 ], [ -89.861959, 35.065193 ], [ -89.862429, 35.064985 ], [ -89.862473, 35.064971 ], [ -89.862596, 35.06493 ], [ -89.862646, 35.064901 ], [ -89.862681, 35.064855 ], [ -89.86269, 35.064814 ], [ -89.862632, 35.064586 ], [ -89.862622, 35.064543 ], [ -89.86263, 35.064023 ], [ -89.862646, 35.063589 ], [ -89.862659, 35.063256 ], [ -89.862672, 35.062924 ], [ -89.862714, 35.06193 ], [ -89.862724, 35.06171 ], [ -89.862734, 35.061598 ], [ -89.862847, 35.0616 ], [ -89.863186, 35.061607 ], [ -89.863299, 35.061611 ], [ -89.863297, 35.061692 ], [ -89.863295, 35.06194 ], [ -89.863295, 35.062022 ], [ -89.863295, 35.062397 ], [ -89.863296, 35.06241 ], [ -89.863312, 35.062796 ], [ -89.86404, 35.062811 ], [ -89.864416, 35.062819 ], [ -89.864505, 35.062821 ], [ -89.864608, 35.062824 ], [ -89.865185, 35.062844 ], [ -89.865378, 35.062852 ], [ -89.865472, 35.062853 ], [ -89.865495, 35.062855 ], [ -89.865757, 35.062857 ], [ -89.865853, 35.06286 ], [ -89.865855, 35.062733 ], [ -89.865863, 35.062351 ], [ -89.865867, 35.062225 ], [ -89.865871, 35.062113 ], [ -89.865884, 35.061781 ], [ -89.865889, 35.06167 ], [ -89.865895, 35.061484 ], [ -89.865915, 35.060928 ], [ -89.865922, 35.060744 ], [ -89.866076, 35.06075 ], [ -89.866102, 35.06075 ], [ -89.86648, 35.060761 ], [ -89.86654, 35.060761 ], [ -89.866695, 35.060766 ], [ -89.866765, 35.059542 ], [ -89.866849, 35.059545 ], [ -89.867088, 35.059543 ], [ -89.867096, 35.059477 ], [ -89.86711, 35.059449 ], [ -89.867132, 35.059432 ], [ -89.867088, 35.059364 ], [ -89.867095, 35.058484 ], [ -89.867103, 35.058249 ], [ -89.867095, 35.057676 ], [ -89.867072, 35.057624 ], [ -89.866869, 35.057151 ], [ -89.866882, 35.056889 ], [ -89.866703, 35.056885 ], [ -89.866424, 35.056877 ], [ -89.866183, 35.05687 ], [ -89.866168, 35.056869 ], [ -89.86599, 35.056863 ], [ -89.865986, 35.056689 ], [ -89.86598, 35.056409 ], [ -89.865976, 35.056168 ], [ -89.865973, 35.055994 ], [ -89.865953, 35.055906 ], [ -89.865908, 35.055698 ], [ -89.865716, 35.054806 ], [ -89.865652, 35.05451 ], [ -89.865631, 35.054468 ], [ -89.865635, 35.054455 ], [ -89.865557, 35.054327 ], [ -89.865282, 35.053621 ], [ -89.865245, 35.053526 ], [ -89.865018, 35.052864 ], [ -89.864335, 35.050878 ], [ -89.864161, 35.05037 ], [ -89.864094, 35.050121 ], [ -89.864082, 35.050057 ], [ -89.864064, 35.049952 ], [ -89.863391, 35.049929 ], [ -89.863221, 35.049923 ], [ -89.862165, 35.049904 ], [ -89.862045, 35.049836 ], [ -89.861424, 35.049816 ], [ -89.861391, 35.049814 ], [ -89.860859, 35.049797 ], [ -89.860719, 35.049793 ], [ -89.860063, 35.049777 ], [ -89.858793, 35.049746 ], [ -89.858098, 35.049729 ], [ -89.857718, 35.049719 ], [ -89.857602, 35.049788 ], [ -89.857462, 35.049788 ], [ -89.857361, 35.049783 ], [ -89.857176, 35.049774 ], [ -89.857059, 35.049769 ], [ -89.856959, 35.049766 ], [ -89.856229, 35.049743 ], [ -89.854782, 35.049701 ], [ -89.854039, 35.049684 ], [ -89.85331, 35.049669 ], [ -89.85311, 35.049664 ], [ -89.852511, 35.04965 ], [ -89.852312, 35.049647 ], [ -89.852033, 35.049642 ], [ -89.851197, 35.049633 ], [ -89.850919, 35.04963 ], [ -89.850693, 35.049627 ], [ -89.8504, 35.049625 ], [ -89.848846, 35.049613 ], [ -89.848328, 35.049608 ], [ -89.847423, 35.049588 ], [ -89.845917, 35.049554 ], [ -89.84471, 35.049532 ], [ -89.843912, 35.049519 ], [ -89.843806, 35.049518 ], [ -89.843685, 35.049515 ], [ -89.843433, 35.049509 ], [ -89.84279, 35.049493 ], [ -89.842148, 35.049481 ], [ -89.840855, 35.049453 ], [ -89.839862, 35.049431 ], [ -89.839742, 35.049428 ], [ -89.838727, 35.049399 ], [ -89.838724, 35.049399 ], [ -89.838411, 35.049391 ], [ -89.837463, 35.049363 ], [ -89.837148, 35.049354 ], [ -89.83637, 35.049333 ], [ -89.834494, 35.049281 ], [ -89.834036, 35.049267 ], [ -89.833259, 35.049246 ], [ -89.833095, 35.049242 ], [ -89.832605, 35.049232 ], [ -89.832442, 35.049229 ], [ -89.832263, 35.049225 ], [ -89.831937, 35.049219 ], [ -89.830425, 35.049194 ], [ -89.830098, 35.049188 ], [ -89.830017, 35.049186 ], [ -89.829921, 35.049184 ], [ -89.82994, 35.049062 ], [ -89.829983, 35.048787 ], [ -89.830171, 35.047599 ], [ -89.830234, 35.047204 ], [ -89.830282, 35.046898 ], [ -89.830427, 35.045983 ], [ -89.830467, 35.04573 ], [ -89.830474, 35.045677 ], [ -89.830613, 35.044792 ], [ -89.830704, 35.044225 ], [ -89.831031, 35.04214 ], [ -89.831147, 35.041405 ], [ -89.831165, 35.041255 ], [ -89.831214, 35.040707 ], [ -89.831217, 35.040675 ], [ -89.83124, 35.04042 ], [ -89.831255, 35.039865 ], [ -89.831256, 35.039061 ], [ -89.831257, 35.038513 ], [ -89.831257, 35.038303 ], [ -89.831257, 35.037669 ], [ -89.831257, 35.037458 ], [ -89.831257, 35.036963 ], [ -89.831258, 35.036088 ], [ -89.831258, 35.035477 ], [ -89.831258, 35.034982 ], [ -89.831258, 35.034851 ], [ -89.831258, 35.034458 ], [ -89.831258, 35.034329 ], [ -89.831257, 35.033989 ], [ -89.831256, 35.03297 ], [ -89.831256, 35.03263 ], [ -89.831255, 35.032465 ], [ -89.831254, 35.032249 ], [ -89.831253, 35.031968 ], [ -89.831253, 35.031803 ], [ -89.831253, 35.031636 ], [ -89.831253, 35.031416 ], [ -89.831253, 35.031132 ], [ -89.831253, 35.030966 ], [ -89.831249, 35.030635 ], [ -89.831247, 35.030425 ], [ -89.831239, 35.029646 ], [ -89.831237, 35.029318 ], [ -89.831236, 35.02899 ], [ -89.831236, 35.028909 ], [ -89.83123, 35.028011 ], [ -89.831229, 35.027685 ], [ -89.831225, 35.027186 ], [ -89.831225, 35.027173 ], [ -89.831213, 35.025687 ], [ -89.831209, 35.025188 ], [ -89.831208, 35.025019 ], [ -89.831208, 35.024966 ], [ -89.831208, 35.024893 ], [ -89.831205, 35.024641 ], [ -89.831203, 35.024516 ], [ -89.831201, 35.024348 ], [ -89.831199, 35.024239 ], [ -89.831195, 35.023916 ], [ -89.831194, 35.023802 ], [ -89.831193, 35.023606 ], [ -89.831192, 35.023472 ], [ -89.831189, 35.02312 ], [ -89.831183, 35.022375 ], [ -89.831183, 35.022278 ], [ -89.831172, 35.021076 ], [ -89.831168, 35.020537 ], [ -89.831168, 35.020395 ], [ -89.83125, 35.020396 ], [ -89.831332, 35.020396 ], [ -89.831444, 35.020395 ], [ -89.832273, 35.020391 ], [ -89.83255, 35.02039 ], [ -89.832567, 35.02039 ], [ -89.83265, 35.02039 ], [ -89.832951, 35.02039 ], [ -89.833052, 35.020391 ], [ -89.833336, 35.020391 ], [ -89.834188, 35.020391 ], [ -89.834473, 35.020391 ], [ -89.834621, 35.020391 ], [ -89.834746, 35.02039 ], [ -89.835564, 35.020388 ], [ -89.835838, 35.020388 ], [ -89.836646, 35.020388 ], [ -89.838769, 35.02039 ], [ -89.839073, 35.02039 ], [ -89.839883, 35.020389 ], [ -89.840399, 35.020389 ], [ -89.840887, 35.020389 ], [ -89.841785, 35.020389 ], [ -89.84195, 35.020389 ], [ -89.842467, 35.020389 ], [ -89.842669, 35.020388 ], [ -89.84278, 35.020388 ], [ -89.8429, 35.020388 ], [ -89.843722, 35.020388 ], [ -89.844037, 35.020388 ], [ -89.844184, 35.020388 ], [ -89.844625, 35.020388 ], [ -89.844773, 35.020389 ], [ -89.844911, 35.020389 ], [ -89.845327, 35.02039 ], [ -89.845466, 35.020391 ], [ -89.84611, 35.020398 ], [ -89.846991, 35.020406 ], [ -89.848042, 35.020405 ], [ -89.848687, 35.020405 ], [ -89.84944, 35.020401 ], [ -89.851699, 35.020394 ], [ -89.852453, 35.02039 ], [ -89.85267, 35.020388 ], [ -89.852851, 35.020388 ], [ -89.853321, 35.020385 ], [ -89.853539, 35.020385 ], [ -89.854759, 35.020378 ], [ -89.855128, 35.020376 ], [ -89.857335, 35.020364 ], [ -89.858422, 35.020362 ], [ -89.859236, 35.020361 ], [ -89.859644, 35.020361 ], [ -89.860968, 35.020361 ], [ -89.863493, 35.020362 ], [ -89.86494, 35.020354 ], [ -89.865075, 35.020354 ], [ -89.865929, 35.020361 ], [ -89.866023, 35.020292 ], [ -89.866242, 35.020291 ], [ -89.866359, 35.020291 ], [ -89.867998, 35.020302 ], [ -89.868541, 35.020307 ], [ -89.869944, 35.020317 ], [ -89.871286, 35.020326 ], [ -89.873, 35.020341 ], [ -89.873266, 35.020342 ], [ -89.875023, 35.020354 ], [ -89.87604, 35.020356 ], [ -89.877448, 35.020359 ], [ -89.87847, 35.02036 ], [ -89.879092, 35.020359 ], [ -89.879981, 35.020357 ], [ -89.880049, 35.020359 ], [ -89.88011, 35.02036 ], [ -89.880136, 35.02036 ], [ -89.88018, 35.020361 ], [ -89.880478, 35.020361 ], [ -89.881583, 35.020365 ], [ -89.881876, 35.020367 ], [ -89.881952, 35.020368 ], [ -89.881996, 35.020368 ], [ -89.882029, 35.020368 ], [ -89.882129, 35.020368 ], [ -89.882174, 35.02037 ], [ -89.88201, 35.01974 ], [ -89.881559, 35.018013 ], [ -89.881412, 35.017447 ], [ -89.880429, 35.013676 ], [ -89.877711, 35.012901 ], [ -89.87609, 35.012439 ], [ -89.876013, 35.012417 ], [ -89.875936, 35.012395 ], [ -89.875859, 35.012372 ], [ -89.875781, 35.012351 ], [ -89.875369, 35.012232 ], [ -89.874809, 35.011319 ], [ -89.874766, 35.011249 ], [ -89.874721, 35.011176 ], [ -89.874587, 35.010957 ], [ -89.872358, 35.00732 ], [ -89.872244, 35.007134 ], [ -89.871506, 35.00593 ], [ -89.871116, 35.005876 ], [ -89.8708, 35.005854 ], [ -89.870285, 35.00585 ], [ -89.870069, 35.005848 ], [ -89.869665, 35.005845 ], [ -89.868396, 35.005838 ], [ -89.867268, 35.005827 ], [ -89.86622, 35.005818 ], [ -89.865857, 35.00582 ], [ -89.86477, 35.005821 ], [ -89.864408, 35.005823 ], [ -89.863264, 35.005823 ], [ -89.863062, 35.005823 ], [ -89.859686, 35.005818 ], [ -89.85948, 35.005819 ], [ -89.859026, 35.005817 ], [ -89.858846, 35.005817 ], [ -89.857681, 35.005806 ], [ -89.857665, 35.005193 ], [ -89.85766, 35.004985 ], [ -89.857636, 35.004413 ], [ -89.857529, 35.003445 ], [ -89.857524, 35.003356 ], [ -89.857494, 35.002744 ], [ -89.857524, 35.002742 ], [ -89.857613, 35.002742 ], [ -89.857644, 35.002742 ], [ -89.858149, 35.002741 ], [ -89.859611, 35.002736 ], [ -89.859872, 35.002731 ], [ -89.859909, 35.002731 ], [ -89.860032, 35.0027 ], [ -89.860135, 35.002637 ], [ -89.860182, 35.002596 ], [ -89.860247, 35.002508 ], [ -89.860269, 35.002451 ], [ -89.860284, 35.002343 ], [ -89.860279, 35.000775 ], [ -89.86028, 35.00029 ], [ -89.860301, 35.000127 ], [ -89.86034, 34.999945 ], [ -89.861033, 34.997277 ], [ -89.861186, 34.996683 ], [ -89.861256, 34.996407 ], [ -89.861756, 34.99447 ], [ -89.861767, 34.994426 ], [ -89.861782, 34.994364 ], [ -89.861805, 34.994249 ], [ -89.85912, 34.994234 ], [ -89.855615, 34.994217 ], [ -89.85139, 34.994194 ], [ -89.851068, 34.994217 ], [ -89.848657, 34.994396 ], [ -89.848421, 34.994413 ], [ -89.848391, 34.994415 ], [ -89.848275, 34.994414 ], [ -89.847235, 34.994403 ], [ -89.847004, 34.994402 ], [ -89.846835, 34.994398 ], [ -89.846087, 34.994414 ], [ -89.846033, 34.994414 ], [ -89.845874, 34.994411 ], [ -89.845527, 34.994411 ], [ -89.844982, 34.994412 ], [ -89.844441, 34.994417 ], [ -89.843767, 34.994423 ], [ -89.843612, 34.994425 ], [ -89.842734, 34.994422 ], [ -89.842612, 34.994422 ], [ -89.842186, 34.994422 ], [ -89.842124, 34.994422 ], [ -89.840674, 34.994434 ], [ -89.840661, 34.994434 ], [ -89.840473, 34.994444 ], [ -89.840338, 34.99445 ], [ -89.840174, 34.994459 ], [ -89.840117, 34.994459 ], [ -89.839948, 34.994465 ], [ -89.839892, 34.994467 ], [ -89.839773, 34.994472 ], [ -89.83947, 34.994472 ], [ -89.838205, 34.994474 ], [ -89.838085, 34.994476 ], [ -89.837848, 34.99449 ], [ -89.837786, 34.994506 ], [ -89.837767, 34.994485 ], [ -89.837743, 34.994472 ], [ -89.837691, 34.994444 ], [ -89.837587, 34.994431 ], [ -89.837533, 34.994419 ], [ -89.836659, 34.994433 ], [ -89.836244, 34.994444 ], [ -89.836165, 34.994444 ], [ -89.835265, 34.994445 ], [ -89.834695, 34.994457 ], [ -89.834243, 34.994461 ], [ -89.833201, 34.99447 ], [ -89.832554, 34.994498 ], [ -89.832063, 34.994506 ], [ -89.831747, 34.994512 ], [ -89.830813, 34.994513 ], [ -89.830696, 34.994504 ], [ -89.830596, 34.994504 ], [ -89.830297, 34.994501 ], [ -89.83021, 34.994501 ], [ -89.830198, 34.9945 ], [ -89.829659, 34.994495 ], [ -89.828732, 34.994499 ], [ -89.827393, 34.994506 ], [ -89.826788, 34.994508 ], [ -89.826213, 34.99451 ], [ -89.825062, 34.994509 ], [ -89.824334, 34.994508 ], [ -89.823538, 34.994508 ], [ -89.823497, 34.994508 ], [ -89.823221, 34.994509 ], [ -89.822869, 34.994509 ], [ -89.822603, 34.994509 ], [ -89.821807, 34.994509 ], [ -89.821542, 34.99451 ], [ -89.821379, 34.99451 ], [ -89.820945, 34.994512 ], [ -89.819642, 34.994515 ], [ -89.819209, 34.994518 ], [ -89.818977, 34.994518 ], [ -89.818284, 34.994521 ], [ -89.818053, 34.994523 ], [ -89.818026, 34.994523 ], [ -89.817947, 34.994523 ], [ -89.817921, 34.994523 ], [ -89.817634, 34.994523 ], [ -89.816772, 34.994527 ], [ -89.816486, 34.994527 ], [ -89.816425, 34.994527 ], [ -89.816243, 34.994527 ], [ -89.816183, 34.994529 ], [ -89.816159, 34.994529 ], [ -89.816097, 34.994529 ], [ -89.815841, 34.994535 ], [ -89.815756, 34.994536 ], [ -89.815726, 34.994536 ], [ -89.815664, 34.994537 ], [ -89.815637, 34.994538 ], [ -89.815608, 34.994539 ], [ -89.815512, 34.994539 ], [ -89.815444, 34.994538 ], [ -89.815114, 34.994535 ], [ -89.814647, 34.994532 ], [ -89.81461, 34.994532 ], [ -89.813632, 34.994523 ], [ -89.813139, 34.994521 ], [ -89.813059, 34.994519 ], [ -89.812103, 34.994526 ], [ -89.810164, 34.994538 ], [ -89.808996, 34.994543 ], [ -89.808624, 34.994543 ], [ -89.808213, 34.994546 ], [ -89.807961, 34.994547 ], [ -89.807359, 34.99455 ], [ -89.805441, 34.994557 ], [ -89.805027, 34.994557 ], [ -89.804216, 34.99456 ], [ -89.803626, 34.99456 ], [ -89.802843, 34.994561 ], [ -89.802252, 34.994564 ], [ -89.802076, 34.99456 ], [ -89.801377, 34.994564 ], [ -89.800181, 34.994569 ], [ -89.799428, 34.994573 ], [ -89.797882, 34.99458 ], [ -89.797091, 34.994584 ], [ -89.795657, 34.994583 ], [ -89.795363, 34.994571 ], [ -89.795043, 34.994577 ], [ -89.792383, 34.994549 ], [ -89.792198, 34.994549 ], [ -89.790311, 34.994557 ], [ -89.789019, 34.994564 ], [ -89.788357, 34.994529 ], [ -89.78773, 34.994459 ], [ -89.787615, 34.994445 ], [ -89.787558, 34.994437 ], [ -89.78736, 34.994409 ], [ -89.787246, 34.994394 ], [ -89.787174, 34.994384 ], [ -89.786423, 34.994346 ], [ -89.784763, 34.994321 ], [ -89.784618, 34.994322 ], [ -89.784378, 34.994416 ], [ -89.783145, 34.99447 ], [ -89.783066, 34.994474 ], [ -89.777386, 34.994549 ], [ -89.768419, 34.994673 ], [ -89.759866, 34.99479 ], [ -89.759868, 34.994673 ], [ -89.759658, 34.994678 ], [ -89.759618, 34.994675 ], [ -89.75956, 34.994676 ], [ -89.759521, 34.994676 ], [ -89.759394, 34.994678 ], [ -89.759088, 34.994681 ], [ -89.757951, 34.99469 ], [ -89.752951, 34.994737 ], [ -89.752503, 34.994741 ], [ -89.752042, 34.994749 ], [ -89.751906, 34.994749 ], [ -89.751793, 34.994748 ], [ -89.751608, 34.994749 ], [ -89.751285, 34.994752 ], [ -89.751082, 34.994754 ], [ -89.750476, 34.99476 ], [ -89.750274, 34.994763 ], [ -89.748609, 34.994777 ], [ -89.745192, 34.994809 ], [ -89.743617, 34.994823 ], [ -89.741954, 34.994839 ], [ -89.738846, 34.994831 ], [ -89.736717, 34.994826 ], [ -89.736588, 34.994826 ], [ -89.73646, 34.994826 ], [ -89.732068, 34.994815 ], [ -89.729525, 34.994809 ], [ -89.726619, 34.994802 ], [ -89.726419, 34.994802 ], [ -89.726001, 34.9948 ], [ -89.724747, 34.994797 ], [ -89.72433, 34.994796 ], [ -89.723145, 34.994898 ], [ -89.720449, 34.995131 ], [ -89.71959, 34.995204 ], [ -89.718491, 34.9953 ], [ -89.718405, 34.9953 ], [ -89.709503, 34.995298 ], [ -89.706612, 34.995298 ], [ -89.706615, 34.996308 ], [ -89.706605, 34.996587 ], [ -89.7066, 34.997477 ], [ -89.706597, 34.998151 ], [ -89.706605, 34.999269 ], [ -89.706623, 35.000006 ], [ -89.70662, 35.000875 ], [ -89.706587, 35.001627 ], [ -89.706589, 35.003812 ], [ -89.706595, 35.00401 ], [ -89.706626, 35.004915 ], [ -89.706612, 35.005874 ], [ -89.706633, 35.006189 ], [ -89.706691, 35.008824 ], [ -89.706692, 35.008867 ], [ -89.706697, 35.009159 ], [ -89.7067, 35.009707 ], [ -89.706723, 35.011042 ], [ -89.706736, 35.011826 ], [ -89.706743, 35.012868 ], [ -89.706747, 35.013402 ], [ -89.706746, 35.013805 ], [ -89.706744, 35.015413 ], [ -89.70675, 35.016735 ], [ -89.706751, 35.016748 ], [ -89.706745, 35.017266 ], [ -89.706741, 35.017719 ], [ -89.706741, 35.01821 ], [ -89.706739, 35.018535 ], [ -89.706739, 35.018713 ], [ -89.706738, 35.018806 ], [ -89.706738, 35.019348 ], [ -89.706738, 35.019374 ], [ -89.710366, 35.019448 ], [ -89.710365, 35.019363 ], [ -89.710357, 35.018828 ], [ -89.710476, 35.018828 ], [ -89.710455, 35.017931 ], [ -89.710404, 35.014088 ], [ -89.710388, 35.012876 ], [ -89.712914, 35.012881 ], [ -89.713276, 35.012883 ], [ -89.713499, 35.012883 ], [ -89.715468, 35.012887 ], [ -89.715478, 35.016984 ], [ -89.717956, 35.016988 ], [ -89.723063, 35.017002 ], [ -89.723202, 35.017002 ], [ -89.723306, 35.017004 ], [ -89.723265, 35.017336 ], [ -89.723166, 35.019889 ], [ -89.723554, 35.020471 ], [ -89.723662, 35.020555 ], [ -89.724238, 35.02073 ], [ -89.724486, 35.020737 ], [ -89.72509, 35.020722 ], [ -89.7255, 35.020721 ], [ -89.725823, 35.020722 ], [ -89.727855, 35.020705 ], [ -89.728359, 35.020696 ], [ -89.728457, 35.020694 ], [ -89.728752, 35.020689 ], [ -89.728807, 35.020689 ], [ -89.728851, 35.020689 ], [ -89.729034, 35.020688 ], [ -89.729584, 35.020685 ], [ -89.729768, 35.020683 ], [ -89.730423, 35.020679 ], [ -89.730469, 35.020678 ], [ -89.732388, 35.020719 ], [ -89.733043, 35.020734 ], [ -89.733072, 35.021276 ], [ -89.733161, 35.022901 ], [ -89.733171, 35.023071 ], [ -89.733202, 35.023443 ], [ -89.733202, 35.023516 ], [ -89.733202, 35.023737 ], [ -89.733202, 35.023812 ], [ -89.733205, 35.024003 ], [ -89.733205, 35.024052 ], [ -89.733207, 35.024183 ], [ -89.73321, 35.024356 ], [ -89.733214, 35.024631 ], [ -89.733214, 35.024651 ], [ -89.733214, 35.024775 ], [ -89.733214, 35.025018 ], [ -89.73318, 35.028954 ], [ -89.733174, 35.029695 ], [ -89.733191, 35.034965 ], [ -89.733482, 35.034966 ], [ -89.735552, 35.034999 ], [ -89.735552, 35.038436 ], [ -89.735553, 35.040259 ], [ -89.733438, 35.040245 ], [ -89.733455, 35.041034 ], [ -89.733505, 35.043351 ], [ -89.733506, 35.043405 ], [ -89.733526, 35.044194 ], [ -89.73352, 35.044784 ], [ -89.733505, 35.046552 ], [ -89.733502, 35.047013 ], [ -89.733501, 35.047142 ], [ -89.733311, 35.047138 ], [ -89.732741, 35.047129 ], [ -89.732715, 35.047129 ], [ -89.732552, 35.047134 ], [ -89.732554, 35.04732 ], [ -89.732557, 35.047531 ], [ -89.732548, 35.047891 ], [ -89.732535, 35.048426 ], [ -89.732503, 35.049773 ], [ -89.732491, 35.050165 ], [ -89.73247, 35.050922 ], [ -89.732466, 35.051023 ], [ -89.732466, 35.051043 ], [ -89.73246, 35.05133 ], [ -89.732459, 35.051433 ], [ -89.732461, 35.051472 ], [ -89.732467, 35.051593 ], [ -89.732468, 35.051613 ], [ -89.732603, 35.051648 ], [ -89.732653, 35.051666 ], [ -89.732961, 35.051776 ], [ -89.733048, 35.051806 ], [ -89.733105, 35.051826 ], [ -89.733208, 35.05186 ], [ -89.733393, 35.051919 ], [ -89.73371, 35.052046 ], [ -89.734296, 35.052271 ], [ -89.734332, 35.052287 ], [ -89.734695, 35.052442 ], [ -89.735084, 35.052625 ], [ -89.735447, 35.052808 ], [ -89.736101, 35.053179 ], [ -89.73666, 35.053534 ], [ -89.736835, 35.05366 ], [ -89.737225, 35.053945 ], [ -89.737605, 35.054246 ], [ -89.737698, 35.054325 ], [ -89.737879, 35.054481 ], [ -89.73792, 35.054516 ], [ -89.737957, 35.05455 ], [ -89.738031, 35.054615 ], [ -89.738047, 35.05463 ], [ -89.738199, 35.054765 ], [ -89.738702, 35.055215 ], [ -89.73887, 35.055366 ], [ -89.738914, 35.055403 ], [ -89.738955, 35.055439 ], [ -89.739012, 35.055487 ], [ -89.74015, 35.056441 ], [ -89.740753, 35.056961 ], [ -89.741077, 35.05724 ], [ -89.74123, 35.057372 ], [ -89.741337, 35.057465 ], [ -89.743789, 35.059591 ], [ -89.743926, 35.059714 ], [ -89.744679, 35.060359 ], [ -89.745236, 35.060443 ], [ -89.745467, 35.060514 ], [ -89.745626, 35.06058 ], [ -89.745683, 35.060622 ], [ -89.745715, 35.060668 ], [ -89.745735, 35.060724 ], [ -89.745822, 35.060729 ], [ -89.745926, 35.060766 ], [ -89.746712, 35.061111 ], [ -89.746799, 35.06115 ], [ -89.747385, 35.061374 ], [ -89.747984, 35.061594 ], [ -89.748426, 35.061749 ], [ -89.7488, 35.061847 ], [ -89.748896, 35.06187 ], [ -89.749593, 35.062013 ], [ -89.749736, 35.06203 ], [ -89.750006, 35.062065 ], [ -89.750128, 35.06207 ], [ -89.750713, 35.062151 ], [ -89.750785, 35.062159 ], [ -89.750797, 35.062028 ], [ -89.750852, 35.062036 ], [ -89.751504, 35.062094 ], [ -89.754637, 35.06238 ], [ -89.755357, 35.062442 ], [ -89.759535, 35.062804 ], [ -89.759748, 35.062812 ], [ -89.760388, 35.062839 ], [ -89.760602, 35.062849 ], [ -89.761094, 35.062852 ], [ -89.761794, 35.062858 ], [ -89.76257, 35.062835 ], [ -89.763063, 35.06282 ], [ -89.763778, 35.062742 ], [ -89.764416, 35.062672 ], [ -89.765057, 35.062604 ], [ -89.765926, 35.062506 ], [ -89.765965, 35.062503 ], [ -89.766588, 35.062433 ], [ -89.766642, 35.062427 ], [ -89.767351, 35.062329 ], [ -89.768141, 35.062221 ], [ -89.769483, 35.062054 ], [ -89.770194, 35.061968 ], [ -89.770599, 35.061912 ], [ -89.770571, 35.061744 ], [ -89.770615, 35.057632 ], [ -89.77068, 35.057606 ], [ -89.770844, 35.057539 ], [ -89.770833, 35.057249 ], [ -89.770881, 35.056469 ], [ -89.770879, 35.056331 ], [ -89.770832, 35.05605 ], [ -89.770751, 35.055796 ], [ -89.770475, 35.055053 ], [ -89.770405, 35.054731 ], [ -89.770387, 35.054393 ], [ -89.770398, 35.054238 ], [ -89.770445, 35.053959 ], [ -89.770497, 35.053787 ], [ -89.770622, 35.053456 ], [ -89.77066, 35.053304 ], [ -89.770721, 35.053235 ], [ -89.770724, 35.053062 ], [ -89.770691, 35.052816 ], [ -89.770656, 35.052608 ], [ -89.770544, 35.052105 ], [ -89.770518, 35.051989 ], [ -89.770494, 35.051657 ], [ -89.770506, 35.051562 ], [ -89.770518, 35.051482 ], [ -89.770556, 35.051238 ], [ -89.77057, 35.051158 ], [ -89.770592, 35.051084 ], [ -89.770631, 35.050959 ], [ -89.770594, 35.050951 ], [ -89.770599, 35.050938 ], [ -89.770601, 35.050933 ], [ -89.770601, 35.050933 ], [ -89.77059, 35.050927 ], [ -89.770577, 35.050919 ], [ -89.770574, 35.050916 ], [ -89.770574, 35.050897 ], [ -89.77057, 35.050885 ], [ -89.770568, 35.050882 ], [ -89.770564, 35.050876 ], [ -89.770564, 35.050875 ], [ -89.770528, 35.050787 ], [ -89.770531, 35.050774 ], [ -89.770582, 35.050739 ], [ -89.770599, 35.050728 ], [ -89.7706, 35.050728 ], [ -89.770601, 35.05072 ], [ -89.770604, 35.050706 ], [ -89.770609, 35.050685 ], [ -89.770611, 35.050679 ], [ -89.770613, 35.050668 ], [ -89.770617, 35.050644 ], [ -89.77062, 35.050629 ], [ -89.770624, 35.05061 ], [ -89.770629, 35.050576 ], [ -89.77063, 35.050568 ], [ -89.770635, 35.050529 ], [ -89.77064, 35.050481 ], [ -89.770642, 35.050453 ], [ -89.770644, 35.050438 ], [ -89.770644, 35.050425 ], [ -89.770645, 35.050406 ], [ -89.770656, 35.050152 ], [ -89.77067, 35.049844 ], [ -89.77067, 35.049844 ], [ -89.77067, 35.049844 ], [ -89.770672, 35.049791 ], [ -89.770748, 35.04801 ], [ -89.770751, 35.047903 ], [ -89.770877, 35.047906 ], [ -89.770886, 35.047763 ], [ -89.771745, 35.047778 ], [ -89.772806, 35.047801 ], [ -89.773256, 35.047808 ], [ -89.773402, 35.047811 ], [ -89.774808, 35.047839 ], [ -89.77551, 35.047854 ], [ -89.776132, 35.047867 ], [ -89.778213, 35.047908 ], [ -89.782889, 35.048002 ], [ -89.783046, 35.048005 ], [ -89.783629, 35.048019 ], [ -89.783852, 35.048024 ], [ -89.784007, 35.048027 ], [ -89.786318, 35.048075 ], [ -89.786802, 35.048085 ], [ -89.787389, 35.048096 ], [ -89.789286, 35.048133 ], [ -89.79049, 35.048156 ], [ -89.79299, 35.048208 ], [ -89.793118, 35.048209 ], [ -89.793219, 35.04821 ], [ -89.793258, 35.048211 ], [ -89.794361, 35.048233 ], [ -89.794362, 35.048088 ], [ -89.794366, 35.047715 ], [ -89.794396, 35.047603 ], [ -89.794432, 35.047542 ], [ -89.794504, 35.047478 ], [ -89.794589, 35.047441 ], [ -89.794666, 35.047433 ], [ -89.79478, 35.047421 ], [ -89.795472, 35.047414 ], [ -89.795739, 35.047422 ], [ -89.795697, 35.047593 ], [ -89.795684, 35.047649 ], [ -89.79565, 35.047784 ], [ -89.795549, 35.048195 ], [ -89.795516, 35.048333 ], [ -89.795411, 35.048761 ], [ -89.795226, 35.049516 ], [ -89.795179, 35.049848 ], [ -89.795172, 35.050058 ], [ -89.795164, 35.050328 ], [ -89.795159, 35.050498 ], [ -89.795142, 35.051077 ], [ -89.79514, 35.051164 ], [ -89.795126, 35.051631 ], [ -89.795124, 35.051682 ], [ -89.795124, 35.051707 ], [ -89.795083, 35.052102 ], [ -89.795002, 35.052448 ], [ -89.794911, 35.052715 ], [ -89.794897, 35.052754 ], [ -89.79472, 35.053135 ], [ -89.794183, 35.054127 ], [ -89.793989, 35.054548 ], [ -89.79383, 35.054958 ], [ -89.793684, 35.055336 ], [ -89.793572, 35.055643 ], [ -89.793493, 35.055923 ], [ -89.793449, 35.056078 ], [ -89.793431, 35.056159 ], [ -89.793419, 35.056214 ], [ -89.793377, 35.05641 ], [ -89.793337, 35.056601 ], [ -89.793297, 35.056951 ], [ -89.793287, 35.057043 ], [ -89.793267, 35.057331 ], [ -89.793264, 35.057423 ], [ -89.793254, 35.057764 ], [ -89.793251, 35.057873 ], [ -89.793245, 35.0582 ], [ -89.793245, 35.058225 ], [ -89.793244, 35.05831 ], [ -89.793238, 35.058543 ], [ -89.793224, 35.059239 ], [ -89.793219, 35.059472 ], [ -89.793217, 35.059594 ], [ -89.793211, 35.059918 ], [ -89.79321, 35.05994 ], [ -89.7932, 35.060395 ], [ -89.79318, 35.061347 ], [ -89.793179, 35.061395 ], [ -89.79317, 35.061817 ], [ -89.793169, 35.061865 ], [ -89.793166, 35.061933 ], [ -89.793168, 35.062062 ], [ -89.793085, 35.062182 ], [ -89.793094, 35.062722 ], [ -89.793093, 35.062752 ], [ -89.793089, 35.062994 ], [ -89.793085, 35.063145 ], [ -89.793074, 35.063603 ], [ -89.793071, 35.063756 ], [ -89.793194, 35.063755 ], [ -89.793751, 35.063767 ], [ -89.794505, 35.063787 ], [ -89.79454, 35.063777 ], [ -89.7948, 35.063665 ], [ -89.795202, 35.063497 ], [ -89.795264, 35.063459 ], [ -89.79535, 35.063458 ], [ -89.796168, 35.063497 ], [ -89.796804, 35.0635 ], [ -89.796859, 35.063533 ], [ -89.796928, 35.063537 ], [ -89.796967, 35.063538 ], [ -89.797008, 35.063623 ], [ -89.797106, 35.063831 ], [ -89.79717, 35.063962 ], [ -89.797374, 35.063966 ], [ -89.797592, 35.063978 ], [ -89.798042, 35.06399 ], [ -89.798359, 35.063986 ], [ -89.798521, 35.063992 ], [ -89.798688, 35.063997 ], [ -89.799105, 35.064016 ], [ -89.799486, 35.064017 ], [ -89.799854, 35.064018 ], [ -89.800238, 35.06402 ], [ -89.800575, 35.064021 ], [ -89.80061, 35.064021 ], [ -89.800994, 35.064023 ], [ -89.801355, 35.064031 ], [ -89.801486, 35.064035 ], [ -89.801729, 35.064042 ], [ -89.802074, 35.064051 ], [ -89.802464, 35.064054 ], [ -89.802586, 35.064055 ], [ -89.80271, 35.064068 ], [ -89.80271, 35.06413 ], [ -89.80271, 35.064183 ], [ -89.802708, 35.064254 ], [ -89.802703, 35.064474 ], [ -89.802702, 35.064546 ], [ -89.802696, 35.064795 ], [ -89.80268, 35.065539 ], [ -89.802675, 35.065787 ], [ -89.802672, 35.065905 ], [ -89.802666, 35.06626 ], [ -89.802665, 35.066379 ], [ -89.802663, 35.0665 ], [ -89.802872, 35.066505 ], [ -89.80309, 35.066507 ], [ -89.803279, 35.066509 ], [ -89.80345, 35.06651 ], [ -89.803609, 35.066511 ], [ -89.803771, 35.066513 ], [ -89.803813, 35.066513 ], [ -89.803863, 35.06652 ], [ -89.803913, 35.066516 ], [ -89.80441, 35.06652 ], [ -89.804428, 35.066522 ], [ -89.804547, 35.06652 ], [ -89.804806, 35.06652 ], [ -89.804916, 35.06652 ], [ -89.805254, 35.06652 ], [ -89.805608, 35.066522 ], [ -89.805665, 35.066522 ], [ -89.805957, 35.066522 ], [ -89.805986, 35.066522 ], [ -89.806302, 35.066522 ], [ -89.806337, 35.066522 ], [ -89.806633, 35.066522 ], [ -89.806675, 35.066522 ], [ -89.806964, 35.066522 ], [ -89.807006, 35.066522 ], [ -89.807345, 35.066522 ], [ -89.807437, 35.06653 ], [ -89.807555, 35.066536 ], [ -89.807876, 35.06653 ], [ -89.808009, 35.066527 ], [ -89.808394, 35.066534 ], [ -89.808512, 35.066536 ], [ -89.808731, 35.066538 ], [ -89.808762, 35.066539 ], [ -89.808885, 35.066541 ], [ -89.809072, 35.066544 ], [ -89.80915, 35.066545 ], [ -89.809256, 35.066547 ], [ -89.809401, 35.06655 ], [ -89.809602, 35.066553 ], [ -89.809635, 35.066553 ], [ -89.809736, 35.066554 ], [ -89.810004, 35.066559 ], [ -89.810077, 35.066561 ], [ -89.810197, 35.066562 ], [ -89.810288, 35.066564 ], [ -89.810372, 35.066565 ], [ -89.810402, 35.066567 ], [ -89.810547, 35.066568 ], [ -89.810659, 35.066569 ], [ -89.810738, 35.06657 ], [ -89.811081, 35.066577 ], [ -89.811103, 35.066576 ], [ -89.811392, 35.066582 ], [ -89.811413, 35.066582 ], [ -89.81146, 35.066582 ], [ -89.811471, 35.066582 ], [ -89.811754, 35.066587 ], [ -89.811785, 35.066588 ], [ -89.811834, 35.066589 ], [ -89.812316, 35.066596 ], [ -89.812518, 35.066606 ], [ -89.812503, 35.066956 ], [ -89.812498, 35.067082 ], [ -89.812484, 35.067284 ], [ -89.812455, 35.06773 ], [ -89.812452, 35.067895 ], [ -89.81245, 35.0681 ], [ -89.812839, 35.068103 ], [ -89.812943, 35.0681 ], [ -89.813573, 35.068086 ], [ -89.813844, 35.06808 ], [ -89.814424, 35.068067 ], [ -89.814918, 35.068058 ], [ -89.815014, 35.068056 ], [ -89.815166, 35.068053 ], [ -89.815913, 35.068042 ], [ -89.816085, 35.06804 ], [ -89.816162, 35.068042 ], [ -89.816373, 35.068047 ], [ -89.816417, 35.068045 ], [ -89.81658, 35.068042 ], [ -89.81667, 35.068041 ], [ -89.817116, 35.068019 ], [ -89.817181, 35.06801 ], [ -89.817435, 35.067982 ], [ -89.817505, 35.067969 ], [ -89.817659, 35.067944 ], [ -89.817715, 35.067932 ], [ -89.817785, 35.067916 ], [ -89.817836, 35.067906 ], [ -89.817882, 35.067889 ], [ -89.817909, 35.067881 ], [ -89.818027, 35.067843 ], [ -89.818166, 35.067781 ], [ -89.81823, 35.067753 ], [ -89.818257, 35.067736 ], [ -89.818267, 35.067755 ], [ -89.818299, 35.067814 ], [ -89.81831, 35.067835 ], [ -89.818332, 35.067879 ], [ -89.818401, 35.068014 ], [ -89.818424, 35.068061 ], [ -89.818493, 35.068138 ], [ -89.818508, 35.068154 ], [ -89.819549, 35.068009 ], [ -89.819824, 35.067969 ], [ -89.820259, 35.067902 ], [ -89.820346, 35.067892 ], [ -89.820364, 35.067888 ], [ -89.820285, 35.067702 ], [ -89.820577, 35.067614 ], [ -89.821012, 35.067481 ], [ -89.82116, 35.067435 ], [ -89.82139, 35.067364 ], [ -89.821497, 35.067417 ], [ -89.821627, 35.067481 ], [ -89.821918, 35.067405 ], [ -89.821964, 35.067394 ], [ -89.82201, 35.067381 ], [ -89.822045, 35.067372 ], [ -89.822058, 35.067355 ], [ -89.822215, 35.067158 ], [ -89.822277, 35.06708 ], [ -89.822271, 35.066851 ], [ -89.822397, 35.066775 ], [ -89.822394, 35.066741 ], [ -89.822573, 35.066658 ], [ -89.822855, 35.066525 ], [ -89.823271, 35.066516 ], [ -89.823282, 35.066372 ], [ -89.823343, 35.066381 ], [ -89.823801, 35.066443 ], [ -89.823945, 35.066463 ], [ -89.824022, 35.066474 ], [ -89.824042, 35.066446 ], [ -89.824119, 35.06634 ], [ -89.824896, 35.066223 ], [ -89.825041, 35.066568 ], [ -89.825143, 35.06655 ], [ -89.82521, 35.066537 ], [ -89.825232, 35.066535 ], [ -89.825225, 35.066516 ], [ -89.825198, 35.066443 ], [ -89.825001, 35.065962 ], [ -89.824983, 35.065917 ], [ -89.82492, 35.065781 ], [ -89.824848, 35.065613 ], [ -89.824771, 35.065431 ], [ -89.824633, 35.065106 ], [ -89.82462, 35.065076 ], [ -89.824551, 35.064943 ], [ -89.824471, 35.064789 ], [ -89.824346, 35.06455 ], [ -89.824257, 35.064318 ], [ -89.824196, 35.064156 ], [ -89.824137, 35.063917 ], [ -89.824132, 35.063894 ], [ -89.824101, 35.063765 ], [ -89.824053, 35.063411 ], [ -89.824049, 35.06319 ], [ -89.824046, 35.063013 ], [ -89.824049, 35.062945 ], [ -89.82407, 35.062742 ], [ -89.824106, 35.06259 ], [ -89.824224, 35.062104 ], [ -89.824343, 35.061789 ], [ -89.824454, 35.061574 ], [ -89.824572, 35.061349 ], [ -89.824623, 35.061257 ], [ -89.824884, 35.060806 ], [ -89.825625, 35.059528 ], [ -89.825669, 35.059452 ], [ -89.825737, 35.059335 ], [ -89.825945, 35.05901 ], [ -89.826148, 35.058723 ], [ -89.82629, 35.058541 ], [ -89.826338, 35.058481 ], [ -89.826831, 35.057917 ], [ -89.827212, 35.057499 ], [ -89.82746, 35.057243 ], [ -89.827865, 35.056823 ], [ -89.827941, 35.05687 ], [ -89.827998, 35.056906 ], [ -89.829203, 35.057657 ], [ -89.829575, 35.057888 ], [ -89.832824, 35.059913 ], [ -89.833192, 35.060167 ], [ -89.833691, 35.060561 ], [ -89.834109, 35.060942 ], [ -89.834505, 35.061349 ], [ -89.834617, 35.061462 ], [ -89.83556, 35.062488 ], [ -89.835861, 35.062839 ], [ -89.835998, 35.062998 ], [ -89.836256, 35.06328 ], [ -89.836386, 35.063423 ], [ -89.837471, 35.064581 ], [ -89.837585, 35.064703 ], [ -89.837705, 35.064857 ], [ -89.83786, 35.06503 ], [ -89.838053, 35.065244 ], [ -89.838207, 35.065416 ], [ -89.838611, 35.065863 ], [ -89.8388, 35.066072 ], [ -89.838838, 35.066115 ], [ -89.838883, 35.066164 ], [ -89.838998, 35.066288 ], [ -89.839139, 35.066435 ], [ -89.83916, 35.066458 ], [ -89.839526, 35.066784 ], [ -89.839582, 35.066831 ], [ -89.83995, 35.067104 ], [ -89.840324, 35.06734 ], [ -89.840352, 35.067357 ], [ -89.840646, 35.067509 ], [ -89.840766, 35.067569 ], [ -89.841213, 35.067786 ], [ -89.841389, 35.067873 ], [ -89.841728, 35.068033 ], [ -89.842127, 35.068205 ], [ -89.842512, 35.068371 ], [ -89.842575, 35.068399 ], [ -89.843029, 35.068604 ], [ -89.843124, 35.06822 ], [ -89.843159, 35.068084 ], [ -89.843264, 35.06766 ], [ -89.843395, 35.067217 ], [ -89.843436, 35.067077 ], [ -89.843466, 35.066976 ], [ -89.843499, 35.066865 ], [ -89.843524, 35.066781 ], [ -89.843528, 35.066696 ], [ -89.843543, 35.06659 ], [ -89.843556, 35.066451 ], [ -89.843573, 35.066274 ], [ -89.843581, 35.06611 ], [ -89.843595, 35.065797 ], [ -89.843598, 35.065711 ], [ -89.843605, 35.065542 ], [ -89.843608, 35.065466 ], [ -89.843707, 35.0655 ], [ -89.843745, 35.065517 ], [ -89.843786, 35.065531 ], [ -89.843818, 35.06554 ], [ -89.843992, 35.065591 ], [ -89.844154, 35.065645 ], [ -89.844277, 35.065681 ], [ -89.844356, 35.065711 ], [ -89.84451, 35.065777 ], [ -89.844545, 35.065798 ], [ -89.845106, 35.066007 ], [ -89.845312, 35.066067 ], [ -89.845425, 35.066122 ], [ -89.845661, 35.066218 ], [ -89.845737, 35.066252 ], [ -89.845898, 35.066309 ], [ -89.846194, 35.066399 ], [ -89.846308, 35.066434 ], [ -89.846587, 35.066537 ], [ -89.846739, 35.066608 ], [ -89.846887, 35.066684 ], [ -89.847151, 35.066809 ], [ -89.847308, 35.066874 ], [ -89.847508, 35.066949 ], [ -89.847697, 35.067038 ] ] ] } },
{ "type": "Feature", "properties": { "ShelbyCoun": "8" }, "geometry": { "type": "Polygon", "coordinates": [ [ [ -90.02233, 35.226858 ], [ -90.02747, 35.22699 ], [ -90.027873, 35.227002 ], [ -90.027797, 35.227108 ], [ -90.027743, 35.227187 ], [ -90.027613, 35.22736 ], [ -90.035408, 35.227539 ], [ -90.035843, 35.22746 ], [ -90.036393, 35.22726 ], [ -90.036822, 35.226951 ], [ -90.037144, 35.22663 ], [ -90.03733, 35.226326 ], [ -90.040475, 35.2264 ], [ -90.040658, 35.226405 ], [ -90.040664, 35.226231 ], [ -90.040668, 35.226155 ], [ -90.040681, 35.225929 ], [ -90.040686, 35.225854 ], [ -90.04069, 35.225663 ], [ -90.040707, 35.225248 ], [ -90.040782, 35.22343 ], [ -90.040808, 35.222823 ], [ -90.04085, 35.221798 ], [ -90.040868, 35.22138 ], [ -90.04092, 35.220124 ], [ -90.040976, 35.218725 ], [ -90.041, 35.218148 ], [ -90.041157, 35.218149 ], [ -90.045718, 35.218232 ], [ -90.04575, 35.21795 ], [ -90.045865, 35.217189 ], [ -90.045868, 35.217095 ], [ -90.045879, 35.216811 ], [ -90.045883, 35.216716 ], [ -90.045888, 35.216567 ], [ -90.045907, 35.216119 ], [ -90.045914, 35.215969 ], [ -90.045926, 35.215631 ], [ -90.045942, 35.215221 ], [ -90.04595, 35.214613 ], [ -90.045954, 35.214371 ], [ -90.057678, 35.214569 ], [ -90.058823, 35.213871 ], [ -90.059641, 35.213175 ], [ -90.060637, 35.21263 ], [ -90.061237, 35.212207 ], [ -90.061803, 35.211807 ], [ -90.061859, 35.211754 ], [ -90.061943, 35.211702 ], [ -90.061943, 35.211701 ], [ -90.063265, 35.210779 ], [ -90.063286, 35.210785 ], [ -90.063392, 35.210821 ], [ -90.063676, 35.210914 ], [ -90.065049, 35.210927 ], [ -90.069949, 35.210977 ], [ -90.072018, 35.210997 ], [ -90.072145, 35.210998 ], [ -90.074197, 35.211015 ], [ -90.074342, 35.211016 ], [ -90.077169, 35.21104 ], [ -90.077305, 35.210856 ], [ -90.077492, 35.2106 ], [ -90.077769, 35.210251 ], [ -90.078213, 35.209675 ], [ -90.078525, 35.20946 ], [ -90.078702, 35.209336 ], [ -90.07882, 35.209256 ], [ -90.079158, 35.208987 ], [ -90.079435, 35.208794 ], [ -90.079825, 35.208582 ], [ -90.080047, 35.208535 ], [ -90.080266, 35.208514 ], [ -90.080457, 35.20851 ], [ -90.080683, 35.208543 ], [ -90.080929, 35.208591 ], [ -90.081356, 35.208813 ], [ -90.081693, 35.209028 ], [ -90.082029, 35.209199 ], [ -90.082288, 35.209331 ], [ -90.082519, 35.209453 ], [ -90.082784, 35.209601 ], [ -90.083167, 35.209823 ], [ -90.083558, 35.210065 ], [ -90.083559, 35.210066 ], [ -90.083711, 35.210155 ], [ -90.083937, 35.21029 ], [ -90.084153, 35.210418 ], [ -90.084391, 35.210554 ], [ -90.084722, 35.210735 ], [ -90.084983, 35.210877 ], [ -90.08521, 35.211005 ], [ -90.085413, 35.211129 ], [ -90.085416, 35.211131 ], [ -90.085701, 35.211306 ], [ -90.085841, 35.211379 ], [ -90.086088, 35.211507 ], [ -90.086309, 35.211616 ], [ -90.086313, 35.211618 ], [ -90.086624, 35.211745 ], [ -90.086967, 35.211883 ], [ -90.087232, 35.211987 ], [ -90.087479, 35.212083 ], [ -90.087804, 35.212192 ], [ -90.088024, 35.21226 ], [ -90.088272, 35.212315 ], [ -90.088418, 35.212334 ], [ -90.088566, 35.212325 ], [ -90.088655, 35.212301 ], [ -90.088655, 35.2123 ], [ -90.088801, 35.212205 ], [ -90.088916, 35.212096 ], [ -90.088991, 35.211987 ], [ -90.089004, 35.211955 ], [ -90.089069, 35.211779 ], [ -90.089122, 35.211633 ], [ -90.089165, 35.211494 ], [ -90.089165, 35.211493 ], [ -90.089276, 35.211115 ], [ -90.089298, 35.211053 ], [ -90.089377, 35.210832 ], [ -90.089504, 35.2105 ], [ -90.089636, 35.210196 ], [ -90.089945, 35.20948 ], [ -90.090202, 35.208936 ], [ -90.090441, 35.208507 ], [ -90.090518, 35.208369 ], [ -90.090785, 35.207656 ], [ -90.091136, 35.206821 ], [ -90.091524, 35.205928 ], [ -90.09165, 35.205724 ], [ -90.091751, 35.20556 ], [ -90.091928, 35.205295 ], [ -90.092443, 35.204533 ], [ -90.092913, 35.203865 ], [ -90.093258, 35.203361 ], [ -90.093259, 35.203359 ], [ -90.093492, 35.202996 ], [ -90.093884, 35.202341 ], [ -90.094207, 35.201772 ], [ -90.094673, 35.200675 ], [ -90.095081, 35.199638 ], [ -90.095284, 35.199017 ], [ -90.095725, 35.197756 ], [ -90.096001, 35.197043 ], [ -90.0963, 35.195839 ], [ -90.096314, 35.195786 ], [ -90.096334, 35.195729 ], [ -90.096374, 35.195616 ], [ -90.096401, 35.195513 ], [ -90.096444, 35.195295 ], [ -90.096467, 35.195208 ], [ -90.096493, 35.195115 ], [ -90.096531, 35.19506 ], [ -90.096579, 35.194984 ], [ -90.096605, 35.194939 ], [ -90.096636, 35.194885 ], [ -90.0967, 35.194834 ], [ -90.096737, 35.194817 ], [ -90.096738, 35.194817 ], [ -90.096764, 35.194806 ], [ -90.096804, 35.194787 ], [ -90.09685, 35.194782 ], [ -90.096885, 35.194778 ], [ -90.096926, 35.194779 ], [ -90.09699, 35.194781 ], [ -90.096991, 35.194781 ], [ -90.097032, 35.194784 ], [ -90.097128, 35.194806 ], [ -90.097259, 35.194835 ], [ -90.097314, 35.194855 ], [ -90.097501, 35.194923 ], [ -90.097674, 35.194986 ], [ -90.097859, 35.195057 ], [ -90.098054, 35.195138 ], [ -90.09807, 35.195144 ], [ -90.099648, 35.195867 ], [ -90.101529, 35.196672 ], [ -90.103892, 35.197697 ], [ -90.104539, 35.197944 ], [ -90.105548, 35.198327 ], [ -90.107083, 35.198869 ], [ -90.10747, 35.198991 ], [ -90.108078, 35.199171 ], [ -90.108713, 35.199269 ], [ -90.109215, 35.199278 ], [ -90.109849, 35.19925 ], [ -90.11061, 35.199191 ], [ -90.111267, 35.199134 ], [ -90.111754, 35.199118 ], [ -90.112083, 35.199095 ], [ -90.11273, 35.199031 ], [ -90.112954, 35.199012 ], [ -90.113305, 35.198988 ], [ -90.113444, 35.198985 ], [ -90.113754, 35.198958 ], [ -90.114136, 35.198944 ], [ -90.114457, 35.198929 ], [ -90.114879, 35.198884 ], [ -90.115281, 35.198848 ], [ -90.11558, 35.198828 ], [ -90.115663, 35.198819 ], [ -90.115911, 35.198749 ], [ -90.116006, 35.198677 ], [ -90.116066, 35.198597 ], [ -90.116112, 35.198529 ], [ -90.116112, 35.198529 ], [ -90.116162, 35.19847 ], [ -90.116238, 35.198234 ], [ -90.116352, 35.197441 ], [ -90.11688, 35.194153 ], [ -90.116979, 35.193527 ], [ -90.117271, 35.191666 ], [ -90.117386, 35.190417 ], [ -90.117389, 35.190065 ], [ -90.117369, 35.189581 ], [ -90.117336, 35.189263 ], [ -90.117307, 35.189045 ], [ -90.117197, 35.188303 ], [ -90.116909, 35.187305 ], [ -90.116909, 35.187304 ], [ -90.116749, 35.186912 ], [ -90.116465, 35.186273 ], [ -90.116039, 35.185682 ], [ -90.116038, 35.185682 ], [ -90.115805, 35.185435 ], [ -90.115439, 35.185035 ], [ -90.115138, 35.18472 ], [ -90.114814, 35.184354 ], [ -90.114537, 35.184078 ], [ -90.114234, 35.183763 ], [ -90.114053, 35.183628 ], [ -90.113656, 35.183299 ], [ -90.113281, 35.183113 ], [ -90.112664, 35.182842 ], [ -90.112102, 35.182649 ], [ -90.111679, 35.182502 ], [ -90.111185, 35.182361 ], [ -90.11066, 35.182241 ], [ -90.110144, 35.182111 ], [ -90.109785, 35.182008 ], [ -90.109347, 35.181883 ], [ -90.109132, 35.181822 ], [ -90.108657, 35.181684 ], [ -90.108365, 35.181628 ], [ -90.108144, 35.181577 ], [ -90.108047, 35.181345 ], [ -90.107945, 35.180882 ], [ -90.107849, 35.180414 ], [ -90.107788, 35.180039 ], [ -90.107753, 35.17961 ], [ -90.107715, 35.178889 ], [ -90.107614, 35.178348 ], [ -90.107421, 35.177692 ], [ -90.107227, 35.177129 ], [ -90.106914, 35.176466 ], [ -90.106664, 35.17604 ], [ -90.106516, 35.175809 ], [ -90.10631, 35.175487 ], [ -90.105905, 35.174927 ], [ -90.105614, 35.174526 ], [ -90.105052, 35.173969 ], [ -90.104369, 35.173342 ], [ -90.103495, 35.172604 ], [ -90.102693, 35.171971 ], [ -90.102023, 35.171503 ], [ -90.101432, 35.171095 ], [ -90.100689, 35.170583 ], [ -90.100099, 35.170215 ], [ -90.098744, 35.169423 ], [ -90.098106, 35.169011 ], [ -90.097627, 35.168792 ], [ -90.096503, 35.168327 ], [ -90.095477, 35.167977 ], [ -90.094552, 35.167623 ], [ -90.093846, 35.167338 ], [ -90.093014, 35.166903 ], [ -90.0918, 35.166186 ], [ -90.09085, 35.165609 ], [ -90.090177, 35.165228 ], [ -90.089544, 35.164732 ], [ -90.088584, 35.164127 ], [ -90.087451, 35.163576 ], [ -90.086593, 35.163168 ], [ -90.085748, 35.162808 ], [ -90.084904, 35.162411 ], [ -90.084093, 35.162002 ], [ -90.083182, 35.161572 ], [ -90.082417, 35.161224 ], [ -90.081865, 35.160933 ], [ -90.081234, 35.160626 ], [ -90.080603, 35.160291 ], [ -90.080151, 35.160044 ], [ -90.07956, 35.159714 ], [ -90.078881, 35.159417 ], [ -90.078269, 35.159188 ], [ -90.077656, 35.158956 ], [ -90.076831, 35.158686 ], [ -90.076058, 35.158404 ], [ -90.075219, 35.158106 ], [ -90.074547, 35.15789 ], [ -90.073834, 35.157681 ], [ -90.073187, 35.15747 ], [ -90.072743, 35.157327 ], [ -90.072194, 35.157222 ], [ -90.071774, 35.157114 ], [ -90.070402, 35.156706 ], [ -90.069982, 35.156561 ], [ -90.069364, 35.156335 ], [ -90.068679, 35.156005 ], [ -90.068242, 35.155676 ], [ -90.067903, 35.155291 ], [ -90.067535, 35.154847 ], [ -90.067277, 35.154519 ], [ -90.066717, 35.153715 ], [ -90.066429, 35.153302 ], [ -90.066336, 35.153141 ], [ -90.066267, 35.153023 ], [ -90.065838, 35.152293 ], [ -90.065387, 35.15139 ], [ -90.065049, 35.150582 ], [ -90.064972, 35.150399 ], [ -90.064596, 35.149273 ], [ -90.064523, 35.148981 ], [ -90.064304, 35.148097 ], [ -90.064173, 35.147365 ], [ -90.064063, 35.146449 ], [ -90.064022, 35.145862 ], [ -90.064005, 35.145238 ], [ -90.064016, 35.144641 ], [ -90.06409, 35.143617 ], [ -90.064262, 35.142453 ], [ -90.064405, 35.141827 ], [ -90.064405, 35.141826 ], [ -90.064497, 35.141424 ], [ -90.064661, 35.14087 ], [ -90.064661, 35.14087 ], [ -90.064806, 35.140407 ], [ -90.064925, 35.140071 ], [ -90.065053, 35.139738 ], [ -90.065188, 35.139408 ], [ -90.065483, 35.138751 ], [ -90.065666, 35.138382 ], [ -90.065983, 35.137788 ], [ -90.066166, 35.137473 ], [ -90.066553, 35.136851 ], [ -90.068076, 35.13501 ], [ -90.068567, 35.134434 ], [ -90.069271, 35.13362 ], [ -90.070113, 35.132646 ], [ -90.070116, 35.132643 ], [ -90.071443, 35.13111 ], [ -90.072921, 35.12934 ], [ -90.073027, 35.129234 ], [ -90.073932, 35.128338 ], [ -90.074121, 35.12815 ], [ -90.074408, 35.127871 ], [ -90.074853, 35.12744 ], [ -90.075109, 35.12719 ], [ -90.0752, 35.127102 ], [ -90.075647, 35.126668 ], [ -90.078245, 35.124466 ], [ -90.080506, 35.12278 ], [ -90.082629, 35.121333 ], [ -90.084763, 35.120099 ], [ -90.086549, 35.119293 ], [ -90.086549, 35.119293 ], [ -90.086486, 35.119107 ], [ -90.085798, 35.117075 ], [ -90.085569, 35.116397 ], [ -90.085272, 35.115382 ], [ -90.084382, 35.112337 ], [ -90.084086, 35.111323 ], [ -90.084079, 35.111287 ], [ -90.084058, 35.111181 ], [ -90.084052, 35.111146 ], [ -90.083973, 35.11073 ], [ -90.083737, 35.109482 ], [ -90.083659, 35.109068 ], [ -90.083594, 35.10915 ], [ -90.083454, 35.109275 ], [ -90.0832, 35.109386 ], [ -90.083176, 35.109386 ], [ -90.083126, 35.109386 ], [ -90.083033, 35.109336 ], [ -90.082805, 35.109243 ], [ -90.082592, 35.10922 ], [ -90.082378, 35.109308 ], [ -90.082291, 35.109291 ], [ -90.081795, 35.108608 ], [ -90.081447, 35.108129 ], [ -90.081281, 35.108134 ], [ -90.080786, 35.108155 ], [ -90.080621, 35.108162 ], [ -90.079894, 35.108149 ], [ -90.078304, 35.108121 ], [ -90.077713, 35.108094 ], [ -90.077683, 35.108093 ], [ -90.077325, 35.108086 ], [ -90.076987, 35.108084 ], [ -90.076885, 35.108081 ], [ -90.07676, 35.108076 ], [ -90.07634, 35.108064 ], [ -90.076082, 35.108055 ], [ -90.075857, 35.108047 ], [ -90.075783, 35.108043 ], [ -90.075666, 35.108042 ], [ -90.075582, 35.108041 ], [ -90.075562, 35.108041 ], [ -90.075489, 35.108039 ], [ -90.075443, 35.108038 ], [ -90.075306, 35.108034 ], [ -90.075261, 35.108034 ], [ -90.075228, 35.108033 ], [ -90.075129, 35.10803 ], [ -90.075097, 35.108028 ], [ -90.075008, 35.108024 ], [ -90.074974, 35.108021 ], [ -90.074903, 35.108018 ], [ -90.074606, 35.108006 ], [ -90.074579, 35.108004 ], [ -90.074484, 35.108003 ], [ -90.074383, 35.108002 ], [ -90.074194, 35.108 ], [ -90.074133, 35.107999 ], [ -90.074086, 35.108002 ], [ -90.074072, 35.107997 ], [ -90.073983, 35.107994 ], [ -90.073783, 35.107987 ], [ -90.073186, 35.107972 ], [ -90.072987, 35.107968 ], [ -90.072469, 35.107957 ], [ -90.070915, 35.107924 ], [ -90.070398, 35.107913 ], [ -90.070243, 35.107909 ], [ -90.06978, 35.1079 ], [ -90.069626, 35.107896 ], [ -90.069151, 35.107886 ], [ -90.067513, 35.107856 ], [ -90.067455, 35.107852 ], [ -90.067422, 35.107855 ], [ -90.06608, 35.107824 ], [ -90.065664, 35.107813 ], [ -90.065605, 35.10781 ], [ -90.065431, 35.107807 ], [ -90.065373, 35.107806 ], [ -90.065252, 35.107803 ], [ -90.064889, 35.107796 ], [ -90.064768, 35.107794 ], [ -90.064774, 35.107594 ], [ -90.064793, 35.106998 ], [ -90.0648, 35.106799 ], [ -90.064803, 35.106696 ], [ -90.064814, 35.106392 ], [ -90.064819, 35.106291 ], [ -90.064826, 35.106095 ], [ -90.064846, 35.105508 ], [ -90.064854, 35.105314 ], [ -90.064858, 35.105201 ], [ -90.064871, 35.104868 ], [ -90.064876, 35.104757 ], [ -90.064882, 35.104588 ], [ -90.064899, 35.104083 ], [ -90.064906, 35.103915 ], [ -90.064912, 35.103719 ], [ -90.064933, 35.103137 ], [ -90.064941, 35.102944 ], [ -90.064947, 35.102788 ], [ -90.064965, 35.102326 ], [ -90.064972, 35.102173 ], [ -90.064975, 35.102081 ], [ -90.064985, 35.101806 ], [ -90.064989, 35.101715 ], [ -90.065095, 35.101723 ], [ -90.065412, 35.101743 ], [ -90.06552, 35.101746 ], [ -90.065657, 35.101751 ], [ -90.066301, 35.101775 ], [ -90.06701, 35.101805 ], [ -90.067234, 35.101814 ], [ -90.067312, 35.101816 ], [ -90.067549, 35.101826 ], [ -90.067628, 35.101828 ], [ -90.068022, 35.101845 ], [ -90.06878, 35.101881 ], [ -90.069207, 35.101898 ], [ -90.069603, 35.101917 ], [ -90.069697, 35.10192 ], [ -90.069981, 35.101931 ], [ -90.070076, 35.101935 ], [ -90.070235, 35.101945 ], [ -90.070715, 35.101971 ], [ -90.070875, 35.10198 ], [ -90.071079, 35.101988 ], [ -90.071691, 35.102013 ], [ -90.071896, 35.102021 ], [ -90.07216, 35.102027 ], [ -90.072955, 35.102052 ], [ -90.07322, 35.102059 ], [ -90.073577, 35.102069 ], [ -90.074649, 35.1021 ], [ -90.075007, 35.102111 ], [ -90.075079, 35.102113 ], [ -90.075296, 35.102115 ], [ -90.075369, 35.102117 ], [ -90.075509, 35.102123 ], [ -90.075889, 35.102138 ], [ -90.075931, 35.102139 ], [ -90.076072, 35.102148 ], [ -90.076136, 35.10069 ], [ -90.076204, 35.09916 ], [ -90.076225, 35.098684 ], [ -90.07633, 35.096312 ], [ -90.076396, 35.094855 ], [ -90.076332, 35.094853 ], [ -90.07614, 35.09485 ], [ -90.076077, 35.09485 ], [ -90.0759, 35.094848 ], [ -90.075369, 35.094845 ], [ -90.075193, 35.094843 ], [ -90.075022, 35.094839 ], [ -90.074509, 35.094828 ], [ -90.074338, 35.094825 ], [ -90.074167, 35.094822 ], [ -90.073655, 35.094814 ], [ -90.073485, 35.094811 ], [ -90.073312, 35.094803 ], [ -90.07301, 35.094791 ], [ -90.072797, 35.094762 ], [ -90.072626, 35.094741 ], [ -90.072134, 35.09466 ], [ -90.071959, 35.094632 ], [ -90.071749, 35.09461 ], [ -90.07081, 35.094533 ], [ -90.070647, 35.094521 ], [ -90.070151, 35.094482 ], [ -90.069701, 35.094446 ], [ -90.068354, 35.094341 ], [ -90.067905, 35.094306 ], [ -90.067811, 35.094297 ], [ -90.067717, 35.09429 ], [ -90.067576, 35.094279 ], [ -90.067531, 35.094276 ], [ -90.067438, 35.094268 ], [ -90.06745, 35.09415 ], [ -90.067457, 35.094063 ], [ -90.067459, 35.094052 ], [ -90.067483, 35.093785 ], [ -90.067507, 35.093449 ], [ -90.067516, 35.093342 ], [ -90.067512, 35.093277 ], [ -90.067511, 35.093246 ], [ -90.067505, 35.09314 ], [ -90.067454, 35.092965 ], [ -90.067437, 35.092906 ], [ -90.067408, 35.092838 ], [ -90.067367, 35.092741 ], [ -90.067341, 35.092698 ], [ -90.067264, 35.092572 ], [ -90.067256, 35.092557 ], [ -90.067238, 35.092531 ], [ -90.067226, 35.092512 ], [ -90.06719, 35.092458 ], [ -90.067178, 35.092441 ], [ -90.067044, 35.092264 ], [ -90.066643, 35.091736 ], [ -90.066599, 35.091679 ], [ -90.066524, 35.091552 ], [ -90.066464, 35.091414 ], [ -90.066429, 35.091333 ], [ -90.066344, 35.090981 ], [ -90.066309, 35.090837 ], [ -90.066279, 35.0907 ], [ -90.066192, 35.090294 ], [ -90.066163, 35.090159 ], [ -90.066134, 35.090022 ], [ -90.066047, 35.089616 ], [ -90.066031, 35.08954 ], [ -90.066025, 35.089481 ], [ -90.065982, 35.088975 ], [ -90.065951, 35.088828 ], [ -90.065896, 35.088667 ], [ -90.065781, 35.088445 ], [ -90.065619, 35.088226 ], [ -90.065434, 35.088043 ], [ -90.065268, 35.087872 ], [ -90.065116, 35.087675 ], [ -90.065039, 35.087522 ], [ -90.064974, 35.087342 ], [ -90.06491, 35.087114 ], [ -90.064879, 35.086951 ], [ -90.064805, 35.086681 ], [ -90.064745, 35.086479 ], [ -90.064568, 35.085876 ], [ -90.064532, 35.08575 ], [ -90.064517, 35.085673 ], [ -90.064451, 35.085316 ], [ -90.064356, 35.085015 ], [ -90.063871, 35.083467 ], [ -90.063726, 35.083084 ], [ -90.063602, 35.082757 ], [ -90.063522, 35.082529 ], [ -90.063494, 35.082449 ], [ -90.063489, 35.082435 ], [ -90.063475, 35.082397 ], [ -90.063471, 35.082383 ], [ -90.063399, 35.082181 ], [ -90.06335, 35.082044 ], [ -90.063343, 35.081994 ], [ -90.063209, 35.081569 ], [ -90.063146, 35.081364 ], [ -90.06312, 35.081243 ], [ -90.06311, 35.081196 ], [ -90.063088, 35.080938 ], [ -90.063084, 35.080877 ], [ -90.063082, 35.080834 ], [ -90.063079, 35.080754 ], [ -90.063077, 35.080714 ], [ -90.063073, 35.080597 ], [ -90.063072, 35.08056 ], [ -90.063069, 35.080489 ], [ -90.063061, 35.080279 ], [ -90.063059, 35.08021 ], [ -90.063055, 35.080126 ], [ -90.063054, 35.080109 ], [ -90.063052, 35.08007 ], [ -90.063041, 35.079809 ], [ -90.063037, 35.079709 ], [ -90.063028, 35.079509 ], [ -90.063002, 35.07891 ], [ -90.062994, 35.078711 ], [ -90.06218, 35.078707 ], [ -90.061923, 35.078706 ], [ -90.061455, 35.078663 ], [ -90.060426, 35.078437 ], [ -90.05978, 35.078306 ], [ -90.058983, 35.078147 ], [ -90.058824, 35.078013 ], [ -90.058685, 35.077897 ], [ -90.058182, 35.077478 ], [ -90.057841, 35.0771 ], [ -90.057824, 35.077081 ], [ -90.057742, 35.076991 ], [ -90.057581, 35.076811 ], [ -90.057605, 35.07666 ], [ -90.057615, 35.076577 ], [ -90.057665, 35.076212 ], [ -90.057705, 35.075882 ], [ -90.057726, 35.075711 ], [ -90.057734, 35.075643 ], [ -90.057714, 35.075626 ], [ -90.057555, 35.075494 ], [ -90.057542, 35.075483 ], [ -90.05749, 35.075426 ], [ -90.057359, 35.075239 ], [ -90.057252, 35.075007 ], [ -90.057238, 35.074971 ], [ -90.057163, 35.07478 ], [ -90.057068, 35.074799 ], [ -90.057036, 35.074807 ], [ -90.056785, 35.074856 ], [ -90.056691, 35.074875 ], [ -90.055926, 35.075053 ], [ -90.055761, 35.075091 ], [ -90.0552, 35.075226 ], [ -90.054936, 35.075283 ], [ -90.054327, 35.075415 ], [ -90.053315, 35.075592 ], [ -90.052953, 35.075638 ], [ -90.052008, 35.075764 ], [ -90.0521, 35.076265 ], [ -90.052376, 35.077768 ], [ -90.052443, 35.078128 ], [ -90.052468, 35.078269 ], [ -90.052543, 35.078739 ], [ -90.052569, 35.078899 ], [ -90.052639, 35.079328 ], [ -90.052642, 35.07935 ], [ -90.052854, 35.080589 ], [ -90.052891, 35.08079 ], [ -90.053007, 35.081421 ], [ -90.05305, 35.081575 ], [ -90.05318, 35.08204 ], [ -90.053224, 35.082196 ], [ -90.053288, 35.08256 ], [ -90.053483, 35.083653 ], [ -90.053548, 35.084018 ], [ -90.053765, 35.085156 ], [ -90.053781, 35.085245 ], [ -90.054008, 35.086483 ], [ -90.054277, 35.087801 ], [ -90.054306, 35.08799 ], [ -90.054341, 35.08822 ], [ -90.054418, 35.088728 ], [ -90.054482, 35.089374 ], [ -90.054486, 35.089489 ], [ -90.054501, 35.089914 ], [ -90.05449, 35.090587 ], [ -90.054442, 35.09106 ], [ -90.054399, 35.091484 ], [ -90.054158, 35.093131 ], [ -90.053974, 35.094471 ], [ -90.053954, 35.094622 ], [ -90.053819, 35.09561 ], [ -90.053778, 35.095591 ], [ -90.053579, 35.0955 ], [ -90.053472, 35.095451 ], [ -90.053287, 35.095368 ], [ -90.052996, 35.095261 ], [ -90.052652, 35.09518 ], [ -90.052377, 35.095143 ], [ -90.052328, 35.095138 ], [ -90.051997, 35.095122 ], [ -90.05182, 35.095113 ], [ -90.051772, 35.095113 ], [ -90.051098, 35.095106 ], [ -90.051029, 35.095106 ], [ -90.050914, 35.095088 ], [ -90.05088, 35.095071 ], [ -90.050803, 35.09498 ], [ -90.050717, 35.094946 ], [ -90.0507, 35.094943 ], [ -90.050569, 35.094929 ], [ -90.050016, 35.094919 ], [ -90.049788, 35.094915 ], [ -90.049553, 35.09491 ], [ -90.049223, 35.094902 ], [ -90.048853, 35.094859 ], [ -90.048813, 35.094856 ], [ -90.048621, 35.094829 ], [ -90.048215, 35.094761 ], [ -90.047915, 35.094694 ], [ -90.047812, 35.094673 ], [ -90.046087, 35.09424 ], [ -90.046028, 35.094224 ], [ -90.045861, 35.0942 ], [ -90.045818, 35.094198 ], [ -90.045459, 35.094176 ], [ -90.045101, 35.094167 ], [ -90.045042, 35.09417 ], [ -90.044949, 35.094182 ], [ -90.044759, 35.094209 ], [ -90.044492, 35.094199 ], [ -90.04434, 35.094195 ], [ -90.044335, 35.094378 ], [ -90.044323, 35.094926 ], [ -90.044319, 35.09511 ], [ -90.044304, 35.095674 ], [ -90.044261, 35.097369 ], [ -90.044247, 35.097935 ], [ -90.044233, 35.098478 ], [ -90.044194, 35.100109 ], [ -90.044181, 35.100654 ], [ -90.044177, 35.10078 ], [ -90.044167, 35.101158 ], [ -90.044164, 35.101286 ], [ -90.044029, 35.101281 ], [ -90.043624, 35.101267 ], [ -90.043489, 35.101264 ], [ -90.043357, 35.101261 ], [ -90.043125, 35.101259 ], [ -90.042963, 35.101256 ], [ -90.042832, 35.101254 ], [ -90.042701, 35.101251 ], [ -90.042311, 35.101244 ], [ -90.042181, 35.101242 ], [ -90.042051, 35.101238 ], [ -90.041662, 35.101225 ], [ -90.041533, 35.101222 ], [ -90.041402, 35.101214 ], [ -90.041012, 35.101195 ], [ -90.040882, 35.101189 ], [ -90.040671, 35.101177 ], [ -90.040039, 35.101144 ], [ -90.039829, 35.101133 ], [ -90.039744, 35.10113 ], [ -90.03949, 35.101121 ], [ -90.039406, 35.101119 ], [ -90.039282, 35.101115 ], [ -90.039178, 35.101112 ], [ -90.03891, 35.101104 ], [ -90.038787, 35.101099 ], [ -90.038658, 35.101095 ], [ -90.038271, 35.101079 ], [ -90.038142, 35.101074 ], [ -90.038132, 35.101323 ], [ -90.038104, 35.102072 ], [ -90.038095, 35.102322 ], [ -90.038085, 35.102567 ], [ -90.038057, 35.103302 ], [ -90.038048, 35.103547 ], [ -90.038038, 35.103761 ], [ -90.038024, 35.104092 ], [ -90.038012, 35.104403 ], [ -90.038005, 35.104619 ], [ -90.037983, 35.105123 ], [ -90.037949, 35.105917 ], [ -90.037934, 35.106622 ], [ -90.037933, 35.106639 ], [ -90.037906, 35.107144 ], [ -90.037682, 35.107132 ], [ -90.037439, 35.107132 ], [ -90.037005, 35.107188 ], [ -90.036969, 35.1072 ], [ -90.03678, 35.107201 ], [ -90.036656, 35.1072 ], [ -90.0366, 35.107197 ], [ -90.03606, 35.107183 ], [ -90.036024, 35.107183 ], [ -90.035881, 35.10718 ], [ -90.035817, 35.107179 ], [ -90.035625, 35.107174 ], [ -90.035561, 35.107173 ], [ -90.035275, 35.107164 ], [ -90.034418, 35.107141 ], [ -90.034133, 35.107135 ], [ -90.034077, 35.107132 ], [ -90.033909, 35.107127 ], [ -90.033853, 35.107127 ], [ -90.033756, 35.107124 ], [ -90.033465, 35.107115 ], [ -90.033368, 35.107112 ], [ -90.033278, 35.107109 ], [ -90.033042, 35.107106 ], [ -90.032961, 35.107106 ], [ -90.03286, 35.107104 ], [ -90.032557, 35.107102 ], [ -90.032459, 35.107101 ], [ -90.031386, 35.107078 ], [ -90.030571, 35.107058 ], [ -90.030386, 35.107053 ], [ -90.029832, 35.107038 ], [ -90.029648, 35.107033 ], [ -90.029581, 35.107031 ], [ -90.029382, 35.107025 ], [ -90.029316, 35.107025 ], [ -90.029204, 35.107022 ], [ -90.029177, 35.107022 ], [ -90.0291, 35.107019 ], [ -90.028868, 35.107013 ], [ -90.028757, 35.107011 ], [ -90.028725, 35.107009 ], [ -90.028631, 35.107006 ], [ -90.0286, 35.107006 ], [ -90.028559, 35.107006 ], [ -90.028499, 35.107005 ], [ -90.028445, 35.107003 ], [ -90.0284, 35.107001 ], [ -90.028293, 35.106998 ], [ -90.028275, 35.106998 ], [ -90.027974, 35.106989 ], [ -90.027868, 35.106987 ], [ -90.027771, 35.106986 ], [ -90.027695, 35.106983 ], [ -90.02737, 35.106977 ], [ -90.027179, 35.106972 ], [ -90.027007, 35.106969 ], [ -90.026838, 35.106963 ], [ -90.026331, 35.106952 ], [ -90.026162, 35.106947 ], [ -90.025992, 35.106944 ], [ -90.025978, 35.106943 ], [ -90.025482, 35.106932 ], [ -90.025313, 35.106927 ], [ -90.025144, 35.106924 ], [ -90.024637, 35.106911 ], [ -90.024469, 35.106907 ], [ -90.0243, 35.106902 ], [ -90.023797, 35.106891 ], [ -90.023629, 35.106887 ], [ -90.023463, 35.106882 ], [ -90.022967, 35.106873 ], [ -90.022802, 35.10687 ], [ -90.022654, 35.106865 ], [ -90.022211, 35.106851 ], [ -90.022063, 35.106853 ], [ -90.022071, 35.107087 ], [ -90.022058, 35.107358 ], [ -90.022015, 35.108303 ], [ -90.022003, 35.108874 ], [ -90.021993, 35.10905 ], [ -90.021985, 35.109068 ], [ -90.021953, 35.109493 ], [ -90.021907, 35.109491 ], [ -90.021772, 35.109488 ], [ -90.021727, 35.109487 ], [ -90.021659, 35.109153 ], [ -90.021534, 35.10855 ], [ -90.021398, 35.108557 ], [ -90.018437, 35.108463 ], [ -90.018439, 35.108408 ], [ -90.014907, 35.108323 ], [ -90.014878, 35.109257 ], [ -90.014647, 35.109242 ], [ -90.014603, 35.109238 ], [ -90.014204, 35.109226 ], [ -90.013956, 35.10922 ], [ -90.013726, 35.109213 ], [ -90.013462, 35.109207 ], [ -90.01267, 35.109192 ], [ -90.012406, 35.109189 ], [ -90.011475, 35.109165 ], [ -90.010694, 35.10913 ], [ -90.010557, 35.109124 ], [ -90.010337, 35.109117 ], [ -90.009987, 35.109116 ], [ -90.009847, 35.109114 ], [ -90.009546, 35.10882 ], [ -90.008646, 35.107937 ], [ -90.008346, 35.107642 ], [ -90.007929, 35.107272 ], [ -90.007693, 35.107062 ], [ -90.006676, 35.10628 ], [ -90.006617, 35.106238 ], [ -90.006164, 35.105916 ], [ -90.005924, 35.105767 ], [ -90.005204, 35.105323 ], [ -90.004964, 35.105176 ], [ -90.004713, 35.105041 ], [ -90.004315, 35.10483 ], [ -90.003959, 35.104647 ], [ -90.003707, 35.10452 ], [ -90.003689, 35.104684 ], [ -90.003539, 35.105608 ], [ -90.003532, 35.105657 ], [ -90.003539, 35.105702 ], [ -90.003653, 35.105823 ], [ -90.003648, 35.106015 ], [ -90.003628, 35.106693 ], [ -90.003617, 35.107174 ], [ -90.00359, 35.10801 ], [ -90.003562, 35.108922 ], [ -90.00363, 35.108923 ], [ -90.003627, 35.109032 ], [ -90.003626, 35.109096 ], [ -90.003596, 35.110304 ], [ -90.003591, 35.110502 ], [ -90.003563, 35.11146 ], [ -90.003556, 35.111653 ], [ -90.003547, 35.111973 ], [ -90.003468, 35.112072 ], [ -90.003459, 35.112207 ], [ -90.003447, 35.112401 ], [ -90.003416, 35.1126 ], [ -90.003403, 35.112686 ], [ -90.003397, 35.11286 ], [ -90.003429, 35.112997 ], [ -90.003494, 35.113186 ], [ -90.003505, 35.113205 ], [ -90.0035, 35.113388 ], [ -90.003786, 35.113397 ], [ -90.004645, 35.113423 ], [ -90.004932, 35.113433 ], [ -90.004925, 35.113623 ], [ -90.004904, 35.114193 ], [ -90.004897, 35.114383 ], [ -90.00488, 35.114731 ], [ -90.00483, 35.11578 ], [ -90.004821, 35.115972 ], [ -90.004838, 35.11613 ], [ -90.004852, 35.116166 ], [ -90.004859, 35.116185 ], [ -90.004914, 35.116267 ], [ -90.004936, 35.1163 ], [ -90.005213, 35.116307 ], [ -90.006047, 35.116329 ], [ -90.006325, 35.116338 ], [ -90.006577, 35.116341 ], [ -90.007333, 35.116353 ], [ -90.007586, 35.116357 ], [ -90.008108, 35.116366 ], [ -90.009674, 35.116389 ], [ -90.010197, 35.116397 ], [ -90.010217, 35.116397 ], [ -90.010277, 35.116397 ], [ -90.010297, 35.116397 ], [ -90.010561, 35.11642 ], [ -90.011271, 35.116485 ], [ -90.011356, 35.116495 ], [ -90.01162, 35.116531 ], [ -90.011602, 35.116545 ], [ -90.011548, 35.116589 ], [ -90.011531, 35.116605 ], [ -90.011412, 35.11668 ], [ -90.011365, 35.116695 ], [ -90.011214, 35.116746 ], [ -90.011097, 35.116761 ], [ -90.010953, 35.116761 ], [ -90.010829, 35.11674 ], [ -90.010809, 35.116732 ], [ -90.010629, 35.116674 ], [ -90.010582, 35.116754 ], [ -90.01056, 35.116813 ], [ -90.010554, 35.116955 ], [ -90.010529, 35.117563 ], [ -90.010518, 35.117852 ], [ -90.010507, 35.11815 ], [ -90.010497, 35.118427 ], [ -90.010469, 35.11926 ], [ -90.01046, 35.119537 ], [ -90.010438, 35.12014 ], [ -90.010373, 35.121947 ], [ -90.010353, 35.122525 ], [ -90.010352, 35.12255 ], [ -90.010346, 35.122744 ], [ -90.01033, 35.123329 ], [ -90.010328, 35.123427 ], [ -90.010327, 35.123524 ], [ -90.010327, 35.123579 ], [ -90.010323, 35.123891 ], [ -90.010308, 35.124989 ], [ -90.010304, 35.125355 ], [ -90.010302, 35.125567 ], [ -90.010297, 35.126207 ], [ -90.010296, 35.126421 ], [ -90.010296, 35.126472 ], [ -90.010296, 35.126493 ], [ -90.010294, 35.126847 ], [ -90.01029, 35.127751 ], [ -90.010287, 35.128126 ], [ -90.010286, 35.128411 ], [ -90.010284, 35.128552 ], [ -90.01028, 35.128751 ], [ -90.010278, 35.128906 ], [ -90.010256, 35.129348 ], [ -90.010256, 35.129358 ], [ -90.010239, 35.129439 ], [ -90.010194, 35.129536 ], [ -90.010179, 35.129568 ], [ -90.010161, 35.129667 ], [ -90.01016, 35.12971 ], [ -90.010151, 35.130253 ], [ -90.010149, 35.130435 ], [ -90.010141, 35.130624 ], [ -90.010118, 35.131194 ], [ -90.010111, 35.131386 ], [ -90.010107, 35.131583 ], [ -90.010104, 35.13178 ], [ -90.010084, 35.132179 ], [ -90.010075, 35.132379 ], [ -90.010067, 35.13258 ], [ -90.010046, 35.133189 ], [ -90.010039, 35.133392 ], [ -90.010034, 35.13355 ], [ -90.01002, 35.134028 ], [ -90.010016, 35.134189 ], [ -90.010009, 35.134361 ], [ -90.009991, 35.134881 ], [ -90.009985, 35.135054 ], [ -90.009977, 35.135278 ], [ -90.009955, 35.135951 ], [ -90.009955, 35.135981 ], [ -90.009932, 35.136176 ], [ -90.009761, 35.136159 ], [ -90.009249, 35.136112 ], [ -90.009079, 35.136097 ], [ -90.008904, 35.13608 ], [ -90.00838, 35.13603 ], [ -90.008206, 35.136013 ], [ -90.007813, 35.135979 ], [ -90.006637, 35.135873 ], [ -90.006245, 35.13584 ], [ -90.006055, 35.135821 ], [ -90.005486, 35.135767 ], [ -90.005297, 35.135748 ], [ -90.005053, 35.135722 ], [ -90.004322, 35.135644 ], [ -90.004286, 35.135641 ], [ -90.004079, 35.135613 ], [ -90.004026, 35.135608 ], [ -90.003867, 35.135593 ], [ -90.003815, 35.13559 ], [ -90.003168, 35.13551 ], [ -90.002745, 35.135467 ], [ -90.001723, 35.135358 ], [ -90.001679, 35.135354 ], [ -90.001547, 35.135338 ], [ -90.001503, 35.135334 ], [ -90.00122, 35.135303 ], [ -90.000371, 35.13521 ], [ -90.000088, 35.135179 ], [ -89.999819, 35.135151 ], [ -89.999012, 35.135067 ], [ -89.998744, 35.13504 ], [ -89.998457, 35.13501 ], [ -89.997596, 35.13492 ], [ -89.99731, 35.134892 ], [ -89.997243, 35.135393 ], [ -89.997209, 35.135656 ], [ -89.997003, 35.136891 ], [ -89.996921, 35.137391 ], [ -89.996888, 35.137608 ], [ -89.996789, 35.138258 ], [ -89.996757, 35.138476 ], [ -89.996753, 35.138496 ], [ -89.996743, 35.138557 ], [ -89.99674, 35.138579 ], [ -89.997296, 35.138643 ], [ -89.998078, 35.138736 ], [ -89.998324, 35.13877 ], [ -89.998967, 35.138838 ], [ -89.999525, 35.138897 ], [ -89.9995, 35.139136 ], [ -89.999456, 35.139576 ], [ -89.999415, 35.139855 ], [ -89.99938, 35.140096 ], [ -89.999354, 35.140262 ], [ -89.999339, 35.140363 ], [ -89.999278, 35.140763 ], [ -89.999253, 35.140929 ], [ -89.999244, 35.140991 ], [ -89.999219, 35.141152 ], [ -89.999115, 35.141731 ], [ -89.999029, 35.142104 ], [ -89.99895, 35.142539 ], [ -89.999292, 35.142567 ], [ -90.000277, 35.142651 ], [ -90.000379, 35.142657 ], [ -90.000638, 35.142677 ], [ -90.000705, 35.142682 ], [ -90.000965, 35.142702 ], [ -90.001119, 35.142714 ], [ -90.001584, 35.14275 ], [ -90.001739, 35.142762 ], [ -90.001837, 35.142769 ], [ -90.002132, 35.142793 ], [ -90.002231, 35.142801 ], [ -90.002362, 35.142811 ], [ -90.002757, 35.142844 ], [ -90.002889, 35.142855 ], [ -90.003004, 35.142865 ], [ -90.003351, 35.142892 ], [ -90.003467, 35.142902 ], [ -90.003634, 35.142916 ], [ -90.004137, 35.142955 ], [ -90.004305, 35.142968 ], [ -90.004565, 35.142987 ], [ -90.005215, 35.14304 ], [ -90.005345, 35.143049 ], [ -90.005605, 35.143071 ], [ -90.005951, 35.143097 ], [ -90.007077, 35.143184 ], [ -90.007101, 35.143186 ], [ -90.007155, 35.143192 ], [ -90.007823, 35.143247 ], [ -90.00842, 35.1433 ], [ -90.008544, 35.14331 ], [ -90.008918, 35.143344 ], [ -90.009043, 35.143355 ], [ -90.009165, 35.143366 ], [ -90.009531, 35.143398 ], [ -90.009654, 35.143411 ], [ -90.009809, 35.143425 ], [ -90.009902, 35.143434 ], [ -90.010481, 35.143487 ], [ -90.010522, 35.143487 ], [ -90.010629, 35.143498 ], [ -90.010697, 35.143505 ], [ -90.01118, 35.14355 ], [ -90.011269, 35.143559 ], [ -90.011341, 35.143566 ], [ -90.01144, 35.143576 ], [ -90.011739, 35.143603 ], [ -90.011839, 35.143611 ], [ -90.012064, 35.143631 ], [ -90.01243, 35.143665 ], [ -90.01274, 35.143693 ], [ -90.012966, 35.143713 ], [ -90.01309, 35.143724 ], [ -90.013465, 35.143757 ], [ -90.01359, 35.143769 ], [ -90.013673, 35.143775 ], [ -90.013922, 35.143797 ], [ -90.014006, 35.143805 ], [ -90.014012, 35.144025 ], [ -90.013985, 35.144211 ], [ -90.01381, 35.145429 ], [ -90.013753, 35.145834 ], [ -90.013698, 35.146225 ], [ -90.013619, 35.146792 ], [ -90.013521, 35.1474 ], [ -90.013459, 35.147791 ], [ -90.013418, 35.148083 ], [ -90.013295, 35.148955 ], [ -90.013255, 35.149248 ], [ -90.013205, 35.149562 ], [ -90.013057, 35.150503 ], [ -90.013008, 35.150817 ], [ -90.012982, 35.150977 ], [ -90.012946, 35.151205 ], [ -90.012917, 35.151461 ], [ -90.012899, 35.151623 ], [ -90.012879, 35.15168 ], [ -90.012843, 35.15179 ], [ -90.012831, 35.151854 ], [ -90.012821, 35.151915 ], [ -90.012791, 35.152089 ], [ -90.012704, 35.152612 ], [ -90.012676, 35.152787 ], [ -90.012668, 35.152836 ], [ -90.012644, 35.152981 ], [ -90.012636, 35.15303 ], [ -90.012633, 35.153047 ], [ -90.012626, 35.153094 ], [ -90.012623, 35.153112 ], [ -90.012607, 35.153211 ], [ -90.012599, 35.153267 ], [ -90.012572, 35.15344 ], [ -90.012564, 35.153478 ], [ -90.012558, 35.153507 ], [ -90.012554, 35.153529 ], [ -90.012547, 35.15356 ], [ -90.012538, 35.153606 ], [ -90.012524, 35.153672 ], [ -90.0125, 35.153793 ], [ -90.012483, 35.153874 ], [ -90.012469, 35.15394 ], [ -90.012426, 35.154143 ], [ -90.012298, 35.154753 ], [ -90.012256, 35.154958 ], [ -90.012224, 35.155167 ], [ -90.012192, 35.155382 ], [ -90.012176, 35.155482 ], [ -90.01213, 35.1558 ], [ -90.012099, 35.15601 ], [ -90.012084, 35.156118 ], [ -90.012067, 35.156234 ], [ -90.01197, 35.156909 ], [ -90.011938, 35.157134 ], [ -90.011866, 35.15764 ], [ -90.011858, 35.157694 ], [ -90.011807, 35.158041 ], [ -90.011782, 35.158116 ], [ -90.011753, 35.158161 ], [ -90.011861, 35.158167 ], [ -90.011857, 35.158195 ], [ -90.011839, 35.158316 ], [ -90.011633, 35.159786 ], [ -90.011532, 35.160397 ], [ -90.012336, 35.160477 ], [ -90.012152, 35.161685 ], [ -90.01202, 35.162662 ], [ -90.0117, 35.164848 ], [ -90.01244, 35.164918 ], [ -90.012509, 35.164924 ], [ -90.013273, 35.165 ], [ -90.013242, 35.165642 ], [ -90.013192, 35.167431 ], [ -90.013603, 35.167443 ], [ -90.013682, 35.167445 ], [ -90.013919, 35.167454 ], [ -90.013998, 35.167457 ], [ -90.014784, 35.167485 ], [ -90.01516, 35.167499 ], [ -90.01593, 35.167525 ], [ -90.016899, 35.167561 ], [ -90.017142, 35.167569 ], [ -90.017928, 35.167599 ], [ -90.017946, 35.1676 ], [ -90.01808, 35.167603 ], [ -90.018514, 35.16762 ], [ -90.018477, 35.168117 ], [ -90.018362, 35.170518 ], [ -90.017937, 35.170676 ], [ -90.017747, 35.170747 ], [ -90.01748, 35.170846 ], [ -90.017186, 35.170956 ], [ -90.016679, 35.171146 ], [ -90.016413, 35.171245 ], [ -90.016157, 35.17134 ], [ -90.015389, 35.171628 ], [ -90.015134, 35.171724 ], [ -90.014878, 35.171819 ], [ -90.014113, 35.172106 ], [ -90.013858, 35.172201 ], [ -90.013553, 35.172311 ], [ -90.013459, 35.172342 ], [ -90.01308, 35.172464 ], [ -90.012612, 35.172599 ], [ -90.012241, 35.172694 ], [ -90.012148, 35.17272 ], [ -90.011829, 35.172786 ], [ -90.011539, 35.172784 ], [ -90.010754, 35.172779 ], [ -90.010671, 35.172777 ], [ -90.010382, 35.172767 ], [ -90.01, 35.172767 ], [ -90.009469, 35.172767 ], [ -90.008857, 35.172742 ], [ -90.008477, 35.172726 ], [ -90.007552, 35.172691 ], [ -90.004779, 35.172584 ], [ -90.003855, 35.172549 ], [ -90.00312, 35.172519 ], [ -90.002154, 35.172482 ], [ -90.000915, 35.172435 ], [ -90.00018, 35.172407 ], [ -90.000176, 35.172466 ], [ -90.000173, 35.172613 ], [ -90.000172, 35.172646 ], [ -90.000171, 35.172706 ], [ -89.99968, 35.172702 ], [ -89.999242, 35.172683 ], [ -89.998647, 35.172656 ], [ -89.996866, 35.172608 ], [ -89.996455, 35.172619 ], [ -89.996374, 35.172621 ], [ -89.995915, 35.172661 ], [ -89.995532, 35.172715 ], [ -89.995529, 35.17281 ], [ -89.995521, 35.172942 ], [ -89.995501, 35.173278 ], [ -89.995467, 35.173617 ], [ -89.99546, 35.173696 ], [ -89.995422, 35.173839 ], [ -89.995577, 35.174817 ], [ -89.995719, 35.174639 ], [ -89.995804, 35.174535 ], [ -89.995891, 35.174338 ], [ -89.995911, 35.174184 ], [ -89.995873, 35.17401 ], [ -89.995851, 35.173904 ], [ -89.995864, 35.173821 ], [ -89.995893, 35.1738 ], [ -89.995924, 35.173777 ], [ -89.996232, 35.173722 ], [ -89.996814, 35.173667 ], [ -89.997021, 35.173634 ], [ -89.997208, 35.173617 ], [ -89.99761, 35.173573 ], [ -89.998078, 35.173589 ], [ -89.998192, 35.173645 ], [ -89.998279, 35.173694 ], [ -89.998383, 35.173668 ], [ -89.998553, 35.173628 ], [ -89.99872, 35.173567 ], [ -89.998954, 35.173606 ], [ -89.999054, 35.173655 ], [ -89.999235, 35.173655 ], [ -89.999402, 35.173617 ], [ -89.999657, 35.173699 ], [ -89.999857, 35.173808 ], [ -90.000097, 35.173797 ], [ -90.000151, 35.173808 ], [ -90.00016, 35.173865 ], [ -90.000089, 35.173935 ], [ -90.000024, 35.174025 ], [ -90.000028, 35.17413 ], [ -90.000097, 35.174177 ], [ -90.000241, 35.174122 ], [ -90.000515, 35.174105 ], [ -90.000648, 35.174194 ], [ -90.000695, 35.174264 ], [ -90.000802, 35.174489 ], [ -90.000762, 35.174605 ], [ -90.000561, 35.17478 ], [ -90.000568, 35.174896 ], [ -90.000594, 35.174918 ], [ -90.000701, 35.174934 ], [ -90.000862, 35.175039 ], [ -90.000929, 35.175253 ], [ -90.000922, 35.175452 ], [ -90.000808, 35.175599 ], [ -90.000681, 35.175681 ], [ -90.000667, 35.175708 ], [ -90.000567, 35.175759 ], [ -90.000467, 35.175863 ], [ -90.000487, 35.175973 ], [ -90.000553, 35.176039 ], [ -90.000674, 35.176094 ], [ -90.000774, 35.176116 ], [ -90.000513, 35.176291 ], [ -90.000359, 35.1764 ], [ -90.000346, 35.176428 ], [ -90.000252, 35.176455 ], [ -90.000099, 35.176455 ], [ -90.000051, 35.176499 ], [ -90.000033, 35.176562 ], [ -90.000047, 35.176624 ], [ -90.000099, 35.176637 ], [ -90.000346, 35.176521 ], [ -90.00062, 35.176455 ], [ -90.000754, 35.176461 ], [ -90.001048, 35.17655 ], [ -90.001088, 35.176556 ], [ -90.001516, 35.176632 ], [ -90.002078, 35.176626 ], [ -90.00217, 35.176593 ], [ -90.002233, 35.17662 ], [ -90.002317, 35.176642 ], [ -90.002468, 35.17666 ], [ -90.002539, 35.176643 ], [ -90.00261, 35.176626 ], [ -90.003101, 35.176679 ], [ -90.004575, 35.176835 ], [ -90.005067, 35.176887 ], [ -90.005203, 35.176888 ], [ -90.005518, 35.176893 ], [ -90.005613, 35.176904 ], [ -90.005749, 35.176918 ], [ -90.005921, 35.176926 ], [ -90.006437, 35.176946 ], [ -90.00661, 35.176955 ], [ -90.006775, 35.17696 ], [ -90.007271, 35.17698 ], [ -90.007437, 35.176988 ], [ -90.007561, 35.176994 ], [ -90.007899, 35.177017 ], [ -90.007935, 35.177018 ], [ -90.00806, 35.17703 ], [ -90.00821, 35.176983 ], [ -90.008346, 35.17704 ], [ -90.008315, 35.178086 ], [ -90.008314, 35.178121 ], [ -90.008234, 35.181222 ], [ -90.008217, 35.181925 ], [ -90.008212, 35.182268 ], [ -90.00821, 35.182371 ], [ -90.008138, 35.186219 ], [ -90.00811, 35.187262 ], [ -90.00811, 35.187276 ], [ -90.008104, 35.187497 ], [ -90.0081, 35.187652 ], [ -90.008097, 35.18773 ], [ -90.008095, 35.187756 ], [ -90.008091, 35.187839 ], [ -90.008091, 35.187867 ], [ -90.008085, 35.188007 ], [ -90.008082, 35.18826 ], [ -90.008097, 35.188907 ], [ -90.008112, 35.189576 ], [ -90.008087, 35.190143 ], [ -90.008051, 35.191462 ], [ -90.008047, 35.191648 ], [ -90.008044, 35.191719 ], [ -90.008037, 35.191928 ], [ -90.008036, 35.192001 ], [ -90.008035, 35.192034 ], [ -90.008033, 35.192158 ], [ -90.008033, 35.192175 ], [ -90.00802, 35.192477 ], [ -90.00802, 35.192492 ], [ -90.008015, 35.192639 ], [ -90.008011, 35.192798 ], [ -90.008011, 35.192893 ], [ -90.008006, 35.193314 ], [ -90.007944, 35.193368 ], [ -90.007851, 35.193444 ], [ -90.007776, 35.193509 ], [ -90.007743, 35.193537 ], [ -90.007657, 35.19361 ], [ -90.007205, 35.194051 ], [ -90.007173, 35.194081 ], [ -90.00709, 35.19416 ], [ -90.006985, 35.194263 ], [ -90.006552, 35.194675 ], [ -90.006517, 35.19471 ], [ -90.006122, 35.195115 ], [ -90.005648, 35.195637 ], [ -90.005428, 35.195879 ], [ -90.005331, 35.195989 ], [ -90.005169, 35.196172 ], [ -90.004936, 35.196438 ], [ -90.004726, 35.196714 ], [ -90.004706, 35.196742 ], [ -90.00465, 35.196824 ], [ -90.004144, 35.197575 ], [ -90.004106, 35.197632 ], [ -90.003994, 35.197806 ], [ -90.003958, 35.197868 ], [ -90.00352, 35.198315 ], [ -90.003332, 35.198479 ], [ -90.003081, 35.198653 ], [ -90.002919, 35.198752 ], [ -90.002897, 35.198763 ], [ -90.002328, 35.199058 ], [ -90.002297, 35.199075 ], [ -90.002142, 35.199163 ], [ -90.001976, 35.199259 ], [ -90.001942, 35.199287 ], [ -90.001812, 35.199397 ], [ -90.001677, 35.199551 ], [ -90.001598, 35.199676 ], [ -90.001541, 35.199793 ], [ -90.001525, 35.199841 ], [ -90.00145, 35.200063 ], [ -90.001392, 35.200249 ], [ -90.001253, 35.2007 ], [ -90.001209, 35.200803 ], [ -90.001135, 35.200983 ], [ -90.001108, 35.201028 ], [ -90.001031, 35.201162 ], [ -90.000915, 35.201375 ], [ -90.000743, 35.201643 ], [ -90.000354, 35.202264 ], [ -90.000114, 35.202869 ], [ -90.000034, 35.203091 ], [ -89.999885, 35.203398 ], [ -89.999786, 35.203574 ], [ -89.999617, 35.203787 ], [ -89.999415, 35.203989 ], [ -89.999137, 35.204221 ], [ -89.998875, 35.204418 ], [ -89.99865, 35.204581 ], [ -89.998342, 35.204746 ], [ -89.998869, 35.204848 ], [ -89.999074, 35.20491 ], [ -89.999207, 35.204966 ], [ -89.999384, 35.205071 ], [ -89.999704, 35.205338 ], [ -89.99991, 35.205534 ], [ -89.99993, 35.205566 ], [ -89.999956, 35.205629 ], [ -90.000042, 35.205658 ], [ -90.000068, 35.205672 ], [ -90.000139, 35.20571 ], [ -90.000865, 35.20634 ], [ -90.001394, 35.206792 ], [ -90.001528, 35.206905 ], [ -90.00193, 35.207245 ], [ -90.002064, 35.207359 ], [ -90.002218, 35.207487 ], [ -90.002628, 35.207827 ], [ -90.002672, 35.207884 ], [ -90.002713, 35.207935 ], [ -90.002754, 35.208017 ], [ -90.002762, 35.20806 ], [ -90.002973, 35.208095 ], [ -90.003098, 35.208116 ], [ -90.003339, 35.208161 ], [ -90.003379, 35.208168 ], [ -90.003593, 35.20821 ], [ -90.003604, 35.208213 ], [ -90.003815, 35.208254 ], [ -90.004099, 35.208309 ], [ -90.004336, 35.208343 ], [ -90.004504, 35.208352 ], [ -90.004742, 35.208357 ], [ -90.007546, 35.208419 ], [ -90.00779, 35.208424 ], [ -90.008481, 35.208444 ], [ -90.008828, 35.208487 ], [ -90.009869, 35.208619 ], [ -90.010216, 35.208664 ], [ -90.010508, 35.208697 ], [ -90.011291, 35.208791 ], [ -90.011384, 35.208801 ], [ -90.011677, 35.208838 ], [ -90.0117, 35.208928 ], [ -90.011699, 35.208952 ], [ -90.011691, 35.209303 ], [ -90.011689, 35.209421 ], [ -90.012192, 35.209433 ], [ -90.012301, 35.209437 ], [ -90.012532, 35.209467 ], [ -90.012619, 35.209508 ], [ -90.012759, 35.209598 ], [ -90.012858, 35.209689 ], [ -90.012942, 35.20982 ], [ -90.012989, 35.209973 ], [ -90.012993, 35.210428 ], [ -90.012996, 35.210711 ], [ -90.012988, 35.210932 ], [ -90.012974, 35.211374 ], [ -90.012933, 35.212705 ], [ -90.01292, 35.21315 ], [ -90.015108, 35.213169 ], [ -90.015106, 35.213211 ], [ -90.015069, 35.214247 ], [ -90.015058, 35.21478 ], [ -90.015049, 35.215044 ], [ -90.015031, 35.215609 ], [ -90.015024, 35.215835 ], [ -90.015018, 35.216099 ], [ -90.015017, 35.21628 ], [ -90.015017, 35.216819 ], [ -90.015012, 35.217005 ], [ -90.015006, 35.217185 ], [ -90.014991, 35.217727 ], [ -90.014986, 35.217909 ], [ -90.01498, 35.218108 ], [ -90.014964, 35.218706 ], [ -90.01496, 35.218907 ], [ -90.014947, 35.219379 ], [ -90.014919, 35.22047 ], [ -90.014918, 35.220521 ], [ -90.014909, 35.2208 ], [ -90.014895, 35.221274 ], [ -90.014887, 35.221581 ], [ -90.014864, 35.222501 ], [ -90.014857, 35.22281 ], [ -90.014853, 35.222953 ], [ -90.01484, 35.223385 ], [ -90.014837, 35.22353 ], [ -90.014837, 35.223714 ], [ -90.014839, 35.223937 ], [ -90.014853, 35.224049 ], [ -90.014868, 35.224174 ], [ -90.014885, 35.22427 ], [ -90.01492, 35.224452 ], [ -90.014939, 35.224638 ], [ -90.014939, 35.224874 ], [ -90.014925, 35.225216 ], [ -90.014918, 35.225409 ], [ -90.015121, 35.225502 ], [ -90.015731, 35.225781 ], [ -90.015935, 35.225873 ], [ -90.016334, 35.225361 ], [ -90.01712, 35.224405 ], [ -90.017576, 35.223852 ], [ -90.01799, 35.22335 ], [ -90.018198, 35.223321 ], [ -90.018825, 35.223236 ], [ -90.019034, 35.223208 ], [ -90.019001, 35.223247 ], [ -90.019, 35.223299 ], [ -90.019063, 35.223472 ], [ -90.019133, 35.223641 ], [ -90.019676, 35.224945 ], [ -90.019816, 35.225279 ], [ -90.019828, 35.225347 ], [ -90.019825, 35.225388 ], [ -90.020021, 35.22539 ], [ -90.020609, 35.2254 ], [ -90.020805, 35.225405 ], [ -90.021294, 35.225414 ], [ -90.022442, 35.225439 ], [ -90.022764, 35.225451 ], [ -90.023086, 35.225463 ], [ -90.023167, 35.225456 ], [ -90.023253, 35.225448 ], [ -90.023122, 35.225629 ], [ -90.02273, 35.226176 ], [ -90.022647, 35.226291 ], [ -90.022595, 35.226354 ], [ -90.022555, 35.226402 ], [ -90.022435, 35.226548 ], [ -90.022396, 35.226597 ], [ -90.022245, 35.226782 ], [ -90.022187, 35.22685 ], [ -90.02233, 35.226858 ] ] ] } },
{ "type": "Feature", "properties": { "ShelbyCoun": "4" }, "geometry": { "type": "Polygon", "coordinates": [ [ [ -89.853461, 35.131608 ], [ -89.853657, 35.13178 ], [ -89.853888, 35.131945 ], [ -89.853952, 35.131995 ], [ -89.854262, 35.132196 ], [ -89.854728, 35.132467 ], [ -89.85485, 35.132565 ], [ -89.854938, 35.132652 ], [ -89.855101, 35.132813 ], [ -89.85517, 35.132877 ], [ -89.855235, 35.132937 ], [ -89.855279, 35.132979 ], [ -89.85531, 35.133007 ], [ -89.855388, 35.133078 ], [ -89.855451, 35.133136 ], [ -89.855481, 35.133161 ], [ -89.855827, 35.133386 ], [ -89.8559, 35.133426 ], [ -89.855962, 35.133477 ], [ -89.85628, 35.133773 ], [ -89.856329, 35.133832 ], [ -89.856418, 35.133955 ], [ -89.856576, 35.134128 ], [ -89.856663, 35.134208 ], [ -89.856791, 35.134307 ], [ -89.856839, 35.134338 ], [ -89.856929, 35.134396 ], [ -89.857921, 35.13512 ], [ -89.859001, 35.135909 ], [ -89.86022, 35.13684 ], [ -89.860629, 35.137166 ], [ -89.860992, 35.137477 ], [ -89.861244, 35.137679 ], [ -89.861872, 35.138073 ], [ -89.862401, 35.138397 ], [ -89.862617, 35.138521 ], [ -89.863354, 35.138915 ], [ -89.863493, 35.139012 ], [ -89.863591, 35.139084 ], [ -89.863993, 35.139326 ], [ -89.864166, 35.139437 ], [ -89.864359, 35.139525 ], [ -89.8653, 35.140058 ], [ -89.865565, 35.140186 ], [ -89.865636, 35.140228 ], [ -89.865807, 35.140341 ], [ -89.865963, 35.140467 ], [ -89.866168, 35.140603 ], [ -89.866243, 35.14064 ], [ -89.866313, 35.140684 ], [ -89.866613, 35.140835 ], [ -89.866925, 35.140999 ], [ -89.867033, 35.141051 ], [ -89.867161, 35.141078 ], [ -89.867363, 35.141149 ], [ -89.867489, 35.141185 ], [ -89.867762, 35.141299 ], [ -89.867799, 35.141321 ], [ -89.868003, 35.141456 ], [ -89.86828, 35.141686 ], [ -89.868416, 35.141769 ], [ -89.868665, 35.141923 ], [ -89.869008, 35.142086 ], [ -89.869194, 35.142184 ], [ -89.869347, 35.142254 ], [ -89.869549, 35.142326 ], [ -89.869782, 35.142429 ], [ -89.870072, 35.142592 ], [ -89.870228, 35.142659 ], [ -89.870371, 35.142742 ], [ -89.871403, 35.143294 ], [ -89.871767, 35.143497 ], [ -89.872001, 35.143598 ], [ -89.872248, 35.143673 ], [ -89.872418, 35.143712 ], [ -89.872505, 35.143726 ], [ -89.872547, 35.143738 ], [ -89.872588, 35.143754 ], [ -89.872624, 35.143775 ], [ -89.872656, 35.143801 ], [ -89.872726, 35.14389 ], [ -89.872811, 35.144056 ], [ -89.87285, 35.144122 ], [ -89.872925, 35.144247 ], [ -89.873033, 35.144443 ], [ -89.873081, 35.14458 ], [ -89.873242, 35.144833 ], [ -89.873294, 35.14489 ], [ -89.873351, 35.144945 ], [ -89.873622, 35.145225 ], [ -89.87374, 35.145331 ], [ -89.873876, 35.145449 ], [ -89.874486, 35.145978 ], [ -89.875248, 35.146639 ], [ -89.876323, 35.147555 ], [ -89.876938, 35.14808 ], [ -89.877393, 35.148469 ], [ -89.878182, 35.149145 ], [ -89.878268, 35.149227 ], [ -89.878291, 35.149257 ], [ -89.878383, 35.149459 ], [ -89.878417, 35.149561 ], [ -89.878435, 35.149631 ], [ -89.878461, 35.149829 ], [ -89.87854, 35.150423 ], [ -89.87865, 35.150403 ], [ -89.878761, 35.150383 ], [ -89.879792, 35.150195 ], [ -89.881262, 35.149949 ], [ -89.880574, 35.149124 ], [ -89.879938, 35.14846 ], [ -89.87923, 35.147878 ], [ -89.878885, 35.147624 ], [ -89.877231, 35.146525 ], [ -89.875811, 35.145581 ], [ -89.875424, 35.14532 ], [ -89.874766, 35.144849 ], [ -89.873991, 35.144251 ], [ -89.873393, 35.143764 ], [ -89.872852, 35.14329 ], [ -89.872343, 35.142812 ], [ -89.871687, 35.142159 ], [ -89.870969, 35.141375 ], [ -89.870585, 35.140916 ], [ -89.870213, 35.140451 ], [ -89.869853, 35.13997 ], [ -89.869659, 35.139691 ], [ -89.869143, 35.138898 ], [ -89.868879, 35.138436 ], [ -89.86866, 35.138007 ], [ -89.868429, 35.137513 ], [ -89.868188, 35.13695 ], [ -89.867999, 35.136418 ], [ -89.867939, 35.136225 ], [ -89.867924, 35.13617 ], [ -89.868035, 35.136044 ], [ -89.868109, 35.13594 ], [ -89.867853, 35.134921 ], [ -89.867759, 35.134366 ], [ -89.867709, 35.133965 ], [ -89.867697, 35.13386 ], [ -89.86766, 35.133395 ], [ -89.867642, 35.13292 ], [ -89.867662, 35.131979 ], [ -89.86778, 35.130961 ], [ -89.867946, 35.130964 ], [ -89.868104, 35.130967 ], [ -89.868245, 35.13097 ], [ -89.868485, 35.130975 ], [ -89.868887, 35.130984 ], [ -89.870813, 35.131031 ], [ -89.871455, 35.131048 ], [ -89.871548, 35.13105 ], [ -89.871828, 35.131059 ], [ -89.871922, 35.131062 ], [ -89.871949, 35.130652 ], [ -89.872016, 35.129646 ], [ -89.872027, 35.129427 ], [ -89.872049, 35.129017 ], [ -89.871737, 35.129026 ], [ -89.871456, 35.129036 ], [ -89.87104, 35.129067 ], [ -89.870804, 35.129069 ], [ -89.870747, 35.12907 ], [ -89.870494, 35.12909 ], [ -89.870484, 35.129003 ], [ -89.870511, 35.128827 ], [ -89.870586, 35.128346 ], [ -89.870604, 35.128149 ], [ -89.87062, 35.128037 ], [ -89.870658, 35.127775 ], [ -89.870921, 35.127786 ], [ -89.871281, 35.127801 ], [ -89.871713, 35.127815 ], [ -89.871977, 35.127826 ], [ -89.872115, 35.127829 ], [ -89.872519, 35.127822 ], [ -89.872576, 35.127811 ], [ -89.874037, 35.127561 ], [ -89.874284, 35.127522 ], [ -89.874352, 35.127516 ], [ -89.874477, 35.127509 ], [ -89.874609, 35.127519 ], [ -89.874949, 35.127564 ], [ -89.875028, 35.127576 ], [ -89.875161, 35.127613 ], [ -89.875438, 35.127692 ], [ -89.875663, 35.127785 ], [ -89.875773, 35.127845 ], [ -89.875784, 35.127851 ], [ -89.875955, 35.127967 ], [ -89.876064, 35.127847 ], [ -89.876211, 35.127686 ], [ -89.876301, 35.127522 ], [ -89.876325, 35.127443 ], [ -89.876373, 35.127288 ], [ -89.876694, 35.127347 ], [ -89.877657, 35.127524 ], [ -89.877979, 35.127584 ], [ -89.878361, 35.127638 ], [ -89.878416, 35.127646 ], [ -89.878782, 35.127647 ], [ -89.879519, 35.127663 ], [ -89.879906, 35.127672 ], [ -89.880629, 35.127688 ], [ -89.882797, 35.127733 ], [ -89.883521, 35.12775 ], [ -89.884047, 35.127764 ], [ -89.884494, 35.127775 ], [ -89.884834, 35.127815 ], [ -89.885625, 35.12784 ], [ -89.886152, 35.127856 ], [ -89.886218, 35.127859 ], [ -89.886414, 35.127902 ], [ -89.886766, 35.127978 ], [ -89.8872, 35.128054 ], [ -89.887463, 35.1281 ], [ -89.88748, 35.127682 ], [ -89.88749, 35.127443 ], [ -89.887531, 35.126433 ], [ -89.887549, 35.126017 ], [ -89.887555, 35.12583 ], [ -89.887568, 35.125494 ], [ -89.887572, 35.125397 ], [ -89.887578, 35.125265 ], [ -89.887588, 35.125079 ], [ -89.887596, 35.12485 ], [ -89.887623, 35.124161 ], [ -89.887632, 35.123933 ], [ -89.887642, 35.123649 ], [ -89.887674, 35.122796 ], [ -89.887686, 35.122513 ], [ -89.888306, 35.122526 ], [ -89.889448, 35.122554 ], [ -89.890122, 35.122567 ], [ -89.890166, 35.122567 ], [ -89.890787, 35.12258 ], [ -89.891051, 35.122586 ], [ -89.891843, 35.122606 ], [ -89.892108, 35.122613 ], [ -89.892276, 35.122615 ], [ -89.892782, 35.122621 ], [ -89.892951, 35.122625 ], [ -89.893337, 35.122636 ], [ -89.893549, 35.122642 ], [ -89.894495, 35.122656 ], [ -89.894555, 35.122657 ], [ -89.894882, 35.122668 ], [ -89.894855, 35.122937 ], [ -89.894842, 35.123162 ], [ -89.894774, 35.124423 ], [ -89.894761, 35.124643 ], [ -89.894735, 35.125138 ], [ -89.894726, 35.125284 ], [ -89.894703, 35.125724 ], [ -89.894696, 35.125871 ], [ -89.894683, 35.126101 ], [ -89.894674, 35.126279 ], [ -89.894647, 35.126791 ], [ -89.894636, 35.127022 ], [ -89.894627, 35.127201 ], [ -89.894619, 35.127404 ], [ -89.894634, 35.127713 ], [ -89.894642, 35.127738 ], [ -89.894697, 35.12791 ], [ -89.89461, 35.127974 ], [ -89.894551, 35.128043 ], [ -89.894518, 35.128138 ], [ -89.894479, 35.128389 ], [ -89.89444, 35.128642 ], [ -89.894425, 35.128988 ], [ -89.894428, 35.130044 ], [ -89.89443, 35.130598 ], [ -89.894639, 35.130603 ], [ -89.895157, 35.130613 ], [ -89.895269, 35.130615 ], [ -89.89548, 35.13062 ], [ -89.896078, 35.130631 ], [ -89.897444, 35.13066 ], [ -89.897632, 35.130682 ], [ -89.897768, 35.130699 ], [ -89.89787, 35.130716 ], [ -89.898461, 35.130818 ], [ -89.898773, 35.130865 ], [ -89.898827, 35.130869 ], [ -89.899146, 35.130904 ], [ -89.899934, 35.130926 ], [ -89.900304, 35.130936 ], [ -89.900777, 35.130947 ], [ -89.902196, 35.13098 ], [ -89.90267, 35.130992 ], [ -89.903008, 35.131 ], [ -89.904022, 35.131023 ], [ -89.90436, 35.131031 ], [ -89.904774, 35.131038 ], [ -89.904882, 35.131042 ], [ -89.905633, 35.131058 ], [ -89.906016, 35.131066 ], [ -89.90643, 35.131074 ], [ -89.906627, 35.131079 ], [ -89.907218, 35.13109 ], [ -89.907416, 35.131095 ], [ -89.9075, 35.131096 ], [ -89.907646, 35.131099 ], [ -89.907755, 35.1311 ], [ -89.90784, 35.131102 ], [ -89.907971, 35.131104 ], [ -89.908367, 35.13111 ], [ -89.908499, 35.131113 ], [ -89.908936, 35.131124 ], [ -89.909198, 35.13113 ], [ -89.91025, 35.131153 ], [ -89.910689, 35.131163 ], [ -89.911139, 35.131173 ], [ -89.91154, 35.131183 ], [ -89.912053, 35.131194 ], [ -89.912248, 35.131197 ], [ -89.912489, 35.131203 ], [ -89.912513, 35.131203 ], [ -89.91294, 35.131214 ], [ -89.913065, 35.131217 ], [ -89.913443, 35.131225 ], [ -89.913569, 35.131229 ], [ -89.913622, 35.131231 ], [ -89.913769, 35.131234 ], [ -89.91436, 35.131245 ], [ -89.914372, 35.131245 ], [ -89.914573, 35.131251 ], [ -89.914757, 35.131254 ], [ -89.915309, 35.131268 ], [ -89.915494, 35.131273 ], [ -89.915688, 35.131279 ], [ -89.91627, 35.131293 ], [ -89.916465, 35.131297 ], [ -89.916623, 35.131302 ], [ -89.917097, 35.131313 ], [ -89.917256, 35.131319 ], [ -89.917318, 35.131319 ], [ -89.917381, 35.131321 ], [ -89.91749, 35.131324 ], [ -89.918192, 35.131338 ], [ -89.918427, 35.131344 ], [ -89.918676, 35.131352 ], [ -89.918967, 35.131357 ], [ -89.919247, 35.131364 ], [ -89.919985, 35.131381 ], [ -89.920094, 35.131386 ], [ -89.920589, 35.131395 ], [ -89.920925, 35.131403 ], [ -89.92113, 35.131407 ], [ -89.92182, 35.131422 ], [ -89.922246, 35.131432 ], [ -89.922532, 35.131439 ], [ -89.923891, 35.131468 ], [ -89.924468, 35.131481 ], [ -89.924582, 35.131481 ], [ -89.924774, 35.131485 ], [ -89.92535, 35.131498 ], [ -89.925543, 35.131504 ], [ -89.925837, 35.13151 ], [ -89.925859, 35.131511 ], [ -89.926144, 35.131519 ], [ -89.926722, 35.131533 ], [ -89.927017, 35.131541 ], [ -89.927338, 35.131547 ], [ -89.927845, 35.13156 ], [ -89.928174, 35.131569 ], [ -89.928304, 35.131571 ], [ -89.928626, 35.13158 ], [ -89.928896, 35.131583 ], [ -89.928937, 35.131585 ], [ -89.929008, 35.131586 ], [ -89.929709, 35.131601 ], [ -89.92998, 35.131608 ], [ -89.930741, 35.131625 ], [ -89.932962, 35.131676 ], [ -89.933027, 35.131676 ], [ -89.933789, 35.131693 ], [ -89.934388, 35.131706 ], [ -89.935528, 35.131733 ], [ -89.936004, 35.131744 ], [ -89.936188, 35.131747 ], [ -89.936788, 35.131761 ], [ -89.937321, 35.131774 ], [ -89.938922, 35.131812 ], [ -89.939456, 35.131825 ], [ -89.939691, 35.13183 ], [ -89.940183, 35.131842 ], [ -89.940396, 35.131847 ], [ -89.940631, 35.131853 ], [ -89.940791, 35.131856 ], [ -89.941271, 35.131865 ], [ -89.941432, 35.13187 ], [ -89.941821, 35.131878 ], [ -89.942691, 35.131896 ], [ -89.942991, 35.131902 ], [ -89.943107, 35.131905 ], [ -89.943381, 35.131912 ], [ -89.943505, 35.131913 ], [ -89.943877, 35.131921 ], [ -89.944002, 35.131924 ], [ -89.944217, 35.13193 ], [ -89.944656, 35.131941 ], [ -89.944864, 35.131941 ], [ -89.94508, 35.131943 ], [ -89.945088, 35.131645 ], [ -89.94509, 35.13158 ], [ -89.945122, 35.13075 ], [ -89.945134, 35.130452 ], [ -89.945143, 35.130218 ], [ -89.945169, 35.129518 ], [ -89.945179, 35.129286 ], [ -89.945181, 35.129188 ], [ -89.945187, 35.128901 ], [ -89.94519, 35.128805 ], [ -89.945194, 35.128602 ], [ -89.945201, 35.128296 ], [ -89.945215, 35.127997 ], [ -89.945225, 35.127797 ], [ -89.945237, 35.127517 ], [ -89.945275, 35.126683 ], [ -89.945288, 35.126405 ], [ -89.945295, 35.126222 ], [ -89.945309, 35.125887 ], [ -89.945318, 35.125673 ], [ -89.945326, 35.125491 ], [ -89.945331, 35.12535 ], [ -89.94534, 35.125149 ], [ -89.945347, 35.124929 ], [ -89.945353, 35.124789 ], [ -89.945356, 35.124719 ], [ -89.945364, 35.124507 ], [ -89.945368, 35.124437 ], [ -89.945378, 35.12419 ], [ -89.945393, 35.123836 ], [ -89.945408, 35.123449 ], [ -89.945418, 35.123204 ], [ -89.945022, 35.123189 ], [ -89.943834, 35.123149 ], [ -89.943439, 35.123137 ], [ -89.942851, 35.123118 ], [ -89.942741, 35.123115 ], [ -89.942334, 35.123104 ], [ -89.941087, 35.123068 ], [ -89.940499, 35.123052 ], [ -89.939292, 35.123019 ], [ -89.937252, 35.122958 ], [ -89.936119, 35.122931 ], [ -89.934819, 35.122892 ], [ -89.933676, 35.122858 ], [ -89.933608, 35.122856 ], [ -89.931152, 35.122791 ], [ -89.930872, 35.122781 ], [ -89.930591, 35.122772 ], [ -89.930129, 35.122758 ], [ -89.930032, 35.122757 ], [ -89.929752, 35.122751 ], [ -89.92952, 35.122746 ], [ -89.928824, 35.122733 ], [ -89.928593, 35.122729 ], [ -89.928038, 35.122712 ], [ -89.926538, 35.12267 ], [ -89.926464, 35.122667 ], [ -89.926374, 35.122664 ], [ -89.92582, 35.12265 ], [ -89.925822, 35.122544 ], [ -89.92583, 35.122229 ], [ -89.925834, 35.122124 ], [ -89.925836, 35.122051 ], [ -89.925844, 35.121832 ], [ -89.925848, 35.121761 ], [ -89.925853, 35.121572 ], [ -89.92587, 35.121006 ], [ -89.925877, 35.120819 ], [ -89.925878, 35.120765 ], [ -89.925883, 35.120608 ], [ -89.925886, 35.120556 ], [ -89.925891, 35.12039 ], [ -89.925901, 35.12012 ], [ -89.925906, 35.119912 ], [ -89.925906, 35.119887 ], [ -89.925913, 35.119721 ], [ -89.925916, 35.119567 ], [ -89.925927, 35.119108 ], [ -89.925932, 35.118957 ], [ -89.925945, 35.118472 ], [ -89.925976, 35.117366 ], [ -89.925985, 35.117019 ], [ -89.925999, 35.116535 ], [ -89.926, 35.116451 ], [ -89.926003, 35.116198 ], [ -89.926005, 35.116115 ], [ -89.926006, 35.11608 ], [ -89.926008, 35.115978 ], [ -89.92601, 35.115943 ], [ -89.926011, 35.115901 ], [ -89.926016, 35.115778 ], [ -89.926018, 35.115736 ], [ -89.925798, 35.115722 ], [ -89.924339, 35.11569 ], [ -89.923075, 35.115665 ], [ -89.919301, 35.115581 ], [ -89.917622, 35.115545 ], [ -89.916007, 35.115497 ], [ -89.915462, 35.115482 ], [ -89.911163, 35.115385 ], [ -89.910851, 35.115379 ], [ -89.91013, 35.115344 ], [ -89.909552, 35.115286 ], [ -89.909127, 35.11523 ], [ -89.909025, 35.115217 ], [ -89.907863, 35.115012 ], [ -89.907442, 35.114937 ], [ -89.90748, 35.114672 ], [ -89.907492, 35.114413 ], [ -89.907529, 35.113662 ], [ -89.90753, 35.113197 ], [ -89.907539, 35.112832 ], [ -89.907548, 35.112496 ], [ -89.907577, 35.112367 ], [ -89.9076, 35.112314 ], [ -89.907598, 35.112105 ], [ -89.907598, 35.112045 ], [ -89.907626, 35.111477 ], [ -89.907637, 35.111269 ], [ -89.907644, 35.111137 ], [ -89.907649, 35.111033 ], [ -89.907658, 35.110853 ], [ -89.907684, 35.110329 ], [ -89.907697, 35.110096 ], [ -89.907701, 35.110017 ], [ -89.907728, 35.109485 ], [ -89.907729, 35.109459 ], [ -89.907751, 35.109012 ], [ -89.907756, 35.108926 ], [ -89.90778, 35.108429 ], [ -89.907796, 35.108134 ], [ -89.907831, 35.107551 ], [ -89.907864, 35.10702 ], [ -89.907868, 35.106916 ], [ -89.907203, 35.106898 ], [ -89.905209, 35.106848 ], [ -89.904545, 35.106831 ], [ -89.904227, 35.106821 ], [ -89.903543, 35.106804 ], [ -89.903274, 35.106797 ], [ -89.902957, 35.106789 ], [ -89.902542, 35.106777 ], [ -89.902269, 35.106769 ], [ -89.90207, 35.106764 ], [ -89.901828, 35.106758 ], [ -89.901536, 35.106753 ], [ -89.901405, 35.106746 ], [ -89.901294, 35.106744 ], [ -89.899394, 35.106698 ], [ -89.898789, 35.106682 ], [ -89.898111, 35.106664 ], [ -89.89608, 35.106611 ], [ -89.895403, 35.106593 ], [ -89.895404, 35.106565 ], [ -89.89541, 35.106369 ], [ -89.895427, 35.105852 ], [ -89.895429, 35.1057 ], [ -89.895434, 35.105477 ], [ -89.895437, 35.105401 ], [ -89.895446, 35.105178 ], [ -89.89545, 35.105103 ], [ -89.895455, 35.104976 ], [ -89.895472, 35.104591 ], [ -89.895478, 35.104464 ], [ -89.895479, 35.104416 ], [ -89.895484, 35.10427 ], [ -89.895486, 35.104222 ], [ -89.895493, 35.104076 ], [ -89.895511, 35.103639 ], [ -89.895518, 35.103493 ], [ -89.895525, 35.10332 ], [ -89.895547, 35.102804 ], [ -89.895555, 35.102633 ], [ -89.895562, 35.102463 ], [ -89.895585, 35.101952 ], [ -89.895593, 35.101782 ], [ -89.895599, 35.101619 ], [ -89.895619, 35.101127 ], [ -89.895627, 35.100964 ], [ -89.895632, 35.100817 ], [ -89.895649, 35.100374 ], [ -89.895656, 35.100226 ], [ -89.895662, 35.100082 ], [ -89.895681, 35.099647 ], [ -89.895688, 35.099504 ], [ -89.895694, 35.09935 ], [ -89.895712, 35.098893 ], [ -89.895719, 35.098741 ], [ -89.895724, 35.098585 ], [ -89.895741, 35.098121 ], [ -89.895747, 35.097966 ], [ -89.895753, 35.097812 ], [ -89.89577, 35.097356 ], [ -89.895777, 35.097203 ], [ -89.895783, 35.097033 ], [ -89.895803, 35.096526 ], [ -89.89581, 35.096357 ], [ -89.895816, 35.09619 ], [ -89.895833, 35.09569 ], [ -89.89584, 35.095523 ], [ -89.895846, 35.095358 ], [ -89.895863, 35.094865 ], [ -89.89587, 35.094702 ], [ -89.895876, 35.094527 ], [ -89.895896, 35.094002 ], [ -89.895904, 35.093828 ], [ -89.895911, 35.093644 ], [ -89.895934, 35.093095 ], [ -89.895943, 35.092914 ], [ -89.895948, 35.092746 ], [ -89.895964, 35.092244 ], [ -89.89597, 35.092078 ], [ -89.895976, 35.091899 ], [ -89.895993, 35.091364 ], [ -89.896, 35.091186 ], [ -89.896025, 35.090556 ], [ -89.896099, 35.088673 ], [ -89.896125, 35.088045 ], [ -89.896142, 35.087557 ], [ -89.896183, 35.08643 ], [ -89.896165, 35.086196 ], [ -89.89614, 35.086101 ], [ -89.896093, 35.085918 ], [ -89.896045, 35.085775 ], [ -89.895987, 35.085642 ], [ -89.895923, 35.085493 ], [ -89.895905, 35.085466 ], [ -89.895837, 35.085361 ], [ -89.895634, 35.085121 ], [ -89.89553, 35.085028 ], [ -89.895445, 35.084952 ], [ -89.895383, 35.084905 ], [ -89.895069, 35.084781 ], [ -89.89505, 35.084773 ], [ -89.894923, 35.084722 ], [ -89.89463, 35.084637 ], [ -89.894404, 35.084609 ], [ -89.894062, 35.08462 ], [ -89.894, 35.084626 ], [ -89.893645, 35.084668 ], [ -89.893376, 35.084699 ], [ -89.893021, 35.084697 ], [ -89.892732, 35.084662 ], [ -89.89255, 35.08462 ], [ -89.892288, 35.084561 ], [ -89.891531, 35.084382 ], [ -89.891334, 35.084347 ], [ -89.890957, 35.084312 ], [ -89.89076, 35.084312 ], [ -89.890171, 35.084342 ], [ -89.889274, 35.084399 ], [ -89.889198, 35.084405 ], [ -89.889041, 35.084418 ], [ -89.888549, 35.084453 ], [ -89.888173, 35.084453 ], [ -89.88693, 35.084525 ], [ -89.885749, 35.084531 ], [ -89.885461, 35.084533 ], [ -89.885293, 35.084536 ], [ -89.884383, 35.084384 ], [ -89.883428, 35.084226 ], [ -89.880882, 35.084283 ], [ -89.879984, 35.084302 ], [ -89.879636, 35.084325 ], [ -89.879482, 35.084258 ], [ -89.879441, 35.084238 ], [ -89.879236, 35.084135 ], [ -89.878925, 35.083939 ], [ -89.878799, 35.083846 ], [ -89.878615, 35.083693 ], [ -89.878507, 35.083593 ], [ -89.878187, 35.08329 ], [ -89.877868, 35.082954 ], [ -89.877571, 35.082659 ], [ -89.877164, 35.082266 ], [ -89.876631, 35.081804 ], [ -89.875505, 35.080965 ], [ -89.875452, 35.080818 ], [ -89.875176, 35.080624 ], [ -89.875182, 35.080503 ], [ -89.875127, 35.080466 ], [ -89.874667, 35.080185 ], [ -89.874313, 35.079958 ], [ -89.87395, 35.079741 ], [ -89.873191, 35.079326 ], [ -89.872408, 35.078931 ], [ -89.871607, 35.078569 ], [ -89.871033, 35.078345 ], [ -89.870762, 35.078241 ], [ -89.870757, 35.077886 ], [ -89.871397, 35.07752 ], [ -89.8715, 35.077461 ], [ -89.871421, 35.077416 ], [ -89.871392, 35.07739 ], [ -89.871325, 35.077344 ], [ -89.871295, 35.077318 ], [ -89.87113, 35.077151 ], [ -89.871061, 35.077061 ], [ -89.870959, 35.076992 ], [ -89.870921, 35.076975 ], [ -89.870855, 35.076927 ], [ -89.870784, 35.076885 ], [ -89.870708, 35.076856 ], [ -89.870507, 35.076777 ], [ -89.870082, 35.076682 ], [ -89.870042, 35.076667 ], [ -89.870005, 35.076648 ], [ -89.869882, 35.076608 ], [ -89.869844, 35.076591 ], [ -89.869736, 35.07653 ], [ -89.869661, 35.076491 ], [ -89.869629, 35.076468 ], [ -89.869607, 35.076436 ], [ -89.869501, 35.076372 ], [ -89.869436, 35.076327 ], [ -89.869342, 35.076252 ], [ -89.869255, 35.076173 ], [ -89.869189, 35.07608 ], [ -89.869124, 35.076032 ], [ -89.868985, 35.075945 ], [ -89.868872, 35.07589 ], [ -89.868792, 35.07586 ], [ -89.868463, 35.075761 ], [ -89.868181, 35.075658 ], [ -89.868032, 35.075599 ], [ -89.868014, 35.07559 ], [ -89.86788, 35.075526 ], [ -89.867852, 35.075499 ], [ -89.867788, 35.07545 ], [ -89.867654, 35.075359 ], [ -89.867514, 35.075272 ], [ -89.867413, 35.075204 ], [ -89.867306, 35.075145 ], [ -89.867186, 35.0751 ], [ -89.867146, 35.075088 ], [ -89.867062, 35.075064 ], [ -89.866888, 35.075041 ], [ -89.866836, 35.075026 ], [ -89.866762, 35.074988 ], [ -89.866481, 35.074818 ], [ -89.866294, 35.074725 ], [ -89.86626, 35.074703 ], [ -89.866121, 35.074616 ], [ -89.866056, 35.074568 ], [ -89.866005, 35.074509 ], [ -89.865911, 35.074434 ], [ -89.865818, 35.074379 ], [ -89.865704, 35.074326 ], [ -89.865382, 35.074213 ], [ -89.865006, 35.074108 ], [ -89.864758, 35.074034 ], [ -89.864475, 35.073935 ], [ -89.864189, 35.073844 ], [ -89.863545, 35.073674 ], [ -89.863267, 35.073601 ], [ -89.863014, 35.073543 ], [ -89.862931, 35.073521 ], [ -89.862777, 35.073462 ], [ -89.862694, 35.073429 ], [ -89.86261, 35.073397 ], [ -89.862574, 35.073386 ], [ -89.862458, 35.073338 ], [ -89.862424, 35.073314 ], [ -89.862312, 35.073259 ], [ -89.862272, 35.073245 ], [ -89.862121, 35.073173 ], [ -89.861804, 35.073052 ], [ -89.86168, 35.073014 ], [ -89.861415, 35.072958 ], [ -89.861128, 35.072896 ], [ -89.861042, 35.072885 ], [ -89.860749, 35.072813 ], [ -89.860664, 35.072798 ], [ -89.86062, 35.072793 ], [ -89.86058, 35.072778 ], [ -89.860454, 35.072747 ], [ -89.860168, 35.072659 ], [ -89.860084, 35.072637 ], [ -89.859998, 35.072623 ], [ -89.859915, 35.072599 ], [ -89.859835, 35.072571 ], [ -89.859792, 35.072563 ], [ -89.859686, 35.072526 ], [ -89.85938, 35.072384 ], [ -89.859203, 35.072278 ], [ -89.859093, 35.072218 ], [ -89.858936, 35.072153 ], [ -89.858498, 35.071982 ], [ -89.858375, 35.071943 ], [ -89.858177, 35.071864 ], [ -89.857984, 35.071779 ], [ -89.857831, 35.071666 ], [ -89.857722, 35.071586 ], [ -89.857618, 35.07152 ], [ -89.857541, 35.071433 ], [ -89.857469, 35.071393 ], [ -89.857405, 35.071343 ], [ -89.857222, 35.07119 ], [ -89.857086, 35.071101 ], [ -89.857023, 35.07105 ], [ -89.856911, 35.070992 ], [ -89.856806, 35.070913 ], [ -89.856718, 35.070847 ], [ -89.856647, 35.070805 ], [ -89.856615, 35.070782 ], [ -89.856535, 35.070697 ], [ -89.856443, 35.070619 ], [ -89.856354, 35.070546 ], [ -89.856074, 35.070312 ], [ -89.856004, 35.07027 ], [ -89.855895, 35.07022 ], [ -89.855695, 35.070149 ], [ -89.855284, 35.070034 ], [ -89.855121, 35.069983 ], [ -89.855048, 35.069944 ], [ -89.85497, 35.069913 ], [ -89.854859, 35.069857 ], [ -89.854582, 35.069747 ], [ -89.854548, 35.069725 ], [ -89.854434, 35.069674 ], [ -89.854153, 35.06957 ], [ -89.854118, 35.069548 ], [ -89.854005, 35.069494 ], [ -89.853859, 35.069435 ], [ -89.853808, 35.069413 ], [ -89.853582, 35.069305 ], [ -89.853512, 35.069264 ], [ -89.85336, 35.069192 ], [ -89.853292, 35.06915 ], [ -89.853069, 35.069038 ], [ -89.852797, 35.068917 ], [ -89.852684, 35.068863 ], [ -89.852524, 35.068807 ], [ -89.852415, 35.068771 ], [ -89.852255, 35.068709 ], [ -89.85181, 35.068555 ], [ -89.851734, 35.068521 ], [ -89.851492, 35.068439 ], [ -89.851251, 35.068351 ], [ -89.850373, 35.068017 ], [ -89.850092, 35.067915 ], [ -89.849963, 35.067847 ], [ -89.849883, 35.067817 ], [ -89.849506, 35.067721 ], [ -89.849382, 35.067684 ], [ -89.849304, 35.067654 ], [ -89.849043, 35.067524 ], [ -89.848964, 35.067493 ], [ -89.84876, 35.067424 ], [ -89.848663, 35.067378 ], [ -89.84854, 35.067341 ], [ -89.848497, 35.067333 ], [ -89.848417, 35.067305 ], [ -89.8483, 35.067256 ], [ -89.847697, 35.067038 ], [ -89.847508, 35.066949 ], [ -89.847308, 35.066874 ], [ -89.847151, 35.066809 ], [ -89.846887, 35.066684 ], [ -89.846739, 35.066608 ], [ -89.846587, 35.066537 ], [ -89.846308, 35.066434 ], [ -89.846194, 35.066399 ], [ -89.845898, 35.066309 ], [ -89.845737, 35.066252 ], [ -89.845661, 35.066218 ], [ -89.845425, 35.066122 ], [ -89.845312, 35.066067 ], [ -89.845106, 35.066007 ], [ -89.844545, 35.065798 ], [ -89.84451, 35.065777 ], [ -89.844356, 35.065711 ], [ -89.844277, 35.065681 ], [ -89.844154, 35.065645 ], [ -89.843992, 35.065591 ], [ -89.843818, 35.06554 ], [ -89.843786, 35.065531 ], [ -89.843745, 35.065517 ], [ -89.843707, 35.0655 ], [ -89.843608, 35.065466 ], [ -89.843605, 35.065542 ], [ -89.843598, 35.065711 ], [ -89.843595, 35.065797 ], [ -89.843581, 35.06611 ], [ -89.843573, 35.066274 ], [ -89.843556, 35.066451 ], [ -89.843543, 35.06659 ], [ -89.843528, 35.066696 ], [ -89.843524, 35.066781 ], [ -89.843499, 35.066865 ], [ -89.843466, 35.066976 ], [ -89.843436, 35.067077 ], [ -89.843395, 35.067217 ], [ -89.843264, 35.06766 ], [ -89.843159, 35.068084 ], [ -89.843124, 35.06822 ], [ -89.843029, 35.068604 ], [ -89.842575, 35.068399 ], [ -89.842512, 35.068371 ], [ -89.842127, 35.068205 ], [ -89.841728, 35.068033 ], [ -89.841389, 35.067873 ], [ -89.841213, 35.067786 ], [ -89.840766, 35.067569 ], [ -89.840646, 35.067509 ], [ -89.840352, 35.067357 ], [ -89.840324, 35.06734 ], [ -89.83995, 35.067104 ], [ -89.839582, 35.066831 ], [ -89.839526, 35.066784 ], [ -89.83916, 35.066458 ], [ -89.839139, 35.066435 ], [ -89.838998, 35.066288 ], [ -89.838883, 35.066164 ], [ -89.838838, 35.066115 ], [ -89.8388, 35.066072 ], [ -89.838611, 35.065863 ], [ -89.838207, 35.065416 ], [ -89.838053, 35.065244 ], [ -89.83786, 35.06503 ], [ -89.837705, 35.064857 ], [ -89.837585, 35.064703 ], [ -89.837471, 35.064581 ], [ -89.836386, 35.063423 ], [ -89.836256, 35.06328 ], [ -89.835998, 35.062998 ], [ -89.835861, 35.062839 ], [ -89.83556, 35.062488 ], [ -89.834617, 35.061462 ], [ -89.834505, 35.061349 ], [ -89.834109, 35.060942 ], [ -89.833691, 35.060561 ], [ -89.833192, 35.060167 ], [ -89.832824, 35.059913 ], [ -89.829575, 35.057888 ], [ -89.829203, 35.057657 ], [ -89.827998, 35.056906 ], [ -89.827941, 35.05687 ], [ -89.827865, 35.056823 ], [ -89.82746, 35.057243 ], [ -89.827212, 35.057499 ], [ -89.826831, 35.057917 ], [ -89.826338, 35.058481 ], [ -89.82629, 35.058541 ], [ -89.826148, 35.058723 ], [ -89.825945, 35.05901 ], [ -89.825737, 35.059335 ], [ -89.825669, 35.059452 ], [ -89.825625, 35.059528 ], [ -89.824884, 35.060806 ], [ -89.824623, 35.061257 ], [ -89.824572, 35.061349 ], [ -89.824454, 35.061574 ], [ -89.824343, 35.061789 ], [ -89.824224, 35.062104 ], [ -89.824106, 35.06259 ], [ -89.82407, 35.062742 ], [ -89.824049, 35.062945 ], [ -89.824046, 35.063013 ], [ -89.824049, 35.06319 ], [ -89.824053, 35.063411 ], [ -89.824101, 35.063765 ], [ -89.824132, 35.063894 ], [ -89.824137, 35.063917 ], [ -89.824196, 35.064156 ], [ -89.824257, 35.064318 ], [ -89.824346, 35.06455 ], [ -89.824471, 35.064789 ], [ -89.824551, 35.064943 ], [ -89.82462, 35.065076 ], [ -89.824633, 35.065106 ], [ -89.824771, 35.065431 ], [ -89.824848, 35.065613 ], [ -89.82492, 35.065781 ], [ -89.824983, 35.065917 ], [ -89.825001, 35.065962 ], [ -89.825198, 35.066443 ], [ -89.825225, 35.066516 ], [ -89.825232, 35.066535 ], [ -89.82521, 35.066537 ], [ -89.825143, 35.06655 ], [ -89.825041, 35.066568 ], [ -89.824896, 35.066223 ], [ -89.824119, 35.06634 ], [ -89.824042, 35.066446 ], [ -89.824022, 35.066474 ], [ -89.823945, 35.066463 ], [ -89.823801, 35.066443 ], [ -89.823343, 35.066381 ], [ -89.823282, 35.066372 ], [ -89.823271, 35.066516 ], [ -89.822855, 35.066525 ], [ -89.822573, 35.066658 ], [ -89.822394, 35.066741 ], [ -89.822397, 35.066775 ], [ -89.822271, 35.066851 ], [ -89.822277, 35.06708 ], [ -89.822215, 35.067158 ], [ -89.822058, 35.067355 ], [ -89.822045, 35.067372 ], [ -89.82201, 35.067381 ], [ -89.821964, 35.067394 ], [ -89.821918, 35.067405 ], [ -89.821627, 35.067481 ], [ -89.821497, 35.067417 ], [ -89.82139, 35.067364 ], [ -89.82116, 35.067435 ], [ -89.821012, 35.067481 ], [ -89.820577, 35.067614 ], [ -89.820285, 35.067702 ], [ -89.820364, 35.067888 ], [ -89.820346, 35.067892 ], [ -89.820259, 35.067902 ], [ -89.819824, 35.067969 ], [ -89.819549, 35.068009 ], [ -89.818508, 35.068154 ], [ -89.818493, 35.068138 ], [ -89.818424, 35.068061 ], [ -89.818401, 35.068014 ], [ -89.818332, 35.067879 ], [ -89.81831, 35.067835 ], [ -89.818299, 35.067814 ], [ -89.818267, 35.067755 ], [ -89.818257, 35.067736 ], [ -89.81823, 35.067753 ], [ -89.818166, 35.067781 ], [ -89.818027, 35.067843 ], [ -89.817909, 35.067881 ], [ -89.817882, 35.067889 ], [ -89.817836, 35.067906 ], [ -89.817785, 35.067916 ], [ -89.817715, 35.067932 ], [ -89.817659, 35.067944 ], [ -89.817505, 35.067969 ], [ -89.817435, 35.067982 ], [ -89.817181, 35.06801 ], [ -89.817116, 35.068019 ], [ -89.81667, 35.068041 ], [ -89.81658, 35.068042 ], [ -89.816417, 35.068045 ], [ -89.816373, 35.068047 ], [ -89.816162, 35.068042 ], [ -89.816085, 35.06804 ], [ -89.815913, 35.068042 ], [ -89.815166, 35.068053 ], [ -89.815014, 35.068056 ], [ -89.814918, 35.068058 ], [ -89.814424, 35.068067 ], [ -89.813844, 35.06808 ], [ -89.813573, 35.068086 ], [ -89.812943, 35.0681 ], [ -89.812839, 35.068103 ], [ -89.81245, 35.0681 ], [ -89.812452, 35.067895 ], [ -89.812455, 35.06773 ], [ -89.812484, 35.067284 ], [ -89.812498, 35.067082 ], [ -89.812503, 35.066956 ], [ -89.812518, 35.066606 ], [ -89.812316, 35.066596 ], [ -89.811834, 35.066589 ], [ -89.811785, 35.066588 ], [ -89.811754, 35.066587 ], [ -89.811471, 35.066582 ], [ -89.81146, 35.066582 ], [ -89.811413, 35.066582 ], [ -89.811392, 35.066582 ], [ -89.811103, 35.066576 ], [ -89.811081, 35.066577 ], [ -89.810738, 35.06657 ], [ -89.810659, 35.066569 ], [ -89.810547, 35.066568 ], [ -89.810402, 35.066567 ], [ -89.810372, 35.066565 ], [ -89.810288, 35.066564 ], [ -89.810197, 35.066562 ], [ -89.810077, 35.066561 ], [ -89.810004, 35.066559 ], [ -89.809736, 35.066554 ], [ -89.809635, 35.066553 ], [ -89.809602, 35.066553 ], [ -89.809401, 35.06655 ], [ -89.809256, 35.066547 ], [ -89.80915, 35.066545 ], [ -89.809072, 35.066544 ], [ -89.808885, 35.066541 ], [ -89.808762, 35.066539 ], [ -89.808731, 35.066538 ], [ -89.808512, 35.066536 ], [ -89.808394, 35.066534 ], [ -89.808009, 35.066527 ], [ -89.807876, 35.06653 ], [ -89.807555, 35.066536 ], [ -89.807437, 35.06653 ], [ -89.807345, 35.066522 ], [ -89.807006, 35.066522 ], [ -89.806964, 35.066522 ], [ -89.806675, 35.066522 ], [ -89.806633, 35.066522 ], [ -89.806337, 35.066522 ], [ -89.806302, 35.066522 ], [ -89.805986, 35.066522 ], [ -89.805957, 35.066522 ], [ -89.805665, 35.066522 ], [ -89.805608, 35.066522 ], [ -89.805254, 35.06652 ], [ -89.804916, 35.06652 ], [ -89.804806, 35.06652 ], [ -89.804547, 35.06652 ], [ -89.804428, 35.066522 ], [ -89.80441, 35.06652 ], [ -89.803913, 35.066516 ], [ -89.803863, 35.06652 ], [ -89.803813, 35.066513 ], [ -89.803771, 35.066513 ], [ -89.803609, 35.066511 ], [ -89.80345, 35.06651 ], [ -89.803279, 35.066509 ], [ -89.80309, 35.066507 ], [ -89.802872, 35.066505 ], [ -89.802663, 35.0665 ], [ -89.802665, 35.066379 ], [ -89.802666, 35.06626 ], [ -89.802672, 35.065905 ], [ -89.802675, 35.065787 ], [ -89.80268, 35.065539 ], [ -89.802696, 35.064795 ], [ -89.802702, 35.064546 ], [ -89.802703, 35.064474 ], [ -89.802708, 35.064254 ], [ -89.80271, 35.064183 ], [ -89.80271, 35.06413 ], [ -89.80271, 35.064068 ], [ -89.802586, 35.064055 ], [ -89.802464, 35.064054 ], [ -89.802074, 35.064051 ], [ -89.801729, 35.064042 ], [ -89.801486, 35.064035 ], [ -89.801355, 35.064031 ], [ -89.800994, 35.064023 ], [ -89.80061, 35.064021 ], [ -89.800575, 35.064021 ], [ -89.800238, 35.06402 ], [ -89.799854, 35.064018 ], [ -89.799486, 35.064017 ], [ -89.799105, 35.064016 ], [ -89.798688, 35.063997 ], [ -89.798521, 35.063992 ], [ -89.798359, 35.063986 ], [ -89.798042, 35.06399 ], [ -89.797592, 35.063978 ], [ -89.797374, 35.063966 ], [ -89.79717, 35.063962 ], [ -89.797106, 35.063831 ], [ -89.797008, 35.063623 ], [ -89.796967, 35.063538 ], [ -89.796928, 35.063537 ], [ -89.796859, 35.063533 ], [ -89.796804, 35.0635 ], [ -89.796168, 35.063497 ], [ -89.79535, 35.063458 ], [ -89.795264, 35.063459 ], [ -89.795202, 35.063497 ], [ -89.7948, 35.063665 ], [ -89.79454, 35.063777 ], [ -89.794505, 35.063787 ], [ -89.793751, 35.063767 ], [ -89.793194, 35.063755 ], [ -89.793071, 35.063756 ], [ -89.793074, 35.063603 ], [ -89.793085, 35.063145 ], [ -89.793089, 35.062994 ], [ -89.793093, 35.062752 ], [ -89.793094, 35.062722 ], [ -89.793085, 35.062182 ], [ -89.793168, 35.062062 ], [ -89.793166, 35.061933 ], [ -89.793169, 35.061865 ], [ -89.79317, 35.061817 ], [ -89.793179, 35.061395 ], [ -89.79318, 35.061347 ], [ -89.7932, 35.060395 ], [ -89.79321, 35.05994 ], [ -89.793211, 35.059918 ], [ -89.793217, 35.059594 ], [ -89.793219, 35.059472 ], [ -89.793224, 35.059239 ], [ -89.793238, 35.058543 ], [ -89.793244, 35.05831 ], [ -89.793245, 35.058225 ], [ -89.793245, 35.0582 ], [ -89.793251, 35.057873 ], [ -89.793254, 35.057764 ], [ -89.793264, 35.057423 ], [ -89.793267, 35.057331 ], [ -89.793287, 35.057043 ], [ -89.793297, 35.056951 ], [ -89.793337, 35.056601 ], [ -89.793377, 35.05641 ], [ -89.793419, 35.056214 ], [ -89.793431, 35.056159 ], [ -89.793449, 35.056078 ], [ -89.793493, 35.055923 ], [ -89.793572, 35.055643 ], [ -89.793684, 35.055336 ], [ -89.79383, 35.054958 ], [ -89.793989, 35.054548 ], [ -89.794183, 35.054127 ], [ -89.79472, 35.053135 ], [ -89.794897, 35.052754 ], [ -89.794911, 35.052715 ], [ -89.795002, 35.052448 ], [ -89.795083, 35.052102 ], [ -89.795124, 35.051707 ], [ -89.795124, 35.051682 ], [ -89.795126, 35.051631 ], [ -89.79514, 35.051164 ], [ -89.795142, 35.051077 ], [ -89.795159, 35.050498 ], [ -89.795164, 35.050328 ], [ -89.795172, 35.050058 ], [ -89.795179, 35.049848 ], [ -89.795226, 35.049516 ], [ -89.795411, 35.048761 ], [ -89.795516, 35.048333 ], [ -89.795549, 35.048195 ], [ -89.79565, 35.047784 ], [ -89.795684, 35.047649 ], [ -89.795697, 35.047593 ], [ -89.795739, 35.047422 ], [ -89.795472, 35.047414 ], [ -89.79478, 35.047421 ], [ -89.794666, 35.047433 ], [ -89.794589, 35.047441 ], [ -89.794504, 35.047478 ], [ -89.794432, 35.047542 ], [ -89.794396, 35.047603 ], [ -89.794366, 35.047715 ], [ -89.794362, 35.048088 ], [ -89.794361, 35.048233 ], [ -89.793258, 35.048211 ], [ -89.793219, 35.04821 ], [ -89.793118, 35.048209 ], [ -89.79299, 35.048208 ], [ -89.79049, 35.048156 ], [ -89.789286, 35.048133 ], [ -89.787389, 35.048096 ], [ -89.786802, 35.048085 ], [ -89.786318, 35.048075 ], [ -89.784007, 35.048027 ], [ -89.783852, 35.048024 ], [ -89.783629, 35.048019 ], [ -89.783046, 35.048005 ], [ -89.782889, 35.048002 ], [ -89.778213, 35.047908 ], [ -89.776132, 35.047867 ], [ -89.77551, 35.047854 ], [ -89.774808, 35.047839 ], [ -89.773402, 35.047811 ], [ -89.773256, 35.047808 ], [ -89.772806, 35.047801 ], [ -89.771745, 35.047778 ], [ -89.770886, 35.047763 ], [ -89.770877, 35.047906 ], [ -89.770751, 35.047903 ], [ -89.770748, 35.04801 ], [ -89.770672, 35.049791 ], [ -89.77067, 35.049844 ], [ -89.77067, 35.049844 ], [ -89.77067, 35.049844 ], [ -89.770656, 35.050152 ], [ -89.770645, 35.050406 ], [ -89.770644, 35.050425 ], [ -89.770644, 35.050438 ], [ -89.770642, 35.050453 ], [ -89.77064, 35.050481 ], [ -89.770635, 35.050529 ], [ -89.77063, 35.050568 ], [ -89.770629, 35.050576 ], [ -89.770624, 35.05061 ], [ -89.77062, 35.050629 ], [ -89.770617, 35.050644 ], [ -89.770613, 35.050668 ], [ -89.770611, 35.050679 ], [ -89.770609, 35.050685 ], [ -89.770604, 35.050706 ], [ -89.770601, 35.05072 ], [ -89.7706, 35.050728 ], [ -89.770599, 35.050728 ], [ -89.770582, 35.050739 ], [ -89.770531, 35.050774 ], [ -89.770528, 35.050787 ], [ -89.770564, 35.050875 ], [ -89.770564, 35.050876 ], [ -89.770568, 35.050882 ], [ -89.77057, 35.050885 ], [ -89.770574, 35.050897 ], [ -89.770574, 35.050916 ], [ -89.770577, 35.050919 ], [ -89.77059, 35.050927 ], [ -89.770601, 35.050933 ], [ -89.770601, 35.050933 ], [ -89.770599, 35.050938 ], [ -89.770594, 35.050951 ], [ -89.770631, 35.050959 ], [ -89.770592, 35.051084 ], [ -89.77057, 35.051158 ], [ -89.770556, 35.051238 ], [ -89.770518, 35.051482 ], [ -89.770506, 35.051562 ], [ -89.770494, 35.051657 ], [ -89.770518, 35.051989 ], [ -89.770544, 35.052105 ], [ -89.770656, 35.052608 ], [ -89.770691, 35.052816 ], [ -89.770724, 35.053062 ], [ -89.770721, 35.053235 ], [ -89.77066, 35.053304 ], [ -89.770622, 35.053456 ], [ -89.770497, 35.053787 ], [ -89.770445, 35.053959 ], [ -89.770398, 35.054238 ], [ -89.770387, 35.054393 ], [ -89.770405, 35.054731 ], [ -89.770475, 35.055053 ], [ -89.770751, 35.055796 ], [ -89.770832, 35.05605 ], [ -89.770879, 35.056331 ], [ -89.770881, 35.056469 ], [ -89.770833, 35.057249 ], [ -89.770844, 35.057539 ], [ -89.77068, 35.057606 ], [ -89.770615, 35.057632 ], [ -89.770571, 35.061744 ], [ -89.770599, 35.061912 ], [ -89.770194, 35.061968 ], [ -89.769483, 35.062054 ], [ -89.768141, 35.062221 ], [ -89.767351, 35.062329 ], [ -89.766642, 35.062427 ], [ -89.766588, 35.062433 ], [ -89.765965, 35.062503 ], [ -89.765926, 35.062506 ], [ -89.765057, 35.062604 ], [ -89.764416, 35.062672 ], [ -89.763778, 35.062742 ], [ -89.763063, 35.06282 ], [ -89.76257, 35.062835 ], [ -89.761794, 35.062858 ], [ -89.761094, 35.062852 ], [ -89.760602, 35.062849 ], [ -89.760388, 35.062839 ], [ -89.759748, 35.062812 ], [ -89.759535, 35.062804 ], [ -89.755357, 35.062442 ], [ -89.754637, 35.06238 ], [ -89.751504, 35.062094 ], [ -89.750852, 35.062036 ], [ -89.750797, 35.062028 ], [ -89.750785, 35.062159 ], [ -89.750713, 35.062151 ], [ -89.750128, 35.06207 ], [ -89.750006, 35.062065 ], [ -89.749736, 35.06203 ], [ -89.749593, 35.062013 ], [ -89.748896, 35.06187 ], [ -89.7488, 35.061847 ], [ -89.748426, 35.061749 ], [ -89.747984, 35.061594 ], [ -89.747385, 35.061374 ], [ -89.746799, 35.06115 ], [ -89.746712, 35.061111 ], [ -89.745926, 35.060766 ], [ -89.745822, 35.060729 ], [ -89.745735, 35.060724 ], [ -89.745715, 35.060668 ], [ -89.745683, 35.060622 ], [ -89.745626, 35.06058 ], [ -89.745467, 35.060514 ], [ -89.745236, 35.060443 ], [ -89.744679, 35.060359 ], [ -89.744773, 35.060439 ], [ -89.745374, 35.060941 ], [ -89.745688, 35.061189 ], [ -89.74614, 35.061516 ], [ -89.746347, 35.061661 ], [ -89.746547, 35.061791 ], [ -89.746756, 35.061913 ], [ -89.747666, 35.062405 ], [ -89.747842, 35.062489 ], [ -89.747869, 35.062503 ], [ -89.747947, 35.06254 ], [ -89.748515, 35.062796 ], [ -89.748623, 35.06285 ], [ -89.748987, 35.063033 ], [ -89.749273, 35.063171 ], [ -89.749381, 35.063224 ], [ -89.750285, 35.063643 ], [ -89.750682, 35.063874 ], [ -89.751117, 35.064091 ], [ -89.75133, 35.064192 ], [ -89.751738, 35.064391 ], [ -89.752519, 35.064769 ], [ -89.753277, 35.065143 ], [ -89.753763, 35.065382 ], [ -89.753927, 35.065463 ], [ -89.754344, 35.065667 ], [ -89.754458, 35.065723 ], [ -89.75513, 35.066053 ], [ -89.755569, 35.066263 ], [ -89.755597, 35.066277 ], [ -89.755961, 35.066452 ], [ -89.756655, 35.066812 ], [ -89.75697, 35.066976 ], [ -89.757863, 35.067419 ], [ -89.758011, 35.067494 ], [ -89.758711, 35.067863 ], [ -89.758852, 35.06794 ], [ -89.75938, 35.068202 ], [ -89.759818, 35.068417 ], [ -89.760331, 35.068666 ], [ -89.760912, 35.068947 ], [ -89.76201, 35.069491 ], [ -89.762113, 35.069542 ], [ -89.764084, 35.07053 ], [ -89.764144, 35.070561 ], [ -89.764197, 35.070586 ], [ -89.76433, 35.070653 ], [ -89.764392, 35.070684 ], [ -89.765189, 35.071081 ], [ -89.766017, 35.071492 ], [ -89.76758, 35.072271 ], [ -89.768378, 35.072668 ], [ -89.768497, 35.072728 ], [ -89.768749, 35.072854 ], [ -89.768967, 35.072965 ], [ -89.769349, 35.073156 ], [ -89.769867, 35.073411 ], [ -89.770243, 35.073597 ], [ -89.773015, 35.074999 ], [ -89.773608, 35.075291 ], [ -89.773649, 35.075311 ], [ -89.775922, 35.076395 ], [ -89.778423, 35.077663 ], [ -89.779615, 35.078272 ], [ -89.779739, 35.078333 ], [ -89.781022, 35.078967 ], [ -89.782101, 35.079519 ], [ -89.782224, 35.07958 ], [ -89.783715, 35.080306 ], [ -89.785046, 35.080953 ], [ -89.786216, 35.081557 ], [ -89.786526, 35.081717 ], [ -89.78708, 35.082002 ], [ -89.789269, 35.083098 ], [ -89.789761, 35.083351 ], [ -89.790497, 35.083732 ], [ -89.790941, 35.083926 ], [ -89.79089, 35.084033 ], [ -89.790862, 35.084111 ], [ -89.790782, 35.084345 ], [ -89.790765, 35.084401 ], [ -89.790744, 35.084471 ], [ -89.790699, 35.084618 ], [ -89.790675, 35.084691 ], [ -89.790614, 35.084885 ], [ -89.790417, 35.084774 ], [ -89.790126, 35.084664 ], [ -89.789988, 35.084632 ], [ -89.789976, 35.084631 ], [ -89.789861, 35.084612 ], [ -89.788773, 35.084565 ], [ -89.788003, 35.084548 ], [ -89.787953, 35.084547 ], [ -89.787275, 35.084544 ], [ -89.786756, 35.084536 ], [ -89.785987, 35.084525 ], [ -89.785502, 35.084519 ], [ -89.785199, 35.084516 ], [ -89.78468, 35.084513 ], [ -89.78436, 35.084506 ], [ -89.7834, 35.084491 ], [ -89.783081, 35.084488 ], [ -89.782824, 35.084483 ], [ -89.782676, 35.084481 ], [ -89.782053, 35.08447 ], [ -89.781797, 35.084466 ], [ -89.781698, 35.084463 ], [ -89.781403, 35.08446 ], [ -89.781305, 35.084458 ], [ -89.78091, 35.084452 ], [ -89.780453, 35.084446 ], [ -89.779727, 35.084435 ], [ -89.779333, 35.084429 ], [ -89.779321, 35.084861 ], [ -89.779286, 35.08616 ], [ -89.779275, 35.086593 ], [ -89.779269, 35.08679 ], [ -89.779255, 35.087381 ], [ -89.77925, 35.087578 ], [ -89.779243, 35.087774 ], [ -89.779223, 35.088366 ], [ -89.779217, 35.088563 ], [ -89.779211, 35.088757 ], [ -89.779195, 35.089341 ], [ -89.77919, 35.089537 ], [ -89.778764, 35.089531 ], [ -89.778031, 35.089521 ], [ -89.777486, 35.089507 ], [ -89.777061, 35.089498 ], [ -89.777064, 35.089359 ], [ -89.777075, 35.088943 ], [ -89.777079, 35.088805 ], [ -89.777092, 35.088352 ], [ -89.777125, 35.087241 ], [ -89.777132, 35.086995 ], [ -89.777146, 35.086543 ], [ -89.77716, 35.086109 ], [ -89.777177, 35.085648 ], [ -89.777236, 35.08481 ], [ -89.777267, 35.084378 ], [ -89.776858, 35.084371 ], [ -89.776798, 35.084372 ], [ -89.776411, 35.084381 ], [ -89.776139, 35.084426 ], [ -89.775929, 35.08452 ], [ -89.77575, 35.08464 ], [ -89.775707, 35.084677 ], [ -89.775596, 35.084778 ], [ -89.775429, 35.084975 ], [ -89.775304, 35.085125 ], [ -89.775189, 35.085263 ], [ -89.775064, 35.085386 ], [ -89.774887, 35.08551 ], [ -89.774874, 35.085515 ], [ -89.774696, 35.085597 ], [ -89.774584, 35.085639 ], [ -89.774536, 35.085649 ], [ -89.774353, 35.085691 ], [ -89.774207, 35.085708 ], [ -89.774036, 35.085704 ], [ -89.773868, 35.085701 ], [ -89.773732, 35.085692 ], [ -89.773324, 35.085668 ], [ -89.773189, 35.085662 ], [ -89.773106, 35.085656 ], [ -89.772938, 35.085648 ], [ -89.772857, 35.085643 ], [ -89.772775, 35.085639 ], [ -89.77255, 35.085628 ], [ -89.772241, 35.085614 ], [ -89.771877, 35.085597 ], [ -89.771653, 35.085586 ], [ -89.771486, 35.08558 ], [ -89.770985, 35.085558 ], [ -89.770819, 35.085552 ], [ -89.770797, 35.08576 ], [ -89.770779, 35.085949 ], [ -89.770728, 35.086208 ], [ -89.770669, 35.086375 ], [ -89.770659, 35.086405 ], [ -89.770584, 35.086568 ], [ -89.770522, 35.08672 ], [ -89.770494, 35.086855 ], [ -89.770486, 35.0869 ], [ -89.77049, 35.08709 ], [ -89.770505, 35.087183 ], [ -89.770701, 35.08773 ], [ -89.770717, 35.087773 ], [ -89.770772, 35.088026 ], [ -89.770776, 35.088103 ], [ -89.770784, 35.088231 ], [ -89.770774, 35.088339 ], [ -89.770768, 35.088418 ], [ -89.770753, 35.088513 ], [ -89.770741, 35.0886 ], [ -89.770675, 35.088787 ], [ -89.770661, 35.088829 ], [ -89.770637, 35.088876 ], [ -89.770545, 35.089045 ], [ -89.770538, 35.089056 ], [ -89.770265, 35.089485 ], [ -89.770201, 35.089574 ], [ -89.770082, 35.089743 ], [ -89.769951, 35.089928 ], [ -89.76991, 35.089985 ], [ -89.769733, 35.090204 ], [ -89.769514, 35.090444 ], [ -89.769363, 35.090612 ], [ -89.769236, 35.090758 ], [ -89.769213, 35.090785 ], [ -89.76884, 35.091184 ], [ -89.768708, 35.091325 ], [ -89.768592, 35.091257 ], [ -89.768531, 35.09122 ], [ -89.768251, 35.09104 ], [ -89.768138, 35.090967 ], [ -89.768021, 35.090894 ], [ -89.767856, 35.090792 ], [ -89.767738, 35.090719 ], [ -89.767669, 35.090681 ], [ -89.767548, 35.090618 ], [ -89.767342, 35.090516 ], [ -89.767128, 35.090412 ], [ -89.766847, 35.090292 ], [ -89.766715, 35.090232 ], [ -89.766507, 35.090137 ], [ -89.766362, 35.090296 ], [ -89.765928, 35.090773 ], [ -89.765784, 35.090934 ], [ -89.765555, 35.091181 ], [ -89.765345, 35.091409 ], [ -89.765056, 35.091777 ], [ -89.76493, 35.091971 ], [ -89.764748, 35.092253 ], [ -89.764541, 35.092183 ], [ -89.764507, 35.092172 ], [ -89.76417, 35.092099 ], [ -89.7639, 35.092056 ], [ -89.763685, 35.09202 ], [ -89.763515, 35.09201 ], [ -89.763432, 35.092015 ], [ -89.763322, 35.092046 ], [ -89.763189, 35.092124 ], [ -89.763145, 35.09216 ], [ -89.763004, 35.092279 ], [ -89.762424, 35.092883 ], [ -89.762256, 35.093024 ], [ -89.762104, 35.093115 ], [ -89.761815, 35.093253 ], [ -89.76169, 35.093314 ], [ -89.761573, 35.093384 ], [ -89.761505, 35.093443 ], [ -89.761459, 35.093498 ], [ -89.761384, 35.093619 ], [ -89.761247, 35.093567 ], [ -89.761122, 35.093536 ], [ -89.76092, 35.093485 ], [ -89.760603, 35.093443 ], [ -89.760305, 35.093431 ], [ -89.76003, 35.093419 ], [ -89.759795, 35.093411 ], [ -89.759093, 35.093391 ], [ -89.758859, 35.093384 ], [ -89.75869, 35.093379 ], [ -89.758185, 35.093364 ], [ -89.758017, 35.093359 ], [ -89.757533, 35.09334 ], [ -89.757345, 35.093334 ], [ -89.756925, 35.093308 ], [ -89.756084, 35.093232 ], [ -89.755602, 35.093191 ], [ -89.755606, 35.092996 ], [ -89.755618, 35.092498 ], [ -89.755632, 35.092416 ], [ -89.755665, 35.092225 ], [ -89.755421, 35.092202 ], [ -89.75537, 35.092197 ], [ -89.75469, 35.092135 ], [ -89.754447, 35.092113 ], [ -89.754085, 35.092079 ], [ -89.753732, 35.092047 ], [ -89.753629, 35.092028 ], [ -89.753578, 35.092019 ], [ -89.75342, 35.091967 ], [ -89.753048, 35.091791 ], [ -89.752721, 35.091635 ], [ -89.752603, 35.091796 ], [ -89.752547, 35.091916 ], [ -89.75253, 35.092039 ], [ -89.752524, 35.092085 ], [ -89.752491, 35.093409 ], [ -89.752486, 35.09364 ], [ -89.752465, 35.093844 ], [ -89.752446, 35.093854 ], [ -89.752334, 35.093857 ], [ -89.752218, 35.093846 ], [ -89.751535, 35.09379 ], [ -89.751308, 35.093772 ], [ -89.751059, 35.093748 ], [ -89.750426, 35.093689 ], [ -89.750313, 35.093685 ], [ -89.750064, 35.093674 ], [ -89.75006, 35.093809 ], [ -89.750052, 35.094214 ], [ -89.750049, 35.094349 ], [ -89.750047, 35.094421 ], [ -89.750042, 35.094635 ], [ -89.750041, 35.094707 ], [ -89.750037, 35.094859 ], [ -89.750026, 35.095316 ], [ -89.750023, 35.09547 ], [ -89.751038, 35.095499 ], [ -89.751127, 35.095502 ], [ -89.751565, 35.095546 ], [ -89.751676, 35.095558 ], [ -89.752133, 35.09563 ], [ -89.752477, 35.095711 ], [ -89.752894, 35.095835 ], [ -89.753002, 35.095873 ], [ -89.753388, 35.09601 ], [ -89.754178, 35.096323 ], [ -89.754607, 35.096475 ], [ -89.754708, 35.096511 ], [ -89.755031, 35.096598 ], [ -89.755249, 35.096647 ], [ -89.755687, 35.096738 ], [ -89.756017, 35.096774 ], [ -89.756038, 35.096776 ], [ -89.756177, 35.096794 ], [ -89.756931, 35.096832 ], [ -89.757484, 35.096861 ], [ -89.75756, 35.096864 ], [ -89.757648, 35.096869 ], [ -89.758328, 35.0969 ], [ -89.758611, 35.096914 ], [ -89.760632, 35.097003 ], [ -89.761189, 35.097029 ], [ -89.7614, 35.097047 ], [ -89.761501, 35.097054 ], [ -89.761974, 35.097119 ], [ -89.762104, 35.097147 ], [ -89.762206, 35.09717 ], [ -89.762653, 35.097288 ], [ -89.762692, 35.097299 ], [ -89.763085, 35.097436 ], [ -89.763482, 35.097617 ], [ -89.763719, 35.097744 ], [ -89.764065, 35.097958 ], [ -89.764108, 35.097986 ], [ -89.764476, 35.098274 ], [ -89.764529, 35.098323 ], [ -89.764604, 35.098395 ], [ -89.764617, 35.098408 ], [ -89.764631, 35.09842 ], [ -89.764582, 35.098531 ], [ -89.764572, 35.098554 ], [ -89.764556, 35.098592 ], [ -89.764467, 35.098794 ], [ -89.764238, 35.099024 ], [ -89.764022, 35.099259 ], [ -89.763659, 35.099573 ], [ -89.763424, 35.099754 ], [ -89.76336, 35.10006 ], [ -89.763335, 35.100356 ], [ -89.763316, 35.10053 ], [ -89.76336, 35.101037 ], [ -89.763344, 35.10193 ], [ -89.763305, 35.102263 ], [ -89.763294, 35.102407 ], [ -89.763341, 35.102616 ], [ -89.763489, 35.103224 ], [ -89.763542, 35.103241 ], [ -89.763743, 35.103315 ], [ -89.763868, 35.103348 ], [ -89.764278, 35.103482 ], [ -89.764665, 35.103558 ], [ -89.764795, 35.103576 ], [ -89.764968, 35.103604 ], [ -89.765214, 35.103629 ], [ -89.76615, 35.103727 ], [ -89.766195, 35.103727 ], [ -89.766271, 35.103717 ], [ -89.766336, 35.103724 ], [ -89.766531, 35.103747 ], [ -89.766597, 35.103755 ], [ -89.766892, 35.10379 ], [ -89.767288, 35.103839 ], [ -89.767778, 35.103899 ], [ -89.768074, 35.103935 ], [ -89.768368, 35.103969 ], [ -89.768628, 35.104011 ], [ -89.76936, 35.104147 ], [ -89.769442, 35.104173 ], [ -89.769518, 35.104211 ], [ -89.769557, 35.104217 ], [ -89.769645, 35.104211 ], [ -89.76969, 35.104212 ], [ -89.769777, 35.104223 ], [ -89.770288, 35.104314 ], [ -89.771847, 35.104591 ], [ -89.773526, 35.1049 ], [ -89.773611, 35.10492 ], [ -89.77369, 35.104951 ], [ -89.773762, 35.104992 ], [ -89.773849, 35.105061 ], [ -89.773937, 35.105067 ], [ -89.774023, 35.105083 ], [ -89.774357, 35.105162 ], [ -89.774441, 35.10514 ], [ -89.774572, 35.105123 ], [ -89.774661, 35.105121 ], [ -89.774705, 35.105124 ], [ -89.774791, 35.10514 ], [ -89.774917, 35.105173 ], [ -89.775088, 35.105207 ], [ -89.775157, 35.105232 ], [ -89.775244, 35.105222 ], [ -89.775333, 35.105222 ], [ -89.775893, 35.105325 ], [ -89.776006, 35.105326 ], [ -89.776086, 35.105358 ], [ -89.776465, 35.105455 ], [ -89.77688, 35.105588 ], [ -89.777244, 35.105706 ], [ -89.777568, 35.105819 ], [ -89.777728, 35.105881 ], [ -89.777765, 35.1059 ], [ -89.777832, 35.105947 ], [ -89.77788, 35.105995 ], [ -89.777967, 35.10601 ], [ -89.778131, 35.106064 ], [ -89.778964, 35.106421 ], [ -89.779612, 35.106699 ], [ -89.779686, 35.10674 ], [ -89.780403, 35.107037 ], [ -89.781115, 35.107334 ], [ -89.781118, 35.107335 ], [ -89.781257, 35.107392 ], [ -89.78134, 35.107417 ], [ -89.781427, 35.107432 ], [ -89.781471, 35.107434 ], [ -89.781604, 35.107433 ], [ -89.781697, 35.107428 ], [ -89.781802, 35.107492 ], [ -89.781869, 35.10754 ], [ -89.781924, 35.107596 ], [ -89.781945, 35.107622 ], [ -89.782028, 35.107724 ], [ -89.782178, 35.107799 ], [ -89.782322, 35.107881 ], [ -89.78241, 35.107889 ], [ -89.782496, 35.107906 ], [ -89.782623, 35.107939 ], [ -89.782704, 35.107965 ], [ -89.782782, 35.107999 ], [ -89.782892, 35.108059 ], [ -89.782971, 35.108091 ], [ -89.783317, 35.108249 ], [ -89.783838, 35.108445 ], [ -89.783964, 35.108478 ], [ -89.784008, 35.108484 ], [ -89.784096, 35.10849 ], [ -89.784199, 35.108486 ], [ -89.784296, 35.108515 ], [ -89.78437, 35.108555 ], [ -89.78449, 35.108601 ], [ -89.784601, 35.10866 ], [ -89.78464, 35.108677 ], [ -89.784709, 35.1087 ], [ -89.784802, 35.108733 ], [ -89.784839, 35.108751 ], [ -89.784971, 35.108846 ], [ -89.785049, 35.108933 ], [ -89.785111, 35.108984 ], [ -89.785146, 35.109006 ], [ -89.785258, 35.109063 ], [ -89.785581, 35.109186 ], [ -89.785698, 35.10923 ], [ -89.785889, 35.10932 ], [ -89.785972, 35.109344 ], [ -89.786015, 35.109352 ], [ -89.786103, 35.109358 ], [ -89.786172, 35.109403 ], [ -89.786361, 35.109496 ], [ -89.786668, 35.109623 ], [ -89.787495, 35.109966 ], [ -89.787721, 35.11006 ], [ -89.789232, 35.110687 ], [ -89.789304, 35.11073 ], [ -89.789578, 35.110934 ], [ -89.789667, 35.110927 ], [ -89.789755, 35.110929 ], [ -89.789842, 35.110943 ], [ -89.789925, 35.110968 ], [ -89.790353, 35.111153 ], [ -89.790437, 35.111176 ], [ -89.790475, 35.111191 ], [ -89.79054, 35.111239 ], [ -89.790614, 35.111278 ], [ -89.791592, 35.111694 ], [ -89.791668, 35.111729 ], [ -89.791899, 35.111837 ], [ -89.792121, 35.111954 ], [ -89.792187, 35.112001 ], [ -89.792188, 35.112001 ], [ -89.792408, 35.112176 ], [ -89.792612, 35.112364 ], [ -89.792866, 35.11264 ], [ -89.792954, 35.112736 ], [ -89.793262, 35.113042 ], [ -89.793419, 35.113214 ], [ -89.793503, 35.113338 ], [ -89.793589, 35.113515 ], [ -89.793667, 35.113547 ], [ -89.793704, 35.113567 ], [ -89.793771, 35.113614 ], [ -89.7938, 35.113641 ], [ -89.794066, 35.113926 ], [ -89.794129, 35.113976 ], [ -89.794164, 35.113997 ], [ -89.794182, 35.114005 ], [ -89.794241, 35.114033 ], [ -89.794323, 35.114059 ], [ -89.794366, 35.114069 ], [ -89.794394, 35.11409 ], [ -89.794407, 35.11416 ], [ -89.794426, 35.11423 ], [ -89.794457, 35.114297 ], [ -89.794501, 35.114359 ], [ -89.794802, 35.114668 ], [ -89.794999, 35.114861 ], [ -89.795079, 35.114947 ], [ -89.795171, 35.115023 ], [ -89.795396, 35.115244 ], [ -89.795528, 35.115339 ], [ -89.795648, 35.115444 ], [ -89.795711, 35.115494 ], [ -89.796021, 35.115694 ], [ -89.796131, 35.115755 ], [ -89.796196, 35.115803 ], [ -89.796451, 35.115944 ], [ -89.796609, 35.11601 ], [ -89.797014, 35.116153 ], [ -89.797635, 35.116339 ], [ -89.797719, 35.11636 ], [ -89.798236, 35.116454 ], [ -89.798529, 35.116497 ], [ -89.799082, 35.11659 ], [ -89.799754, 35.116706 ], [ -89.800978, 35.116915 ], [ -89.801066, 35.11693 ], [ -89.801153, 35.116944 ], [ -89.801628, 35.117025 ], [ -89.801683, 35.117036 ], [ -89.802031, 35.117086 ], [ -89.802073, 35.117096 ], [ -89.802193, 35.117142 ], [ -89.802265, 35.117185 ], [ -89.802344, 35.11725 ], [ -89.802565, 35.117252 ], [ -89.802783, 35.117284 ], [ -89.802867, 35.117307 ], [ -89.802907, 35.117323 ], [ -89.80295, 35.11732 ], [ -89.803209, 35.117275 ], [ -89.803535, 35.117199 ], [ -89.803804, 35.117137 ], [ -89.803843, 35.11712 ], [ -89.803964, 35.117016 ], [ -89.804035, 35.116974 ], [ -89.804129, 35.11694 ], [ -89.804237, 35.116901 ], [ -89.804315, 35.116867 ], [ -89.804388, 35.116827 ], [ -89.805057, 35.116552 ], [ -89.805262, 35.116485 ], [ -89.805475, 35.116439 ], [ -89.805499, 35.116434 ], [ -89.805909, 35.116369 ], [ -89.80626, 35.116335 ], [ -89.806569, 35.116324 ], [ -89.806701, 35.116315 ], [ -89.807051, 35.116278 ], [ -89.807222, 35.116239 ], [ -89.80731, 35.116235 ], [ -89.80741, 35.11624 ], [ -89.807534, 35.116202 ], [ -89.80775, 35.116165 ], [ -89.80797, 35.116148 ], [ -89.808103, 35.116146 ], [ -89.808367, 35.116169 ], [ -89.80867, 35.116219 ], [ -89.808968, 35.116287 ], [ -89.809141, 35.116315 ], [ -89.809309, 35.11636 ], [ -89.809556, 35.116437 ], [ -89.809724, 35.116482 ], [ -89.80981, 35.116501 ], [ -89.809832, 35.116503 ], [ -89.809941, 35.116514 ], [ -89.810161, 35.116529 ], [ -89.810249, 35.116538 ], [ -89.810461, 35.116589 ], [ -89.810721, 35.116631 ], [ -89.810847, 35.116664 ], [ -89.810927, 35.116694 ], [ -89.811012, 35.116715 ], [ -89.8111, 35.116719 ], [ -89.811188, 35.116709 ], [ -89.811271, 35.116688 ], [ -89.811613, 35.116761 ], [ -89.811832, 35.116788 ], [ -89.812442, 35.116872 ], [ -89.812527, 35.116892 ], [ -89.812606, 35.116918 ], [ -89.812632, 35.116947 ], [ -89.812707, 35.116985 ], [ -89.812789, 35.117013 ], [ -89.812834, 35.117024 ], [ -89.812999, 35.117067 ], [ -89.81326, 35.117104 ], [ -89.814294, 35.117295 ], [ -89.814555, 35.117334 ], [ -89.814728, 35.117365 ], [ -89.814794, 35.117373 ], [ -89.814925, 35.11739 ], [ -89.815224, 35.117453 ], [ -89.815568, 35.11752 ], [ -89.816164, 35.11765 ], [ -89.816468, 35.117697 ], [ -89.8166, 35.1177 ], [ -89.817082, 35.117754 ], [ -89.817433, 35.117785 ], [ -89.817604, 35.117802 ], [ -89.817696, 35.117812 ], [ -89.818263, 35.117887 ], [ -89.818348, 35.117906 ], [ -89.81852, 35.117939 ], [ -89.818688, 35.117998 ], [ -89.818858, 35.118037 ], [ -89.818899, 35.118051 ], [ -89.819132, 35.118153 ], [ -89.819167, 35.118162 ], [ -89.819297, 35.118195 ], [ -89.819469, 35.11824 ], [ -89.819692, 35.118271 ], [ -89.819729, 35.118277 ], [ -89.819825, 35.118291 ], [ -89.820178, 35.118316 ], [ -89.820487, 35.118317 ], [ -89.820504, 35.118317 ], [ -89.820884, 35.118328 ], [ -89.821276, 35.118381 ], [ -89.821667, 35.118461 ], [ -89.822047, 35.118538 ], [ -89.822504, 35.118679 ], [ -89.822584, 35.118704 ], [ -89.822823, 35.118798 ], [ -89.822948, 35.118833 ], [ -89.823154, 35.118876 ], [ -89.823281, 35.118907 ], [ -89.823361, 35.118938 ], [ -89.823444, 35.118961 ], [ -89.823605, 35.119003 ], [ -89.824033, 35.119111 ], [ -89.824288, 35.119172 ], [ -89.824411, 35.119211 ], [ -89.824537, 35.119242 ], [ -89.824974, 35.119315 ], [ -89.82523, 35.119358 ], [ -89.825439, 35.119377 ], [ -89.825581, 35.119388 ], [ -89.825668, 35.1194 ], [ -89.825855, 35.119412 ], [ -89.826074, 35.119432 ], [ -89.826596, 35.119502 ], [ -89.826686, 35.119516 ], [ -89.827201, 35.119602 ], [ -89.827543, 35.119675 ], [ -89.827585, 35.119688 ], [ -89.828068, 35.119864 ], [ -89.828118, 35.119886 ], [ -89.828337, 35.119909 ], [ -89.828602, 35.119927 ], [ -89.828728, 35.11996 ], [ -89.829155, 35.120051 ], [ -89.829415, 35.120094 ], [ -89.829887, 35.120189 ], [ -89.83032, 35.120261 ], [ -89.830364, 35.120272 ], [ -89.830655, 35.120352 ], [ -89.830776, 35.120396 ], [ -89.831238, 35.12052 ], [ -89.831404, 35.120569 ], [ -89.831575, 35.120601 ], [ -89.831788, 35.120647 ], [ -89.831961, 35.120676 ], [ -89.832152, 35.120711 ], [ -89.832176, 35.120715 ], [ -89.832347, 35.120754 ], [ -89.832598, 35.120821 ], [ -89.833027, 35.120905 ], [ -89.833158, 35.120919 ], [ -89.833341, 35.120954 ], [ -89.833588, 35.121001 ], [ -89.833806, 35.121032 ], [ -89.833883, 35.121039 ], [ -89.834201, 35.121067 ], [ -89.834275, 35.121078 ], [ -89.834467, 35.121109 ], [ -89.834562, 35.121124 ], [ -89.834622, 35.121133 ], [ -89.834679, 35.121142 ], [ -89.834764, 35.12116 ], [ -89.834849, 35.121174 ], [ -89.834945, 35.121192 ], [ -89.835251, 35.121244 ], [ -89.835369, 35.121265 ], [ -89.835667, 35.121328 ], [ -89.836173, 35.121396 ], [ -89.836235, 35.121404 ], [ -89.836484, 35.121409 ], [ -89.836819, 35.121367 ], [ -89.837153, 35.121325 ], [ -89.837343, 35.121302 ], [ -89.83742, 35.121292 ], [ -89.839902, 35.120846 ], [ -89.840755, 35.120692 ], [ -89.84118, 35.120729 ], [ -89.841733, 35.120779 ], [ -89.842366, 35.120914 ], [ -89.84241, 35.120933 ], [ -89.842439, 35.120945 ], [ -89.842625, 35.121015 ], [ -89.84284, 35.121094 ], [ -89.842948, 35.121089 ], [ -89.843036, 35.121089 ], [ -89.843166, 35.121111 ], [ -89.843237, 35.121119 ], [ -89.843429, 35.121139 ], [ -89.843514, 35.121158 ], [ -89.843796, 35.121261 ], [ -89.843983, 35.121356 ], [ -89.84403, 35.121457 ], [ -89.844072, 35.121519 ], [ -89.844153, 35.121604 ], [ -89.844223, 35.121682 ], [ -89.844413, 35.121893 ], [ -89.844433, 35.121924 ], [ -89.844463, 35.121997 ], [ -89.844508, 35.122135 ], [ -89.844524, 35.122169 ], [ -89.844606, 35.122296 ], [ -89.844673, 35.122428 ], [ -89.844697, 35.122457 ], [ -89.844759, 35.122508 ], [ -89.844813, 35.122564 ], [ -89.844935, 35.122794 ], [ -89.844957, 35.122825 ], [ -89.845008, 35.122882 ], [ -89.845028, 35.122915 ], [ -89.84507, 35.122965 ], [ -89.845103, 35.123003 ], [ -89.84524, 35.123143 ], [ -89.845418, 35.123301 ], [ -89.845551, 35.123396 ], [ -89.845606, 35.123452 ], [ -89.845669, 35.1235 ], [ -89.845838, 35.123615 ], [ -89.846129, 35.123835 ], [ -89.84619, 35.123886 ], [ -89.846245, 35.123942 ], [ -89.846406, 35.124063 ], [ -89.846898, 35.124522 ], [ -89.847205, 35.124826 ], [ -89.847363, 35.124998 ], [ -89.847436, 35.125088 ], [ -89.847542, 35.125245 ], [ -89.847584, 35.125326 ], [ -89.847626, 35.125408 ], [ -89.847956, 35.12583 ], [ -89.848006, 35.125889 ], [ -89.848246, 35.126144 ], [ -89.848306, 35.126225 ], [ -89.848352, 35.126286 ], [ -89.848604, 35.126579 ], [ -89.848811, 35.126853 ], [ -89.848903, 35.127015 ], [ -89.848967, 35.12711 ], [ -89.849118, 35.127285 ], [ -89.849172, 35.127342 ], [ -89.84975, 35.127782 ], [ -89.850023, 35.128015 ], [ -89.850548, 35.128587 ], [ -89.850847, 35.12885 ], [ -89.85125, 35.129317 ], [ -89.852064, 35.130162 ], [ -89.852888, 35.131043 ], [ -89.853298, 35.131465 ], [ -89.853461, 35.131608 ] ] ] } },
{ "type": "Feature", "properties": { "ShelbyCoun": "5" }, "geometry": { "type": "Polygon", "coordinates": [ [ [ -89.833649, 35.195149 ], [ -89.834208, 35.195159 ], [ -89.834507, 35.195165 ], [ -89.834587, 35.195166 ], [ -89.834828, 35.195169 ], [ -89.834909, 35.195169 ], [ -89.835213, 35.195173 ], [ -89.835662, 35.19518 ], [ -89.836127, 35.195175 ], [ -89.836144, 35.195175 ], [ -89.836234, 35.19523 ], [ -89.836417, 35.195231 ], [ -89.836369, 35.19417 ], [ -89.836343, 35.193584 ], [ -89.836225, 35.190991 ], [ -89.836177, 35.189932 ], [ -89.836287, 35.189932 ], [ -89.836428, 35.18993 ], [ -89.836914, 35.189946 ], [ -89.838057, 35.189985 ], [ -89.838134, 35.189985 ], [ -89.838897, 35.190005 ], [ -89.839124, 35.19001 ], [ -89.839862, 35.19003 ], [ -89.840088, 35.190034 ], [ -89.840766, 35.190052 ], [ -89.840993, 35.190058 ], [ -89.841221, 35.190061 ], [ -89.841905, 35.190076 ], [ -89.842133, 35.190081 ], [ -89.842248, 35.190084 ], [ -89.842595, 35.190095 ], [ -89.842711, 35.190099 ], [ -89.84283, 35.190102 ], [ -89.843187, 35.190113 ], [ -89.843307, 35.190117 ], [ -89.843589, 35.190126 ], [ -89.843685, 35.190123 ], [ -89.843874, 35.190123 ], [ -89.844821, 35.190134 ], [ -89.844844, 35.190135 ], [ -89.8452, 35.190143 ], [ -89.845251, 35.190281 ], [ -89.845251, 35.190565 ], [ -89.845252, 35.190975 ], [ -89.845247, 35.191093 ], [ -89.845219, 35.19186 ], [ -89.845204, 35.192293 ], [ -89.845202, 35.192364 ], [ -89.845197, 35.192548 ], [ -89.845195, 35.192581 ], [ -89.845599, 35.192178 ], [ -89.846018, 35.19176 ], [ -89.846098, 35.19168 ], [ -89.846851, 35.192238 ], [ -89.846924, 35.192291 ], [ -89.847039, 35.192368 ], [ -89.847111, 35.192414 ], [ -89.847343, 35.192567 ], [ -89.847421, 35.192617 ], [ -89.847464, 35.192645 ], [ -89.847479, 35.192629 ], [ -89.847529, 35.19258 ], [ -89.847996, 35.19212 ], [ -89.848249, 35.191871 ], [ -89.848691, 35.191455 ], [ -89.849168, 35.190988 ], [ -89.849416, 35.190758 ], [ -89.849476, 35.190703 ], [ -89.849889, 35.190303 ], [ -89.850393, 35.189811 ], [ -89.850497, 35.189709 ], [ -89.850756, 35.189436 ], [ -89.851294, 35.188885 ], [ -89.851455, 35.188721 ], [ -89.852292, 35.187897 ], [ -89.852309, 35.187881 ], [ -89.852624, 35.18757 ], [ -89.852751, 35.187448 ], [ -89.852899, 35.187301 ], [ -89.853261, 35.186943 ], [ -89.853771, 35.186442 ], [ -89.854349, 35.18587 ], [ -89.854712, 35.185513 ], [ -89.854828, 35.185401 ], [ -89.854983, 35.185246 ], [ -89.85534, 35.184896 ], [ -89.855794, 35.184446 ], [ -89.856065, 35.184179 ], [ -89.856277, 35.183972 ], [ -89.856669, 35.183588 ], [ -89.856912, 35.183347 ], [ -89.857124, 35.183139 ], [ -89.857238, 35.183028 ], [ -89.857261, 35.183006 ], [ -89.857671, 35.182603 ], [ -89.857808, 35.182469 ], [ -89.857908, 35.182372 ], [ -89.858146, 35.182136 ], [ -89.858637, 35.181655 ], [ -89.859046, 35.181247 ], [ -89.859158, 35.181138 ], [ -89.8595, 35.18081 ], [ -89.859848, 35.180478 ], [ -89.859972, 35.18036 ], [ -89.860181, 35.180136 ], [ -89.860394, 35.179925 ], [ -89.860871, 35.179454 ], [ -89.861215, 35.179116 ], [ -89.861666, 35.178672 ], [ -89.86203, 35.178314 ], [ -89.862125, 35.178217 ], [ -89.862259, 35.178086 ], [ -89.862778, 35.177578 ], [ -89.863019, 35.177336 ], [ -89.863177, 35.17718 ], [ -89.863263, 35.177094 ], [ -89.86347, 35.176891 ], [ -89.863531, 35.176832 ], [ -89.863848, 35.176514 ], [ -89.864104, 35.176274 ], [ -89.864826, 35.175549 ], [ -89.864965, 35.175427 ], [ -89.865632, 35.174765 ], [ -89.866164, 35.174241 ], [ -89.866237, 35.174169 ], [ -89.867795, 35.172638 ], [ -89.868414, 35.172051 ], [ -89.868647, 35.171822 ], [ -89.869046, 35.171431 ], [ -89.869281, 35.171184 ], [ -89.869338, 35.171125 ], [ -89.869568, 35.170893 ], [ -89.869814, 35.170651 ], [ -89.870183, 35.170285 ], [ -89.871787, 35.168707 ], [ -89.87203, 35.168467 ], [ -89.872578, 35.167929 ], [ -89.872646, 35.167862 ], [ -89.873021, 35.167492 ], [ -89.874627, 35.165914 ], [ -89.87472, 35.165818 ], [ -89.876314, 35.164237 ], [ -89.876476, 35.164096 ], [ -89.877002, 35.163587 ], [ -89.877098, 35.163498 ], [ -89.877343, 35.163272 ], [ -89.877607, 35.163013 ], [ -89.87815, 35.162527 ], [ -89.881187, 35.159804 ], [ -89.882081, 35.159001 ], [ -89.882224, 35.158873 ], [ -89.882238, 35.158863 ], [ -89.882104, 35.15878 ], [ -89.881825, 35.158606 ], [ -89.881097, 35.158141 ], [ -89.880971, 35.158041 ], [ -89.880511, 35.157657 ], [ -89.880278, 35.157443 ], [ -89.880146, 35.1573 ], [ -89.880049, 35.157179 ], [ -89.879919, 35.157035 ], [ -89.879897, 35.157004 ], [ -89.87988, 35.156971 ], [ -89.879841, 35.156869 ], [ -89.879808, 35.156842 ], [ -89.879771, 35.156802 ], [ -89.879756, 35.156785 ], [ -89.879599, 35.156566 ], [ -89.879556, 35.156507 ], [ -89.879544, 35.156487 ], [ -89.879511, 35.156518 ], [ -89.879373, 35.156656 ], [ -89.87911, 35.156918 ], [ -89.878232, 35.157726 ], [ -89.8779, 35.158 ], [ -89.877594, 35.158255 ], [ -89.877271, 35.158507 ], [ -89.876517, 35.159042 ], [ -89.875926, 35.159433 ], [ -89.874773, 35.160122 ], [ -89.874234, 35.160412 ], [ -89.873517, 35.160747 ], [ -89.873445, 35.160778 ], [ -89.872773, 35.161071 ], [ -89.872112, 35.161324 ], [ -89.870025, 35.162124 ], [ -89.869886, 35.162177 ], [ -89.869472, 35.162335 ], [ -89.869335, 35.16239 ], [ -89.869001, 35.162391 ], [ -89.868854, 35.162391 ], [ -89.868672, 35.162394 ], [ -89.868607, 35.162394 ], [ -89.868443, 35.162408 ], [ -89.867365, 35.162507 ], [ -89.867286, 35.162513 ], [ -89.867005, 35.162643 ], [ -89.866409, 35.162878 ], [ -89.866249, 35.162931 ], [ -89.866152, 35.162934 ], [ -89.863756, 35.162915 ], [ -89.863767, 35.162631 ], [ -89.863785, 35.162157 ], [ -89.863799, 35.161798 ], [ -89.863801, 35.161755 ], [ -89.863816, 35.161366 ], [ -89.86384, 35.16075 ], [ -89.863857, 35.160286 ], [ -89.863863, 35.160134 ], [ -89.863903, 35.159186 ], [ -89.863909, 35.159038 ], [ -89.863894, 35.158996 ], [ -89.86386, 35.158901 ], [ -89.863773, 35.158772 ], [ -89.863663, 35.158676 ], [ -89.863512, 35.1586 ], [ -89.863414, 35.158569 ], [ -89.863299, 35.158552 ], [ -89.863289, 35.158338 ], [ -89.863262, 35.157699 ], [ -89.863253, 35.157486 ], [ -89.863193, 35.157503 ], [ -89.863105, 35.157511 ], [ -89.862538, 35.157504 ], [ -89.861528, 35.157496 ], [ -89.860386, 35.157494 ], [ -89.859669, 35.157494 ], [ -89.859676, 35.156979 ], [ -89.859667, 35.156751 ], [ -89.859491, 35.156749 ], [ -89.859199, 35.156748 ], [ -89.85856, 35.15703 ], [ -89.85718, 35.156856 ], [ -89.856471, 35.156914 ], [ -89.855942, 35.156956 ], [ -89.855942, 35.157031 ], [ -89.855945, 35.157257 ], [ -89.855946, 35.157332 ], [ -89.855944, 35.157487 ], [ -89.855943, 35.157631 ], [ -89.855929, 35.157949 ], [ -89.855923, 35.158103 ], [ -89.855775, 35.158115 ], [ -89.855676, 35.158113 ], [ -89.854934, 35.158095 ], [ -89.854687, 35.158088 ], [ -89.854501, 35.158082 ], [ -89.853943, 35.158062 ], [ -89.853758, 35.158057 ], [ -89.853351, 35.158046 ], [ -89.85262, 35.158027 ], [ -89.85213, 35.158007 ], [ -89.851724, 35.15799 ], [ -89.85152, 35.157982 ], [ -89.851164, 35.15797 ], [ -89.850911, 35.157957 ], [ -89.850794, 35.157953 ], [ -89.850708, 35.157953 ], [ -89.850718, 35.157736 ], [ -89.850745, 35.157165 ], [ -89.850757, 35.157087 ], [ -89.850791, 35.156875 ], [ -89.850825, 35.156748 ], [ -89.850936, 35.156503 ], [ -89.850962, 35.156418 ], [ -89.851013, 35.156256 ], [ -89.851065, 35.155908 ], [ -89.851107, 35.155482 ], [ -89.851174, 35.154969 ], [ -89.851186, 35.154881 ], [ -89.851247, 35.15464 ], [ -89.851302, 35.1545 ], [ -89.851357, 35.154405 ], [ -89.851526, 35.15412 ], [ -89.851569, 35.154049 ], [ -89.851581, 35.154025 ], [ -89.851599, 35.153989 ], [ -89.851653, 35.153879 ], [ -89.851672, 35.153844 ], [ -89.851755, 35.15367 ], [ -89.851777, 35.153537 ], [ -89.851758, 35.153132 ], [ -89.851757, 35.153095 ], [ -89.851788, 35.152966 ], [ -89.85188, 35.152815 ], [ -89.852165, 35.152388 ], [ -89.852305, 35.152115 ], [ -89.852393, 35.151882 ], [ -89.852425, 35.151699 ], [ -89.852452, 35.151426 ], [ -89.852476, 35.151106 ], [ -89.852533, 35.150377 ], [ -89.851606, 35.150388 ], [ -89.851459, 35.150391 ], [ -89.850891, 35.150408 ], [ -89.849494, 35.150433 ], [ -89.849271, 35.150438 ], [ -89.848896, 35.150444 ], [ -89.848239, 35.150458 ], [ -89.847447, 35.150478 ], [ -89.847166, 35.150475 ], [ -89.847102, 35.150479 ], [ -89.847018, 35.150485 ], [ -89.846987, 35.150498 ], [ -89.846966, 35.150506 ], [ -89.846928, 35.15054 ], [ -89.846881, 35.150584 ], [ -89.846818, 35.150434 ], [ -89.846687, 35.150205 ], [ -89.846347, 35.149719 ], [ -89.845882, 35.14901 ], [ -89.845501, 35.148427 ], [ -89.842813, 35.144326 ], [ -89.841791, 35.142767 ], [ -89.840989, 35.141534 ], [ -89.839496, 35.13924 ], [ -89.838635, 35.13786 ], [ -89.838616, 35.137828 ], [ -89.83849, 35.137594 ], [ -89.838177, 35.13691 ], [ -89.837998, 35.136496 ], [ -89.838014, 35.136483 ], [ -89.838441, 35.136148 ], [ -89.839724, 35.135144 ], [ -89.839781, 35.135101 ], [ -89.840041, 35.134899 ], [ -89.84014, 35.134797 ], [ -89.840365, 35.134812 ], [ -89.840787, 35.134839 ], [ -89.84453, 35.135027 ], [ -89.847142, 35.135155 ], [ -89.849183, 35.135262 ], [ -89.849961, 35.135295 ], [ -89.850499, 35.135289 ], [ -89.850924, 35.135244 ], [ -89.851178, 35.135203 ], [ -89.85139, 35.135154 ], [ -89.851702, 35.135076 ], [ -89.851903, 35.135011 ], [ -89.852252, 35.134892 ], [ -89.852568, 35.13476 ], [ -89.852928, 35.134608 ], [ -89.853214, 35.134422 ], [ -89.85361, 35.134153 ], [ -89.854929, 35.133169 ], [ -89.855235, 35.132937 ], [ -89.85517, 35.132877 ], [ -89.855101, 35.132813 ], [ -89.854938, 35.132652 ], [ -89.85485, 35.132565 ], [ -89.854728, 35.132467 ], [ -89.854262, 35.132196 ], [ -89.853952, 35.131995 ], [ -89.853888, 35.131945 ], [ -89.853657, 35.13178 ], [ -89.853461, 35.131608 ], [ -89.853298, 35.131465 ], [ -89.852888, 35.131043 ], [ -89.852064, 35.130162 ], [ -89.85125, 35.129317 ], [ -89.850847, 35.12885 ], [ -89.850548, 35.128587 ], [ -89.850023, 35.128015 ], [ -89.84975, 35.127782 ], [ -89.849172, 35.127342 ], [ -89.849118, 35.127285 ], [ -89.848967, 35.12711 ], [ -89.848903, 35.127015 ], [ -89.848811, 35.126853 ], [ -89.848604, 35.126579 ], [ -89.848352, 35.126286 ], [ -89.848306, 35.126225 ], [ -89.848246, 35.126144 ], [ -89.848006, 35.125889 ], [ -89.847956, 35.12583 ], [ -89.847626, 35.125408 ], [ -89.847584, 35.125326 ], [ -89.847542, 35.125245 ], [ -89.847436, 35.125088 ], [ -89.847363, 35.124998 ], [ -89.847205, 35.124826 ], [ -89.846898, 35.124522 ], [ -89.846406, 35.124063 ], [ -89.846245, 35.123942 ], [ -89.84619, 35.123886 ], [ -89.846129, 35.123835 ], [ -89.845838, 35.123615 ], [ -89.845669, 35.1235 ], [ -89.845606, 35.123452 ], [ -89.845551, 35.123396 ], [ -89.845418, 35.123301 ], [ -89.84524, 35.123143 ], [ -89.845103, 35.123003 ], [ -89.84507, 35.122965 ], [ -89.845028, 35.122915 ], [ -89.845008, 35.122882 ], [ -89.844957, 35.122825 ], [ -89.844935, 35.122794 ], [ -89.844813, 35.122564 ], [ -89.844759, 35.122508 ], [ -89.844697, 35.122457 ], [ -89.844673, 35.122428 ], [ -89.844606, 35.122296 ], [ -89.844524, 35.122169 ], [ -89.844508, 35.122135 ], [ -89.844463, 35.121997 ], [ -89.844433, 35.121924 ], [ -89.844413, 35.121893 ], [ -89.844223, 35.121682 ], [ -89.844153, 35.121604 ], [ -89.844072, 35.121519 ], [ -89.84403, 35.121457 ], [ -89.843983, 35.121356 ], [ -89.843796, 35.121261 ], [ -89.843514, 35.121158 ], [ -89.843429, 35.121139 ], [ -89.843237, 35.121119 ], [ -89.843166, 35.121111 ], [ -89.843036, 35.121089 ], [ -89.842948, 35.121089 ], [ -89.84284, 35.121094 ], [ -89.842625, 35.121015 ], [ -89.842439, 35.120945 ], [ -89.84241, 35.120933 ], [ -89.842366, 35.120914 ], [ -89.841733, 35.120779 ], [ -89.84118, 35.120729 ], [ -89.840755, 35.120692 ], [ -89.839902, 35.120846 ], [ -89.83742, 35.121292 ], [ -89.837343, 35.121302 ], [ -89.837153, 35.121325 ], [ -89.836819, 35.121367 ], [ -89.836484, 35.121409 ], [ -89.836235, 35.121404 ], [ -89.836173, 35.121396 ], [ -89.835667, 35.121328 ], [ -89.835369, 35.121265 ], [ -89.835251, 35.121244 ], [ -89.834945, 35.121192 ], [ -89.834849, 35.121174 ], [ -89.834764, 35.12116 ], [ -89.834679, 35.121142 ], [ -89.834622, 35.121133 ], [ -89.834562, 35.121124 ], [ -89.834467, 35.121109 ], [ -89.834275, 35.121078 ], [ -89.834201, 35.121067 ], [ -89.833883, 35.121039 ], [ -89.833806, 35.121032 ], [ -89.833588, 35.121001 ], [ -89.833341, 35.120954 ], [ -89.833158, 35.120919 ], [ -89.833027, 35.120905 ], [ -89.832598, 35.120821 ], [ -89.832347, 35.120754 ], [ -89.832176, 35.120715 ], [ -89.832152, 35.120711 ], [ -89.831961, 35.120676 ], [ -89.831788, 35.120647 ], [ -89.831575, 35.120601 ], [ -89.831404, 35.120569 ], [ -89.831238, 35.12052 ], [ -89.830776, 35.120396 ], [ -89.830655, 35.120352 ], [ -89.830364, 35.120272 ], [ -89.83032, 35.120261 ], [ -89.829887, 35.120189 ], [ -89.829415, 35.120094 ], [ -89.829155, 35.120051 ], [ -89.828728, 35.11996 ], [ -89.828602, 35.119927 ], [ -89.828337, 35.119909 ], [ -89.828118, 35.119886 ], [ -89.828068, 35.119864 ], [ -89.827585, 35.119688 ], [ -89.827543, 35.119675 ], [ -89.827201, 35.119602 ], [ -89.826686, 35.119516 ], [ -89.826596, 35.119502 ], [ -89.826074, 35.119432 ], [ -89.825855, 35.119412 ], [ -89.825668, 35.1194 ], [ -89.825581, 35.119388 ], [ -89.825439, 35.119377 ], [ -89.82523, 35.119358 ], [ -89.824974, 35.119315 ], [ -89.824537, 35.119242 ], [ -89.824411, 35.119211 ], [ -89.824288, 35.119172 ], [ -89.824033, 35.119111 ], [ -89.823605, 35.119003 ], [ -89.823444, 35.118961 ], [ -89.823361, 35.118938 ], [ -89.823281, 35.118907 ], [ -89.823154, 35.118876 ], [ -89.822948, 35.118833 ], [ -89.822823, 35.118798 ], [ -89.822584, 35.118704 ], [ -89.822504, 35.118679 ], [ -89.822047, 35.118538 ], [ -89.821667, 35.118461 ], [ -89.821276, 35.118381 ], [ -89.820884, 35.118328 ], [ -89.820504, 35.118317 ], [ -89.820487, 35.118317 ], [ -89.820178, 35.118316 ], [ -89.819825, 35.118291 ], [ -89.819729, 35.118277 ], [ -89.819692, 35.118271 ], [ -89.819469, 35.11824 ], [ -89.819297, 35.118195 ], [ -89.819167, 35.118162 ], [ -89.819132, 35.118153 ], [ -89.818899, 35.118051 ], [ -89.818858, 35.118037 ], [ -89.818688, 35.117998 ], [ -89.81852, 35.117939 ], [ -89.818348, 35.117906 ], [ -89.818263, 35.117887 ], [ -89.817696, 35.117812 ], [ -89.817604, 35.117802 ], [ -89.817433, 35.117785 ], [ -89.817082, 35.117754 ], [ -89.8166, 35.1177 ], [ -89.816468, 35.117697 ], [ -89.816164, 35.11765 ], [ -89.815568, 35.11752 ], [ -89.815224, 35.117453 ], [ -89.814925, 35.11739 ], [ -89.814794, 35.117373 ], [ -89.814728, 35.117365 ], [ -89.814555, 35.117334 ], [ -89.814294, 35.117295 ], [ -89.81326, 35.117104 ], [ -89.812999, 35.117067 ], [ -89.812834, 35.117024 ], [ -89.812789, 35.117013 ], [ -89.812707, 35.116985 ], [ -89.812632, 35.116947 ], [ -89.812606, 35.116918 ], [ -89.812527, 35.116892 ], [ -89.812442, 35.116872 ], [ -89.811832, 35.116788 ], [ -89.811613, 35.116761 ], [ -89.811271, 35.116688 ], [ -89.811188, 35.116709 ], [ -89.8111, 35.116719 ], [ -89.811012, 35.116715 ], [ -89.810927, 35.116694 ], [ -89.810847, 35.116664 ], [ -89.810721, 35.116631 ], [ -89.810461, 35.116589 ], [ -89.810249, 35.116538 ], [ -89.810161, 35.116529 ], [ -89.809941, 35.116514 ], [ -89.809832, 35.116503 ], [ -89.80981, 35.116501 ], [ -89.809724, 35.116482 ], [ -89.809556, 35.116437 ], [ -89.809309, 35.11636 ], [ -89.809141, 35.116315 ], [ -89.808968, 35.116287 ], [ -89.80867, 35.116219 ], [ -89.808367, 35.116169 ], [ -89.808103, 35.116146 ], [ -89.80797, 35.116148 ], [ -89.80775, 35.116165 ], [ -89.807534, 35.116202 ], [ -89.80741, 35.11624 ], [ -89.80731, 35.116235 ], [ -89.807222, 35.116239 ], [ -89.807051, 35.116278 ], [ -89.806701, 35.116315 ], [ -89.806569, 35.116324 ], [ -89.80626, 35.116335 ], [ -89.805909, 35.116369 ], [ -89.805499, 35.116434 ], [ -89.805475, 35.116439 ], [ -89.805262, 35.116485 ], [ -89.805057, 35.116552 ], [ -89.804388, 35.116827 ], [ -89.804315, 35.116867 ], [ -89.804237, 35.116901 ], [ -89.804129, 35.11694 ], [ -89.804035, 35.116974 ], [ -89.803964, 35.117016 ], [ -89.803843, 35.11712 ], [ -89.803804, 35.117137 ], [ -89.803535, 35.117199 ], [ -89.803209, 35.117275 ], [ -89.80295, 35.11732 ], [ -89.802907, 35.117323 ], [ -89.802867, 35.117307 ], [ -89.802783, 35.117284 ], [ -89.802565, 35.117252 ], [ -89.802344, 35.11725 ], [ -89.802265, 35.117185 ], [ -89.802193, 35.117142 ], [ -89.802073, 35.117096 ], [ -89.802031, 35.117086 ], [ -89.801683, 35.117036 ], [ -89.801628, 35.117025 ], [ -89.801153, 35.116944 ], [ -89.801066, 35.11693 ], [ -89.800978, 35.116915 ], [ -89.80096, 35.116983 ], [ -89.800934, 35.117078 ], [ -89.800823, 35.117481 ], [ -89.80075, 35.117748 ], [ -89.800723, 35.117846 ], [ -89.800697, 35.117942 ], [ -89.800672, 35.118037 ], [ -89.800647, 35.118134 ], [ -89.800374, 35.119188 ], [ -89.800241, 35.119701 ], [ -89.800226, 35.119756 ], [ -89.800124, 35.120126 ], [ -89.799822, 35.121234 ], [ -89.799722, 35.121604 ], [ -89.799506, 35.122405 ], [ -89.79886, 35.124811 ], [ -89.798645, 35.125614 ], [ -89.798556, 35.125909 ], [ -89.798546, 35.125946 ], [ -89.798493, 35.126144 ], [ -89.798315, 35.126805 ], [ -89.798235, 35.127105 ], [ -89.79814, 35.127452 ], [ -89.798041, 35.127821 ], [ -89.797856, 35.128499 ], [ -89.7978, 35.128709 ], [ -89.797778, 35.128785 ], [ -89.79776, 35.128848 ], [ -89.797594, 35.12947 ], [ -89.797202, 35.130944 ], [ -89.797165, 35.131088 ], [ -89.797109, 35.131342 ], [ -89.797092, 35.131425 ], [ -89.797048, 35.131623 ], [ -89.797035, 35.131667 ], [ -89.797006, 35.131854 ], [ -89.796991, 35.131919 ], [ -89.796987, 35.131933 ], [ -89.796977, 35.131974 ], [ -89.796972, 35.131987 ], [ -89.796958, 35.132025 ], [ -89.796954, 35.132039 ], [ -89.796942, 35.132073 ], [ -89.796929, 35.13211 ], [ -89.7969, 35.132191 ], [ -89.796826, 35.13241 ], [ -89.796721, 35.132723 ], [ -89.796494, 35.13354 ], [ -89.79642, 35.133809 ], [ -89.796405, 35.133869 ], [ -89.796392, 35.133919 ], [ -89.796314, 35.134204 ], [ -89.796214, 35.13458 ], [ -89.796109, 35.135072 ], [ -89.796048, 35.135363 ], [ -89.795668, 35.135348 ], [ -89.79552, 35.135344 ], [ -89.794999, 35.135247 ], [ -89.794698, 35.135165 ], [ -89.794556, 35.135114 ], [ -89.794199, 35.134985 ], [ -89.793961, 35.13489 ], [ -89.792786, 35.134409 ], [ -89.79272, 35.134381 ], [ -89.792693, 35.134369 ], [ -89.791715, 35.133965 ], [ -89.791564, 35.133904 ], [ -89.791113, 35.133717 ], [ -89.790963, 35.133657 ], [ -89.790825, 35.133599 ], [ -89.790412, 35.133429 ], [ -89.790275, 35.133373 ], [ -89.790252, 35.133364 ], [ -89.790183, 35.133334 ], [ -89.79016, 35.133325 ], [ -89.790122, 35.133308 ], [ -89.79001, 35.133259 ], [ -89.789973, 35.133243 ], [ -89.789633, 35.133102 ], [ -89.789107, 35.132884 ], [ -89.788618, 35.132686 ], [ -89.788272, 35.132545 ], [ -89.788167, 35.132501 ], [ -89.788116, 35.13248 ], [ -89.787648, 35.132292 ], [ -89.787493, 35.13223 ], [ -89.787315, 35.13216 ], [ -89.787245, 35.132131 ], [ -89.786779, 35.131951 ], [ -89.786601, 35.131882 ], [ -89.786291, 35.131758 ], [ -89.78547, 35.131432 ], [ -89.785362, 35.131386 ], [ -89.785057, 35.131254 ], [ -89.785105, 35.131144 ], [ -89.785126, 35.131071 ], [ -89.785174, 35.13091 ], [ -89.785248, 35.130504 ], [ -89.785284, 35.130312 ], [ -89.785295, 35.130249 ], [ -89.785308, 35.130181 ], [ -89.78531, 35.130171 ], [ -89.784421, 35.130061 ], [ -89.78367, 35.129981 ], [ -89.783211, 35.129922 ], [ -89.782639, 35.129841 ], [ -89.782622, 35.129932 ], [ -89.782612, 35.129984 ], [ -89.782387, 35.129953 ], [ -89.782093, 35.129914 ], [ -89.781716, 35.129841 ], [ -89.781644, 35.129828 ], [ -89.781497, 35.129789 ], [ -89.7814, 35.129762 ], [ -89.78133, 35.129741 ], [ -89.781164, 35.12969 ], [ -89.780972, 35.129621 ], [ -89.78084, 35.129565 ], [ -89.780681, 35.129497 ], [ -89.780359, 35.129342 ], [ -89.78029, 35.129235 ], [ -89.780262, 35.129191 ], [ -89.780194, 35.129154 ], [ -89.779847, 35.128969 ], [ -89.77948, 35.128775 ], [ -89.779079, 35.128595 ], [ -89.778538, 35.128352 ], [ -89.778306, 35.128248 ], [ -89.777972, 35.128119 ], [ -89.777643, 35.128006 ], [ -89.777571, 35.12798 ], [ -89.777203, 35.127877 ], [ -89.777045, 35.12784 ], [ -89.776625, 35.127782 ], [ -89.776281, 35.127736 ], [ -89.775845, 35.127685 ], [ -89.775645, 35.127662 ], [ -89.775479, 35.127642 ], [ -89.774769, 35.127572 ], [ -89.774537, 35.12756 ], [ -89.7741, 35.127539 ], [ -89.773427, 35.127516 ], [ -89.772318, 35.127477 ], [ -89.771725, 35.12746 ], [ -89.771408, 35.127446 ], [ -89.771339, 35.127443 ], [ -89.77103, 35.127454 ], [ -89.770737, 35.127479 ], [ -89.770755, 35.127372 ], [ -89.770774, 35.12726 ], [ -89.770786, 35.127198 ], [ -89.770966, 35.126628 ], [ -89.771033, 35.126418 ], [ -89.77108, 35.126196 ], [ -89.771118, 35.126024 ], [ -89.771168, 35.125524 ], [ -89.771191, 35.125299 ], [ -89.771214, 35.125034 ], [ -89.771284, 35.124242 ], [ -89.771308, 35.123977 ], [ -89.771321, 35.123821 ], [ -89.771338, 35.123625 ], [ -89.771344, 35.123351 ], [ -89.771348, 35.123195 ], [ -89.771351, 35.122985 ], [ -89.771361, 35.122356 ], [ -89.771362, 35.122276 ], [ -89.771363, 35.122253 ], [ -89.771364, 35.122223 ], [ -89.771365, 35.122147 ], [ -89.771365, 35.122073 ], [ -89.771367, 35.121848 ], [ -89.771368, 35.121775 ], [ -89.77138, 35.120959 ], [ -89.771404, 35.119431 ], [ -89.771416, 35.118705 ], [ -89.771418, 35.118511 ], [ -89.771428, 35.117697 ], [ -89.771158, 35.117689 ], [ -89.770566, 35.117677 ], [ -89.770348, 35.117672 ], [ -89.770079, 35.117666 ], [ -89.769907, 35.117662 ], [ -89.769391, 35.11765 ], [ -89.76922, 35.117646 ], [ -89.768832, 35.117641 ], [ -89.76767, 35.117625 ], [ -89.767283, 35.117621 ], [ -89.76713, 35.117618 ], [ -89.766674, 35.117613 ], [ -89.766522, 35.11761 ], [ -89.766404, 35.117607 ], [ -89.76605, 35.117598 ], [ -89.765933, 35.117596 ], [ -89.765509, 35.117587 ], [ -89.764426, 35.117565 ], [ -89.764237, 35.117559 ], [ -89.763985, 35.117568 ], [ -89.763815, 35.117587 ], [ -89.763625, 35.117607 ], [ -89.763055, 35.117673 ], [ -89.762866, 35.117697 ], [ -89.762441, 35.117733 ], [ -89.762168, 35.117756 ], [ -89.761933, 35.117788 ], [ -89.761445, 35.117824 ], [ -89.761167, 35.117835 ], [ -89.761043, 35.11784 ], [ -89.76093, 35.117841 ], [ -89.760825, 35.117849 ], [ -89.760742, 35.11785 ], [ -89.760809, 35.117168 ], [ -89.760842, 35.116771 ], [ -89.760907, 35.116009 ], [ -89.760923, 35.115626 ], [ -89.760888, 35.115268 ], [ -89.760811, 35.114815 ], [ -89.760632, 35.113766 ], [ -89.760604, 35.113546 ], [ -89.760592, 35.11345 ], [ -89.760575, 35.112904 ], [ -89.760598, 35.112463 ], [ -89.7606, 35.112291 ], [ -89.760602, 35.112067 ], [ -89.760599, 35.111933 ], [ -89.760598, 35.1119 ], [ -89.760597, 35.111856 ], [ -89.760607, 35.111008 ], [ -89.760613, 35.110464 ], [ -89.760625, 35.110211 ], [ -89.760627, 35.110191 ], [ -89.760659, 35.110156 ], [ -89.76076, 35.110049 ], [ -89.760771, 35.10995 ], [ -89.760814, 35.109707 ], [ -89.760812, 35.109616 ], [ -89.760809, 35.109435 ], [ -89.760807, 35.109345 ], [ -89.760806, 35.109255 ], [ -89.760853, 35.108286 ], [ -89.760863, 35.10808 ], [ -89.760962, 35.106055 ], [ -89.761027, 35.104721 ], [ -89.76103, 35.104661 ], [ -89.761033, 35.104602 ], [ -89.761035, 35.104555 ], [ -89.761047, 35.104292 ], [ -89.761052, 35.104195 ], [ -89.761055, 35.104135 ], [ -89.761058, 35.104076 ], [ -89.761073, 35.103772 ], [ -89.761082, 35.103577 ], [ -89.761092, 35.103381 ], [ -89.761004, 35.103356 ], [ -89.760917, 35.103342 ], [ -89.760829, 35.103341 ], [ -89.760785, 35.103346 ], [ -89.759607, 35.103586 ], [ -89.759142, 35.10368 ], [ -89.757764, 35.103961 ], [ -89.757555, 35.104004 ], [ -89.757397, 35.104038 ], [ -89.757309, 35.104043 ], [ -89.757265, 35.104042 ], [ -89.757205, 35.104074 ], [ -89.757124, 35.104104 ], [ -89.755021, 35.104532 ], [ -89.754897, 35.10457 ], [ -89.754707, 35.104661 ], [ -89.75464, 35.104648 ], [ -89.754552, 35.104642 ], [ -89.754508, 35.104642 ], [ -89.754421, 35.104654 ], [ -89.752153, 35.105112 ], [ -89.751337, 35.105276 ], [ -89.750447, 35.105488 ], [ -89.750024, 35.105607 ], [ -89.749895, 35.10564 ], [ -89.749867, 35.105435 ], [ -89.749627, 35.105522 ], [ -89.749117, 35.105571 ], [ -89.74865, 35.105725 ], [ -89.7483, 35.105806 ], [ -89.74735, 35.106018 ], [ -89.747149, 35.106077 ], [ -89.746594, 35.106164 ], [ -89.745497, 35.106438 ], [ -89.745295, 35.106489 ], [ -89.745094, 35.106536 ], [ -89.744544, 35.106789 ], [ -89.744235, 35.106896 ], [ -89.743901, 35.106955 ], [ -89.743547, 35.106957 ], [ -89.743173, 35.106992 ], [ -89.742812, 35.107028 ], [ -89.742323, 35.107187 ], [ -89.742067, 35.10735 ], [ -89.74186, 35.107366 ], [ -89.74176, 35.107397 ], [ -89.741511, 35.107577 ], [ -89.741173, 35.107914 ], [ -89.740836, 35.108141 ], [ -89.740573, 35.108387 ], [ -89.74047, 35.108539 ], [ -89.740325, 35.108928 ], [ -89.740134, 35.1093 ], [ -89.739991, 35.109454 ], [ -89.739763, 35.109561 ], [ -89.739509, 35.109575 ], [ -89.739124, 35.109418 ], [ -89.738906, 35.109284 ], [ -89.738422, 35.109032 ], [ -89.738097, 35.10892 ], [ -89.737937, 35.108863 ], [ -89.737377, 35.108832 ], [ -89.737583, 35.109461 ], [ -89.737599, 35.109511 ], [ -89.737527, 35.109899 ], [ -89.73741, 35.110239 ], [ -89.737182, 35.110518 ], [ -89.736998, 35.110662 ], [ -89.736725, 35.110796 ], [ -89.736392, 35.110873 ], [ -89.736163, 35.110841 ], [ -89.735718, 35.110746 ], [ -89.734852, 35.110572 ], [ -89.734851, 35.110571 ], [ -89.734821, 35.110585 ], [ -89.734761, 35.110605 ], [ -89.73476, 35.110605 ], [ -89.734759, 35.110606 ], [ -89.734652, 35.110627 ], [ -89.734647, 35.110628 ], [ -89.734637, 35.110629 ], [ -89.734587, 35.110633 ], [ -89.734576, 35.110633 ], [ -89.734565, 35.110633 ], [ -89.734513, 35.110632 ], [ -89.734504, 35.110631 ], [ -89.734497, 35.110631 ], [ -89.734434, 35.110622 ], [ -89.734373, 35.110609 ], [ -89.734365, 35.110608 ], [ -89.734354, 35.110604 ], [ -89.734305, 35.110588 ], [ -89.734299, 35.110585 ], [ -89.734236, 35.110557 ], [ -89.734178, 35.110523 ], [ -89.734125, 35.110484 ], [ -89.734078, 35.110439 ], [ -89.733982, 35.110327 ], [ -89.733893, 35.110211 ], [ -89.733735, 35.10997 ], [ -89.733605, 35.109718 ], [ -89.733152, 35.108838 ], [ -89.732826, 35.108199 ], [ -89.732764, 35.108075 ], [ -89.732452, 35.107448 ], [ -89.731545, 35.105638 ], [ -89.731553, 35.105792 ], [ -89.731533, 35.106222 ], [ -89.731464, 35.107579 ], [ -89.731381, 35.109102 ], [ -89.731457, 35.109797 ], [ -89.731503, 35.110034 ], [ -89.731556, 35.110249 ], [ -89.731682, 35.110612 ], [ -89.73111, 35.110817 ], [ -89.730714, 35.110999 ], [ -89.730473, 35.111167 ], [ -89.730003, 35.111688 ], [ -89.729826, 35.111858 ], [ -89.729646, 35.111991 ], [ -89.729334, 35.112173 ], [ -89.728433, 35.112648 ], [ -89.727704, 35.113046 ], [ -89.727571, 35.113108 ], [ -89.727406, 35.113161 ], [ -89.727346, 35.113173 ], [ -89.727166, 35.113181 ], [ -89.726607, 35.113124 ], [ -89.726394, 35.113102 ], [ -89.726039, 35.113084 ], [ -89.725841, 35.113097 ], [ -89.72561, 35.113132 ], [ -89.725376, 35.113198 ], [ -89.725013, 35.113367 ], [ -89.724942, 35.113405 ], [ -89.723639, 35.114132 ], [ -89.72343, 35.114267 ], [ -89.723309, 35.114373 ], [ -89.723204, 35.114522 ], [ -89.723127, 35.114715 ], [ -89.723086, 35.114945 ], [ -89.723066, 35.11524 ], [ -89.723066, 35.115443 ], [ -89.723066, 35.116063 ], [ -89.723066, 35.116217 ], [ -89.723058, 35.116937 ], [ -89.723057, 35.117056 ], [ -89.72305, 35.117233 ], [ -89.723064, 35.11732 ], [ -89.72311, 35.117424 ], [ -89.7233, 35.117584 ], [ -89.72337, 35.117658 ], [ -89.723479, 35.117826 ], [ -89.72349, 35.117843 ], [ -89.723738, 35.118389 ], [ -89.723836, 35.118541 ], [ -89.72415, 35.118998 ], [ -89.724332, 35.119234 ], [ -89.72467, 35.119671 ], [ -89.724984, 35.120069 ], [ -89.725382, 35.120546 ], [ -89.725619, 35.120827 ], [ -89.725815, 35.121026 ], [ -89.726251, 35.121353 ], [ -89.726568, 35.121638 ], [ -89.726667, 35.12173 ], [ -89.726835, 35.121851 ], [ -89.726955, 35.121911 ], [ -89.727153, 35.121975 ], [ -89.727628, 35.122051 ], [ -89.727746, 35.122093 ], [ -89.727879, 35.122173 ], [ -89.727983, 35.12227 ], [ -89.728091, 35.122411 ], [ -89.728103, 35.122428 ], [ -89.728173, 35.122588 ], [ -89.728207, 35.122792 ], [ -89.728215, 35.123123 ], [ -89.728208, 35.123518 ], [ -89.728198, 35.123987 ], [ -89.728191, 35.124399 ], [ -89.728168, 35.125391 ], [ -89.728159, 35.125828 ], [ -89.728158, 35.125861 ], [ -89.728138, 35.126588 ], [ -89.728108, 35.127699 ], [ -89.72808, 35.12877 ], [ -89.728062, 35.129498 ], [ -89.728034, 35.131051 ], [ -89.72802, 35.131842 ], [ -89.728001, 35.1326 ], [ -89.727989, 35.133299 ], [ -89.72799, 35.133561 ], [ -89.727986, 35.134074 ], [ -89.72798, 35.134195 ], [ -89.727955, 35.134709 ], [ -89.727938, 35.135131 ], [ -89.727925, 35.135712 ], [ -89.727903, 35.136738 ], [ -89.727898, 35.137266 ], [ -89.727665, 35.140996 ], [ -89.727519, 35.142443 ], [ -89.727307, 35.143891 ], [ -89.727241, 35.144222 ], [ -89.727168, 35.1444 ], [ -89.727029, 35.144638 ], [ -89.726811, 35.144911 ], [ -89.726585, 35.145195 ], [ -89.726466, 35.145428 ], [ -89.726374, 35.145672 ], [ -89.726307, 35.145983 ], [ -89.726281, 35.146116 ], [ -89.726275, 35.146369 ], [ -89.726238, 35.146851 ], [ -89.726258, 35.147075 ], [ -89.726332, 35.147343 ], [ -89.726538, 35.147838 ], [ -89.726592, 35.147966 ], [ -89.72696, 35.14875 ], [ -89.727157, 35.149156 ], [ -89.727221, 35.149349 ], [ -89.727263, 35.149583 ], [ -89.727275, 35.149648 ], [ -89.727298, 35.150067 ], [ -89.727302, 35.150652 ], [ -89.727345, 35.152182 ], [ -89.727351, 35.152248 ], [ -89.727379, 35.152521 ], [ -89.727385, 35.15255 ], [ -89.727541, 35.153401 ], [ -89.727561, 35.153754 ], [ -89.727509, 35.155021 ], [ -89.727476, 35.155856 ], [ -89.727478, 35.156485 ], [ -89.727481, 35.157128 ], [ -89.727482, 35.157394 ], [ -89.727483, 35.157612 ], [ -89.727485, 35.157731 ], [ -89.727506, 35.158825 ], [ -89.727517, 35.159406 ], [ -89.727519, 35.159712 ], [ -89.727522, 35.160094 ], [ -89.727102, 35.160087 ], [ -89.726558, 35.160078 ], [ -89.725997, 35.160062 ], [ -89.72394, 35.160004 ], [ -89.723169, 35.159984 ], [ -89.722957, 35.159977 ], [ -89.722743, 35.159972 ], [ -89.722677, 35.159971 ], [ -89.722375, 35.159965 ], [ -89.721827, 35.159955 ], [ -89.721635, 35.159954 ], [ -89.721424, 35.159951 ], [ -89.721148, 35.159946 ], [ -89.721048, 35.159945 ], [ -89.720933, 35.159943 ], [ -89.720263, 35.159924 ], [ -89.7199, 35.159915 ], [ -89.719638, 35.159909 ], [ -89.71941, 35.159904 ], [ -89.718853, 35.159889 ], [ -89.718727, 35.159886 ], [ -89.718592, 35.159873 ], [ -89.718484, 35.159862 ], [ -89.718446, 35.159859 ], [ -89.718307, 35.159847 ], [ -89.718164, 35.15982 ], [ -89.718058, 35.159802 ], [ -89.717825, 35.159748 ], [ -89.717784, 35.159737 ], [ -89.717336, 35.159607 ], [ -89.717063, 35.159517 ], [ -89.716975, 35.159489 ], [ -89.716708, 35.159402 ], [ -89.71626, 35.159302 ], [ -89.716075, 35.159284 ], [ -89.715943, 35.159271 ], [ -89.715453, 35.15926 ], [ -89.714529, 35.159276 ], [ -89.714509, 35.159275 ], [ -89.714144, 35.159284 ], [ -89.713501, 35.159298 ], [ -89.712721, 35.159318 ], [ -89.710902, 35.159368 ], [ -89.710647, 35.159352 ], [ -89.710456, 35.159305 ], [ -89.710394, 35.159275 ], [ -89.710286, 35.159224 ], [ -89.709971, 35.159015 ], [ -89.709747, 35.158845 ], [ -89.709838, 35.159321 ], [ -89.709864, 35.159395 ], [ -89.709907, 35.159517 ], [ -89.710026, 35.159715 ], [ -89.71023, 35.159948 ], [ -89.710552, 35.160266 ], [ -89.710685, 35.160438 ], [ -89.710806, 35.16065 ], [ -89.710883, 35.160868 ], [ -89.710923, 35.161083 ], [ -89.710936, 35.161297 ], [ -89.710932, 35.161489 ], [ -89.710886, 35.162335 ], [ -89.710856, 35.163092 ], [ -89.710833, 35.163732 ], [ -89.71083, 35.163799 ], [ -89.710828, 35.163843 ], [ -89.710825, 35.163923 ], [ -89.710803, 35.164434 ], [ -89.710799, 35.164525 ], [ -89.710783, 35.164916 ], [ -89.710781, 35.16498 ], [ -89.710795, 35.165395 ], [ -89.710814, 35.165507 ], [ -89.710893, 35.165778 ], [ -89.710948, 35.1659 ], [ -89.710984, 35.165973 ], [ -89.711021, 35.166038 ], [ -89.711272, 35.16648 ], [ -89.711372, 35.166647 ], [ -89.711453, 35.166782 ], [ -89.71201, 35.167715 ], [ -89.712058, 35.167795 ], [ -89.712134, 35.167922 ], [ -89.712193, 35.168014 ], [ -89.712231, 35.168073 ], [ -89.71253, 35.168534 ], [ -89.712846, 35.168974 ], [ -89.713033, 35.169177 ], [ -89.713171, 35.169303 ], [ -89.713585, 35.169598 ], [ -89.714197, 35.170018 ], [ -89.714738, 35.170428 ], [ -89.715307, 35.170865 ], [ -89.715507, 35.170994 ], [ -89.715787, 35.171139 ], [ -89.715942, 35.171191 ], [ -89.716092, 35.171214 ], [ -89.717514, 35.171324 ], [ -89.717813, 35.171309 ], [ -89.717883, 35.171301 ], [ -89.717937, 35.171291 ], [ -89.718981, 35.171138 ], [ -89.719188, 35.17113 ], [ -89.719402, 35.171158 ], [ -89.719617, 35.171236 ], [ -89.719844, 35.171352 ], [ -89.720037, 35.171484 ], [ -89.720213, 35.171641 ], [ -89.720546, 35.171994 ], [ -89.720581, 35.172033 ], [ -89.720756, 35.172238 ], [ -89.720798, 35.172304 ], [ -89.720906, 35.172473 ], [ -89.720981, 35.172606 ], [ -89.721148, 35.172902 ], [ -89.721291, 35.173085 ], [ -89.721421, 35.173218 ], [ -89.721624, 35.173379 ], [ -89.721825, 35.173507 ], [ -89.721964, 35.173576 ], [ -89.722264, 35.173701 ], [ -89.722491, 35.173769 ], [ -89.723118, 35.173901 ], [ -89.723467, 35.174004 ], [ -89.723772, 35.174125 ], [ -89.724124, 35.174313 ], [ -89.724847, 35.174765 ], [ -89.725014, 35.174885 ], [ -89.725179, 35.175061 ], [ -89.725276, 35.175208 ], [ -89.725304, 35.175249 ], [ -89.725428, 35.175548 ], [ -89.725481, 35.175698 ], [ -89.725538, 35.17587 ], [ -89.725629, 35.176184 ], [ -89.725704, 35.176537 ], [ -89.725732, 35.176717 ], [ -89.725778, 35.177056 ], [ -89.725875, 35.177857 ], [ -89.725891, 35.177969 ], [ -89.726034, 35.178939 ], [ -89.726034, 35.179248 ], [ -89.725957, 35.1804 ], [ -89.725933, 35.180635 ], [ -89.725859, 35.181363 ], [ -89.725836, 35.181539 ], [ -89.725793, 35.181925 ], [ -89.725665, 35.183085 ], [ -89.725655, 35.183175 ], [ -89.725863, 35.18333 ], [ -89.726491, 35.182847 ], [ -89.726826, 35.182676 ], [ -89.727134, 35.182485 ], [ -89.727215, 35.18243 ], [ -89.727308, 35.18237 ], [ -89.727388, 35.18233 ], [ -89.727535, 35.182171 ], [ -89.72823, 35.181709 ], [ -89.728585, 35.181495 ], [ -89.729494, 35.18088 ], [ -89.73033, 35.180324 ], [ -89.730946, 35.179896 ], [ -89.731955, 35.179218 ], [ -89.73251, 35.178846 ], [ -89.733534, 35.178142 ], [ -89.733529, 35.178176 ], [ -89.733335, 35.179486 ], [ -89.733215, 35.180298 ], [ -89.733128, 35.180892 ], [ -89.733038, 35.181507 ], [ -89.732938, 35.182012 ], [ -89.732828, 35.182416 ], [ -89.732809, 35.182486 ], [ -89.73264, 35.182983 ], [ -89.732464, 35.183429 ], [ -89.732455, 35.183447 ], [ -89.732354, 35.183676 ], [ -89.732101, 35.184162 ], [ -89.731883, 35.184537 ], [ -89.731812, 35.184643 ], [ -89.731772, 35.184701 ], [ -89.731653, 35.184878 ], [ -89.731614, 35.184939 ], [ -89.731817, 35.185055 ], [ -89.732017, 35.185168 ], [ -89.732183, 35.185263 ], [ -89.732349, 35.185355 ], [ -89.732428, 35.185402 ], [ -89.732631, 35.185522 ], [ -89.732758, 35.185595 ], [ -89.733142, 35.185817 ], [ -89.73327, 35.185891 ], [ -89.733427, 35.185983 ], [ -89.733898, 35.186256 ], [ -89.733998, 35.186313 ], [ -89.734056, 35.186347 ], [ -89.734217, 35.18644 ], [ -89.734218, 35.186441 ], [ -89.735912, 35.187424 ], [ -89.736182, 35.187583 ], [ -89.73669, 35.187884 ], [ -89.736827, 35.187995 ], [ -89.736908, 35.188094 ], [ -89.736999, 35.188276 ], [ -89.737181, 35.188915 ], [ -89.737266, 35.18924 ], [ -89.7373, 35.189431 ], [ -89.737364, 35.190076 ], [ -89.737364, 35.19041 ], [ -89.737324, 35.190882 ], [ -89.737328, 35.190963 ], [ -89.737353, 35.191125 ], [ -89.737546, 35.191658 ], [ -89.737655, 35.192046 ], [ -89.737757, 35.192308 ], [ -89.738089, 35.192898 ], [ -89.738125, 35.192981 ], [ -89.738347, 35.193461 ], [ -89.738509, 35.193751 ], [ -89.738674, 35.193988 ], [ -89.738817, 35.194153 ], [ -89.739034, 35.194403 ], [ -89.739204, 35.194663 ], [ -89.739605, 35.195555 ], [ -89.739888, 35.196126 ], [ -89.739993, 35.196301 ], [ -89.740048, 35.196393 ], [ -89.740216, 35.196669 ], [ -89.740272, 35.196762 ], [ -89.740527, 35.196707 ], [ -89.740703, 35.196676 ], [ -89.7409, 35.196642 ], [ -89.741195, 35.196616 ], [ -89.742019, 35.19662 ], [ -89.742366, 35.196623 ], [ -89.74246, 35.196624 ], [ -89.743192, 35.196631 ], [ -89.745387, 35.196655 ], [ -89.74612, 35.196662 ], [ -89.746896, 35.196675 ], [ -89.747464, 35.196686 ], [ -89.749174, 35.196703 ], [ -89.749226, 35.196703 ], [ -89.750003, 35.196692 ], [ -89.751844, 35.196695 ], [ -89.75195, 35.196701 ], [ -89.752002, 35.196711 ], [ -89.752014, 35.196642 ], [ -89.752037, 35.196515 ], [ -89.752056, 35.196408 ], [ -89.752196, 35.1962 ], [ -89.752478, 35.195569 ], [ -89.752538, 35.195262 ], [ -89.752525, 35.195035 ], [ -89.752418, 35.194876 ], [ -89.752425, 35.194767 ], [ -89.752532, 35.194662 ], [ -89.752646, 35.194564 ], [ -89.752987, 35.194382 ], [ -89.753148, 35.194146 ], [ -89.753255, 35.194075 ], [ -89.753322, 35.194086 ], [ -89.753342, 35.194114 ], [ -89.753369, 35.194257 ], [ -89.753442, 35.194267 ], [ -89.753576, 35.194207 ], [ -89.75383, 35.194174 ], [ -89.753957, 35.19413 ], [ -89.754138, 35.193998 ], [ -89.754319, 35.193762 ], [ -89.754781, 35.193417 ], [ -89.754881, 35.193258 ], [ -89.755029, 35.19312 ], [ -89.755234, 35.192957 ], [ -89.75525, 35.192944 ], [ -89.755252, 35.192941 ], [ -89.755343, 35.192829 ], [ -89.755437, 35.192746 ], [ -89.755531, 35.192625 ], [ -89.755652, 35.19227 ], [ -89.755833, 35.191851 ], [ -89.756094, 35.191665 ], [ -89.756074, 35.191555 ], [ -89.756127, 35.191472 ], [ -89.756221, 35.191434 ], [ -89.756402, 35.19139 ], [ -89.756736, 35.191291 ], [ -89.756984, 35.191133 ], [ -89.75766, 35.190897 ], [ -89.757814, 35.190787 ], [ -89.758175, 35.1906 ], [ -89.758296, 35.190583 ], [ -89.758617, 35.190458 ], [ -89.758884, 35.190314 ], [ -89.759059, 35.190282 ], [ -89.759487, 35.190123 ], [ -89.760149, 35.189782 ], [ -89.760638, 35.18958 ], [ -89.7613, 35.189366 ], [ -89.76167, 35.189185 ], [ -89.761727, 35.189158 ], [ -89.761749, 35.189146 ], [ -89.761881, 35.189064 ], [ -89.762284, 35.188817 ], [ -89.762338, 35.188775 ], [ -89.762484, 35.188668 ], [ -89.762629, 35.188561 ], [ -89.762639, 35.188553 ], [ -89.763007, 35.188333 ], [ -89.763083, 35.188267 ], [ -89.763181, 35.188185 ], [ -89.763224, 35.188154 ], [ -89.76328, 35.188114 ], [ -89.763375, 35.188049 ], [ -89.763448, 35.18799 ], [ -89.763503, 35.187947 ], [ -89.763728, 35.187765 ], [ -89.764406, 35.187224 ], [ -89.76444, 35.187197 ], [ -89.764618, 35.187027 ], [ -89.764687, 35.186961 ], [ -89.764733, 35.186912 ], [ -89.765029, 35.186598 ], [ -89.76506, 35.18655 ], [ -89.765148, 35.186413 ], [ -89.765284, 35.186197 ], [ -89.76535, 35.186093 ], [ -89.765649, 35.185522 ], [ -89.765739, 35.185353 ], [ -89.765763, 35.185294 ], [ -89.765986, 35.184732 ], [ -89.766221, 35.184144 ], [ -89.766368, 35.183913 ], [ -89.766431, 35.183789 ], [ -89.766475, 35.183704 ], [ -89.766629, 35.183507 ], [ -89.76685, 35.18338 ], [ -89.766997, 35.183308 ], [ -89.767452, 35.18309 ], [ -89.767539, 35.183042 ], [ -89.767786, 35.182905 ], [ -89.767861, 35.182865 ], [ -89.768587, 35.182637 ], [ -89.768684, 35.182606 ], [ -89.768822, 35.182489 ], [ -89.769695, 35.181739 ], [ -89.769875, 35.181585 ], [ -89.770089, 35.181438 ], [ -89.770624, 35.181173 ], [ -89.771394, 35.180504 ], [ -89.771675, 35.179928 ], [ -89.771934, 35.179279 ], [ -89.772362, 35.178211 ], [ -89.772421, 35.178061 ], [ -89.772506, 35.177851 ], [ -89.772595, 35.177609 ], [ -89.772651, 35.177459 ], [ -89.772662, 35.177429 ], [ -89.772679, 35.177401 ], [ -89.772686, 35.177369 ], [ -89.772692, 35.177346 ], [ -89.772787, 35.177159 ], [ -89.772948, 35.177071 ], [ -89.773051, 35.17699 ], [ -89.773142, 35.176918 ], [ -89.773302, 35.176835 ], [ -89.773618, 35.176728 ], [ -89.775196, 35.176199 ], [ -89.776193, 35.175875 ], [ -89.776708, 35.175897 ], [ -89.776938, 35.175894 ], [ -89.777343, 35.175886 ], [ -89.778072, 35.176057 ], [ -89.77852, 35.176116 ], [ -89.778648, 35.176134 ], [ -89.77939, 35.176063 ], [ -89.77955, 35.17604 ], [ -89.779745, 35.176013 ], [ -89.780246, 35.175959 ], [ -89.781216, 35.176173 ], [ -89.782721, 35.176459 ], [ -89.783945, 35.176663 ], [ -89.78424, 35.176712 ], [ -89.785416, 35.176899 ], [ -89.785615, 35.17693 ], [ -89.785932, 35.176981 ], [ -89.786208, 35.177048 ], [ -89.786404, 35.177097 ], [ -89.786581, 35.177141 ], [ -89.786623, 35.177155 ], [ -89.786942, 35.177273 ], [ -89.787116, 35.177394 ], [ -89.787174, 35.177509 ], [ -89.787196, 35.177552 ], [ -89.787277, 35.177641 ], [ -89.787313, 35.177687 ], [ -89.787624, 35.178081 ], [ -89.787638, 35.178168 ], [ -89.787745, 35.178289 ], [ -89.787872, 35.178541 ], [ -89.788062, 35.178782 ], [ -89.788601, 35.179465 ], [ -89.788721, 35.179579 ], [ -89.789156, 35.179876 ], [ -89.789444, 35.179992 ], [ -89.789497, 35.180031 ], [ -89.789778, 35.180129 ], [ -89.790306, 35.18031 ], [ -89.790628, 35.180443 ], [ -89.791478, 35.180694 ], [ -89.792728, 35.181064 ], [ -89.792766, 35.181072 ], [ -89.792769, 35.181008 ], [ -89.792786, 35.180629 ], [ -89.792825, 35.179803 ], [ -89.79284, 35.1793 ], [ -89.792854, 35.178858 ], [ -89.792855, 35.178677 ], [ -89.79286, 35.178139 ], [ -89.792862, 35.177958 ], [ -89.792869, 35.17758 ], [ -89.792873, 35.177032 ], [ -89.792886, 35.17568 ], [ -89.7929, 35.174254 ], [ -89.79291, 35.17333 ], [ -89.792915, 35.173102 ], [ -89.792933, 35.172424 ], [ -89.792937, 35.172278 ], [ -89.792939, 35.172199 ], [ -89.793118, 35.172224 ], [ -89.79337, 35.172267 ], [ -89.793428, 35.172286 ], [ -89.793518, 35.172314 ], [ -89.793727, 35.172416 ], [ -89.793823, 35.1725 ], [ -89.793902, 35.172607 ], [ -89.794048, 35.172942 ], [ -89.794071, 35.172994 ], [ -89.794125, 35.173249 ], [ -89.794565, 35.17316 ], [ -89.794796, 35.173115 ], [ -89.794996, 35.173061 ], [ -89.795874, 35.172839 ], [ -89.796316, 35.172757 ], [ -89.796568, 35.172722 ], [ -89.796889, 35.172691 ], [ -89.797093, 35.172671 ], [ -89.797416, 35.172628 ], [ -89.797555, 35.172604 ], [ -89.798602, 35.172431 ], [ -89.798899, 35.172382 ], [ -89.799174, 35.172348 ], [ -89.799282, 35.172338 ], [ -89.79961, 35.172307 ], [ -89.799662, 35.172303 ], [ -89.799719, 35.172297 ], [ -89.799918, 35.172281 ], [ -89.800161, 35.172262 ], [ -89.800431, 35.172243 ], [ -89.800699, 35.172238 ], [ -89.800879, 35.172241 ], [ -89.801159, 35.172246 ], [ -89.801491, 35.172251 ], [ -89.801935, 35.172259 ], [ -89.802231, 35.172275 ], [ -89.802268, 35.172277 ], [ -89.802376, 35.172283 ], [ -89.802924, 35.172286 ], [ -89.803122, 35.172289 ], [ -89.803419, 35.172292 ], [ -89.803523, 35.172293 ], [ -89.803835, 35.1723 ], [ -89.80394, 35.172303 ], [ -89.804256, 35.172314 ], [ -89.804825, 35.17232 ], [ -89.804943, 35.172326 ], [ -89.805236, 35.172339 ], [ -89.805543, 35.172352 ], [ -89.8058, 35.172336 ], [ -89.806028, 35.172286 ], [ -89.806286, 35.172196 ], [ -89.80654, 35.17207 ], [ -89.806874, 35.171873 ], [ -89.807151, 35.17172 ], [ -89.807431, 35.171595 ], [ -89.807561, 35.171551 ], [ -89.808775, 35.171127 ], [ -89.808873, 35.171093 ], [ -89.809306, 35.170945 ], [ -89.809502, 35.170897 ], [ -89.809651, 35.170862 ], [ -89.809893, 35.170835 ], [ -89.810135, 35.170834 ], [ -89.810264, 35.170846 ], [ -89.810512, 35.170897 ], [ -89.810742, 35.170966 ], [ -89.810981, 35.171039 ], [ -89.811016, 35.17105 ], [ -89.811052, 35.171062 ], [ -89.811367, 35.171167 ], [ -89.811537, 35.171219 ], [ -89.811597, 35.171236 ], [ -89.811628, 35.171245 ], [ -89.812053, 35.17137 ], [ -89.812122, 35.17139 ], [ -89.812292, 35.171444 ], [ -89.812495, 35.171509 ], [ -89.812528, 35.171519 ], [ -89.813006, 35.171681 ], [ -89.81312, 35.171717 ], [ -89.813296, 35.17177 ], [ -89.813421, 35.171803 ], [ -89.813456, 35.171812 ], [ -89.813825, 35.171898 ], [ -89.813915, 35.171915 ], [ -89.81421, 35.171974 ], [ -89.814481, 35.172025 ], [ -89.814646, 35.172058 ], [ -89.814453, 35.172821 ], [ -89.814274, 35.173538 ], [ -89.814163, 35.173982 ], [ -89.814133, 35.174107 ], [ -89.813974, 35.174763 ], [ -89.813657, 35.176064 ], [ -89.813522, 35.176615 ], [ -89.813345, 35.17734 ], [ -89.813281, 35.177605 ], [ -89.81309, 35.178393 ], [ -89.812856, 35.179355 ], [ -89.812831, 35.179457 ], [ -89.812554, 35.180591 ], [ -89.812442, 35.18105 ], [ -89.812309, 35.181641 ], [ -89.812284, 35.18199 ], [ -89.812296, 35.18241 ], [ -89.812325, 35.182657 ], [ -89.812382, 35.182924 ], [ -89.812468, 35.183231 ], [ -89.8127, 35.183977 ], [ -89.813056, 35.18525 ], [ -89.813117, 35.185465 ], [ -89.81313, 35.185509 ], [ -89.813154, 35.185595 ], [ -89.813298, 35.185527 ], [ -89.813328, 35.185633 ], [ -89.813353, 35.185722 ], [ -89.81342, 35.185961 ], [ -89.813444, 35.186045 ], [ -89.813607, 35.186628 ], [ -89.81362, 35.186674 ], [ -89.813687, 35.186914 ], [ -89.813748, 35.187131 ], [ -89.813774, 35.187222 ], [ -89.813824, 35.187402 ], [ -89.814179, 35.188668 ], [ -89.814209, 35.18878 ], [ -89.814234, 35.188872 ], [ -89.814366, 35.189364 ], [ -89.814405, 35.189512 ], [ -89.814524, 35.189954 ], [ -89.81456, 35.190087 ], [ -89.814564, 35.190103 ], [ -89.814586, 35.190097 ], [ -89.814752, 35.190088 ], [ -89.815581, 35.190269 ], [ -89.815795, 35.190341 ], [ -89.816009, 35.190473 ], [ -89.81623, 35.190545 ], [ -89.817136, 35.190706 ], [ -89.817515, 35.190774 ], [ -89.817709, 35.190818 ], [ -89.817997, 35.190912 ], [ -89.818405, 35.19095 ], [ -89.818873, 35.19095 ], [ -89.819074, 35.190928 ], [ -89.820205, 35.190989 ], [ -89.82088, 35.19095 ], [ -89.821329, 35.191006 ], [ -89.821717, 35.190984 ], [ -89.822004, 35.191038 ], [ -89.822667, 35.191038 ], [ -89.823008, 35.191164 ], [ -89.823343, 35.191395 ], [ -89.82349, 35.191449 ], [ -89.824406, 35.191883 ], [ -89.824858, 35.192073 ], [ -89.825517, 35.19235 ], [ -89.826006, 35.192657 ], [ -89.826762, 35.192992 ], [ -89.827266, 35.19321 ], [ -89.827484, 35.193278 ], [ -89.827506, 35.193279 ], [ -89.827772, 35.193294 ], [ -89.828113, 35.193261 ], [ -89.828257, 35.193281 ], [ -89.828321, 35.193289 ], [ -89.828508, 35.1933 ], [ -89.82818, 35.193478 ], [ -89.828133, 35.193503 ], [ -89.827779, 35.193909 ], [ -89.827659, 35.194102 ], [ -89.827476, 35.194336 ], [ -89.827431, 35.194393 ], [ -89.827257, 35.194541 ], [ -89.827224, 35.194603 ], [ -89.8272, 35.194646 ], [ -89.827131, 35.194772 ], [ -89.827109, 35.194815 ], [ -89.827339, 35.194817 ], [ -89.82803, 35.194829 ], [ -89.828261, 35.194834 ], [ -89.828293, 35.194834 ], [ -89.828391, 35.194835 ], [ -89.828424, 35.194836 ], [ -89.828739, 35.19484 ], [ -89.829546, 35.194854 ], [ -89.829687, 35.194855 ], [ -89.829844, 35.194858 ], [ -89.829907, 35.194916 ], [ -89.829981, 35.194916 ], [ -89.830962, 35.194949 ], [ -89.831271, 35.194974 ], [ -89.832089, 35.195068 ], [ -89.832151, 35.195076 ], [ -89.832214, 35.195083 ], [ -89.832292, 35.195093 ], [ -89.832341, 35.195099 ], [ -89.83239, 35.195105 ], [ -89.832773, 35.195149 ], [ -89.833027, 35.195169 ], [ -89.833099, 35.195175 ], [ -89.833242, 35.195117 ], [ -89.833313, 35.195122 ], [ -89.833649, 35.195149 ] ] ] } },
{ "type": "Feature", "properties": { "ShelbyCoun": "11" }, "geometry": { "type": "Polygon", "coordinates": [ [ [ -89.89463, 35.084637 ], [ -89.894923, 35.084722 ], [ -89.89505, 35.084773 ], [ -89.895069, 35.084781 ], [ -89.895383, 35.084905 ], [ -89.895185, 35.084661 ], [ -89.895089, 35.084562 ], [ -89.895033, 35.084494 ], [ -89.894776, 35.084177 ], [ -89.89471, 35.084039 ], [ -89.894692, 35.083925 ], [ -89.894706, 35.08375 ], [ -89.894739, 35.083619 ], [ -89.894841, 35.08343 ], [ -89.894904, 35.083354 ], [ -89.895029, 35.08324 ], [ -89.895159, 35.083171 ], [ -89.895247, 35.083124 ], [ -89.895437, 35.083047 ], [ -89.895655, 35.082958 ], [ -89.896209, 35.082767 ], [ -89.897775, 35.082152 ], [ -89.898788, 35.081722 ], [ -89.89959, 35.081353 ], [ -89.900033, 35.081091 ], [ -89.900205, 35.081025 ], [ -89.901823, 35.080398 ], [ -89.902651, 35.080076 ], [ -89.902962, 35.079955 ], [ -89.904506, 35.079358 ], [ -89.905567, 35.078945 ], [ -89.906093, 35.078754 ], [ -89.906904, 35.078484 ], [ -89.907034, 35.078452 ], [ -89.907024, 35.078415 ], [ -89.907013, 35.07837 ], [ -89.90699, 35.078283 ], [ -89.906984, 35.07826 ], [ -89.907235, 35.078202 ], [ -89.907658, 35.078118 ], [ -89.907913, 35.07807 ], [ -89.908368, 35.077987 ], [ -89.909062, 35.077897 ], [ -89.909704, 35.077842 ], [ -89.909933, 35.077824 ], [ -89.910392, 35.077804 ], [ -89.91045, 35.077802 ], [ -89.910623, 35.077802 ], [ -89.910682, 35.077801 ], [ -89.9111, 35.077799 ], [ -89.912707, 35.077836 ], [ -89.915776, 35.077907 ], [ -89.916659, 35.077928 ], [ -89.917368, 35.077965 ], [ -89.918328, 35.078049 ], [ -89.918774, 35.078105 ], [ -89.919184, 35.078159 ], [ -89.92078, 35.07839 ], [ -89.921274, 35.078461 ], [ -89.922757, 35.078677 ], [ -89.923252, 35.078748 ], [ -89.923879, 35.078839 ], [ -89.925762, 35.079111 ], [ -89.92639, 35.079203 ], [ -89.926419, 35.079206 ], [ -89.926506, 35.079218 ], [ -89.926535, 35.079224 ], [ -89.927445, 35.079344 ], [ -89.927518, 35.079353 ], [ -89.92803, 35.07942 ], [ -89.930176, 35.079705 ], [ -89.930289, 35.079721 ], [ -89.931083, 35.079846 ], [ -89.931131, 35.07985 ], [ -89.931278, 35.079867 ], [ -89.931328, 35.079871 ], [ -89.931331, 35.079752 ], [ -89.931331, 35.079726 ], [ -89.931346, 35.079197 ], [ -89.931352, 35.079014 ], [ -89.931354, 35.078913 ], [ -89.931362, 35.078615 ], [ -89.931366, 35.078516 ], [ -89.931366, 35.078499 ], [ -89.931367, 35.078454 ], [ -89.931368, 35.078438 ], [ -89.931381, 35.078199 ], [ -89.931402, 35.077844 ], [ -89.931408, 35.077776 ], [ -89.931436, 35.077484 ], [ -89.931441, 35.077441 ], [ -89.931454, 35.077316 ], [ -89.931461, 35.077245 ], [ -89.931469, 35.077174 ], [ -89.931475, 35.077116 ], [ -89.931477, 35.077079 ], [ -89.931515, 35.076581 ], [ -89.931522, 35.076496 ], [ -89.931529, 35.076417 ], [ -89.931565, 35.076051 ], [ -89.931672, 35.074952 ], [ -89.931709, 35.074587 ], [ -89.931744, 35.074213 ], [ -89.9318, 35.073617 ], [ -89.931826, 35.073357 ], [ -89.931828, 35.073336 ], [ -89.931852, 35.073088 ], [ -89.931889, 35.072714 ], [ -89.931905, 35.072522 ], [ -89.931956, 35.071943 ], [ -89.931974, 35.071752 ], [ -89.932, 35.071452 ], [ -89.932037, 35.071048 ], [ -89.932063, 35.070553 ], [ -89.932079, 35.070254 ], [ -89.932081, 35.070211 ], [ -89.932087, 35.070079 ], [ -89.93209, 35.070035 ], [ -89.9321, 35.069858 ], [ -89.932132, 35.06933 ], [ -89.932144, 35.069154 ], [ -89.932152, 35.068989 ], [ -89.932178, 35.068492 ], [ -89.932188, 35.068327 ], [ -89.932193, 35.06823 ], [ -89.932209, 35.067937 ], [ -89.932215, 35.067839 ], [ -89.932224, 35.067724 ], [ -89.932227, 35.067688 ], [ -89.932229, 35.067646 ], [ -89.932194, 35.067601 ], [ -89.932169, 35.067566 ], [ -89.932176, 35.067403 ], [ -89.932182, 35.06729 ], [ -89.93222, 35.066809 ], [ -89.932254, 35.066382 ], [ -89.932309, 35.065365 ], [ -89.932324, 35.0651 ], [ -89.932336, 35.064884 ], [ -89.932279, 35.064881 ], [ -89.932108, 35.064879 ], [ -89.932052, 35.064878 ], [ -89.93172, 35.064884 ], [ -89.931527, 35.064878 ], [ -89.931079, 35.064864 ], [ -89.930199, 35.064845 ], [ -89.929955, 35.064836 ], [ -89.929432, 35.064816 ], [ -89.929074, 35.064811 ], [ -89.928002, 35.064797 ], [ -89.927645, 35.064794 ], [ -89.927185, 35.064786 ], [ -89.925808, 35.064766 ], [ -89.925349, 35.06476 ], [ -89.924567, 35.064747 ], [ -89.922234, 35.06471 ], [ -89.922223, 35.06471 ], [ -89.921879, 35.064709 ], [ -89.921442, 35.064696 ], [ -89.921455, 35.064311 ], [ -89.921469, 35.06395 ], [ -89.921491, 35.063167 ], [ -89.92152, 35.062994 ], [ -89.921565, 35.062863 ], [ -89.9216, 35.062793 ], [ -89.921684, 35.062674 ], [ -89.921939, 35.06232 ], [ -89.922002, 35.062233 ], [ -89.922019, 35.062199 ], [ -89.922084, 35.062048 ], [ -89.922115, 35.061906 ], [ -89.922136, 35.061552 ], [ -89.922146, 35.061386 ], [ -89.922164, 35.060986 ], [ -89.922219, 35.059781 ], [ -89.922238, 35.059382 ], [ -89.922249, 35.059016 ], [ -89.922282, 35.05792 ], [ -89.922287, 35.057758 ], [ -89.922293, 35.057555 ], [ -89.922294, 35.057482 ], [ -89.9223, 35.057261 ], [ -89.922303, 35.057189 ], [ -89.922305, 35.057081 ], [ -89.922313, 35.056759 ], [ -89.922314, 35.056725 ], [ -89.92231, 35.056672 ], [ -89.922307, 35.056653 ], [ -89.922284, 35.056503 ], [ -89.922275, 35.056438 ], [ -89.922208, 35.056193 ], [ -89.922155, 35.056071 ], [ -89.922096, 35.055932 ], [ -89.922072, 35.055878 ], [ -89.922003, 35.055719 ], [ -89.92198, 35.055667 ], [ -89.921962, 35.055625 ], [ -89.921933, 35.055557 ], [ -89.921916, 35.055502 ], [ -89.921903, 35.055461 ], [ -89.921856, 35.055232 ], [ -89.921851, 35.055204 ], [ -89.921838, 35.054879 ], [ -89.921849, 35.054533 ], [ -89.921851, 35.054499 ], [ -89.92186, 35.0543 ], [ -89.921876, 35.053894 ], [ -89.921897, 35.053387 ], [ -89.921913, 35.052951 ], [ -89.921924, 35.05268 ], [ -89.921925, 35.052665 ], [ -89.921937, 35.052274 ], [ -89.921942, 35.052126 ], [ -89.921959, 35.051682 ], [ -89.921962, 35.051629 ], [ -89.921966, 35.051535 ], [ -89.922092, 35.051537 ], [ -89.922173, 35.051474 ], [ -89.92347, 35.051502 ], [ -89.924684, 35.051513 ], [ -89.92525, 35.05152 ], [ -89.925291, 35.05152 ], [ -89.925857, 35.05153 ], [ -89.925824, 35.051503 ], [ -89.925402, 35.051171 ], [ -89.925135, 35.05096 ], [ -89.924906, 35.050779 ], [ -89.924515, 35.050472 ], [ -89.924289, 35.050294 ], [ -89.923344, 35.049554 ], [ -89.92325, 35.049479 ], [ -89.922954, 35.049248 ], [ -89.922811, 35.049135 ], [ -89.922732, 35.049075 ], [ -89.922383, 35.048803 ], [ -89.922241, 35.048693 ], [ -89.921687, 35.048226 ], [ -89.921366, 35.04792 ], [ -89.921101, 35.047629 ], [ -89.920469, 35.047433 ], [ -89.919974, 35.046695 ], [ -89.919814, 35.046571 ], [ -89.919668, 35.046456 ], [ -89.91946, 35.046295 ], [ -89.918946, 35.045892 ], [ -89.918338, 35.045428 ], [ -89.918156, 35.045286 ], [ -89.918035, 35.045189 ], [ -89.917435, 35.044711 ], [ -89.917223, 35.044529 ], [ -89.917137, 35.04446 ], [ -89.91687, 35.044247 ], [ -89.916836, 35.044219 ], [ -89.916271, 35.043773 ], [ -89.914576, 35.042435 ], [ -89.914011, 35.04199 ], [ -89.913819, 35.041833 ], [ -89.913542, 35.041604 ], [ -89.913301, 35.041371 ], [ -89.913275, 35.041346 ], [ -89.913264, 35.041336 ], [ -89.913204, 35.041281 ], [ -89.913072, 35.041154 ], [ -89.913034, 35.041111 ], [ -89.912921, 35.040982 ], [ -89.912884, 35.04094 ], [ -89.913029, 35.040881 ], [ -89.913175, 35.04081 ], [ -89.913224, 35.040785 ], [ -89.913372, 35.040717 ], [ -89.913783, 35.040484 ], [ -89.914191, 35.040222 ], [ -89.914336, 35.04013 ], [ -89.914505, 35.040019 ], [ -89.914472, 35.040059 ], [ -89.914128, 35.040498 ], [ -89.914251, 35.040416 ], [ -89.91462, 35.040174 ], [ -89.914744, 35.040093 ], [ -89.914774, 35.040073 ], [ -89.914849, 35.040022 ], [ -89.915167, 35.039814 ], [ -89.915273, 35.039745 ], [ -89.915407, 35.039657 ], [ -89.915517, 35.039584 ], [ -89.915746, 35.039435 ], [ -89.915951, 35.039302 ], [ -89.916252, 35.039105 ], [ -89.916497, 35.038944 ], [ -89.917114, 35.03854 ], [ -89.91718, 35.038497 ], [ -89.9173, 35.038418 ], [ -89.917311, 35.03841 ], [ -89.917348, 35.038387 ], [ -89.917906, 35.038021 ], [ -89.917935, 35.038003 ], [ -89.918108, 35.037897 ], [ -89.918197, 35.037842 ], [ -89.918256, 35.037808 ], [ -89.918474, 35.037692 ], [ -89.918568, 35.037644 ], [ -89.918791, 35.037544 ], [ -89.91892, 35.037487 ], [ -89.919151, 35.037408 ], [ -89.919403, 35.037346 ], [ -89.919493, 35.037329 ], [ -89.919734, 35.037284 ], [ -89.919848, 35.037264 ], [ -89.919868, 35.037262 ], [ -89.92018, 35.037229 ], [ -89.920194, 35.037228 ], [ -89.92031, 35.037223 ], [ -89.920371, 35.03722 ], [ -89.920558, 35.037212 ], [ -89.92062, 35.037211 ], [ -89.920643, 35.037209 ], [ -89.920728, 35.037208 ], [ -89.920931, 35.037202 ], [ -89.920942, 35.037202 ], [ -89.920987, 35.0372 ], [ -89.921867, 35.037177 ], [ -89.922179, 35.037168 ], [ -89.922349, 35.037164 ], [ -89.922863, 35.037154 ], [ -89.923034, 35.037152 ], [ -89.923034, 35.037073 ], [ -89.923035, 35.037002 ], [ -89.924339, 35.036971 ], [ -89.925116, 35.036955 ], [ -89.925816, 35.036938 ], [ -89.925953, 35.036935 ], [ -89.927632, 35.036899 ], [ -89.928663, 35.036881 ], [ -89.931212, 35.036825 ], [ -89.931213, 35.036897 ], [ -89.931214, 35.036956 ], [ -89.93179, 35.036943 ], [ -89.932395, 35.036932 ], [ -89.933518, 35.036902 ], [ -89.934095, 35.036888 ], [ -89.934096, 35.036825 ], [ -89.934093, 35.03676 ], [ -89.935573, 35.036727 ], [ -89.936151, 35.036731 ], [ -89.936546, 35.036735 ], [ -89.936547, 35.03677 ], [ -89.936548, 35.0368 ], [ -89.93655, 35.036849 ], [ -89.936675, 35.036848 ], [ -89.936865, 35.036845 ], [ -89.93705, 35.036843 ], [ -89.937176, 35.036842 ], [ -89.937474, 35.036842 ], [ -89.937499, 35.036843 ], [ -89.938368, 35.036854 ], [ -89.938666, 35.036859 ], [ -89.939648, 35.036868 ], [ -89.9405, 35.036879 ], [ -89.941318, 35.03691 ], [ -89.941734, 35.036913 ], [ -89.942595, 35.036922 ], [ -89.943578, 35.036935 ], [ -89.943578, 35.036887 ], [ -89.943579, 35.0368 ], [ -89.943601, 35.036293 ], [ -89.943604, 35.035961 ], [ -89.943634, 35.033192 ], [ -89.943636, 35.033044 ], [ -89.943654, 35.032072 ], [ -89.943655, 35.031824 ], [ -89.943657, 35.03145 ], [ -89.943646, 35.031081 ], [ -89.943639, 35.030835 ], [ -89.943646, 35.030508 ], [ -89.94365, 35.030368 ], [ -89.943685, 35.029658 ], [ -89.943687, 35.029531 ], [ -89.943695, 35.029205 ], [ -89.943694, 35.028959 ], [ -89.943693, 35.028264 ], [ -89.943693, 35.028225 ], [ -89.943696, 35.02798 ], [ -89.944027, 35.027978 ], [ -89.944046, 35.027978 ], [ -89.94502, 35.027989 ], [ -89.945352, 35.027994 ], [ -89.945549, 35.027995 ], [ -89.945861, 35.028 ], [ -89.946139, 35.027981 ], [ -89.946336, 35.027969 ], [ -89.946696, 35.027969 ], [ -89.94686, 35.027969 ], [ -89.947087, 35.027971 ], [ -89.947779, 35.027971 ], [ -89.94814, 35.027972 ], [ -89.948327, 35.027972 ], [ -89.948549, 35.027972 ], [ -89.948891, 35.027972 ], [ -89.949079, 35.027974 ], [ -89.949258, 35.027974 ], [ -89.949796, 35.027977 ], [ -89.949976, 35.027978 ], [ -89.950157, 35.027978 ], [ -89.950703, 35.02798 ], [ -89.950885, 35.02798 ], [ -89.951655, 35.027983 ], [ -89.95348, 35.027988 ], [ -89.953965, 35.027983 ], [ -89.954735, 35.027978 ], [ -89.954735, 35.028051 ], [ -89.954749, 35.028178 ], [ -89.954802, 35.028309 ], [ -89.954856, 35.028389 ], [ -89.954878, 35.028421 ], [ -89.955796, 35.029308 ], [ -89.955976, 35.029481 ], [ -89.956103, 35.029621 ], [ -89.956188, 35.029725 ], [ -89.956254, 35.029846 ], [ -89.956277, 35.029888 ], [ -89.956331, 35.030076 ], [ -89.956343, 35.030223 ], [ -89.956309, 35.03065 ], [ -89.956289, 35.030923 ], [ -89.95628, 35.031042 ], [ -89.956258, 35.031349 ], [ -89.956236, 35.031664 ], [ -89.956201, 35.032635 ], [ -89.956192, 35.032897 ], [ -89.956157, 35.03306 ], [ -89.956118, 35.033162 ], [ -89.956035, 35.033283 ], [ -89.955902, 35.033397 ], [ -89.955565, 35.033618 ], [ -89.955194, 35.033864 ], [ -89.954892, 35.034077 ], [ -89.954822, 35.034153 ], [ -89.95475, 35.034253 ], [ -89.95469, 35.034412 ], [ -89.95467, 35.034621 ], [ -89.954707, 35.035705 ], [ -89.95473, 35.036355 ], [ -89.954725, 35.036539 ], [ -89.954717, 35.036995 ], [ -89.954721, 35.037067 ], [ -89.954737, 35.037336 ], [ -89.954781, 35.03752 ], [ -89.954833, 35.037619 ], [ -89.955463, 35.038323 ], [ -89.955502, 35.038379 ], [ -89.955578, 35.038486 ], [ -89.955665, 35.038669 ], [ -89.955722, 35.038854 ], [ -89.955743, 35.03894 ], [ -89.955751, 35.03914 ], [ -89.955717, 35.039293 ], [ -89.955599, 35.039637 ], [ -89.955563, 35.039718 ], [ -89.955437, 35.040009 ], [ -89.95523, 35.040412 ], [ -89.955223, 35.040425 ], [ -89.954975, 35.040877 ], [ -89.954866, 35.0411 ], [ -89.954803, 35.041312 ], [ -89.954777, 35.041582 ], [ -89.954772, 35.041865 ], [ -89.954779, 35.042231 ], [ -89.954798, 35.043129 ], [ -89.955569, 35.043133 ], [ -89.955861, 35.043135 ], [ -89.956071, 35.043158 ], [ -89.956371, 35.043211 ], [ -89.957345, 35.043447 ], [ -89.957829, 35.043591 ], [ -89.958569, 35.04381 ], [ -89.959262, 35.043985 ], [ -89.961341, 35.044508 ], [ -89.962035, 35.044683 ], [ -89.962232, 35.044731 ], [ -89.962721, 35.044853 ], [ -89.962825, 35.044866 ], [ -89.963027, 35.044891 ], [ -89.963216, 35.044891 ], [ -89.963651, 35.044895 ], [ -89.963786, 35.044894 ], [ -89.963977, 35.044894 ], [ -89.964019, 35.044894 ], [ -89.964149, 35.044894 ], [ -89.964192, 35.044894 ], [ -89.964429, 35.044889 ], [ -89.964752, 35.044883 ], [ -89.965143, 35.044882 ], [ -89.965382, 35.044882 ], [ -89.965593, 35.04488 ], [ -89.96623, 35.044877 ], [ -89.966442, 35.044875 ], [ -89.966459, 35.044875 ], [ -89.966772, 35.044874 ], [ -89.967001, 35.044873 ], [ -89.967697, 35.044873 ], [ -89.968194, 35.044884 ], [ -89.968678, 35.044884 ], [ -89.969054, 35.044885 ], [ -89.969095, 35.044899 ], [ -89.96913, 35.044936 ], [ -89.969141, 35.044984 ], [ -89.969142, 35.045023 ], [ -89.969832, 35.045018 ], [ -89.969905, 35.045018 ], [ -89.971905, 35.045003 ], [ -89.972596, 35.044998 ], [ -89.972596, 35.045958 ], [ -89.972596, 35.047097 ], [ -89.972596, 35.048837 ], [ -89.972596, 35.049797 ], [ -89.972596, 35.049957 ], [ -89.972596, 35.050436 ], [ -89.972596, 35.050598 ], [ -89.972615, 35.050857 ], [ -89.972675, 35.051637 ], [ -89.972696, 35.051897 ], [ -89.97268, 35.052093 ], [ -89.972633, 35.052684 ], [ -89.97263, 35.052724 ], [ -89.972617, 35.052881 ], [ -89.972907, 35.052867 ], [ -89.974229, 35.052749 ], [ -89.974442, 35.05273 ], [ -89.974687, 35.052713 ], [ -89.975014, 35.05269 ], [ -89.97528, 35.052672 ], [ -89.975887, 35.052612 ], [ -89.976134, 35.052588 ], [ -89.976429, 35.05256 ], [ -89.976763, 35.052529 ], [ -89.977414, 35.052484 ], [ -89.97781, 35.052445 ], [ -89.978046, 35.052428 ], [ -89.978791, 35.05236 ], [ -89.978874, 35.052352 ], [ -89.979066, 35.052335 ], [ -89.979461, 35.052302 ], [ -89.980679, 35.052195 ], [ -89.98096, 35.052173 ], [ -89.981581, 35.052128 ], [ -89.981803, 35.052112 ], [ -89.981943, 35.052104 ], [ -89.981975, 35.052101 ], [ -89.981994, 35.052101 ], [ -89.982085, 35.052094 ], [ -89.982488, 35.05209 ], [ -89.982761, 35.052104 ], [ -89.983187, 35.052158 ], [ -89.983572, 35.052236 ], [ -89.983855, 35.052315 ], [ -89.984807, 35.052636 ], [ -89.984908, 35.052672 ], [ -89.985404, 35.052859 ], [ -89.985964, 35.053117 ], [ -89.986066, 35.053157 ], [ -89.986436, 35.05332 ], [ -89.986696, 35.053407 ], [ -89.986709, 35.053413 ], [ -89.987002, 35.053475 ], [ -89.987211, 35.053497 ], [ -89.987436, 35.053511 ], [ -89.987657, 35.053503 ], [ -89.988005, 35.053456 ], [ -89.988738, 35.053325 ], [ -89.989039, 35.053304 ], [ -89.989058, 35.053303 ], [ -89.989233, 35.053306 ], [ -89.98962, 35.05331 ], [ -89.989646, 35.053284 ], [ -89.989676, 35.053254 ], [ -89.989804, 35.053276 ], [ -89.989908, 35.053278 ], [ -89.989992, 35.053279 ], [ -89.990104, 35.053281 ], [ -89.990546, 35.053289 ], [ -89.990671, 35.053292 ], [ -89.991005, 35.053301 ], [ -89.991117, 35.053304 ], [ -89.991306, 35.053309 ], [ -89.991301, 35.053239 ], [ -89.99129, 35.052997 ], [ -89.991272, 35.052589 ], [ -89.991242, 35.052319 ], [ -89.991191, 35.052138 ], [ -89.991164, 35.052078 ], [ -89.991106, 35.051945 ], [ -89.991017, 35.051806 ], [ -89.990895, 35.051656 ], [ -89.990694, 35.051466 ], [ -89.990682, 35.051454 ], [ -89.990562, 35.051327 ], [ -89.990209, 35.050959 ], [ -89.990057, 35.050753 ], [ -89.990008, 35.050658 ], [ -89.989914, 35.050396 ], [ -89.989894, 35.050334 ], [ -89.989854, 35.050202 ], [ -89.98977, 35.049881 ], [ -89.989771, 35.049706 ], [ -89.989775, 35.04797 ], [ -89.989778, 35.047365 ], [ -89.989783, 35.046591 ], [ -89.989788, 35.046332 ], [ -89.989789, 35.046262 ], [ -89.989815, 35.043718 ], [ -89.989816, 35.043637 ], [ -89.989819, 35.043304 ], [ -89.989819, 35.043079 ], [ -89.989827, 35.040049 ], [ -89.989833, 35.039728 ], [ -89.989833, 35.0397 ], [ -89.989834, 35.039676 ], [ -89.989832, 35.039251 ], [ -89.98982, 35.038146 ], [ -89.989822, 35.037461 ], [ -89.989827, 35.036175 ], [ -89.989828, 35.035589 ], [ -89.98983, 35.035055 ], [ -89.98983, 35.034675 ], [ -89.989831, 35.032622 ], [ -89.989831, 35.031937 ], [ -89.989832, 35.031023 ], [ -89.989831, 35.030843 ], [ -89.989828, 35.030305 ], [ -89.989828, 35.030125 ], [ -89.989828, 35.029945 ], [ -89.98983, 35.029408 ], [ -89.989832, 35.02923 ], [ -89.989832, 35.028864 ], [ -89.989832, 35.027769 ], [ -89.989832, 35.027548 ], [ -89.989833, 35.027406 ], [ -89.989831, 35.026967 ], [ -89.989831, 35.026812 ], [ -89.989828, 35.025651 ], [ -89.989828, 35.025213 ], [ -89.989827, 35.024382 ], [ -89.989826, 35.023564 ], [ -89.989826, 35.023421 ], [ -89.989826, 35.023358 ], [ -89.989825, 35.022962 ], [ -89.989825, 35.022616 ], [ -89.989825, 35.021885 ], [ -89.989825, 35.02159 ], [ -89.989825, 35.021124 ], [ -89.989826, 35.021054 ], [ -89.98983, 35.020605 ], [ -89.989844, 35.019259 ], [ -89.989849, 35.018811 ], [ -89.989849, 35.018203 ], [ -89.989851, 35.016376 ], [ -89.989852, 35.015769 ], [ -89.989853, 35.015394 ], [ -89.989853, 35.015352 ], [ -89.989855, 35.014102 ], [ -89.989856, 35.014038 ], [ -89.989866, 35.013686 ], [ -89.989867, 35.013613 ], [ -89.989867, 35.013588 ], [ -89.989871, 35.013295 ], [ -89.989873, 35.013199 ], [ -89.989873, 35.012904 ], [ -89.989876, 35.01211 ], [ -89.989876, 35.012018 ], [ -89.989876, 35.011723 ], [ -89.989876, 35.011651 ], [ -89.989876, 35.011436 ], [ -89.989876, 35.011365 ], [ -89.989876, 35.011319 ], [ -89.989876, 35.011271 ], [ -89.989879, 35.010579 ], [ -89.989883, 35.009664 ], [ -89.989888, 35.008356 ], [ -89.989887, 35.008223 ], [ -89.989885, 35.007439 ], [ -89.989882, 35.007247 ], [ -89.989877, 35.006828 ], [ -89.989879, 35.006676 ], [ -89.989883, 35.006487 ], [ -89.989885, 35.006411 ], [ -89.989888, 35.00602 ], [ -89.989893, 35.005578 ], [ -89.989895, 35.005399 ], [ -89.989896, 35.004816 ], [ -89.989894, 35.004619 ], [ -89.989892, 35.004154 ], [ -89.989892, 35.004019 ], [ -89.989892, 35.003996 ], [ -89.989892, 35.003692 ], [ -89.989895, 35.003065 ], [ -89.989896, 35.002972 ], [ -89.989895, 35.0028 ], [ -89.989903, 35.000006 ], [ -89.989905, 34.9998 ], [ -89.989912, 34.999091 ], [ -89.989906, 34.998712 ], [ -89.98988, 34.998245 ], [ -89.98988, 34.998227 ], [ -89.989791, 34.997342 ], [ -89.989787, 34.996862 ], [ -89.989788, 34.996848 ], [ -89.989834, 34.996384 ], [ -89.98985, 34.996223 ], [ -89.989901, 34.995742 ], [ -89.989911, 34.995582 ], [ -89.989911, 34.995485 ], [ -89.989911, 34.995193 ], [ -89.989912, 34.995095 ], [ -89.988881, 34.995091 ], [ -89.985791, 34.995079 ], [ -89.985354, 34.995077 ], [ -89.985029, 34.995076 ], [ -89.984761, 34.995075 ], [ -89.983913, 34.995072 ], [ -89.981369, 34.995061 ], [ -89.980522, 34.995058 ], [ -89.978858, 34.995051 ], [ -89.978709, 34.995051 ], [ -89.976107, 34.995041 ], [ -89.973866, 34.995033 ], [ -89.973189, 34.99503 ], [ -89.972203, 34.995027 ], [ -89.970455, 34.995019 ], [ -89.968981, 34.995013 ], [ -89.965211, 34.994997 ], [ -89.964934, 34.994996 ], [ -89.963464, 34.994991 ], [ -89.963422, 34.994991 ], [ -89.963297, 34.994991 ], [ -89.963256, 34.994991 ], [ -89.961785, 34.994985 ], [ -89.957373, 34.994968 ], [ -89.957058, 34.994967 ], [ -89.955903, 34.994961 ], [ -89.954156, 34.994954 ], [ -89.953422, 34.994951 ], [ -89.953258, 34.994951 ], [ -89.953094, 34.994949 ], [ -89.952934, 34.99495 ], [ -89.948915, 34.994932 ], [ -89.947169, 34.994926 ], [ -89.94674, 34.994923 ], [ -89.945453, 34.994918 ], [ -89.945025, 34.994916 ], [ -89.943561, 34.99491 ], [ -89.943371, 34.994909 ], [ -89.938413, 34.994889 ], [ -89.937176, 34.994884 ], [ -89.93676, 34.994882 ], [ -89.934621, 34.994871 ], [ -89.934015, 34.99487 ], [ -89.928207, 34.994845 ], [ -89.926837, 34.99484 ], [ -89.926186, 34.994837 ], [ -89.926069, 34.994837 ], [ -89.924796, 34.994831 ], [ -89.924404, 34.99483 ], [ -89.924258, 34.99483 ], [ -89.924111, 34.99483 ], [ -89.920978, 34.994814 ], [ -89.920758, 34.994814 ], [ -89.919706, 34.994809 ], [ -89.919606, 34.994808 ], [ -89.919309, 34.994808 ], [ -89.91921, 34.994807 ], [ -89.919175, 34.994806 ], [ -89.919072, 34.994806 ], [ -89.919038, 34.994807 ], [ -89.918876, 34.994805 ], [ -89.917611, 34.994791 ], [ -89.915343, 34.994766 ], [ -89.915235, 34.994765 ], [ -89.913236, 34.994751 ], [ -89.911803, 34.994741 ], [ -89.910525, 34.994726 ], [ -89.90944, 34.994726 ], [ -89.904911, 34.994692 ], [ -89.904528, 34.99469 ], [ -89.90147, 34.99467 ], [ -89.899855, 34.994636 ], [ -89.898175, 34.994602 ], [ -89.897423, 34.994586 ], [ -89.896487, 34.994566 ], [ -89.896262, 34.994561 ], [ -89.896036, 34.994557 ], [ -89.895553, 34.994546 ], [ -89.89507, 34.994537 ], [ -89.895012, 34.994535 ], [ -89.8942, 34.994518 ], [ -89.893618, 34.994506 ], [ -89.893616, 34.994506 ], [ -89.893455, 34.994502 ], [ -89.893398, 34.994501 ], [ -89.89327, 34.994495 ], [ -89.892886, 34.99449 ], [ -89.892759, 34.994487 ], [ -89.892549, 34.994484 ], [ -89.892086, 34.994476 ], [ -89.891921, 34.994476 ], [ -89.891712, 34.994478 ], [ -89.891675, 34.994478 ], [ -89.891509, 34.994476 ], [ -89.89107, 34.994474 ], [ -89.890987, 34.994474 ], [ -89.890903, 34.994473 ], [ -89.890821, 34.994473 ], [ -89.890702, 34.994472 ], [ -89.890674, 34.994472 ], [ -89.889134, 34.994457 ], [ -89.888406, 34.99445 ], [ -89.886989, 34.994433 ], [ -89.886516, 34.994431 ], [ -89.886458, 34.994429 ], [ -89.8864, 34.99443 ], [ -89.886325, 34.994429 ], [ -89.883898, 34.994399 ], [ -89.883867, 34.994399 ], [ -89.883865, 34.994399 ], [ -89.88377, 34.9944 ], [ -89.883754, 34.9944 ], [ -89.883379, 34.994398 ], [ -89.879283, 34.994398 ], [ -89.878758, 34.994399 ], [ -89.878689, 34.994398 ], [ -89.878601, 34.994398 ], [ -89.878484, 34.994398 ], [ -89.878416, 34.994399 ], [ -89.87837, 34.994333 ], [ -89.871803, 34.994299 ], [ -89.87178, 34.994299 ], [ -89.871425, 34.994298 ], [ -89.870873, 34.994294 ], [ -89.870818, 34.994294 ], [ -89.870553, 34.994293 ], [ -89.869956, 34.99429 ], [ -89.868168, 34.99428 ], [ -89.867572, 34.994277 ], [ -89.867295, 34.994277 ], [ -89.86719, 34.994275 ], [ -89.866335, 34.994273 ], [ -89.866172, 34.994271 ], [ -89.866046, 34.994271 ], [ -89.866008, 34.99427 ], [ -89.865665, 34.99427 ], [ -89.865562, 34.994268 ], [ -89.865254, 34.994265 ], [ -89.865152, 34.994265 ], [ -89.864482, 34.994262 ], [ -89.862474, 34.994251 ], [ -89.861805, 34.994249 ], [ -89.861782, 34.994364 ], [ -89.861767, 34.994426 ], [ -89.861756, 34.99447 ], [ -89.861256, 34.996407 ], [ -89.861186, 34.996683 ], [ -89.861033, 34.997277 ], [ -89.86034, 34.999945 ], [ -89.860301, 35.000127 ], [ -89.86028, 35.00029 ], [ -89.860279, 35.000775 ], [ -89.860284, 35.002343 ], [ -89.860269, 35.002451 ], [ -89.860247, 35.002508 ], [ -89.860182, 35.002596 ], [ -89.860135, 35.002637 ], [ -89.860032, 35.0027 ], [ -89.859909, 35.002731 ], [ -89.859872, 35.002731 ], [ -89.859611, 35.002736 ], [ -89.858149, 35.002741 ], [ -89.857644, 35.002742 ], [ -89.857613, 35.002742 ], [ -89.857524, 35.002742 ], [ -89.857494, 35.002744 ], [ -89.857524, 35.003356 ], [ -89.857529, 35.003445 ], [ -89.857636, 35.004413 ], [ -89.85766, 35.004985 ], [ -89.857665, 35.005193 ], [ -89.857681, 35.005806 ], [ -89.858846, 35.005817 ], [ -89.859026, 35.005817 ], [ -89.85948, 35.005819 ], [ -89.859686, 35.005818 ], [ -89.863062, 35.005823 ], [ -89.863264, 35.005823 ], [ -89.864408, 35.005823 ], [ -89.86477, 35.005821 ], [ -89.865857, 35.00582 ], [ -89.86622, 35.005818 ], [ -89.867268, 35.005827 ], [ -89.868396, 35.005838 ], [ -89.869665, 35.005845 ], [ -89.870069, 35.005848 ], [ -89.870285, 35.00585 ], [ -89.8708, 35.005854 ], [ -89.871116, 35.005876 ], [ -89.871506, 35.00593 ], [ -89.872244, 35.007134 ], [ -89.872358, 35.00732 ], [ -89.874587, 35.010957 ], [ -89.874721, 35.011176 ], [ -89.874766, 35.011249 ], [ -89.874809, 35.011319 ], [ -89.875369, 35.012232 ], [ -89.875781, 35.012351 ], [ -89.875859, 35.012372 ], [ -89.875936, 35.012395 ], [ -89.876013, 35.012417 ], [ -89.87609, 35.012439 ], [ -89.877711, 35.012901 ], [ -89.880429, 35.013676 ], [ -89.881412, 35.017447 ], [ -89.881559, 35.018013 ], [ -89.88201, 35.01974 ], [ -89.882174, 35.02037 ], [ -89.882129, 35.020368 ], [ -89.882029, 35.020368 ], [ -89.881996, 35.020368 ], [ -89.881952, 35.020368 ], [ -89.881876, 35.020367 ], [ -89.881583, 35.020365 ], [ -89.880478, 35.020361 ], [ -89.88018, 35.020361 ], [ -89.880136, 35.02036 ], [ -89.88011, 35.02036 ], [ -89.880049, 35.020359 ], [ -89.879981, 35.020357 ], [ -89.879092, 35.020359 ], [ -89.87847, 35.02036 ], [ -89.877448, 35.020359 ], [ -89.87604, 35.020356 ], [ -89.875023, 35.020354 ], [ -89.873266, 35.020342 ], [ -89.873, 35.020341 ], [ -89.871286, 35.020326 ], [ -89.869944, 35.020317 ], [ -89.868541, 35.020307 ], [ -89.867998, 35.020302 ], [ -89.866359, 35.020291 ], [ -89.866242, 35.020291 ], [ -89.866023, 35.020292 ], [ -89.865929, 35.020361 ], [ -89.865075, 35.020354 ], [ -89.86494, 35.020354 ], [ -89.863493, 35.020362 ], [ -89.860968, 35.020361 ], [ -89.859644, 35.020361 ], [ -89.859236, 35.020361 ], [ -89.858422, 35.020362 ], [ -89.857335, 35.020364 ], [ -89.855128, 35.020376 ], [ -89.854759, 35.020378 ], [ -89.853539, 35.020385 ], [ -89.853321, 35.020385 ], [ -89.852851, 35.020388 ], [ -89.85267, 35.020388 ], [ -89.852453, 35.02039 ], [ -89.851699, 35.020394 ], [ -89.84944, 35.020401 ], [ -89.848687, 35.020405 ], [ -89.848042, 35.020405 ], [ -89.846991, 35.020406 ], [ -89.84611, 35.020398 ], [ -89.845466, 35.020391 ], [ -89.845327, 35.02039 ], [ -89.844911, 35.020389 ], [ -89.844773, 35.020389 ], [ -89.844625, 35.020388 ], [ -89.844184, 35.020388 ], [ -89.844037, 35.020388 ], [ -89.843722, 35.020388 ], [ -89.8429, 35.020388 ], [ -89.84278, 35.020388 ], [ -89.842669, 35.020388 ], [ -89.842467, 35.020389 ], [ -89.84195, 35.020389 ], [ -89.841785, 35.020389 ], [ -89.840887, 35.020389 ], [ -89.840399, 35.020389 ], [ -89.839883, 35.020389 ], [ -89.839073, 35.02039 ], [ -89.838769, 35.02039 ], [ -89.836646, 35.020388 ], [ -89.835838, 35.020388 ], [ -89.835564, 35.020388 ], [ -89.834746, 35.02039 ], [ -89.834621, 35.020391 ], [ -89.834473, 35.020391 ], [ -89.834188, 35.020391 ], [ -89.833336, 35.020391 ], [ -89.833052, 35.020391 ], [ -89.832951, 35.02039 ], [ -89.83265, 35.02039 ], [ -89.832567, 35.02039 ], [ -89.83255, 35.02039 ], [ -89.832273, 35.020391 ], [ -89.831444, 35.020395 ], [ -89.831332, 35.020396 ], [ -89.83125, 35.020396 ], [ -89.831168, 35.020395 ], [ -89.831168, 35.020537 ], [ -89.831172, 35.021076 ], [ -89.831183, 35.022278 ], [ -89.831183, 35.022375 ], [ -89.831189, 35.02312 ], [ -89.831192, 35.023472 ], [ -89.831193, 35.023606 ], [ -89.831194, 35.023802 ], [ -89.831195, 35.023916 ], [ -89.831199, 35.024239 ], [ -89.831201, 35.024348 ], [ -89.831203, 35.024516 ], [ -89.831205, 35.024641 ], [ -89.831208, 35.024893 ], [ -89.831208, 35.024966 ], [ -89.831208, 35.025019 ], [ -89.831209, 35.025188 ], [ -89.831213, 35.025687 ], [ -89.831225, 35.027173 ], [ -89.831225, 35.027186 ], [ -89.831229, 35.027685 ], [ -89.83123, 35.028011 ], [ -89.831236, 35.028909 ], [ -89.831236, 35.02899 ], [ -89.831237, 35.029318 ], [ -89.831239, 35.029646 ], [ -89.831247, 35.030425 ], [ -89.831249, 35.030635 ], [ -89.831253, 35.030966 ], [ -89.831253, 35.031132 ], [ -89.831253, 35.031416 ], [ -89.831253, 35.031636 ], [ -89.831253, 35.031803 ], [ -89.831253, 35.031968 ], [ -89.831254, 35.032249 ], [ -89.831255, 35.032465 ], [ -89.831256, 35.03263 ], [ -89.831256, 35.03297 ], [ -89.831257, 35.033989 ], [ -89.831258, 35.034329 ], [ -89.831258, 35.034458 ], [ -89.831258, 35.034851 ], [ -89.831258, 35.034982 ], [ -89.831258, 35.035477 ], [ -89.831258, 35.036088 ], [ -89.831257, 35.036963 ], [ -89.831257, 35.037458 ], [ -89.831257, 35.037669 ], [ -89.831257, 35.038303 ], [ -89.831257, 35.038513 ], [ -89.831256, 35.039061 ], [ -89.831255, 35.039865 ], [ -89.83124, 35.04042 ], [ -89.831217, 35.040675 ], [ -89.831214, 35.040707 ], [ -89.831165, 35.041255 ], [ -89.831147, 35.041405 ], [ -89.831031, 35.04214 ], [ -89.830704, 35.044225 ], [ -89.830613, 35.044792 ], [ -89.830474, 35.045677 ], [ -89.830467, 35.04573 ], [ -89.830427, 35.045983 ], [ -89.830282, 35.046898 ], [ -89.830234, 35.047204 ], [ -89.830171, 35.047599 ], [ -89.829983, 35.048787 ], [ -89.82994, 35.049062 ], [ -89.829921, 35.049184 ], [ -89.830017, 35.049186 ], [ -89.830098, 35.049188 ], [ -89.830425, 35.049194 ], [ -89.831937, 35.049219 ], [ -89.832263, 35.049225 ], [ -89.832442, 35.049229 ], [ -89.832605, 35.049232 ], [ -89.833095, 35.049242 ], [ -89.833259, 35.049246 ], [ -89.834036, 35.049267 ], [ -89.834494, 35.049281 ], [ -89.83637, 35.049333 ], [ -89.837148, 35.049354 ], [ -89.837463, 35.049363 ], [ -89.838411, 35.049391 ], [ -89.838724, 35.049399 ], [ -89.838727, 35.049399 ], [ -89.839742, 35.049428 ], [ -89.839862, 35.049431 ], [ -89.840855, 35.049453 ], [ -89.842148, 35.049481 ], [ -89.84279, 35.049493 ], [ -89.843433, 35.049509 ], [ -89.843685, 35.049515 ], [ -89.843806, 35.049518 ], [ -89.843912, 35.049519 ], [ -89.84471, 35.049532 ], [ -89.845917, 35.049554 ], [ -89.847423, 35.049588 ], [ -89.848328, 35.049608 ], [ -89.848846, 35.049613 ], [ -89.8504, 35.049625 ], [ -89.850693, 35.049627 ], [ -89.850919, 35.04963 ], [ -89.851197, 35.049633 ], [ -89.852033, 35.049642 ], [ -89.852312, 35.049647 ], [ -89.852511, 35.04965 ], [ -89.85311, 35.049664 ], [ -89.85331, 35.049669 ], [ -89.854039, 35.049684 ], [ -89.854782, 35.049701 ], [ -89.856229, 35.049743 ], [ -89.856959, 35.049766 ], [ -89.857059, 35.049769 ], [ -89.857176, 35.049774 ], [ -89.857361, 35.049783 ], [ -89.857462, 35.049788 ], [ -89.857602, 35.049788 ], [ -89.857718, 35.049719 ], [ -89.858098, 35.049729 ], [ -89.858793, 35.049746 ], [ -89.860063, 35.049777 ], [ -89.860719, 35.049793 ], [ -89.860859, 35.049797 ], [ -89.861391, 35.049814 ], [ -89.861424, 35.049816 ], [ -89.862045, 35.049836 ], [ -89.862165, 35.049904 ], [ -89.863221, 35.049923 ], [ -89.863391, 35.049929 ], [ -89.864064, 35.049952 ], [ -89.864082, 35.050057 ], [ -89.864094, 35.050121 ], [ -89.864161, 35.05037 ], [ -89.864335, 35.050878 ], [ -89.865018, 35.052864 ], [ -89.865245, 35.053526 ], [ -89.865282, 35.053621 ], [ -89.865557, 35.054327 ], [ -89.865635, 35.054455 ], [ -89.865631, 35.054468 ], [ -89.865652, 35.05451 ], [ -89.865716, 35.054806 ], [ -89.865908, 35.055698 ], [ -89.865953, 35.055906 ], [ -89.865973, 35.055994 ], [ -89.865976, 35.056168 ], [ -89.86598, 35.056409 ], [ -89.865986, 35.056689 ], [ -89.86599, 35.056863 ], [ -89.866168, 35.056869 ], [ -89.866183, 35.05687 ], [ -89.866424, 35.056877 ], [ -89.866703, 35.056885 ], [ -89.866882, 35.056889 ], [ -89.866869, 35.057151 ], [ -89.867072, 35.057624 ], [ -89.867095, 35.057676 ], [ -89.867103, 35.058249 ], [ -89.867095, 35.058484 ], [ -89.867088, 35.059364 ], [ -89.867132, 35.059432 ], [ -89.86711, 35.059449 ], [ -89.867096, 35.059477 ], [ -89.867088, 35.059543 ], [ -89.866849, 35.059545 ], [ -89.866765, 35.059542 ], [ -89.866695, 35.060766 ], [ -89.86654, 35.060761 ], [ -89.86648, 35.060761 ], [ -89.866102, 35.06075 ], [ -89.866076, 35.06075 ], [ -89.865922, 35.060744 ], [ -89.865915, 35.060928 ], [ -89.865895, 35.061484 ], [ -89.865889, 35.06167 ], [ -89.865884, 35.061781 ], [ -89.865871, 35.062113 ], [ -89.865867, 35.062225 ], [ -89.865863, 35.062351 ], [ -89.865855, 35.062733 ], [ -89.865853, 35.06286 ], [ -89.865757, 35.062857 ], [ -89.865495, 35.062855 ], [ -89.865472, 35.062853 ], [ -89.865378, 35.062852 ], [ -89.865185, 35.062844 ], [ -89.864608, 35.062824 ], [ -89.864505, 35.062821 ], [ -89.864416, 35.062819 ], [ -89.86404, 35.062811 ], [ -89.863312, 35.062796 ], [ -89.863296, 35.06241 ], [ -89.863295, 35.062397 ], [ -89.863295, 35.062022 ], [ -89.863295, 35.06194 ], [ -89.863297, 35.061692 ], [ -89.863299, 35.061611 ], [ -89.863186, 35.061607 ], [ -89.862847, 35.0616 ], [ -89.862734, 35.061598 ], [ -89.862724, 35.06171 ], [ -89.862714, 35.06193 ], [ -89.862672, 35.062924 ], [ -89.862659, 35.063256 ], [ -89.862646, 35.063589 ], [ -89.86263, 35.064023 ], [ -89.862622, 35.064543 ], [ -89.862632, 35.064586 ], [ -89.86269, 35.064814 ], [ -89.862681, 35.064855 ], [ -89.862646, 35.064901 ], [ -89.862596, 35.06493 ], [ -89.862473, 35.064971 ], [ -89.862429, 35.064985 ], [ -89.861959, 35.065193 ], [ -89.861789, 35.06527 ], [ -89.861622, 35.065346 ], [ -89.86112, 35.065577 ], [ -89.860954, 35.065654 ], [ -89.860716, 35.065756 ], [ -89.860269, 35.065951 ], [ -89.860124, 35.065971 ], [ -89.859981, 35.065968 ], [ -89.859723, 35.065967 ], [ -89.859349, 35.065962 ], [ -89.85914, 35.065962 ], [ -89.858731, 35.065948 ], [ -89.858229, 35.06594 ], [ -89.857964, 35.065937 ], [ -89.857882, 35.065945 ], [ -89.857864, 35.065962 ], [ -89.857859, 35.065976 ], [ -89.857848, 35.066276 ], [ -89.857817, 35.067218 ], [ -89.857807, 35.067533 ], [ -89.857596, 35.067527 ], [ -89.856965, 35.067512 ], [ -89.856755, 35.067507 ], [ -89.856766, 35.067214 ], [ -89.856798, 35.066333 ], [ -89.85681, 35.06604 ], [ -89.856604, 35.066041 ], [ -89.856469, 35.066041 ], [ -89.855987, 35.066021 ], [ -89.855822, 35.066015 ], [ -89.855782, 35.066013 ], [ -89.855535, 35.066001 ], [ -89.855135, 35.065985 ], [ -89.85501, 35.065959 ], [ -89.854849, 35.065914 ], [ -89.854804, 35.065909 ], [ -89.8547, 35.065898 ], [ -89.854558, 35.065897 ], [ -89.85455, 35.066038 ], [ -89.854531, 35.066415 ], [ -89.854539, 35.066463 ], [ -89.854551, 35.066538 ], [ -89.854578, 35.0666 ], [ -89.854374, 35.066679 ], [ -89.854271, 35.066702 ], [ -89.854116, 35.066703 ], [ -89.853994, 35.066705 ], [ -89.853897, 35.066727 ], [ -89.853869, 35.066741 ], [ -89.853837, 35.066765 ], [ -89.853779, 35.066857 ], [ -89.853758, 35.067277 ], [ -89.853746, 35.067867 ], [ -89.853753, 35.06789 ], [ -89.853771, 35.067941 ], [ -89.853833, 35.068005 ], [ -89.853954, 35.068059 ], [ -89.85415, 35.068117 ], [ -89.85412, 35.068227 ], [ -89.854107, 35.068278 ], [ -89.853959, 35.068531 ], [ -89.853902, 35.068631 ], [ -89.853955, 35.068652 ], [ -89.854002, 35.06867 ], [ -89.854373, 35.068816 ], [ -89.855214, 35.069148 ], [ -89.855787, 35.069374 ], [ -89.856259, 35.069561 ], [ -89.856485, 35.069648 ], [ -89.857163, 35.069915 ], [ -89.85739, 35.070003 ], [ -89.857273, 35.070184 ], [ -89.856922, 35.07073 ], [ -89.856861, 35.070827 ], [ -89.856806, 35.070913 ], [ -89.856911, 35.070992 ], [ -89.857023, 35.07105 ], [ -89.857086, 35.071101 ], [ -89.857222, 35.07119 ], [ -89.857405, 35.071343 ], [ -89.857469, 35.071393 ], [ -89.857541, 35.071433 ], [ -89.857618, 35.07152 ], [ -89.857722, 35.071586 ], [ -89.857831, 35.071666 ], [ -89.857984, 35.071779 ], [ -89.858177, 35.071864 ], [ -89.858375, 35.071943 ], [ -89.858498, 35.071982 ], [ -89.858936, 35.072153 ], [ -89.859093, 35.072218 ], [ -89.859203, 35.072278 ], [ -89.85938, 35.072384 ], [ -89.859686, 35.072526 ], [ -89.859792, 35.072563 ], [ -89.859835, 35.072571 ], [ -89.859915, 35.072599 ], [ -89.859998, 35.072623 ], [ -89.860084, 35.072637 ], [ -89.860168, 35.072659 ], [ -89.860454, 35.072747 ], [ -89.86058, 35.072778 ], [ -89.86062, 35.072793 ], [ -89.860664, 35.072798 ], [ -89.860749, 35.072813 ], [ -89.861042, 35.072885 ], [ -89.861128, 35.072896 ], [ -89.861415, 35.072958 ], [ -89.86168, 35.073014 ], [ -89.861804, 35.073052 ], [ -89.862121, 35.073173 ], [ -89.862272, 35.073245 ], [ -89.862312, 35.073259 ], [ -89.862424, 35.073314 ], [ -89.862458, 35.073338 ], [ -89.862574, 35.073386 ], [ -89.86261, 35.073397 ], [ -89.862694, 35.073429 ], [ -89.862777, 35.073462 ], [ -89.862931, 35.073521 ], [ -89.863014, 35.073543 ], [ -89.863267, 35.073601 ], [ -89.863545, 35.073674 ], [ -89.864189, 35.073844 ], [ -89.864475, 35.073935 ], [ -89.864758, 35.074034 ], [ -89.865006, 35.074108 ], [ -89.865382, 35.074213 ], [ -89.865704, 35.074326 ], [ -89.865818, 35.074379 ], [ -89.865911, 35.074434 ], [ -89.866005, 35.074509 ], [ -89.866056, 35.074568 ], [ -89.866121, 35.074616 ], [ -89.86626, 35.074703 ], [ -89.866294, 35.074725 ], [ -89.866481, 35.074818 ], [ -89.866762, 35.074988 ], [ -89.866836, 35.075026 ], [ -89.866888, 35.075041 ], [ -89.867062, 35.075064 ], [ -89.867146, 35.075088 ], [ -89.867186, 35.0751 ], [ -89.867306, 35.075145 ], [ -89.867413, 35.075204 ], [ -89.867514, 35.075272 ], [ -89.867654, 35.075359 ], [ -89.867788, 35.07545 ], [ -89.867852, 35.075499 ], [ -89.86788, 35.075526 ], [ -89.868014, 35.07559 ], [ -89.868032, 35.075599 ], [ -89.868181, 35.075658 ], [ -89.868463, 35.075761 ], [ -89.868792, 35.07586 ], [ -89.868872, 35.07589 ], [ -89.868985, 35.075945 ], [ -89.869124, 35.076032 ], [ -89.869189, 35.07608 ], [ -89.869255, 35.076173 ], [ -89.869342, 35.076252 ], [ -89.869436, 35.076327 ], [ -89.869501, 35.076372 ], [ -89.869607, 35.076436 ], [ -89.869629, 35.076468 ], [ -89.869661, 35.076491 ], [ -89.869736, 35.07653 ], [ -89.869844, 35.076591 ], [ -89.869882, 35.076608 ], [ -89.870005, 35.076648 ], [ -89.870042, 35.076667 ], [ -89.870082, 35.076682 ], [ -89.870507, 35.076777 ], [ -89.870708, 35.076856 ], [ -89.870784, 35.076885 ], [ -89.870855, 35.076927 ], [ -89.870921, 35.076975 ], [ -89.870959, 35.076992 ], [ -89.871061, 35.077061 ], [ -89.87113, 35.077151 ], [ -89.871295, 35.077318 ], [ -89.871325, 35.077344 ], [ -89.871392, 35.07739 ], [ -89.871421, 35.077416 ], [ -89.8715, 35.077461 ], [ -89.871397, 35.07752 ], [ -89.870757, 35.077886 ], [ -89.870762, 35.078241 ], [ -89.871033, 35.078345 ], [ -89.871607, 35.078569 ], [ -89.872408, 35.078931 ], [ -89.873191, 35.079326 ], [ -89.87395, 35.079741 ], [ -89.874313, 35.079958 ], [ -89.874667, 35.080185 ], [ -89.875127, 35.080466 ], [ -89.875182, 35.080503 ], [ -89.875176, 35.080624 ], [ -89.875452, 35.080818 ], [ -89.875505, 35.080965 ], [ -89.876631, 35.081804 ], [ -89.877164, 35.082266 ], [ -89.877571, 35.082659 ], [ -89.877868, 35.082954 ], [ -89.878187, 35.08329 ], [ -89.878507, 35.083593 ], [ -89.878615, 35.083693 ], [ -89.878799, 35.083846 ], [ -89.878925, 35.083939 ], [ -89.879236, 35.084135 ], [ -89.879441, 35.084238 ], [ -89.879482, 35.084258 ], [ -89.879636, 35.084325 ], [ -89.879984, 35.084302 ], [ -89.880882, 35.084283 ], [ -89.883428, 35.084226 ], [ -89.884383, 35.084384 ], [ -89.885293, 35.084536 ], [ -89.885461, 35.084533 ], [ -89.885749, 35.084531 ], [ -89.88693, 35.084525 ], [ -89.888173, 35.084453 ], [ -89.888549, 35.084453 ], [ -89.889041, 35.084418 ], [ -89.889198, 35.084405 ], [ -89.889274, 35.084399 ], [ -89.890171, 35.084342 ], [ -89.89076, 35.084312 ], [ -89.890957, 35.084312 ], [ -89.891334, 35.084347 ], [ -89.891531, 35.084382 ], [ -89.892288, 35.084561 ], [ -89.89255, 35.08462 ], [ -89.892732, 35.084662 ], [ -89.893021, 35.084697 ], [ -89.893376, 35.084699 ], [ -89.893645, 35.084668 ], [ -89.894, 35.084626 ], [ -89.894062, 35.08462 ], [ -89.894404, 35.084609 ], [ -89.89463, 35.084637 ] ] ] } },
{ "type": "Feature", "properties": { "ShelbyCoun": "10" }, "geometry": { "type": "Polygon", "coordinates": [ [ [ -89.954853, 35.113236 ], [ -89.954441, 35.11454 ], [ -89.954291, 35.114967 ], [ -89.954269, 35.115029 ], [ -89.954269, 35.115148 ], [ -89.954269, 35.115176 ], [ -89.95427, 35.115281 ], [ -89.954352, 35.115283 ], [ -89.954375, 35.115283 ], [ -89.954601, 35.115288 ], [ -89.954684, 35.115289 ], [ -89.954866, 35.115293 ], [ -89.955077, 35.115299 ], [ -89.956064, 35.115322 ], [ -89.956259, 35.115325 ], [ -89.956653, 35.115334 ], [ -89.95684, 35.115339 ], [ -89.957401, 35.11535 ], [ -89.957588, 35.115356 ], [ -89.957769, 35.115359 ], [ -89.958312, 35.11537 ], [ -89.958494, 35.115375 ], [ -89.958929, 35.115385 ], [ -89.960234, 35.115415 ], [ -89.960332, 35.115418 ], [ -89.960669, 35.115437 ], [ -89.960761, 35.11544 ], [ -89.961037, 35.115451 ], [ -89.961129, 35.115455 ], [ -89.961411, 35.115461 ], [ -89.961892, 35.115472 ], [ -89.96226, 35.115469 ], [ -89.962544, 35.115468 ], [ -89.96272, 35.115466 ], [ -89.963353, 35.11548 ], [ -89.964497, 35.115505 ], [ -89.965779, 35.115533 ], [ -89.966061, 35.11554 ], [ -89.966589, 35.11555 ], [ -89.96819, 35.115586 ], [ -89.969104, 35.115607 ], [ -89.969177, 35.11561 ], [ -89.96963, 35.115629 ], [ -89.970701, 35.115655 ], [ -89.970914, 35.115659 ], [ -89.971556, 35.115673 ], [ -89.97177, 35.115679 ], [ -89.971748, 35.11611 ], [ -89.971742, 35.116239 ], [ -89.971699, 35.117404 ], [ -89.971684, 35.117835 ], [ -89.971674, 35.118109 ], [ -89.971645, 35.118931 ], [ -89.971642, 35.119017 ], [ -89.971635, 35.119205 ], [ -89.97163, 35.119322 ], [ -89.971618, 35.119675 ], [ -89.971614, 35.119794 ], [ -89.971964, 35.119802 ], [ -89.973013, 35.119833 ], [ -89.973288, 35.11984 ], [ -89.973364, 35.119842 ], [ -89.973532, 35.119848 ], [ -89.97345, 35.122062 ], [ -89.973439, 35.122343 ], [ -89.973409, 35.123878 ], [ -89.9736, 35.12388 ], [ -89.973832, 35.123883 ], [ -89.973908, 35.123884 ], [ -89.975931, 35.123928 ], [ -89.97592, 35.124283 ], [ -89.975891, 35.125352 ], [ -89.975881, 35.125709 ], [ -89.976146, 35.125716 ], [ -89.976943, 35.125738 ], [ -89.977209, 35.125746 ], [ -89.977303, 35.125749 ], [ -89.977585, 35.125754 ], [ -89.97768, 35.125757 ], [ -89.977836, 35.12576 ], [ -89.978307, 35.125772 ], [ -89.978464, 35.125775 ], [ -89.978868, 35.125785 ], [ -89.978976, 35.125788 ], [ -89.979115, 35.125792 ], [ -89.979695, 35.125805 ], [ -89.980083, 35.125816 ], [ -89.980489, 35.125825 ], [ -89.981245, 35.125842 ], [ -89.982475, 35.125871 ], [ -89.983509, 35.125904 ], [ -89.984017, 35.125926 ], [ -89.984059, 35.125929 ], [ -89.984197, 35.125934 ], [ -89.984269, 35.125937 ], [ -89.984518, 35.125943 ], [ -89.985265, 35.125957 ], [ -89.985515, 35.125963 ], [ -89.985621, 35.125964 ], [ -89.985939, 35.125968 ], [ -89.986045, 35.125968 ], [ -89.98626, 35.125969 ], [ -89.986905, 35.125976 ], [ -89.987121, 35.125978 ], [ -89.987247, 35.125979 ], [ -89.987627, 35.125982 ], [ -89.987754, 35.125985 ], [ -89.987853, 35.125985 ], [ -89.988152, 35.125988 ], [ -89.988252, 35.125989 ], [ -89.988371, 35.125991 ], [ -89.98873, 35.125996 ], [ -89.98885, 35.125998 ], [ -89.988998, 35.125999 ], [ -89.989443, 35.126005 ], [ -89.989592, 35.126006 ], [ -89.990732, 35.126031 ], [ -89.990785, 35.125163 ], [ -89.99079, 35.125079 ], [ -89.990814, 35.124609 ], [ -89.99082, 35.124488 ], [ -89.990857, 35.123695 ], [ -89.990861, 35.123605 ], [ -89.990903, 35.122778 ], [ -89.990943, 35.121904 ], [ -89.990942, 35.121893 ], [ -89.990947, 35.121825 ], [ -89.990987, 35.120953 ], [ -89.991003, 35.120779 ], [ -89.99108, 35.119788 ], [ -89.991085, 35.11965 ], [ -89.991133, 35.11862 ], [ -89.991176, 35.117858 ], [ -89.991189, 35.117512 ], [ -89.991214, 35.116916 ], [ -89.991219, 35.116737 ], [ -89.991225, 35.116477 ], [ -89.991235, 35.116132 ], [ -89.991237, 35.116101 ], [ -89.991245, 35.116005 ], [ -89.991248, 35.115975 ], [ -89.991223, 35.114933 ], [ -89.991269, 35.114745 ], [ -89.991275, 35.114736 ], [ -89.991408, 35.114548 ], [ -89.991424, 35.114494 ], [ -89.991447, 35.114329 ], [ -89.99145, 35.114275 ], [ -89.991501, 35.113448 ], [ -89.991519, 35.113173 ], [ -89.991644, 35.111308 ], [ -89.991687, 35.110867 ], [ -89.991734, 35.110678 ], [ -89.991755, 35.110626 ], [ -89.991764, 35.110601 ], [ -89.99179, 35.110546 ], [ -89.991802, 35.110552 ], [ -89.992051, 35.110724 ], [ -89.992296, 35.110893 ], [ -89.992576, 35.111066 ], [ -89.993056, 35.111379 ], [ -89.993309, 35.111543 ], [ -89.994312, 35.112201 ], [ -89.994874, 35.112569 ], [ -89.994959, 35.112625 ], [ -89.99556, 35.113019 ], [ -89.995896, 35.113242 ], [ -89.996305, 35.113506 ], [ -89.996379, 35.113555 ], [ -89.996604, 35.113703 ], [ -89.996635, 35.113723 ], [ -89.99668, 35.113752 ], [ -89.997173, 35.114075 ], [ -89.998652, 35.115043 ], [ -89.999146, 35.115367 ], [ -89.999213, 35.115412 ], [ -89.999417, 35.115551 ], [ -89.999485, 35.115598 ], [ -89.999664, 35.115727 ], [ -89.999737, 35.11578 ], [ -90.000212, 35.116105 ], [ -90.000324, 35.116183 ], [ -90.000396, 35.116231 ], [ -90.001267, 35.116239 ], [ -90.001961, 35.116254 ], [ -90.003019, 35.116198 ], [ -90.00312, 35.116267 ], [ -90.004936, 35.1163 ], [ -90.004914, 35.116267 ], [ -90.004859, 35.116185 ], [ -90.004852, 35.116166 ], [ -90.004838, 35.11613 ], [ -90.004821, 35.115972 ], [ -90.00483, 35.11578 ], [ -90.00488, 35.114731 ], [ -90.004897, 35.114383 ], [ -90.004904, 35.114193 ], [ -90.004925, 35.113623 ], [ -90.004932, 35.113433 ], [ -90.004645, 35.113423 ], [ -90.003786, 35.113397 ], [ -90.0035, 35.113388 ], [ -90.003505, 35.113205 ], [ -90.003494, 35.113186 ], [ -90.003429, 35.112997 ], [ -90.003397, 35.11286 ], [ -90.003403, 35.112686 ], [ -90.003416, 35.1126 ], [ -90.003447, 35.112401 ], [ -90.003459, 35.112207 ], [ -90.003468, 35.112072 ], [ -90.003547, 35.111973 ], [ -90.003556, 35.111653 ], [ -90.003563, 35.11146 ], [ -90.003591, 35.110502 ], [ -90.003596, 35.110304 ], [ -90.003626, 35.109096 ], [ -90.003627, 35.109032 ], [ -90.00363, 35.108923 ], [ -90.003562, 35.108922 ], [ -90.00359, 35.10801 ], [ -90.003617, 35.107174 ], [ -90.003628, 35.106693 ], [ -90.003648, 35.106015 ], [ -90.003653, 35.105823 ], [ -90.003539, 35.105702 ], [ -90.003532, 35.105657 ], [ -90.003539, 35.105608 ], [ -90.003689, 35.104684 ], [ -90.003707, 35.10452 ], [ -90.003959, 35.104647 ], [ -90.004315, 35.10483 ], [ -90.004713, 35.105041 ], [ -90.004964, 35.105176 ], [ -90.005204, 35.105323 ], [ -90.005924, 35.105767 ], [ -90.006164, 35.105916 ], [ -90.006617, 35.106238 ], [ -90.006676, 35.10628 ], [ -90.007693, 35.107062 ], [ -90.007929, 35.107272 ], [ -90.008346, 35.107642 ], [ -90.008646, 35.107937 ], [ -90.009546, 35.10882 ], [ -90.009847, 35.109114 ], [ -90.009987, 35.109116 ], [ -90.010337, 35.109117 ], [ -90.010557, 35.109124 ], [ -90.010694, 35.10913 ], [ -90.011475, 35.109165 ], [ -90.012406, 35.109189 ], [ -90.01267, 35.109192 ], [ -90.013462, 35.109207 ], [ -90.013726, 35.109213 ], [ -90.013956, 35.10922 ], [ -90.014204, 35.109226 ], [ -90.014603, 35.109238 ], [ -90.014647, 35.109242 ], [ -90.014878, 35.109257 ], [ -90.014907, 35.108323 ], [ -90.018439, 35.108408 ], [ -90.018437, 35.108463 ], [ -90.021398, 35.108557 ], [ -90.021534, 35.10855 ], [ -90.021659, 35.109153 ], [ -90.021727, 35.109487 ], [ -90.021772, 35.109488 ], [ -90.021907, 35.109491 ], [ -90.021953, 35.109493 ], [ -90.021985, 35.109068 ], [ -90.021993, 35.10905 ], [ -90.022003, 35.108874 ], [ -90.022015, 35.108303 ], [ -90.022058, 35.107358 ], [ -90.022071, 35.107087 ], [ -90.022063, 35.106853 ], [ -90.022211, 35.106851 ], [ -90.022654, 35.106865 ], [ -90.022802, 35.10687 ], [ -90.022967, 35.106873 ], [ -90.023463, 35.106882 ], [ -90.023629, 35.106887 ], [ -90.023797, 35.106891 ], [ -90.0243, 35.106902 ], [ -90.024469, 35.106907 ], [ -90.024637, 35.106911 ], [ -90.025144, 35.106924 ], [ -90.025313, 35.106927 ], [ -90.025482, 35.106932 ], [ -90.025978, 35.106943 ], [ -90.025992, 35.106944 ], [ -90.026162, 35.106947 ], [ -90.026331, 35.106952 ], [ -90.026838, 35.106963 ], [ -90.027007, 35.106969 ], [ -90.027179, 35.106972 ], [ -90.02737, 35.106977 ], [ -90.027695, 35.106983 ], [ -90.027771, 35.106986 ], [ -90.027868, 35.106987 ], [ -90.027974, 35.106989 ], [ -90.028275, 35.106998 ], [ -90.028293, 35.106998 ], [ -90.0284, 35.107001 ], [ -90.028445, 35.107003 ], [ -90.028499, 35.107005 ], [ -90.028559, 35.107006 ], [ -90.0286, 35.107006 ], [ -90.028631, 35.107006 ], [ -90.028725, 35.107009 ], [ -90.028757, 35.107011 ], [ -90.028868, 35.107013 ], [ -90.0291, 35.107019 ], [ -90.029177, 35.107022 ], [ -90.029204, 35.107022 ], [ -90.029316, 35.107025 ], [ -90.029382, 35.107025 ], [ -90.029581, 35.107031 ], [ -90.029648, 35.107033 ], [ -90.029832, 35.107038 ], [ -90.030386, 35.107053 ], [ -90.030571, 35.107058 ], [ -90.031386, 35.107078 ], [ -90.032459, 35.107101 ], [ -90.032557, 35.107102 ], [ -90.03286, 35.107104 ], [ -90.032961, 35.107106 ], [ -90.033042, 35.107106 ], [ -90.033278, 35.107109 ], [ -90.033368, 35.107112 ], [ -90.033465, 35.107115 ], [ -90.033756, 35.107124 ], [ -90.033853, 35.107127 ], [ -90.033909, 35.107127 ], [ -90.034077, 35.107132 ], [ -90.034133, 35.107135 ], [ -90.034418, 35.107141 ], [ -90.035275, 35.107164 ], [ -90.035561, 35.107173 ], [ -90.035625, 35.107174 ], [ -90.035817, 35.107179 ], [ -90.035881, 35.10718 ], [ -90.036024, 35.107183 ], [ -90.03606, 35.107183 ], [ -90.0366, 35.107197 ], [ -90.036656, 35.1072 ], [ -90.03678, 35.107201 ], [ -90.036969, 35.1072 ], [ -90.037005, 35.107188 ], [ -90.037439, 35.107132 ], [ -90.037682, 35.107132 ], [ -90.037906, 35.107144 ], [ -90.037933, 35.106639 ], [ -90.037934, 35.106622 ], [ -90.037949, 35.105917 ], [ -90.037983, 35.105123 ], [ -90.038005, 35.104619 ], [ -90.038012, 35.104403 ], [ -90.038024, 35.104092 ], [ -90.038038, 35.103761 ], [ -90.038048, 35.103547 ], [ -90.038057, 35.103302 ], [ -90.038085, 35.102567 ], [ -90.038095, 35.102322 ], [ -90.038104, 35.102072 ], [ -90.038132, 35.101323 ], [ -90.038142, 35.101074 ], [ -90.038271, 35.101079 ], [ -90.038658, 35.101095 ], [ -90.038787, 35.101099 ], [ -90.03891, 35.101104 ], [ -90.039178, 35.101112 ], [ -90.039282, 35.101115 ], [ -90.039406, 35.101119 ], [ -90.03949, 35.101121 ], [ -90.039744, 35.10113 ], [ -90.039829, 35.101133 ], [ -90.040039, 35.101144 ], [ -90.040671, 35.101177 ], [ -90.040882, 35.101189 ], [ -90.041012, 35.101195 ], [ -90.041402, 35.101214 ], [ -90.041533, 35.101222 ], [ -90.041662, 35.101225 ], [ -90.042051, 35.101238 ], [ -90.042181, 35.101242 ], [ -90.042311, 35.101244 ], [ -90.042701, 35.101251 ], [ -90.042832, 35.101254 ], [ -90.042963, 35.101256 ], [ -90.043125, 35.101259 ], [ -90.043357, 35.101261 ], [ -90.043489, 35.101264 ], [ -90.043624, 35.101267 ], [ -90.044029, 35.101281 ], [ -90.044164, 35.101286 ], [ -90.044167, 35.101158 ], [ -90.044177, 35.10078 ], [ -90.044181, 35.100654 ], [ -90.044194, 35.100109 ], [ -90.044233, 35.098478 ], [ -90.044247, 35.097935 ], [ -90.044261, 35.097369 ], [ -90.044304, 35.095674 ], [ -90.044319, 35.09511 ], [ -90.044323, 35.094926 ], [ -90.044335, 35.094378 ], [ -90.04434, 35.094195 ], [ -90.044492, 35.094199 ], [ -90.044759, 35.094209 ], [ -90.044949, 35.094182 ], [ -90.045042, 35.09417 ], [ -90.045101, 35.094167 ], [ -90.045459, 35.094176 ], [ -90.045818, 35.094198 ], [ -90.045861, 35.0942 ], [ -90.046028, 35.094224 ], [ -90.046087, 35.09424 ], [ -90.047812, 35.094673 ], [ -90.047915, 35.094694 ], [ -90.048215, 35.094761 ], [ -90.048621, 35.094829 ], [ -90.048813, 35.094856 ], [ -90.048853, 35.094859 ], [ -90.049223, 35.094902 ], [ -90.049553, 35.09491 ], [ -90.049788, 35.094915 ], [ -90.050016, 35.094919 ], [ -90.050569, 35.094929 ], [ -90.0507, 35.094943 ], [ -90.050717, 35.094946 ], [ -90.050803, 35.09498 ], [ -90.05088, 35.095071 ], [ -90.050914, 35.095088 ], [ -90.051029, 35.095106 ], [ -90.051098, 35.095106 ], [ -90.051772, 35.095113 ], [ -90.05182, 35.095113 ], [ -90.051997, 35.095122 ], [ -90.052328, 35.095138 ], [ -90.052377, 35.095143 ], [ -90.052652, 35.09518 ], [ -90.052996, 35.095261 ], [ -90.053287, 35.095368 ], [ -90.053472, 35.095451 ], [ -90.053579, 35.0955 ], [ -90.053778, 35.095591 ], [ -90.053819, 35.09561 ], [ -90.053954, 35.094622 ], [ -90.053974, 35.094471 ], [ -90.054158, 35.093131 ], [ -90.054399, 35.091484 ], [ -90.054442, 35.09106 ], [ -90.05449, 35.090587 ], [ -90.054501, 35.089914 ], [ -90.054486, 35.089489 ], [ -90.054482, 35.089374 ], [ -90.054418, 35.088728 ], [ -90.054341, 35.08822 ], [ -90.054306, 35.08799 ], [ -90.054277, 35.087801 ], [ -90.054008, 35.086483 ], [ -90.053781, 35.085245 ], [ -90.053765, 35.085156 ], [ -90.053548, 35.084018 ], [ -90.053483, 35.083653 ], [ -90.053288, 35.08256 ], [ -90.053224, 35.082196 ], [ -90.05318, 35.08204 ], [ -90.05305, 35.081575 ], [ -90.053007, 35.081421 ], [ -90.052891, 35.08079 ], [ -90.052854, 35.080589 ], [ -90.052642, 35.07935 ], [ -90.052639, 35.079328 ], [ -90.052569, 35.078899 ], [ -90.052543, 35.078739 ], [ -90.052468, 35.078269 ], [ -90.052443, 35.078128 ], [ -90.052376, 35.077768 ], [ -90.0521, 35.076265 ], [ -90.052008, 35.075764 ], [ -90.05192, 35.075255 ], [ -90.051883, 35.07508 ], [ -90.051711, 35.074247 ], [ -90.05155, 35.073459 ], [ -90.051478, 35.073037 ], [ -90.051362, 35.072351 ], [ -90.051328, 35.072184 ], [ -90.051227, 35.07168 ], [ -90.051212, 35.071605 ], [ -90.051194, 35.071514 ], [ -90.051177, 35.07142 ], [ -90.050907, 35.069981 ], [ -90.050871, 35.069786 ], [ -90.05043, 35.067403 ], [ -90.050294, 35.066713 ], [ -90.050121, 35.065835 ], [ -90.049887, 35.064611 ], [ -90.049559, 35.062886 ], [ -90.049374, 35.062871 ], [ -90.049276, 35.062864 ], [ -90.049045, 35.062836 ], [ -90.048822, 35.062805 ], [ -90.048639, 35.062781 ], [ -90.048525, 35.062763 ], [ -90.048181, 35.062711 ], [ -90.047664, 35.06263 ], [ -90.04681, 35.062501 ], [ -90.046353, 35.062432 ], [ -90.045254, 35.06226 ], [ -90.04435, 35.06212 ], [ -90.043827, 35.062061 ], [ -90.04322, 35.062022 ], [ -90.04258, 35.062006 ], [ -90.041935, 35.061989 ], [ -90.040824, 35.061962 ], [ -90.040359, 35.061951 ], [ -90.038965, 35.061917 ], [ -90.038501, 35.061906 ], [ -90.037998, 35.061893 ], [ -90.036492, 35.061854 ], [ -90.03599, 35.061841 ], [ -90.035766, 35.061836 ], [ -90.035095, 35.061817 ], [ -90.034872, 35.061812 ], [ -90.034502, 35.061802 ], [ -90.033395, 35.061774 ], [ -90.033026, 35.061764 ], [ -90.032572, 35.061753 ], [ -90.032224, 35.061746 ], [ -90.031213, 35.061716 ], [ -90.03076, 35.061704 ], [ -90.030312, 35.061691 ], [ -90.029405, 35.061667 ], [ -90.028971, 35.061659 ], [ -90.028524, 35.06165 ], [ -90.02845, 35.061648 ], [ -90.028231, 35.061642 ], [ -90.028158, 35.061639 ], [ -90.028034, 35.061637 ], [ -90.027664, 35.061628 ], [ -90.027541, 35.061625 ], [ -90.02699, 35.061611 ], [ -90.02593, 35.061585 ], [ -90.025489, 35.061602 ], [ -90.025342, 35.061619 ], [ -90.025127, 35.061645 ], [ -90.024796, 35.061687 ], [ -90.024719, 35.061698 ], [ -90.024626, 35.061706 ], [ -90.024549, 35.061712 ], [ -90.024424, 35.061724 ], [ -90.024213, 35.061732 ], [ -90.023979, 35.061729 ], [ -90.023804, 35.061718 ], [ -90.023677, 35.061712 ], [ -90.023607, 35.061706 ], [ -90.023557, 35.061704 ], [ -90.023615, 35.06146 ], [ -90.023658, 35.061279 ], [ -90.023674, 35.061215 ], [ -90.023782, 35.060733 ], [ -90.023822, 35.060559 ], [ -90.023839, 35.060491 ], [ -90.023854, 35.060423 ], [ -90.023949, 35.06001 ], [ -90.024023, 35.059694 ], [ -90.024293, 35.058574 ], [ -90.024409, 35.058096 ], [ -90.024491, 35.057744 ], [ -90.024517, 35.057634 ], [ -90.024695, 35.05668 ], [ -90.024721, 35.056548 ], [ -90.024753, 35.056324 ], [ -90.024804, 35.056019 ], [ -90.024817, 35.055913 ], [ -90.024931, 35.055006 ], [ -90.024965, 35.054676 ], [ -90.025009, 35.054263 ], [ -90.025012, 35.054179 ], [ -90.025021, 35.053929 ], [ -90.025025, 35.053848 ], [ -90.025042, 35.05343 ], [ -90.025043, 35.053337 ], [ -90.025072, 35.051804 ], [ -90.025078, 35.05154 ], [ -90.025077, 35.051292 ], [ -90.025078, 35.050976 ], [ -90.025081, 35.050029 ], [ -90.025083, 35.049713 ], [ -90.02509, 35.049108 ], [ -90.025095, 35.048688 ], [ -90.025107, 35.047843 ], [ -90.025112, 35.046422 ], [ -90.025113, 35.045617 ], [ -90.025115, 35.045131 ], [ -90.025115, 35.045026 ], [ -90.025116, 35.044593 ], [ -90.025116, 35.044518 ], [ -90.025116, 35.044297 ], [ -90.025116, 35.044223 ], [ -90.025114, 35.043941 ], [ -90.025114, 35.043881 ], [ -90.025116, 35.042859 ], [ -90.025117, 35.042517 ], [ -90.025031, 35.042517 ], [ -90.02488, 35.042516 ], [ -90.024169, 35.042516 ], [ -90.023933, 35.042516 ], [ -90.023703, 35.042516 ], [ -90.023013, 35.042513 ], [ -90.022784, 35.042513 ], [ -90.02267, 35.042515 ], [ -90.022329, 35.042517 ], [ -90.022216, 35.042518 ], [ -90.021608, 35.042516 ], [ -90.020722, 35.042513 ], [ -90.019784, 35.042508 ], [ -90.019176, 35.042507 ], [ -90.018943, 35.04251 ], [ -90.01828, 35.0425 ], [ -90.017985, 35.042496 ], [ -90.015646, 35.042491 ], [ -90.015592, 35.042489 ], [ -90.014697, 35.042482 ], [ -90.014474, 35.042482 ], [ -90.013805, 35.042486 ], [ -90.013583, 35.042489 ], [ -90.013362, 35.042488 ], [ -90.012701, 35.042487 ], [ -90.012481, 35.042486 ], [ -90.01236, 35.042486 ], [ -90.012255, 35.042485 ], [ -90.011579, 35.042477 ], [ -90.011354, 35.042476 ], [ -90.01107, 35.042489 ], [ -90.011055, 35.042489 ], [ -90.010889, 35.042522 ], [ -90.010697, 35.042587 ], [ -90.010269, 35.042761 ], [ -90.010007, 35.04287 ], [ -90.009753, 35.042969 ], [ -90.00915, 35.043209 ], [ -90.008981, 35.043228 ], [ -90.008708, 35.043228 ], [ -90.008467, 35.043227 ], [ -90.007746, 35.043227 ], [ -90.007578, 35.043227 ], [ -90.007506, 35.043227 ], [ -90.007509, 35.043596 ], [ -90.007516, 35.044351 ], [ -90.00753, 35.044706 ], [ -90.007541, 35.044973 ], [ -90.007545, 35.045077 ], [ -90.007547, 35.045223 ], [ -90.007549, 35.045286 ], [ -90.007552, 35.045583 ], [ -90.007552, 35.045661 ], [ -90.007553, 35.045761 ], [ -90.007554, 35.045808 ], [ -90.007556, 35.046132 ], [ -90.007557, 35.046276 ], [ -90.007514, 35.046957 ], [ -90.007508, 35.047105 ], [ -90.007497, 35.047429 ], [ -90.006898, 35.047418 ], [ -90.006314, 35.04741 ], [ -90.006202, 35.047391 ], [ -90.00578, 35.04729 ], [ -90.00563, 35.047278 ], [ -90.005233, 35.047266 ], [ -90.005115, 35.047266 ], [ -90.004516, 35.047267 ], [ -90.004515, 35.047059 ], [ -90.004514, 35.046627 ], [ -90.004519, 35.046442 ], [ -90.004525, 35.046236 ], [ -90.00453, 35.045724 ], [ -90.00454, 35.044917 ], [ -90.00454, 35.044189 ], [ -90.00454, 35.043777 ], [ -90.004531, 35.043678 ], [ -90.004654, 35.043662 ], [ -90.004856, 35.043617 ], [ -90.005013, 35.043565 ], [ -90.005131, 35.043526 ], [ -90.005273, 35.043481 ], [ -90.005699, 35.04335 ], [ -90.005772, 35.043329 ], [ -90.005896, 35.043277 ], [ -90.005537, 35.042755 ], [ -90.004928, 35.041867 ], [ -90.004603, 35.041396 ], [ -90.004305, 35.040934 ], [ -90.004028, 35.040459 ], [ -90.003623, 35.039677 ], [ -90.003473, 35.039361 ], [ -90.003202, 35.038725 ], [ -90.003109, 35.038483 ], [ -90.002922, 35.037945 ], [ -90.002779, 35.037397 ], [ -90.00275, 35.037264 ], [ -90.002644, 35.036771 ], [ -90.002589, 35.036448 ], [ -90.002501, 35.035776 ], [ -90.002487, 35.035584 ], [ -90.00242, 35.035585 ], [ -90.002001, 35.035584 ], [ -90.001955, 35.035584 ], [ -90.001526, 35.035584 ], [ -90.000747, 35.03559 ], [ -90.00033, 35.035595 ], [ -90.000254, 35.035595 ], [ -90.000138, 35.035596 ], [ -90.000027, 35.035581 ], [ -90.000006, 35.035579 ], [ -89.999952, 35.035577 ], [ -89.999922, 35.035577 ], [ -89.999899, 35.035578 ], [ -89.99974, 35.035585 ], [ -89.999688, 35.035588 ], [ -89.999356, 35.03559 ], [ -89.998359, 35.035594 ], [ -89.998028, 35.035596 ], [ -89.997744, 35.035595 ], [ -89.996892, 35.035594 ], [ -89.996609, 35.035594 ], [ -89.996499, 35.035594 ], [ -89.99617, 35.035595 ], [ -89.996061, 35.035596 ], [ -89.995978, 35.035596 ], [ -89.995679, 35.035596 ], [ -89.994535, 35.035596 ], [ -89.994154, 35.035598 ], [ -89.993956, 35.035596 ], [ -89.993363, 35.035593 ], [ -89.993166, 35.035593 ], [ -89.992973, 35.035593 ], [ -89.99277, 35.035594 ], [ -89.992394, 35.035594 ], [ -89.992222, 35.035595 ], [ -89.992202, 35.035595 ], [ -89.992184, 35.035595 ], [ -89.99213, 35.035595 ], [ -89.992113, 35.035596 ], [ -89.991655, 35.035595 ], [ -89.991636, 35.035595 ], [ -89.991143, 35.035593 ], [ -89.990988, 35.035595 ], [ -89.990284, 35.03559 ], [ -89.989969, 35.03559 ], [ -89.989828, 35.035589 ], [ -89.989827, 35.036175 ], [ -89.989822, 35.037461 ], [ -89.98982, 35.038146 ], [ -89.989832, 35.039251 ], [ -89.989834, 35.039676 ], [ -89.989833, 35.0397 ], [ -89.989833, 35.039728 ], [ -89.989827, 35.040049 ], [ -89.989819, 35.043079 ], [ -89.989819, 35.043304 ], [ -89.989816, 35.043637 ], [ -89.989815, 35.043718 ], [ -89.989789, 35.046262 ], [ -89.989788, 35.046332 ], [ -89.989783, 35.046591 ], [ -89.989778, 35.047365 ], [ -89.989775, 35.04797 ], [ -89.989771, 35.049706 ], [ -89.98977, 35.049881 ], [ -89.989854, 35.050202 ], [ -89.989894, 35.050334 ], [ -89.989914, 35.050396 ], [ -89.990008, 35.050658 ], [ -89.990057, 35.050753 ], [ -89.990209, 35.050959 ], [ -89.990562, 35.051327 ], [ -89.990682, 35.051454 ], [ -89.990694, 35.051466 ], [ -89.990895, 35.051656 ], [ -89.991017, 35.051806 ], [ -89.991106, 35.051945 ], [ -89.991164, 35.052078 ], [ -89.991191, 35.052138 ], [ -89.991242, 35.052319 ], [ -89.991272, 35.052589 ], [ -89.99129, 35.052997 ], [ -89.991301, 35.053239 ], [ -89.991306, 35.053309 ], [ -89.991117, 35.053304 ], [ -89.991005, 35.053301 ], [ -89.990671, 35.053292 ], [ -89.990546, 35.053289 ], [ -89.990104, 35.053281 ], [ -89.989992, 35.053279 ], [ -89.989908, 35.053278 ], [ -89.989804, 35.053276 ], [ -89.989676, 35.053254 ], [ -89.989646, 35.053284 ], [ -89.98962, 35.05331 ], [ -89.989233, 35.053306 ], [ -89.989058, 35.053303 ], [ -89.989039, 35.053304 ], [ -89.988738, 35.053325 ], [ -89.988005, 35.053456 ], [ -89.987657, 35.053503 ], [ -89.987436, 35.053511 ], [ -89.987211, 35.053497 ], [ -89.987002, 35.053475 ], [ -89.986709, 35.053413 ], [ -89.986696, 35.053407 ], [ -89.986436, 35.05332 ], [ -89.986066, 35.053157 ], [ -89.985964, 35.053117 ], [ -89.985404, 35.052859 ], [ -89.984908, 35.052672 ], [ -89.984807, 35.052636 ], [ -89.983855, 35.052315 ], [ -89.983572, 35.052236 ], [ -89.983187, 35.052158 ], [ -89.982761, 35.052104 ], [ -89.982488, 35.05209 ], [ -89.982085, 35.052094 ], [ -89.981994, 35.052101 ], [ -89.981975, 35.052101 ], [ -89.981943, 35.052104 ], [ -89.981803, 35.052112 ], [ -89.981581, 35.052128 ], [ -89.98096, 35.052173 ], [ -89.980679, 35.052195 ], [ -89.979461, 35.052302 ], [ -89.979066, 35.052335 ], [ -89.978874, 35.052352 ], [ -89.978791, 35.05236 ], [ -89.978046, 35.052428 ], [ -89.97781, 35.052445 ], [ -89.977414, 35.052484 ], [ -89.976763, 35.052529 ], [ -89.976429, 35.05256 ], [ -89.976134, 35.052588 ], [ -89.975887, 35.052612 ], [ -89.97528, 35.052672 ], [ -89.975014, 35.05269 ], [ -89.974687, 35.052713 ], [ -89.974442, 35.05273 ], [ -89.974229, 35.052749 ], [ -89.972907, 35.052867 ], [ -89.972617, 35.052881 ], [ -89.97263, 35.052724 ], [ -89.972633, 35.052684 ], [ -89.97268, 35.052093 ], [ -89.972696, 35.051897 ], [ -89.972675, 35.051637 ], [ -89.972615, 35.050857 ], [ -89.972596, 35.050598 ], [ -89.972596, 35.050436 ], [ -89.972596, 35.049957 ], [ -89.972596, 35.049797 ], [ -89.972596, 35.048837 ], [ -89.972596, 35.047097 ], [ -89.972596, 35.045958 ], [ -89.972596, 35.044998 ], [ -89.971905, 35.045003 ], [ -89.969905, 35.045018 ], [ -89.969832, 35.045018 ], [ -89.969142, 35.045023 ], [ -89.969141, 35.044984 ], [ -89.96913, 35.044936 ], [ -89.969095, 35.044899 ], [ -89.969054, 35.044885 ], [ -89.968678, 35.044884 ], [ -89.968194, 35.044884 ], [ -89.967697, 35.044873 ], [ -89.967001, 35.044873 ], [ -89.966772, 35.044874 ], [ -89.966459, 35.044875 ], [ -89.966442, 35.044875 ], [ -89.96623, 35.044877 ], [ -89.965593, 35.04488 ], [ -89.965382, 35.044882 ], [ -89.965143, 35.044882 ], [ -89.964752, 35.044883 ], [ -89.964429, 35.044889 ], [ -89.964192, 35.044894 ], [ -89.964149, 35.044894 ], [ -89.964019, 35.044894 ], [ -89.963977, 35.044894 ], [ -89.963786, 35.044894 ], [ -89.963651, 35.044895 ], [ -89.963216, 35.044891 ], [ -89.963027, 35.044891 ], [ -89.962825, 35.044866 ], [ -89.962721, 35.044853 ], [ -89.962232, 35.044731 ], [ -89.962035, 35.044683 ], [ -89.961341, 35.044508 ], [ -89.959262, 35.043985 ], [ -89.958569, 35.04381 ], [ -89.957829, 35.043591 ], [ -89.957345, 35.043447 ], [ -89.956371, 35.043211 ], [ -89.956071, 35.043158 ], [ -89.955861, 35.043135 ], [ -89.955569, 35.043133 ], [ -89.954798, 35.043129 ], [ -89.954779, 35.042231 ], [ -89.954772, 35.041865 ], [ -89.954777, 35.041582 ], [ -89.954803, 35.041312 ], [ -89.954866, 35.0411 ], [ -89.954975, 35.040877 ], [ -89.955223, 35.040425 ], [ -89.95523, 35.040412 ], [ -89.955437, 35.040009 ], [ -89.955563, 35.039718 ], [ -89.955599, 35.039637 ], [ -89.955717, 35.039293 ], [ -89.955751, 35.03914 ], [ -89.955743, 35.03894 ], [ -89.955722, 35.038854 ], [ -89.955665, 35.038669 ], [ -89.955578, 35.038486 ], [ -89.955502, 35.038379 ], [ -89.955463, 35.038323 ], [ -89.954833, 35.037619 ], [ -89.954781, 35.03752 ], [ -89.954737, 35.037336 ], [ -89.954721, 35.037067 ], [ -89.954717, 35.036995 ], [ -89.954725, 35.036539 ], [ -89.95473, 35.036355 ], [ -89.954707, 35.035705 ], [ -89.95467, 35.034621 ], [ -89.95469, 35.034412 ], [ -89.95475, 35.034253 ], [ -89.954822, 35.034153 ], [ -89.954892, 35.034077 ], [ -89.955194, 35.033864 ], [ -89.955565, 35.033618 ], [ -89.955902, 35.033397 ], [ -89.956035, 35.033283 ], [ -89.956118, 35.033162 ], [ -89.956157, 35.03306 ], [ -89.956192, 35.032897 ], [ -89.956201, 35.032635 ], [ -89.956236, 35.031664 ], [ -89.956258, 35.031349 ], [ -89.95628, 35.031042 ], [ -89.956289, 35.030923 ], [ -89.956309, 35.03065 ], [ -89.956343, 35.030223 ], [ -89.956331, 35.030076 ], [ -89.956277, 35.029888 ], [ -89.956254, 35.029846 ], [ -89.956188, 35.029725 ], [ -89.956103, 35.029621 ], [ -89.955976, 35.029481 ], [ -89.955796, 35.029308 ], [ -89.954878, 35.028421 ], [ -89.954856, 35.028389 ], [ -89.954802, 35.028309 ], [ -89.954749, 35.028178 ], [ -89.954735, 35.028051 ], [ -89.954735, 35.027978 ], [ -89.953965, 35.027983 ], [ -89.95348, 35.027988 ], [ -89.951655, 35.027983 ], [ -89.950885, 35.02798 ], [ -89.950703, 35.02798 ], [ -89.950157, 35.027978 ], [ -89.949976, 35.027978 ], [ -89.949796, 35.027977 ], [ -89.949258, 35.027974 ], [ -89.949079, 35.027974 ], [ -89.948891, 35.027972 ], [ -89.948549, 35.027972 ], [ -89.948327, 35.027972 ], [ -89.94814, 35.027972 ], [ -89.947779, 35.027971 ], [ -89.947087, 35.027971 ], [ -89.94686, 35.027969 ], [ -89.946696, 35.027969 ], [ -89.946336, 35.027969 ], [ -89.946139, 35.027981 ], [ -89.945861, 35.028 ], [ -89.945549, 35.027995 ], [ -89.945352, 35.027994 ], [ -89.94502, 35.027989 ], [ -89.944046, 35.027978 ], [ -89.944027, 35.027978 ], [ -89.943696, 35.02798 ], [ -89.943693, 35.028225 ], [ -89.943693, 35.028264 ], [ -89.943694, 35.028959 ], [ -89.943695, 35.029205 ], [ -89.943687, 35.029531 ], [ -89.943685, 35.029658 ], [ -89.94365, 35.030368 ], [ -89.943646, 35.030508 ], [ -89.943639, 35.030835 ], [ -89.943646, 35.031081 ], [ -89.943657, 35.03145 ], [ -89.943655, 35.031824 ], [ -89.943654, 35.032072 ], [ -89.943636, 35.033044 ], [ -89.943634, 35.033192 ], [ -89.943604, 35.035961 ], [ -89.943601, 35.036293 ], [ -89.943579, 35.0368 ], [ -89.943578, 35.036887 ], [ -89.943578, 35.036935 ], [ -89.942595, 35.036922 ], [ -89.941734, 35.036913 ], [ -89.941318, 35.03691 ], [ -89.9405, 35.036879 ], [ -89.939648, 35.036868 ], [ -89.938666, 35.036859 ], [ -89.938368, 35.036854 ], [ -89.937499, 35.036843 ], [ -89.937474, 35.036842 ], [ -89.937176, 35.036842 ], [ -89.93705, 35.036843 ], [ -89.936865, 35.036845 ], [ -89.936675, 35.036848 ], [ -89.93655, 35.036849 ], [ -89.936548, 35.0368 ], [ -89.936547, 35.03677 ], [ -89.936546, 35.036735 ], [ -89.936151, 35.036731 ], [ -89.935573, 35.036727 ], [ -89.934093, 35.03676 ], [ -89.934096, 35.036825 ], [ -89.934095, 35.036888 ], [ -89.933518, 35.036902 ], [ -89.932395, 35.036932 ], [ -89.93179, 35.036943 ], [ -89.931214, 35.036956 ], [ -89.931213, 35.036897 ], [ -89.931212, 35.036825 ], [ -89.928663, 35.036881 ], [ -89.927632, 35.036899 ], [ -89.925953, 35.036935 ], [ -89.925816, 35.036938 ], [ -89.925116, 35.036955 ], [ -89.924339, 35.036971 ], [ -89.923035, 35.037002 ], [ -89.923034, 35.037073 ], [ -89.923034, 35.037152 ], [ -89.922863, 35.037154 ], [ -89.922349, 35.037164 ], [ -89.922179, 35.037168 ], [ -89.921867, 35.037177 ], [ -89.920987, 35.0372 ], [ -89.920942, 35.037202 ], [ -89.920931, 35.037202 ], [ -89.920728, 35.037208 ], [ -89.920643, 35.037209 ], [ -89.92062, 35.037211 ], [ -89.920558, 35.037212 ], [ -89.920371, 35.03722 ], [ -89.92031, 35.037223 ], [ -89.920194, 35.037228 ], [ -89.92018, 35.037229 ], [ -89.919868, 35.037262 ], [ -89.919848, 35.037264 ], [ -89.919734, 35.037284 ], [ -89.919493, 35.037329 ], [ -89.919403, 35.037346 ], [ -89.919151, 35.037408 ], [ -89.91892, 35.037487 ], [ -89.918791, 35.037544 ], [ -89.918568, 35.037644 ], [ -89.918474, 35.037692 ], [ -89.918256, 35.037808 ], [ -89.918197, 35.037842 ], [ -89.918108, 35.037897 ], [ -89.917935, 35.038003 ], [ -89.917906, 35.038021 ], [ -89.917348, 35.038387 ], [ -89.917311, 35.03841 ], [ -89.9173, 35.038418 ], [ -89.91718, 35.038497 ], [ -89.917114, 35.03854 ], [ -89.916497, 35.038944 ], [ -89.916252, 35.039105 ], [ -89.915951, 35.039302 ], [ -89.915746, 35.039435 ], [ -89.915517, 35.039584 ], [ -89.915407, 35.039657 ], [ -89.915273, 35.039745 ], [ -89.915167, 35.039814 ], [ -89.914849, 35.040022 ], [ -89.914774, 35.040073 ], [ -89.914744, 35.040093 ], [ -89.91462, 35.040174 ], [ -89.914251, 35.040416 ], [ -89.914128, 35.040498 ], [ -89.914472, 35.040059 ], [ -89.914505, 35.040019 ], [ -89.914336, 35.04013 ], [ -89.914191, 35.040222 ], [ -89.913783, 35.040484 ], [ -89.913372, 35.040717 ], [ -89.913224, 35.040785 ], [ -89.913175, 35.04081 ], [ -89.913029, 35.040881 ], [ -89.912884, 35.04094 ], [ -89.912921, 35.040982 ], [ -89.913034, 35.041111 ], [ -89.913072, 35.041154 ], [ -89.913204, 35.041281 ], [ -89.913264, 35.041336 ], [ -89.913275, 35.041346 ], [ -89.913301, 35.041371 ], [ -89.913542, 35.041604 ], [ -89.913819, 35.041833 ], [ -89.914011, 35.04199 ], [ -89.914576, 35.042435 ], [ -89.916271, 35.043773 ], [ -89.916836, 35.044219 ], [ -89.91687, 35.044247 ], [ -89.917137, 35.04446 ], [ -89.917223, 35.044529 ], [ -89.917435, 35.044711 ], [ -89.918035, 35.045189 ], [ -89.918156, 35.045286 ], [ -89.918338, 35.045428 ], [ -89.918946, 35.045892 ], [ -89.91946, 35.046295 ], [ -89.919668, 35.046456 ], [ -89.919814, 35.046571 ], [ -89.919974, 35.046695 ], [ -89.920469, 35.047433 ], [ -89.921101, 35.047629 ], [ -89.921366, 35.04792 ], [ -89.921687, 35.048226 ], [ -89.922241, 35.048693 ], [ -89.922383, 35.048803 ], [ -89.922732, 35.049075 ], [ -89.922811, 35.049135 ], [ -89.922954, 35.049248 ], [ -89.92325, 35.049479 ], [ -89.923344, 35.049554 ], [ -89.924289, 35.050294 ], [ -89.924515, 35.050472 ], [ -89.924906, 35.050779 ], [ -89.925135, 35.05096 ], [ -89.925402, 35.051171 ], [ -89.925824, 35.051503 ], [ -89.925857, 35.05153 ], [ -89.925291, 35.05152 ], [ -89.92525, 35.05152 ], [ -89.924684, 35.051513 ], [ -89.92347, 35.051502 ], [ -89.922173, 35.051474 ], [ -89.922092, 35.051537 ], [ -89.921966, 35.051535 ], [ -89.921962, 35.051629 ], [ -89.921959, 35.051682 ], [ -89.921942, 35.052126 ], [ -89.921937, 35.052274 ], [ -89.921925, 35.052665 ], [ -89.921924, 35.05268 ], [ -89.921913, 35.052951 ], [ -89.921897, 35.053387 ], [ -89.921876, 35.053894 ], [ -89.92186, 35.0543 ], [ -89.921851, 35.054499 ], [ -89.921849, 35.054533 ], [ -89.921838, 35.054879 ], [ -89.921851, 35.055204 ], [ -89.921856, 35.055232 ], [ -89.921903, 35.055461 ], [ -89.921916, 35.055502 ], [ -89.921933, 35.055557 ], [ -89.921962, 35.055625 ], [ -89.92198, 35.055667 ], [ -89.922003, 35.055719 ], [ -89.922072, 35.055878 ], [ -89.922096, 35.055932 ], [ -89.922155, 35.056071 ], [ -89.922208, 35.056193 ], [ -89.922275, 35.056438 ], [ -89.922284, 35.056503 ], [ -89.922307, 35.056653 ], [ -89.92231, 35.056672 ], [ -89.922314, 35.056725 ], [ -89.922313, 35.056759 ], [ -89.922305, 35.057081 ], [ -89.922303, 35.057189 ], [ -89.9223, 35.057261 ], [ -89.922294, 35.057482 ], [ -89.922293, 35.057555 ], [ -89.922287, 35.057758 ], [ -89.922282, 35.05792 ], [ -89.922249, 35.059016 ], [ -89.922238, 35.059382 ], [ -89.922219, 35.059781 ], [ -89.922164, 35.060986 ], [ -89.922146, 35.061386 ], [ -89.922136, 35.061552 ], [ -89.922115, 35.061906 ], [ -89.922084, 35.062048 ], [ -89.922019, 35.062199 ], [ -89.922002, 35.062233 ], [ -89.921939, 35.06232 ], [ -89.921684, 35.062674 ], [ -89.9216, 35.062793 ], [ -89.921565, 35.062863 ], [ -89.92152, 35.062994 ], [ -89.921491, 35.063167 ], [ -89.921469, 35.06395 ], [ -89.921455, 35.064311 ], [ -89.921442, 35.064696 ], [ -89.921879, 35.064709 ], [ -89.922223, 35.06471 ], [ -89.922234, 35.06471 ], [ -89.924567, 35.064747 ], [ -89.925349, 35.06476 ], [ -89.925808, 35.064766 ], [ -89.927185, 35.064786 ], [ -89.927645, 35.064794 ], [ -89.928002, 35.064797 ], [ -89.929074, 35.064811 ], [ -89.929432, 35.064816 ], [ -89.929955, 35.064836 ], [ -89.930199, 35.064845 ], [ -89.931079, 35.064864 ], [ -89.931527, 35.064878 ], [ -89.93172, 35.064884 ], [ -89.932052, 35.064878 ], [ -89.932108, 35.064879 ], [ -89.932279, 35.064881 ], [ -89.932336, 35.064884 ], [ -89.932324, 35.0651 ], [ -89.932309, 35.065365 ], [ -89.932254, 35.066382 ], [ -89.93222, 35.066809 ], [ -89.932182, 35.06729 ], [ -89.932176, 35.067403 ], [ -89.932169, 35.067566 ], [ -89.932194, 35.067601 ], [ -89.932229, 35.067646 ], [ -89.932227, 35.067688 ], [ -89.932224, 35.067724 ], [ -89.932215, 35.067839 ], [ -89.932209, 35.067937 ], [ -89.932193, 35.06823 ], [ -89.932188, 35.068327 ], [ -89.932178, 35.068492 ], [ -89.932152, 35.068989 ], [ -89.932144, 35.069154 ], [ -89.932132, 35.06933 ], [ -89.9321, 35.069858 ], [ -89.93209, 35.070035 ], [ -89.932087, 35.070079 ], [ -89.932081, 35.070211 ], [ -89.932079, 35.070254 ], [ -89.932063, 35.070553 ], [ -89.932037, 35.071048 ], [ -89.932, 35.071452 ], [ -89.931974, 35.071752 ], [ -89.931956, 35.071943 ], [ -89.931905, 35.072522 ], [ -89.931889, 35.072714 ], [ -89.931852, 35.073088 ], [ -89.931828, 35.073336 ], [ -89.931826, 35.073357 ], [ -89.9318, 35.073617 ], [ -89.931744, 35.074213 ], [ -89.931709, 35.074587 ], [ -89.931672, 35.074952 ], [ -89.931565, 35.076051 ], [ -89.931529, 35.076417 ], [ -89.931522, 35.076496 ], [ -89.931515, 35.076581 ], [ -89.931477, 35.077079 ], [ -89.931475, 35.077116 ], [ -89.931469, 35.077174 ], [ -89.931461, 35.077245 ], [ -89.931454, 35.077316 ], [ -89.931441, 35.077441 ], [ -89.931436, 35.077484 ], [ -89.931408, 35.077776 ], [ -89.931402, 35.077844 ], [ -89.931381, 35.078199 ], [ -89.931368, 35.078438 ], [ -89.931367, 35.078454 ], [ -89.931366, 35.078499 ], [ -89.931366, 35.078516 ], [ -89.931362, 35.078615 ], [ -89.931354, 35.078913 ], [ -89.931352, 35.079014 ], [ -89.931346, 35.079197 ], [ -89.931331, 35.079726 ], [ -89.931331, 35.079752 ], [ -89.931328, 35.079871 ], [ -89.931278, 35.079867 ], [ -89.931131, 35.07985 ], [ -89.931083, 35.079846 ], [ -89.930289, 35.079721 ], [ -89.930176, 35.079705 ], [ -89.92803, 35.07942 ], [ -89.927518, 35.079353 ], [ -89.927445, 35.079344 ], [ -89.926535, 35.079224 ], [ -89.926506, 35.079218 ], [ -89.926419, 35.079206 ], [ -89.92639, 35.079203 ], [ -89.925762, 35.079111 ], [ -89.923879, 35.078839 ], [ -89.923252, 35.078748 ], [ -89.922757, 35.078677 ], [ -89.921274, 35.078461 ], [ -89.92078, 35.07839 ], [ -89.920777, 35.078562 ], [ -89.920776, 35.078574 ], [ -89.920773, 35.078822 ], [ -89.920768, 35.079128 ], [ -89.920766, 35.079314 ], [ -89.920676, 35.079267 ], [ -89.920589, 35.079246 ], [ -89.920557, 35.079242 ], [ -89.919986, 35.07917 ], [ -89.919894, 35.079155 ], [ -89.919818, 35.079142 ], [ -89.919713, 35.079145 ], [ -89.919675, 35.079158 ], [ -89.919648, 35.079169 ], [ -89.919597, 35.079215 ], [ -89.919547, 35.079311 ], [ -89.919534, 35.079603 ], [ -89.919521, 35.079926 ], [ -89.919498, 35.0811 ], [ -89.919489, 35.081599 ], [ -89.919207, 35.08159 ], [ -89.918363, 35.081564 ], [ -89.918082, 35.081556 ], [ -89.918077, 35.081755 ], [ -89.918066, 35.082356 ], [ -89.918063, 35.082558 ], [ -89.918051, 35.083062 ], [ -89.918019, 35.084561 ], [ -89.918018, 35.084577 ], [ -89.918002, 35.085083 ], [ -89.917773, 35.085078 ], [ -89.917325, 35.085065 ], [ -89.917205, 35.085063 ], [ -89.917089, 35.085059 ], [ -89.916861, 35.085054 ], [ -89.916856, 35.085212 ], [ -89.916845, 35.085693 ], [ -89.916842, 35.085853 ], [ -89.916835, 35.086073 ], [ -89.916816, 35.086733 ], [ -89.91681, 35.086953 ], [ -89.916806, 35.087139 ], [ -89.916795, 35.087699 ], [ -89.916792, 35.087886 ], [ -89.91679, 35.087927 ], [ -89.916787, 35.088051 ], [ -89.916786, 35.088093 ], [ -89.916781, 35.088238 ], [ -89.916768, 35.088679 ], [ -89.916765, 35.088791 ], [ -89.916764, 35.088826 ], [ -89.916763, 35.088873 ], [ -89.916755, 35.089151 ], [ -89.916744, 35.08954 ], [ -89.916728, 35.090126 ], [ -89.916719, 35.090452 ], [ -89.916709, 35.090847 ], [ -89.916683, 35.092033 ], [ -89.916674, 35.092428 ], [ -89.916668, 35.092636 ], [ -89.916653, 35.093256 ], [ -89.916648, 35.093464 ], [ -89.916644, 35.093564 ], [ -89.916639, 35.093742 ], [ -89.916629, 35.093798 ], [ -89.916609, 35.093858 ], [ -89.916579, 35.093953 ], [ -89.916541, 35.094032 ], [ -89.916453, 35.094144 ], [ -89.916411, 35.094183 ], [ -89.91626, 35.094328 ], [ -89.91614, 35.094487 ], [ -89.916089, 35.094613 ], [ -89.916066, 35.094778 ], [ -89.916061, 35.094927 ], [ -89.916053, 35.095216 ], [ -89.916255, 35.095309 ], [ -89.916862, 35.095593 ], [ -89.917065, 35.095689 ], [ -89.917186, 35.095744 ], [ -89.917281, 35.095793 ], [ -89.91739, 35.09585 ], [ -89.917632, 35.096005 ], [ -89.917837, 35.096187 ], [ -89.917863, 35.096219 ], [ -89.918017, 35.096405 ], [ -89.918088, 35.096515 ], [ -89.918178, 35.096702 ], [ -89.918182, 35.096714 ], [ -89.918312, 35.097123 ], [ -89.918397, 35.097367 ], [ -89.918511, 35.097577 ], [ -89.918592, 35.097677 ], [ -89.918635, 35.097731 ], [ -89.918847, 35.097919 ], [ -89.91907, 35.09806 ], [ -89.91928, 35.098152 ], [ -89.919306, 35.098164 ], [ -89.919592, 35.09824 ], [ -89.919815, 35.098268 ], [ -89.920746, 35.098284 ], [ -89.920771, 35.098286 ], [ -89.921107, 35.098321 ], [ -89.921235, 35.098349 ], [ -89.9214, 35.098394 ], [ -89.921459, 35.098416 ], [ -89.921587, 35.098466 ], [ -89.922097, 35.098707 ], [ -89.922163, 35.09874 ], [ -89.922317, 35.098788 ], [ -89.922477, 35.09883 ], [ -89.922525, 35.098836 ], [ -89.922744, 35.098866 ], [ -89.923165, 35.098875 ], [ -89.92338, 35.098881 ], [ -89.923376, 35.099143 ], [ -89.923373, 35.099398 ], [ -89.923387, 35.09993 ], [ -89.923394, 35.100192 ], [ -89.923412, 35.100471 ], [ -89.923412, 35.10059 ], [ -89.923416, 35.10179 ], [ -89.923418, 35.102116 ], [ -89.923393, 35.102187 ], [ -89.923336, 35.102241 ], [ -89.923243, 35.102278 ], [ -89.92303, 35.10228 ], [ -89.922394, 35.10225 ], [ -89.922205, 35.102193 ], [ -89.922065, 35.102123 ], [ -89.921912, 35.102016 ], [ -89.921592, 35.10179 ], [ -89.921376, 35.102041 ], [ -89.921336, 35.102087 ], [ -89.921147, 35.102273 ], [ -89.920649, 35.10268 ], [ -89.920631, 35.102689 ], [ -89.92052, 35.102748 ], [ -89.920325, 35.102809 ], [ -89.920327, 35.102916 ], [ -89.920312, 35.103137 ], [ -89.920298, 35.10337 ], [ -89.920282, 35.103713 ], [ -89.920243, 35.104125 ], [ -89.920213, 35.104454 ], [ -89.920179, 35.104819 ], [ -89.920152, 35.10501 ], [ -89.920106, 35.105357 ], [ -89.920071, 35.105736 ], [ -89.920057, 35.106221 ], [ -89.920073, 35.106384 ], [ -89.920114, 35.106614 ], [ -89.920126, 35.106683 ], [ -89.920159, 35.106862 ], [ -89.92016, 35.107045 ], [ -89.920161, 35.107159 ], [ -89.920158, 35.107242 ], [ -89.920421, 35.107248 ], [ -89.920887, 35.107262 ], [ -89.921213, 35.10727 ], [ -89.921477, 35.107278 ], [ -89.921686, 35.107284 ], [ -89.922313, 35.107302 ], [ -89.922523, 35.107307 ], [ -89.92273, 35.107312 ], [ -89.923351, 35.107329 ], [ -89.923558, 35.107334 ], [ -89.923638, 35.107336 ], [ -89.923877, 35.107343 ], [ -89.923958, 35.107346 ], [ -89.924128, 35.10735 ], [ -89.924312, 35.107357 ], [ -89.924411, 35.10736 ], [ -89.925779, 35.10739 ], [ -89.926231, 35.107399 ], [ -89.926235, 35.1074 ], [ -89.926366, 35.107402 ], [ -89.926517, 35.107405 ], [ -89.927365, 35.107426 ], [ -89.927648, 35.107433 ], [ -89.927903, 35.107439 ], [ -89.92867, 35.107458 ], [ -89.928926, 35.107465 ], [ -89.929183, 35.10747 ], [ -89.929955, 35.107488 ], [ -89.930213, 35.107495 ], [ -89.930305, 35.107496 ], [ -89.930341, 35.107497 ], [ -89.930581, 35.107503 ], [ -89.930674, 35.107506 ], [ -89.930883, 35.10751 ], [ -89.931511, 35.107524 ], [ -89.931721, 35.107529 ], [ -89.932244, 35.107541 ], [ -89.933814, 35.107578 ], [ -89.934338, 35.107591 ], [ -89.934472, 35.107594 ], [ -89.934875, 35.107605 ], [ -89.934966, 35.107608 ], [ -89.93501, 35.107608 ], [ -89.935066, 35.107609 ], [ -89.935234, 35.107613 ], [ -89.93529, 35.107615 ], [ -89.935378, 35.107616 ], [ -89.935642, 35.107621 ], [ -89.93573, 35.107623 ], [ -89.938549, 35.107692 ], [ -89.938893, 35.107698 ], [ -89.940529, 35.107747 ], [ -89.940735, 35.107752 ], [ -89.941356, 35.107771 ], [ -89.941563, 35.107777 ], [ -89.941741, 35.107782 ], [ -89.942275, 35.107796 ], [ -89.942453, 35.107802 ], [ -89.943172, 35.107822 ], [ -89.94533, 35.107883 ], [ -89.945541, 35.10789 ], [ -89.945979, 35.107889 ], [ -89.94605, 35.107889 ], [ -89.946147, 35.107889 ], [ -89.946619, 35.107881 ], [ -89.948329, 35.107853 ], [ -89.948899, 35.107844 ], [ -89.94938, 35.107833 ], [ -89.950826, 35.107805 ], [ -89.951309, 35.107796 ], [ -89.951542, 35.107791 ], [ -89.952245, 35.107775 ], [ -89.952479, 35.107771 ], [ -89.952782, 35.107765 ], [ -89.953695, 35.107748 ], [ -89.953999, 35.107743 ], [ -89.954001, 35.107811 ], [ -89.954004, 35.107934 ], [ -89.954006, 35.108015 ], [ -89.953989, 35.108511 ], [ -89.953983, 35.108703 ], [ -89.953974, 35.108899 ], [ -89.953947, 35.109495 ], [ -89.953939, 35.109693 ], [ -89.953895, 35.110688 ], [ -89.95386, 35.111669 ], [ -89.953795, 35.111666 ], [ -89.953728, 35.113215 ], [ -89.954853, 35.113236 ] ] ] } },
{ "type": "Feature", "properties": { "ShelbyCoun": "6" }, "geometry": { "type": "Polygon", "coordinates": [ [ [ -89.865544, 35.27572 ], [ -89.866102, 35.275914 ], [ -89.866304, 35.275984 ], [ -89.866812, 35.276159 ], [ -89.866851, 35.27616 ], [ -89.867338, 35.276156 ], [ -89.868185, 35.276045 ], [ -89.868713, 35.27572 ], [ -89.868807, 35.275661 ], [ -89.86932, 35.275323 ], [ -89.87004, 35.27498 ], [ -89.870164, 35.274946 ], [ -89.870248, 35.274929 ], [ -89.87039, 35.27489 ], [ -89.870414, 35.274884 ], [ -89.871019, 35.274791 ], [ -89.871238, 35.274773 ], [ -89.871501, 35.274764 ], [ -89.871589, 35.274764 ], [ -89.87194, 35.274752 ], [ -89.872333, 35.274747 ], [ -89.872421, 35.274743 ], [ -89.872465, 35.274747 ], [ -89.872552, 35.274743 ], [ -89.872945, 35.274746 ], [ -89.873162, 35.274769 ], [ -89.873769, 35.274876 ], [ -89.873813, 35.274876 ], [ -89.873944, 35.274884 ], [ -89.874207, 35.27488 ], [ -89.874379, 35.274853 ], [ -89.875089, 35.274792 ], [ -89.875396, 35.274817 ], [ -89.875484, 35.274817 ], [ -89.875572, 35.274825 ], [ -89.875921, 35.274865 ], [ -89.876141, 35.27488 ], [ -89.876494, 35.274881 ], [ -89.876671, 35.274876 ], [ -89.877111, 35.274856 ], [ -89.877155, 35.274859 ], [ -89.877288, 35.274856 ], [ -89.878078, 35.274817 ], [ -89.878251, 35.274788 ], [ -89.878339, 35.27478 ], [ -89.87847, 35.274774 ], [ -89.878602, 35.274787 ], [ -89.878862, 35.274822 ], [ -89.878948, 35.274838 ], [ -89.879079, 35.274853 ], [ -89.879429, 35.274882 ], [ -89.879517, 35.274887 ], [ -89.879691, 35.274902 ], [ -89.879999, 35.274912 ], [ -89.88013, 35.274924 ], [ -89.880173, 35.274931 ], [ -89.880348, 35.274949 ], [ -89.880481, 35.274952 ], [ -89.880569, 35.27495 ], [ -89.880613, 35.274944 ], [ -89.880701, 35.274941 ], [ -89.880921, 35.274924 ], [ -89.881157, 35.274914 ], [ -89.881245, 35.274915 ], [ -89.881597, 35.274901 ], [ -89.881816, 35.274898 ], [ -89.882123, 35.274905 ], [ -89.882143, 35.274904 ], [ -89.882211, 35.274902 ], [ -89.882518, 35.274921 ], [ -89.883001, 35.274918 ], [ -89.883308, 35.27494 ], [ -89.883352, 35.274938 ], [ -89.883526, 35.274941 ], [ -89.883613, 35.274949 ], [ -89.883657, 35.274955 ], [ -89.883788, 35.274966 ], [ -89.883963, 35.274958 ], [ -89.884271, 35.274938 ], [ -89.884403, 35.274936 ], [ -89.884755, 35.274971 ], [ -89.884971, 35.274975 ], [ -89.885107, 35.27498 ], [ -89.885282, 35.274995 ], [ -89.885722, 35.27498 ], [ -89.885854, 35.274985 ], [ -89.886087, 35.274986 ], [ -89.886296, 35.274986 ], [ -89.886421, 35.274963 ], [ -89.886465, 35.274964 ], [ -89.88655, 35.274984 ], [ -89.886725, 35.275003 ], [ -89.886917, 35.275009 ], [ -89.887127, 35.275017 ], [ -89.887165, 35.275019 ], [ -89.887194, 35.275016 ], [ -89.887357, 35.275011 ], [ -89.887384, 35.275011 ], [ -89.887396, 35.275009 ], [ -89.887464, 35.275003 ], [ -89.887693, 35.274983 ], [ -89.887913, 35.274974 ], [ -89.888001, 35.274977 ], [ -89.888177, 35.274973 ], [ -89.888289, 35.274977 ], [ -89.88853, 35.274988 ], [ -89.88875, 35.27499 ], [ -89.889279, 35.275023 ], [ -89.889455, 35.27503 ], [ -89.889764, 35.275025 ], [ -89.889852, 35.275028 ], [ -89.890247, 35.275033 ], [ -89.890766, 35.275053 ], [ -89.890915, 35.275059 ], [ -89.891178, 35.275067 ], [ -89.891488, 35.275056 ], [ -89.891592, 35.275057 ], [ -89.892079, 35.275057 ], [ -89.8923, 35.275045 ], [ -89.892609, 35.27505 ], [ -89.892695, 35.27506 ], [ -89.892956, 35.275082 ], [ -89.893351, 35.275101 ], [ -89.893438, 35.275109 ], [ -89.893704, 35.27511 ], [ -89.894007, 35.275073 ], [ -89.894348, 35.274998 ], [ -89.894688, 35.274918 ], [ -89.894953, 35.274916 ], [ -89.895039, 35.274933 ], [ -89.895378, 35.275017 ], [ -89.895627, 35.275089 ], [ -89.895713, 35.275099 ], [ -89.896014, 35.275154 ], [ -89.896101, 35.275164 ], [ -89.896277, 35.275168 ], [ -89.896408, 35.275154 ], [ -89.896623, 35.275105 ], [ -89.896666, 35.275097 ], [ -89.896902, 35.274999 ], [ -89.897009, 35.274936 ], [ -89.897611, 35.274929 ], [ -89.89853, 35.274823 ], [ -89.89929, 35.274454 ], [ -89.899554, 35.274307 ], [ -89.899687, 35.274217 ], [ -89.899785, 35.274171 ], [ -89.900272, 35.273885 ], [ -89.900808, 35.273421 ], [ -89.900941, 35.273393 ], [ -89.901064, 35.273367 ], [ -89.901147, 35.273342 ], [ -89.901227, 35.273314 ], [ -89.901393, 35.273263 ], [ -89.901555, 35.273208 ], [ -89.901639, 35.273185 ], [ -89.901724, 35.273168 ], [ -89.901778, 35.273152 ], [ -89.9021, 35.27306 ], [ -89.902181, 35.273032 ], [ -89.902298, 35.273004 ], [ -89.902392, 35.27298 ], [ -89.902517, 35.272945 ], [ -89.902588, 35.272903 ], [ -89.902748, 35.272842 ], [ -89.902785, 35.272824 ], [ -89.90285, 35.272776 ], [ -89.902922, 35.272734 ], [ -89.903038, 35.272682 ], [ -89.903264, 35.272571 ], [ -89.903344, 35.272541 ], [ -89.903469, 35.272506 ], [ -89.903633, 35.272455 ], [ -89.903713, 35.272423 ], [ -89.903756, 35.272416 ], [ -89.90384, 35.272396 ], [ -89.903922, 35.272368 ], [ -89.904006, 35.272347 ], [ -89.904127, 35.272306 ], [ -89.904166, 35.272289 ], [ -89.904251, 35.272268 ], [ -89.904291, 35.272253 ], [ -89.904326, 35.272231 ], [ -89.904487, 35.272172 ], [ -89.904564, 35.272137 ], [ -89.904647, 35.272115 ], [ -89.904723, 35.272078 ], [ -89.904804, 35.272047 ], [ -89.904887, 35.272022 ], [ -89.904962, 35.271985 ], [ -89.905004, 35.271977 ], [ -89.905244, 35.271884 ], [ -89.905328, 35.271862 ], [ -89.905406, 35.271829 ], [ -89.905443, 35.271809 ], [ -89.905521, 35.271777 ], [ -89.905647, 35.271747 ], [ -89.905688, 35.271732 ], [ -89.905843, 35.271668 ], [ -89.905928, 35.271648 ], [ -89.906003, 35.271611 ], [ -89.906085, 35.271583 ], [ -89.906159, 35.271543 ], [ -89.90632, 35.271487 ], [ -89.906434, 35.271431 ], [ -89.906469, 35.271409 ], [ -89.906632, 35.271355 ], [ -89.906671, 35.271336 ], [ -89.906871, 35.27126 ], [ -89.906909, 35.271242 ], [ -89.907052, 35.271158 ], [ -89.907176, 35.27112 ], [ -89.907416, 35.271032 ], [ -89.907458, 35.271021 ], [ -89.907587, 35.270995 ], [ -89.907668, 35.270967 ], [ -89.907903, 35.270868 ], [ -89.907976, 35.270828 ], [ -89.908019, 35.270818 ], [ -89.908058, 35.270801 ], [ -89.908124, 35.270754 ], [ -89.908199, 35.270716 ], [ -89.908277, 35.270683 ], [ -89.908531, 35.270622 ], [ -89.908613, 35.270595 ], [ -89.908688, 35.270557 ], [ -89.908769, 35.270528 ], [ -89.908843, 35.270489 ], [ -89.908884, 35.270475 ], [ -89.908927, 35.270466 ], [ -89.909042, 35.270415 ], [ -89.909213, 35.27037 ], [ -89.909332, 35.270328 ], [ -89.909457, 35.270291 ], [ -89.909658, 35.270221 ], [ -89.909868, 35.270166 ], [ -89.909908, 35.270151 ], [ -89.910036, 35.270123 ], [ -89.910117, 35.270095 ], [ -89.910323, 35.27003 ], [ -89.91048, 35.269966 ], [ -89.910648, 35.269921 ], [ -89.910726, 35.269886 ], [ -89.910811, 35.269866 ], [ -89.911102, 35.269783 ], [ -89.911299, 35.269706 ], [ -89.911341, 35.269694 ], [ -89.911418, 35.269658 ], [ -89.911617, 35.269582 ], [ -89.911695, 35.269548 ], [ -89.911777, 35.269521 ], [ -89.912077, 35.269371 ], [ -89.912202, 35.269298 ], [ -89.912235, 35.269275 ], [ -89.912312, 35.26924 ], [ -89.912346, 35.269216 ], [ -89.9125, 35.269148 ], [ -89.912585, 35.269126 ], [ -89.912624, 35.269112 ], [ -89.912914, 35.269027 ], [ -89.913126, 35.268978 ], [ -89.913371, 35.268901 ], [ -89.913408, 35.268881 ], [ -89.913448, 35.268865 ], [ -89.913492, 35.268859 ], [ -89.913614, 35.268817 ], [ -89.914008, 35.26866 ], [ -89.914132, 35.268622 ], [ -89.914321, 35.268529 ], [ -89.914479, 35.268466 ], [ -89.914686, 35.268403 ], [ -89.914807, 35.268359 ], [ -89.914972, 35.268307 ], [ -89.915052, 35.268276 ], [ -89.915089, 35.268257 ], [ -89.915131, 35.268245 ], [ -89.915259, 35.268217 ], [ -89.915343, 35.268195 ], [ -89.915382, 35.268178 ], [ -89.915443, 35.268143 ], [ -89.915531, 35.268135 ], [ -89.915659, 35.268105 ], [ -89.91582, 35.268048 ], [ -89.915904, 35.268024 ], [ -89.915983, 35.267992 ], [ -89.916065, 35.267966 ], [ -89.916109, 35.267958 ], [ -89.916148, 35.267942 ], [ -89.916214, 35.267894 ], [ -89.91625, 35.267876 ], [ -89.916329, 35.267842 ], [ -89.916397, 35.267796 ], [ -89.916637, 35.267706 ], [ -89.91672, 35.267682 ], [ -89.91679, 35.267638 ], [ -89.917028, 35.267545 ], [ -89.917153, 35.267508 ], [ -89.917268, 35.267455 ], [ -89.917389, 35.267418 ], [ -89.917516, 35.267379 ], [ -89.91763, 35.267324 ], [ -89.917711, 35.267298 ], [ -89.917829, 35.267247 ], [ -89.917914, 35.267227 ], [ -89.917993, 35.267196 ], [ -89.918029, 35.267176 ], [ -89.918068, 35.267159 ], [ -89.918151, 35.267135 ], [ -89.918309, 35.267072 ], [ -89.918352, 35.267063 ], [ -89.918465, 35.267007 ], [ -89.918591, 35.266976 ], [ -89.918659, 35.266929 ], [ -89.918864, 35.266862 ], [ -89.918949, 35.266844 ], [ -89.918989, 35.266827 ], [ -89.919242, 35.266766 ], [ -89.919282, 35.266751 ], [ -89.919368, 35.266737 ], [ -89.919494, 35.266703 ], [ -89.919575, 35.266674 ], [ -89.919783, 35.266613 ], [ -89.919893, 35.266554 ], [ -89.920127, 35.266455 ], [ -89.92053, 35.266311 ], [ -89.920605, 35.266272 ], [ -89.920639, 35.266251 ], [ -89.920751, 35.266194 ], [ -89.920869, 35.266146 ], [ -89.921315, 35.265988 ], [ -89.921686, 35.265874 ], [ -89.921771, 35.265856 ], [ -89.922053, 35.265752 ], [ -89.922073, 35.265744 ], [ -89.922298, 35.265668 ], [ -89.922534, 35.26557 ], [ -89.922684, 35.265496 ], [ -89.922767, 35.265471 ], [ -89.922805, 35.265453 ], [ -89.92284, 35.265431 ], [ -89.922997, 35.265367 ], [ -89.923078, 35.265338 ], [ -89.923233, 35.265271 ], [ -89.923345, 35.265215 ], [ -89.923385, 35.2652 ], [ -89.92347, 35.26518 ], [ -89.923635, 35.265131 ], [ -89.923758, 35.26509 ], [ -89.923885, 35.265062 ], [ -89.924008, 35.26502 ], [ -89.924051, 35.265012 ], [ -89.924175, 35.264975 ], [ -89.92426, 35.264955 ], [ -89.9245, 35.264864 ], [ -89.924536, 35.264843 ], [ -89.924732, 35.264761 ], [ -89.925054, 35.264643 ], [ -89.925097, 35.264635 ], [ -89.925136, 35.264618 ], [ -89.925244, 35.264556 ], [ -89.925409, 35.264508 ], [ -89.925488, 35.264475 ], [ -89.925635, 35.264423 ], [ -89.925813, 35.264362 ], [ -89.925931, 35.264314 ], [ -89.926335, 35.264172 ], [ -89.926617, 35.26397 ], [ -89.926617, 35.26397 ], [ -89.926789, 35.263907 ], [ -89.927027, 35.263818 ], [ -89.927582, 35.263619 ], [ -89.927614, 35.263607 ], [ -89.929259, 35.263009 ], [ -89.929346, 35.262977 ], [ -89.929433, 35.262946 ], [ -89.929514, 35.262919 ], [ -89.930074, 35.262915 ], [ -89.930108, 35.262912 ], [ -89.93024, 35.262904 ], [ -89.930642, 35.262914 ], [ -89.931127, 35.262881 ], [ -89.931302, 35.26286 ], [ -89.93165, 35.262808 ], [ -89.931734, 35.262785 ], [ -89.9323, 35.262701 ], [ -89.932475, 35.262679 ], [ -89.932997, 35.262602 ], [ -89.933469, 35.262506 ], [ -89.933599, 35.26249 ], [ -89.933907, 35.262466 ], [ -89.934082, 35.262446 ], [ -89.934566, 35.262409 ], [ -89.934915, 35.262359 ], [ -89.935174, 35.262313 ], [ -89.935262, 35.262302 ], [ -89.936005, 35.262186 ], [ -89.936044, 35.26218 ], [ -89.936264, 35.262159 ], [ -89.936831, 35.262079 ], [ -89.936962, 35.262065 ], [ -89.937138, 35.262052 ], [ -89.937312, 35.262027 ], [ -89.937615, 35.261975 ], [ -89.937921, 35.261942 ], [ -89.938136, 35.261902 ], [ -89.938347, 35.261848 ], [ -89.938915, 35.261772 ], [ -89.939132, 35.261737 ], [ -89.939702, 35.261671 ], [ -89.940178, 35.261595 ], [ -89.940875, 35.261497 ], [ -89.941047, 35.261465 ], [ -89.941527, 35.261402 ], [ -89.941872, 35.261345 ], [ -89.941957, 35.261328 ], [ -89.942045, 35.261318 ], [ -89.942172, 35.261287 ], [ -89.942741, 35.261221 ], [ -89.943045, 35.261173 ], [ -89.943701, 35.261091 ], [ -89.944239, 35.260993 ], [ -89.944543, 35.260945 ], [ -89.944805, 35.26091 ], [ -89.945331, 35.260855 ], [ -89.945591, 35.260814 ], [ -89.945807, 35.26079 ], [ -89.946241, 35.260724 ], [ -89.946326, 35.260707 ], [ -89.946414, 35.260698 ], [ -89.946679, 35.260686 ], [ -89.946766, 35.260673 ], [ -89.947364, 35.260549 ], [ -89.947494, 35.260528 ], [ -89.947626, 35.260511 ], [ -89.947799, 35.26049 ], [ -89.947971, 35.26046 ], [ -89.94819, 35.260432 ], [ -89.948493, 35.260384 ], [ -89.948886, 35.260334 ], [ -89.949144, 35.260283 ], [ -89.949449, 35.260242 ], [ -89.949662, 35.260195 ], [ -89.949749, 35.260179 ], [ -89.950365, 35.260118 ], [ -89.950537, 35.260085 ], [ -89.950844, 35.260056 ], [ -89.951014, 35.260016 ], [ -89.951101, 35.260002 ], [ -89.951143, 35.259991 ], [ -89.951199, 35.259964 ], [ -89.951329, 35.259988 ], [ -89.951417, 35.259988 ], [ -89.951505, 35.259979 ], [ -89.951634, 35.259957 ], [ -89.952117, 35.259909 ], [ -89.952421, 35.259873 ], [ -89.953644, 35.259711 ], [ -89.953859, 35.25967 ], [ -89.95469, 35.259571 ], [ -89.955038, 35.259515 ], [ -89.955475, 35.259463 ], [ -89.955761, 35.259423 ], [ -89.956129, 35.259372 ], [ -89.956346, 35.259335 ], [ -89.956914, 35.259268 ], [ -89.957612, 35.259166 ], [ -89.957831, 35.259145 ], [ -89.957959, 35.259116 ], [ -89.958132, 35.259087 ], [ -89.958352, 35.259073 ], [ -89.958438, 35.259063 ], [ -89.958832, 35.259023 ], [ -89.95905, 35.258993 ], [ -89.959526, 35.258941 ], [ -89.959614, 35.258931 ], [ -89.959702, 35.258928 ], [ -89.959921, 35.258911 ], [ -89.960367, 35.258859 ], [ -89.960401, 35.258855 ], [ -89.960618, 35.258824 ], [ -89.961055, 35.25877 ], [ -89.961405, 35.258737 ], [ -89.961709, 35.25869 ], [ -89.962146, 35.258645 ], [ -89.962366, 35.258613 ], [ -89.962843, 35.258545 ], [ -89.963542, 35.258457 ], [ -89.963711, 35.258429 ], [ -89.96395, 35.25839 ], [ -89.96415, 35.258358 ], [ -89.964277, 35.258329 ], [ -89.964612, 35.25824 ], [ -89.96474, 35.258212 ], [ -89.964917, 35.258204 ], [ -89.964981, 35.258156 ], [ -89.965017, 35.258133 ], [ -89.965251, 35.258031 ], [ -89.965285, 35.258008 ], [ -89.965345, 35.257956 ], [ -89.965378, 35.257932 ], [ -89.965457, 35.2579 ], [ -89.965493, 35.25788 ], [ -89.96555, 35.257824 ], [ -89.965643, 35.257748 ], [ -89.965711, 35.257657 ], [ -89.965745, 35.257633 ], [ -89.96583, 35.257551 ], [ -89.96587, 35.257487 ], [ -89.965925, 35.257433 ], [ -89.966051, 35.257286 ], [ -89.966113, 35.257236 ], [ -89.966167, 35.257178 ], [ -89.96623, 35.25713 ], [ -89.966364, 35.256988 ], [ -89.966412, 35.256929 ], [ -89.966444, 35.256905 ], [ -89.966498, 35.256848 ], [ -89.966614, 35.25674 ], [ -89.966695, 35.256656 ], [ -89.966759, 35.256606 ], [ -89.966806, 35.256546 ], [ -89.966878, 35.256504 ], [ -89.966908, 35.256477 ], [ -89.966988, 35.256393 ], [ -89.967038, 35.256333 ], [ -89.967123, 35.256253 ], [ -89.967191, 35.256207 ], [ -89.967222, 35.256181 ], [ -89.967267, 35.256121 ], [ -89.96742, 35.255992 ], [ -89.96747, 35.255933 ], [ -89.967489, 35.255902 ], [ -89.967517, 35.255873 ], [ -89.967551, 35.255852 ], [ -89.967609, 35.255797 ], [ -89.967684, 35.25571 ], [ -89.967716, 35.255676 ], [ -89.967873, 35.255514 ], [ -89.967948, 35.255425 ], [ -89.96798, 35.255401 ], [ -89.967999, 35.255368 ], [ -89.968105, 35.255254 ], [ -89.968127, 35.255223 ], [ -89.968154, 35.255195 ], [ -89.968186, 35.255171 ], [ -89.968272, 35.255091 ], [ -89.968373, 35.254974 ], [ -89.968402, 35.254948 ], [ -89.968494, 35.254826 ], [ -89.968533, 35.254762 ], [ -89.968586, 35.254706 ], [ -89.968596, 35.254689 ], [ -89.968618, 35.254653 ], [ -89.968686, 35.254562 ], [ -89.968767, 35.254478 ], [ -89.968744, 35.254372 ], [ -89.96872, 35.254267 ], [ -89.968409, 35.252883 ], [ -89.96832, 35.252402 ], [ -89.968286, 35.252069 ], [ -89.968252, 35.25159 ], [ -89.968238, 35.250884 ], [ -89.968225, 35.250141 ], [ -89.968176, 35.246694 ], [ -89.968172, 35.246544 ], [ -89.968158, 35.245928 ], [ -89.968094, 35.243258 ], [ -89.968033, 35.242798 ], [ -89.967959, 35.242438 ], [ -89.967898, 35.242159 ], [ -89.967761, 35.241738 ], [ -89.967633, 35.241389 ], [ -89.967362, 35.240783 ], [ -89.967047, 35.240145 ], [ -89.966908, 35.239863 ], [ -89.966265, 35.238557 ], [ -89.966055, 35.238121 ], [ -89.965993, 35.23799 ], [ -89.965451, 35.236869 ], [ -89.965408, 35.236781 ], [ -89.965279, 35.236514 ], [ -89.965237, 35.236427 ], [ -89.965228, 35.23641 ], [ -89.965165, 35.236288 ], [ -89.965119, 35.236199 ], [ -89.964952, 35.235874 ], [ -89.964881, 35.235735 ], [ -89.964798, 35.235552 ], [ -89.964551, 35.235004 ], [ -89.964469, 35.234822 ], [ -89.964405, 35.234693 ], [ -89.964214, 35.234306 ], [ -89.964179, 35.234237 ], [ -89.964151, 35.234179 ], [ -89.964117, 35.234117 ], [ -89.964015, 35.233934 ], [ -89.963982, 35.233874 ], [ -89.96365, 35.23314 ], [ -89.963515, 35.232862 ], [ -89.963282, 35.232383 ], [ -89.963068, 35.231749 ], [ -89.962891, 35.230971 ], [ -89.962835, 35.230505 ], [ -89.962807, 35.2301 ], [ -89.962816, 35.229637 ], [ -89.962817, 35.229605 ], [ -89.962873, 35.229056 ], [ -89.96297, 35.228537 ], [ -89.963172, 35.22772 ], [ -89.963399, 35.227024 ], [ -89.963676, 35.22618 ], [ -89.964305, 35.224258 ], [ -89.964862, 35.222541 ], [ -89.965324, 35.221121 ], [ -89.965327, 35.221111 ], [ -89.965346, 35.221053 ], [ -89.965348, 35.221047 ], [ -89.965385, 35.22105 ], [ -89.965415, 35.221051 ], [ -89.965731, 35.221069 ], [ -89.965893, 35.221075 ], [ -89.96654, 35.221103 ], [ -89.967347, 35.2211 ], [ -89.967363, 35.2211 ], [ -89.967417, 35.221097 ], [ -89.967532, 35.221092 ], [ -89.96775, 35.221085 ], [ -89.96782, 35.221083 ], [ -89.96782, 35.221083 ], [ -89.967918, 35.22112 ], [ -89.968072, 35.221117 ], [ -89.968167, 35.221115 ], [ -89.968328, 35.221112 ], [ -89.968452, 35.221117 ], [ -89.968547, 35.22112 ], [ -89.968666, 35.221126 ], [ -89.968804, 35.221138 ], [ -89.968968, 35.221154 ], [ -89.969574, 35.221235 ], [ -89.969831, 35.221269 ], [ -89.97022, 35.221319 ], [ -89.970363, 35.221325 ], [ -89.970699, 35.221339 ], [ -89.971971, 35.221297 ], [ -89.972172, 35.221291 ], [ -89.972508, 35.221281 ], [ -89.973119, 35.221261 ], [ -89.97344, 35.221251 ], [ -89.973501, 35.22125 ], [ -89.97351, 35.221249 ], [ -89.974806, 35.221188 ], [ -89.974951, 35.221179 ], [ -89.975321, 35.221156 ], [ -89.975559, 35.221115 ], [ -89.975556, 35.221047 ], [ -89.975539, 35.220538 ], [ -89.975529, 35.220195 ], [ -89.975538, 35.218812 ], [ -89.975542, 35.218236 ], [ -89.975542, 35.218188 ], [ -89.975548, 35.217329 ], [ -89.975559, 35.215822 ], [ -89.975562, 35.215366 ], [ -89.975566, 35.214809 ], [ -89.975567, 35.214611 ], [ -89.975573, 35.213963 ], [ -89.975573, 35.213706 ], [ -89.975575, 35.213318 ], [ -89.975585, 35.212153 ], [ -89.975588, 35.211766 ], [ -89.975519, 35.211694 ], [ -89.975471, 35.211644 ], [ -89.97512, 35.211279 ], [ -89.975004, 35.211157 ], [ -89.974944, 35.211206 ], [ -89.974775, 35.211357 ], [ -89.974154, 35.211912 ], [ -89.974093, 35.211962 ], [ -89.97386, 35.212156 ], [ -89.973618, 35.212323 ], [ -89.973408, 35.212433 ], [ -89.973219, 35.212509 ], [ -89.972931, 35.212595 ], [ -89.972681, 35.212643 ], [ -89.972446, 35.212665 ], [ -89.972411, 35.212669 ], [ -89.97098, 35.212661 ], [ -89.97077, 35.212663 ], [ -89.970162, 35.212646 ], [ -89.969246, 35.212642 ], [ -89.968949, 35.212633 ], [ -89.967765, 35.212626 ], [ -89.967566, 35.212624 ], [ -89.967421, 35.212624 ], [ -89.967019, 35.212606 ], [ -89.966972, 35.212604 ], [ -89.966775, 35.212595 ], [ -89.966726, 35.212589 ], [ -89.966647, 35.212581 ], [ -89.966582, 35.212574 ], [ -89.966534, 35.21257 ], [ -89.966235, 35.212534 ], [ -89.965338, 35.212432 ], [ -89.96504, 35.212398 ], [ -89.964883, 35.212392 ], [ -89.964412, 35.212381 ], [ -89.964256, 35.212376 ], [ -89.963822, 35.212362 ], [ -89.962523, 35.212318 ], [ -89.962174, 35.212308 ], [ -89.96209, 35.212305 ], [ -89.961585, 35.212288 ], [ -89.960382, 35.21225 ], [ -89.960234, 35.212247 ], [ -89.960072, 35.212244 ], [ -89.959568, 35.212236 ], [ -89.959296, 35.212228 ], [ -89.95848, 35.212204 ], [ -89.958208, 35.212196 ], [ -89.957979, 35.21219 ], [ -89.957294, 35.212172 ], [ -89.957066, 35.212165 ], [ -89.956528, 35.212148 ], [ -89.956367, 35.212142 ], [ -89.95601, 35.212103 ], [ -89.955687, 35.212038 ], [ -89.955333, 35.211934 ], [ -89.955048, 35.211824 ], [ -89.954967, 35.211788 ], [ -89.954476, 35.211571 ], [ -89.954156, 35.211427 ], [ -89.953196, 35.210994 ], [ -89.953099, 35.210952 ], [ -89.952991, 35.210908 ], [ -89.952871, 35.210865 ], [ -89.952956, 35.210577 ], [ -89.953212, 35.209714 ], [ -89.953298, 35.209428 ], [ -89.953369, 35.209188 ], [ -89.953584, 35.208472 ], [ -89.953656, 35.208233 ], [ -89.953881, 35.207497 ], [ -89.953948, 35.207279 ], [ -89.954138, 35.206736 ], [ -89.954376, 35.206241 ], [ -89.954497, 35.206027 ], [ -89.95486, 35.205414 ], [ -89.955254, 35.204753 ], [ -89.955413, 35.204496 ], [ -89.955445, 35.204445 ], [ -89.955503, 35.204366 ], [ -89.955626, 35.204198 ], [ -89.955696, 35.20411 ], [ -89.955874, 35.203919 ], [ -89.956003, 35.203815 ], [ -89.956239, 35.203624 ], [ -89.957021, 35.203055 ], [ -89.957664, 35.202587 ], [ -89.957843, 35.202444 ], [ -89.958108, 35.202203 ], [ -89.958324, 35.201977 ], [ -89.9584, 35.201876 ], [ -89.958506, 35.201718 ], [ -89.958598, 35.201535 ], [ -89.958684, 35.20129 ], [ -89.958741, 35.200995 ], [ -89.958751, 35.200866 ], [ -89.958772, 35.20063 ], [ -89.95875, 35.199966 ], [ -89.958746, 35.1999 ], [ -89.958708, 35.199247 ], [ -89.958704, 35.199168 ], [ -89.958669, 35.198903 ], [ -89.958568, 35.198496 ], [ -89.958421, 35.198121 ], [ -89.958236, 35.197772 ], [ -89.958016, 35.197449 ], [ -89.95801, 35.197441 ], [ -89.957608, 35.196925 ], [ -89.957428, 35.196703 ], [ -89.957185, 35.196393 ], [ -89.956924, 35.196057 ], [ -89.956776, 35.195842 ], [ -89.956599, 35.195521 ], [ -89.956476, 35.19522 ], [ -89.956387, 35.194913 ], [ -89.956331, 35.194635 ], [ -89.956325, 35.194578 ], [ -89.9563, 35.194298 ], [ -89.956313, 35.1939 ], [ -89.956318, 35.193739 ], [ -89.956334, 35.193261 ], [ -89.95634, 35.193101 ], [ -89.956346, 35.192899 ], [ -89.956368, 35.192293 ], [ -89.956374, 35.192107 ], [ -89.956375, 35.192093 ], [ -89.956382, 35.191908 ], [ -89.956387, 35.191782 ], [ -89.956395, 35.191356 ], [ -89.956399, 35.191173 ], [ -89.956402, 35.191074 ], [ -89.956412, 35.190777 ], [ -89.956415, 35.190699 ], [ -89.956416, 35.19068 ], [ -89.95642, 35.190554 ], [ -89.956421, 35.190508 ], [ -89.956425, 35.190416 ], [ -89.956426, 35.190379 ], [ -89.956441, 35.189995 ], [ -89.956449, 35.189825 ], [ -89.956466, 35.189415 ], [ -89.956466, 35.189403 ], [ -89.956483, 35.188936 ], [ -89.956499, 35.188744 ], [ -89.956541, 35.188398 ], [ -89.956585, 35.188146 ], [ -89.95662, 35.187956 ], [ -89.956672, 35.187735 ], [ -89.956695, 35.187663 ], [ -89.956765, 35.187452 ], [ -89.956789, 35.187382 ], [ -89.956866, 35.18715 ], [ -89.957494, 35.185468 ], [ -89.9575, 35.185451 ], [ -89.957556, 35.185302 ], [ -89.957612, 35.185153 ], [ -89.95749, 35.185219 ], [ -89.956615, 35.185375 ], [ -89.956495, 35.185395 ], [ -89.956094, 35.185421 ], [ -89.955942, 35.185475 ], [ -89.955578, 35.185527 ], [ -89.955565, 35.185529 ], [ -89.955549, 35.185532 ], [ -89.955267, 35.185578 ], [ -89.955039, 35.185583 ], [ -89.954428, 35.185676 ], [ -89.953533, 35.185797 ], [ -89.952874, 35.185854 ], [ -89.952357, 35.185849 ], [ -89.95199, 35.185848 ], [ -89.951505, 35.1859 ], [ -89.951288, 35.185944 ], [ -89.95091, 35.185995 ], [ -89.950654, 35.186062 ], [ -89.950619, 35.186074 ], [ -89.950588, 35.186091 ], [ -89.950471, 35.186172 ], [ -89.950406, 35.186203 ], [ -89.950292, 35.18622 ], [ -89.950061, 35.186225 ], [ -89.949603, 35.186192 ], [ -89.949331, 35.186184 ], [ -89.949195, 35.186146 ], [ -89.948997, 35.186059 ], [ -89.9487, 35.186 ], [ -89.948468, 35.18599 ], [ -89.948296, 35.185941 ], [ -89.946542, 35.186039 ], [ -89.946568, 35.186053 ], [ -89.946477, 35.18604 ], [ -89.946103, 35.186049 ], [ -89.945361, 35.186318 ], [ -89.944827, 35.186571 ], [ -89.944798, 35.186584 ], [ -89.944695, 35.186606 ], [ -89.944621, 35.186622 ], [ -89.944355, 35.186616 ], [ -89.944341, 35.186493 ], [ -89.94433, 35.1864 ], [ -89.944092, 35.184103 ], [ -89.94404, 35.183602 ], [ -89.944029, 35.183491 ], [ -89.943961, 35.182458 ], [ -89.94395, 35.182092 ], [ -89.943937, 35.18159 ], [ -89.943936, 35.181551 ], [ -89.943936, 35.181433 ], [ -89.943936, 35.181396 ], [ -89.943936, 35.18127 ], [ -89.943938, 35.180912 ], [ -89.943939, 35.180792 ], [ -89.94394, 35.18055 ], [ -89.94394, 35.180533 ], [ -89.94395, 35.179761 ], [ -89.943954, 35.179505 ], [ -89.943959, 35.17915 ], [ -89.943974, 35.178318 ], [ -89.943978, 35.178084 ], [ -89.943985, 35.17773 ], [ -89.943989, 35.177576 ], [ -89.944001, 35.177115 ], [ -89.944006, 35.17696 ], [ -89.944013, 35.176688 ], [ -89.944038, 35.175874 ], [ -89.944047, 35.175603 ], [ -89.944049, 35.175514 ], [ -89.944054, 35.175359 ], [ -89.944058, 35.175247 ], [ -89.944062, 35.175158 ], [ -89.944068, 35.17498 ], [ -89.944079, 35.17472 ], [ -89.944095, 35.174449 ], [ -89.944107, 35.174272 ], [ -89.944102, 35.174122 ], [ -89.944094, 35.174079 ], [ -89.943674, 35.174192 ], [ -89.943383, 35.174286 ], [ -89.942034, 35.174723 ], [ -89.941267, 35.174955 ], [ -89.940559, 35.175171 ], [ -89.940436, 35.175208 ], [ -89.940069, 35.175323 ], [ -89.939947, 35.175362 ], [ -89.941313, 35.173924 ], [ -89.941186, 35.173834 ], [ -89.941033, 35.17373 ], [ -89.940653, 35.173475 ], [ -89.940379, 35.173294 ], [ -89.938611, 35.172124 ], [ -89.937931, 35.171675 ], [ -89.937506, 35.171403 ], [ -89.937405, 35.171337 ], [ -89.935844, 35.170296 ], [ -89.935324, 35.16995 ], [ -89.935155, 35.16984 ], [ -89.935069, 35.169784 ], [ -89.934976, 35.169743 ], [ -89.934896, 35.169727 ], [ -89.934579, 35.169725 ], [ -89.934379, 35.169723 ], [ -89.934226, 35.169722 ], [ -89.933767, 35.169719 ], [ -89.933615, 35.169719 ], [ -89.933612, 35.170159 ], [ -89.933607, 35.170972 ], [ -89.933598, 35.171482 ], [ -89.933592, 35.171923 ], [ -89.933581, 35.172414 ], [ -89.933571, 35.172948 ], [ -89.932287, 35.172908 ], [ -89.931916, 35.172889 ], [ -89.931278, 35.172877 ], [ -89.930472, 35.172847 ], [ -89.930243, 35.17284 ], [ -89.929558, 35.172823 ], [ -89.929533, 35.172823 ], [ -89.92933, 35.172823 ], [ -89.929095, 35.172819 ], [ -89.928989, 35.172818 ], [ -89.928815, 35.172815 ], [ -89.928392, 35.172808 ], [ -89.928158, 35.172804 ], [ -89.92797, 35.172801 ], [ -89.927408, 35.17279 ], [ -89.927221, 35.172787 ], [ -89.927106, 35.172784 ], [ -89.926762, 35.172778 ], [ -89.926703, 35.172778 ], [ -89.926648, 35.172777 ], [ -89.92649, 35.172773 ], [ -89.926019, 35.172762 ], [ -89.925862, 35.172759 ], [ -89.925482, 35.172752 ], [ -89.924345, 35.172733 ], [ -89.923966, 35.172728 ], [ -89.923655, 35.172723 ], [ -89.923321, 35.17272 ], [ -89.922774, 35.172702 ], [ -89.922725, 35.172701 ], [ -89.922415, 35.172705 ], [ -89.922294, 35.172703 ], [ -89.922072, 35.1727 ], [ -89.921934, 35.172681 ], [ -89.921921, 35.17268 ], [ -89.921817, 35.172655 ], [ -89.921606, 35.172579 ], [ -89.921251, 35.172435 ], [ -89.920983, 35.172368 ], [ -89.920882, 35.172353 ], [ -89.920816, 35.172345 ], [ -89.919919, 35.172284 ], [ -89.918326, 35.172171 ], [ -89.917933, 35.172151 ], [ -89.91695, 35.1721 ], [ -89.916763, 35.172106 ], [ -89.916681, 35.172103 ], [ -89.916074, 35.172095 ], [ -89.915879, 35.172121 ], [ -89.915866, 35.172123 ], [ -89.915652, 35.172174 ], [ -89.915619, 35.172186 ], [ -89.915497, 35.172226 ], [ -89.915196, 35.172278 ], [ -89.915061, 35.172276 ], [ -89.914631, 35.172271 ], [ -89.913357, 35.172235 ], [ -89.91279, 35.172219 ], [ -89.912664, 35.172216 ], [ -89.912286, 35.17221 ], [ -89.912267, 35.17221 ], [ -89.912161, 35.172216 ], [ -89.912456, 35.173697 ], [ -89.912522, 35.174146 ], [ -89.912573, 35.174488 ], [ -89.91385, 35.17989 ], [ -89.913883, 35.180028 ], [ -89.915708, 35.180026 ], [ -89.915862, 35.180029 ], [ -89.916323, 35.180038 ], [ -89.916478, 35.180042 ], [ -89.916462, 35.180307 ], [ -89.916455, 35.180426 ], [ -89.916465, 35.180571 ], [ -89.916503, 35.18076 ], [ -89.916592, 35.180978 ], [ -89.916641, 35.181074 ], [ -89.916763, 35.181313 ], [ -89.916843, 35.181469 ], [ -89.917083, 35.181942 ], [ -89.917164, 35.182099 ], [ -89.917184, 35.182139 ], [ -89.917245, 35.18226 ], [ -89.917254, 35.182277 ], [ -89.917266, 35.182299 ], [ -89.916457, 35.182546 ], [ -89.91645, 35.182548 ], [ -89.914004, 35.183298 ], [ -89.913749, 35.183378 ], [ -89.913564, 35.183431 ], [ -89.913433, 35.18347 ], [ -89.913188, 35.183543 ], [ -89.911855, 35.181782 ], [ -89.91021, 35.179612 ], [ -89.910071, 35.179429 ], [ -89.907046, 35.175453 ], [ -89.906109, 35.174206 ], [ -89.905572, 35.173506 ], [ -89.904673, 35.17232 ], [ -89.90444, 35.172011 ], [ -89.902359, 35.169222 ], [ -89.902319, 35.169169 ], [ -89.902278, 35.169117 ], [ -89.901986, 35.169355 ], [ -89.901858, 35.169459 ], [ -89.901679, 35.169627 ], [ -89.901185, 35.170071 ], [ -89.90114, 35.170105 ], [ -89.901018, 35.1702 ], [ -89.900858, 35.170353 ], [ -89.900589, 35.170612 ], [ -89.90009, 35.171094 ], [ -89.89978, 35.171388 ], [ -89.899509, 35.171644 ], [ -89.899424, 35.171726 ], [ -89.899291, 35.171867 ], [ -89.899008, 35.172168 ], [ -89.898851, 35.172351 ], [ -89.898675, 35.17257 ], [ -89.898624, 35.172635 ], [ -89.898553, 35.172725 ], [ -89.898481, 35.172813 ], [ -89.89833, 35.172635 ], [ -89.898289, 35.172595 ], [ -89.898273, 35.17258 ], [ -89.898236, 35.172565 ], [ -89.898112, 35.172526 ], [ -89.898037, 35.172487 ], [ -89.897938, 35.172416 ], [ -89.897909, 35.17239 ], [ -89.897623, 35.172066 ], [ -89.897432, 35.17185 ], [ -89.897367, 35.171778 ], [ -89.897175, 35.171561 ], [ -89.897112, 35.171489 ], [ -89.896688, 35.171011 ], [ -89.896212, 35.170474 ], [ -89.895757, 35.169962 ], [ -89.895426, 35.169573 ], [ -89.895014, 35.169086 ], [ -89.894955, 35.169017 ], [ -89.894883, 35.168932 ], [ -89.894781, 35.168813 ], [ -89.894723, 35.168744 ], [ -89.894681, 35.168695 ], [ -89.894444, 35.168393 ], [ -89.894394, 35.168321 ], [ -89.894314, 35.168206 ], [ -89.894098, 35.167854 ], [ -89.894001, 35.167682 ], [ -89.893896, 35.167497 ], [ -89.893516, 35.166976 ], [ -89.893425, 35.166851 ], [ -89.893207, 35.166582 ], [ -89.893188, 35.166553 ], [ -89.893125, 35.166455 ], [ -89.892985, 35.166275 ], [ -89.892906, 35.166204 ], [ -89.892895, 35.166194 ], [ -89.892636, 35.166002 ], [ -89.89248, 35.165878 ], [ -89.892163, 35.165627 ], [ -89.891835, 35.165383 ], [ -89.891474, 35.165115 ], [ -89.891313, 35.164995 ], [ -89.891113, 35.164848 ], [ -89.890831, 35.164638 ], [ -89.890672, 35.164517 ], [ -89.889757, 35.163826 ], [ -89.889474, 35.163613 ], [ -89.888079, 35.162572 ], [ -89.887565, 35.162233 ], [ -89.887487, 35.162198 ], [ -89.887397, 35.162112 ], [ -89.887209, 35.161963 ], [ -89.886987, 35.161797 ], [ -89.886909, 35.161752 ], [ -89.886015, 35.161192 ], [ -89.885732, 35.161013 ], [ -89.884883, 35.160483 ], [ -89.884745, 35.160396 ], [ -89.884599, 35.160308 ], [ -89.882238, 35.158863 ], [ -89.882224, 35.158873 ], [ -89.882081, 35.159001 ], [ -89.881187, 35.159804 ], [ -89.87815, 35.162527 ], [ -89.877607, 35.163013 ], [ -89.877343, 35.163272 ], [ -89.877098, 35.163498 ], [ -89.877002, 35.163587 ], [ -89.876476, 35.164096 ], [ -89.876314, 35.164237 ], [ -89.87472, 35.165818 ], [ -89.874627, 35.165914 ], [ -89.873021, 35.167492 ], [ -89.872646, 35.167862 ], [ -89.872578, 35.167929 ], [ -89.87203, 35.168467 ], [ -89.871787, 35.168707 ], [ -89.870183, 35.170285 ], [ -89.869814, 35.170651 ], [ -89.869568, 35.170893 ], [ -89.869338, 35.171125 ], [ -89.869281, 35.171184 ], [ -89.869046, 35.171431 ], [ -89.868647, 35.171822 ], [ -89.868414, 35.172051 ], [ -89.867795, 35.172638 ], [ -89.866237, 35.174169 ], [ -89.866164, 35.174241 ], [ -89.865632, 35.174765 ], [ -89.864965, 35.175427 ], [ -89.864826, 35.175549 ], [ -89.864104, 35.176274 ], [ -89.863848, 35.176514 ], [ -89.863531, 35.176832 ], [ -89.86347, 35.176891 ], [ -89.863263, 35.177094 ], [ -89.863177, 35.17718 ], [ -89.863019, 35.177336 ], [ -89.862778, 35.177578 ], [ -89.862259, 35.178086 ], [ -89.862125, 35.178217 ], [ -89.86203, 35.178314 ], [ -89.861666, 35.178672 ], [ -89.861215, 35.179116 ], [ -89.860871, 35.179454 ], [ -89.860394, 35.179925 ], [ -89.860181, 35.180136 ], [ -89.859972, 35.18036 ], [ -89.859848, 35.180478 ], [ -89.8595, 35.18081 ], [ -89.859158, 35.181138 ], [ -89.859046, 35.181247 ], [ -89.858637, 35.181655 ], [ -89.858146, 35.182136 ], [ -89.857908, 35.182372 ], [ -89.857808, 35.182469 ], [ -89.857671, 35.182603 ], [ -89.857261, 35.183006 ], [ -89.857238, 35.183028 ], [ -89.857124, 35.183139 ], [ -89.856912, 35.183347 ], [ -89.856669, 35.183588 ], [ -89.856277, 35.183972 ], [ -89.856065, 35.184179 ], [ -89.855794, 35.184446 ], [ -89.85534, 35.184896 ], [ -89.854983, 35.185246 ], [ -89.854828, 35.185401 ], [ -89.854712, 35.185513 ], [ -89.854349, 35.18587 ], [ -89.853771, 35.186442 ], [ -89.853261, 35.186943 ], [ -89.852899, 35.187301 ], [ -89.852751, 35.187448 ], [ -89.852624, 35.18757 ], [ -89.852309, 35.187881 ], [ -89.852429, 35.187963 ], [ -89.852476, 35.187963 ], [ -89.853414, 35.187962 ], [ -89.853506, 35.187962 ], [ -89.853716, 35.187962 ], [ -89.853926, 35.187962 ], [ -89.853995, 35.187962 ], [ -89.854193, 35.187962 ], [ -89.854404, 35.187962 ], [ -89.854499, 35.187962 ], [ -89.854505, 35.18779 ], [ -89.854868, 35.187794 ], [ -89.855784, 35.187804 ], [ -89.856698, 35.187815 ], [ -89.858079, 35.18783 ], [ -89.85855, 35.187836 ], [ -89.859454, 35.187846 ], [ -89.859894, 35.18785 ], [ -89.860333, 35.187855 ], [ -89.861203, 35.187866 ], [ -89.861218, 35.187622 ], [ -89.861219, 35.187599 ], [ -89.861236, 35.187321 ], [ -89.861239, 35.187279 ], [ -89.86136, 35.187283 ], [ -89.861372, 35.187283 ], [ -89.86137, 35.187321 ], [ -89.861353, 35.187599 ], [ -89.861337, 35.187872 ], [ -89.862186, 35.187883 ], [ -89.863107, 35.187897 ], [ -89.864152, 35.187909 ], [ -89.864655, 35.187911 ], [ -89.866242, 35.187912 ], [ -89.866243, 35.187948 ], [ -89.869173, 35.187945 ], [ -89.869276, 35.18795 ], [ -89.869439, 35.187958 ], [ -89.869541, 35.187963 ], [ -89.869919, 35.187967 ], [ -89.870232, 35.187971 ], [ -89.87053, 35.187976 ], [ -89.870833, 35.187978 ], [ -89.871145, 35.187982 ], [ -89.871451, 35.187987 ], [ -89.871734, 35.18799 ], [ -89.87204, 35.187993 ], [ -89.872345, 35.187996 ], [ -89.872653, 35.188001 ], [ -89.873061, 35.188005 ], [ -89.873633, 35.188012 ], [ -89.873693, 35.188013 ], [ -89.873754, 35.188013 ], [ -89.873782, 35.188015 ], [ -89.87393, 35.188015 ], [ -89.874396, 35.188021 ], [ -89.874677, 35.188024 ], [ -89.874932, 35.188026 ], [ -89.875213, 35.188029 ], [ -89.875483, 35.188032 ], [ -89.875755, 35.188035 ], [ -89.876009, 35.188038 ], [ -89.876374, 35.188043 ], [ -89.876762, 35.188049 ], [ -89.876851, 35.188049 ], [ -89.87773, 35.188043 ], [ -89.877801, 35.188043 ], [ -89.87797, 35.188041 ], [ -89.877972, 35.188078 ], [ -89.878705, 35.188061 ], [ -89.878796, 35.18806 ], [ -89.878836, 35.188059 ], [ -89.879079, 35.188062 ], [ -89.879094, 35.188061 ], [ -89.87943, 35.188066 ], [ -89.879444, 35.188066 ], [ -89.879712, 35.188071 ], [ -89.879801, 35.188071 ], [ -89.879846, 35.188071 ], [ -89.879802, 35.188323 ], [ -89.879791, 35.18859 ], [ -89.879779, 35.188843 ], [ -89.879767, 35.189113 ], [ -89.879755, 35.189388 ], [ -89.879747, 35.189572 ], [ -89.879737, 35.189795 ], [ -89.87973, 35.189968 ], [ -89.879727, 35.190019 ], [ -89.879718, 35.190238 ], [ -89.879708, 35.190459 ], [ -89.879698, 35.190676 ], [ -89.879705, 35.190954 ], [ -89.87968, 35.191255 ], [ -89.879663, 35.191255 ], [ -89.879653, 35.191459 ], [ -89.879629, 35.191966 ], [ -89.879626, 35.192073 ], [ -89.879625, 35.192096 ], [ -89.879627, 35.192211 ], [ -89.879629, 35.192433 ], [ -89.879606, 35.193295 ], [ -89.879706, 35.194513 ], [ -89.879716, 35.194627 ], [ -89.879727, 35.194775 ], [ -89.879741, 35.195007 ], [ -89.879744, 35.19518 ], [ -89.879684, 35.195214 ], [ -89.879663, 35.19522 ], [ -89.879653, 35.195228 ], [ -89.879637, 35.195234 ], [ -89.879621, 35.195238 ], [ -89.879609, 35.195246 ], [ -89.879592, 35.195249 ], [ -89.879568, 35.19526 ], [ -89.879558, 35.195269 ], [ -89.879513, 35.195287 ], [ -89.879402, 35.195347 ], [ -89.87934, 35.195372 ], [ -89.879329, 35.195387 ], [ -89.878921, 35.195679 ], [ -89.878936, 35.196379 ], [ -89.878956, 35.197325 ], [ -89.878964, 35.197677 ], [ -89.878973, 35.1981 ], [ -89.878974, 35.198161 ], [ -89.878994, 35.199149 ], [ -89.87901, 35.199905 ], [ -89.879018, 35.199999 ], [ -89.879067, 35.200607 ], [ -89.879112, 35.201141 ], [ -89.879178, 35.20198 ], [ -89.879177, 35.202011 ], [ -89.879172, 35.202276 ], [ -89.879169, 35.202416 ], [ -89.879166, 35.202564 ], [ -89.87916, 35.202883 ], [ -89.879152, 35.203261 ], [ -89.879145, 35.203595 ], [ -89.879142, 35.20377 ], [ -89.879135, 35.204099 ], [ -89.879134, 35.204142 ], [ -89.879132, 35.204245 ], [ -89.879129, 35.204409 ], [ -89.879121, 35.204784 ], [ -89.879117, 35.204874 ], [ -89.879108, 35.205033 ], [ -89.879278, 35.20504 ], [ -89.879559, 35.205053 ], [ -89.87981, 35.205065 ], [ -89.880151, 35.205088 ], [ -89.880403, 35.205109 ], [ -89.880685, 35.205134 ], [ -89.881242, 35.205188 ], [ -89.881523, 35.205216 ], [ -89.882912, 35.205368 ], [ -89.883469, 35.205428 ], [ -89.883629, 35.205445 ], [ -89.883668, 35.205448 ], [ -89.884092, 35.20551 ], [ -89.884107, 35.205512 ], [ -89.884267, 35.205535 ], [ -89.88446, 35.205569 ], [ -89.885042, 35.205672 ], [ -89.885236, 35.205706 ], [ -89.885373, 35.205733 ], [ -89.885436, 35.205746 ], [ -89.886036, 35.205888 ], [ -89.886236, 35.205934 ], [ -89.886562, 35.206013 ], [ -89.88754, 35.206252 ], [ -89.887619, 35.20627 ], [ -89.887501, 35.208295 ], [ -89.887474, 35.210155 ], [ -89.887466, 35.210721 ], [ -89.884961, 35.210712 ], [ -89.88488, 35.210716 ], [ -89.884915, 35.210811 ], [ -89.885207, 35.211538 ], [ -89.883124, 35.211467 ], [ -89.880436, 35.211476 ], [ -89.880438, 35.211735 ], [ -89.88044, 35.21188 ], [ -89.88044, 35.21192 ], [ -89.880442, 35.21218 ], [ -89.880444, 35.212399 ], [ -89.880428, 35.212964 ], [ -89.880424, 35.21311 ], [ -89.880428, 35.213226 ], [ -89.880447, 35.213401 ], [ -89.880521, 35.21373 ], [ -89.880603, 35.213969 ], [ -89.88061, 35.213988 ], [ -89.880744, 35.214273 ], [ -89.880948, 35.214593 ], [ -89.881121, 35.214807 ], [ -89.881281, 35.214976 ], [ -89.881492, 35.215166 ], [ -89.88163, 35.215272 ], [ -89.882092, 35.21559 ], [ -89.882138, 35.215626 ], [ -89.88225, 35.215716 ], [ -89.882407, 35.215859 ], [ -89.882679, 35.216167 ], [ -89.882747, 35.216251 ], [ -89.882789, 35.216316 ], [ -89.882916, 35.216508 ], [ -89.88301, 35.216687 ], [ -89.883062, 35.2168 ], [ -89.883088, 35.216857 ], [ -89.883128, 35.216974 ], [ -89.883201, 35.217222 ], [ -89.883204, 35.217256 ], [ -89.883233, 35.217528 ], [ -89.883259, 35.218075 ], [ -89.883256, 35.218129 ], [ -89.883246, 35.218422 ], [ -89.883244, 35.218463 ], [ -89.883239, 35.218582 ], [ -89.883238, 35.218624 ], [ -89.883235, 35.218703 ], [ -89.883225, 35.218943 ], [ -89.883223, 35.219024 ], [ -89.883205, 35.219395 ], [ -89.883181, 35.21992 ], [ -89.883089, 35.220324 ], [ -89.883042, 35.220493 ], [ -89.882944, 35.220853 ], [ -89.882927, 35.220917 ], [ -89.88286, 35.221222 ], [ -89.882849, 35.221277 ], [ -89.882846, 35.221298 ], [ -89.882763, 35.222175 ], [ -89.88274, 35.222665 ], [ -89.882739, 35.222701 ], [ -89.882677, 35.223118 ], [ -89.882635, 35.223305 ], [ -89.882486, 35.223264 ], [ -89.881388, 35.223081 ], [ -89.881397, 35.222479 ], [ -89.87816, 35.222367 ], [ -89.878165, 35.22201 ], [ -89.87819, 35.220436 ], [ -89.87819, 35.220362 ], [ -89.878192, 35.220228 ], [ -89.87806, 35.220227 ], [ -89.877991, 35.220226 ], [ -89.877894, 35.220219 ], [ -89.877756, 35.220211 ], [ -89.877409, 35.220168 ], [ -89.877315, 35.220149 ], [ -89.877018, 35.220087 ], [ -89.876855, 35.220048 ], [ -89.876339, 35.219873 ], [ -89.875675, 35.219555 ], [ -89.875506, 35.219474 ], [ -89.875259, 35.219355 ], [ -89.875209, 35.21933 ], [ -89.875151, 35.2193 ], [ -89.874847, 35.219145 ], [ -89.87451, 35.218989 ], [ -89.874041, 35.218803 ], [ -89.873983, 35.218784 ], [ -89.873565, 35.218652 ], [ -89.872982, 35.218517 ], [ -89.872598, 35.218453 ], [ -89.87214, 35.218401 ], [ -89.871881, 35.218386 ], [ -89.871392, 35.218378 ], [ -89.871184, 35.218385 ], [ -89.871051, 35.218387 ], [ -89.870699, 35.218421 ], [ -89.870311, 35.218477 ], [ -89.870203, 35.218494 ], [ -89.869123, 35.218667 ], [ -89.868941, 35.218691 ], [ -89.868754, 35.218713 ], [ -89.868708, 35.21872 ], [ -89.868317, 35.218739 ], [ -89.868192, 35.21874 ], [ -89.8681, 35.218742 ], [ -89.868005, 35.218743 ], [ -89.867986, 35.218832 ], [ -89.867978, 35.218872 ], [ -89.867954, 35.21897 ], [ -89.867911, 35.219093 ], [ -89.867882, 35.219181 ], [ -89.867869, 35.21922 ], [ -89.867824, 35.219289 ], [ -89.86772, 35.219392 ], [ -89.8677, 35.219407 ], [ -89.867681, 35.219424 ], [ -89.867464, 35.219545 ], [ -89.866906, 35.219797 ], [ -89.866637, 35.219921 ], [ -89.866443, 35.220009 ], [ -89.865864, 35.220277 ], [ -89.865672, 35.220368 ], [ -89.865286, 35.220551 ], [ -89.864127, 35.221106 ], [ -89.863742, 35.221292 ], [ -89.863829, 35.22136 ], [ -89.863851, 35.221377 ], [ -89.864013, 35.221536 ], [ -89.864027, 35.221554 ], [ -89.864354, 35.221972 ], [ -89.864714, 35.222493 ], [ -89.864935, 35.222812 ], [ -89.865004, 35.222913 ], [ -89.865387, 35.223463 ], [ -89.865464, 35.2236 ], [ -89.865471, 35.223623 ], [ -89.865505, 35.223723 ], [ -89.865518, 35.223917 ], [ -89.865421, 35.225896 ], [ -89.86539, 35.226537 ], [ -89.865385, 35.226653 ], [ -89.865399, 35.227076 ], [ -89.865438, 35.227511 ], [ -89.865443, 35.227562 ], [ -89.865477, 35.228041 ], [ -89.865453, 35.22821 ], [ -89.865429, 35.228289 ], [ -89.865305, 35.228711 ], [ -89.865274, 35.228941 ], [ -89.865229, 35.229875 ], [ -89.865193, 35.230627 ], [ -89.865181, 35.230883 ], [ -89.865138, 35.231356 ], [ -89.865137, 35.231367 ], [ -89.865134, 35.231412 ], [ -89.865126, 35.231572 ], [ -89.865121, 35.231679 ], [ -89.865086, 35.232481 ], [ -89.865084, 35.23253 ], [ -89.865078, 35.23275 ], [ -89.865072, 35.233222 ], [ -89.865057, 35.234637 ], [ -89.865057, 35.234654 ], [ -89.865051, 35.234832 ], [ -89.86504, 35.23511 ], [ -89.865017, 35.23581 ], [ -89.864979, 35.237 ], [ -89.864974, 35.237503 ], [ -89.864977, 35.23779 ], [ -89.864977, 35.23791 ], [ -89.864978, 35.23861 ], [ -89.864976, 35.238946 ], [ -89.864972, 35.239587 ], [ -89.86497, 35.240497 ], [ -89.86497, 35.24052 ], [ -89.864968, 35.2409 ], [ -89.864957, 35.241214 ], [ -89.864925, 35.241484 ], [ -89.864861, 35.241664 ], [ -89.864829, 35.24172 ], [ -89.864738, 35.241858 ], [ -89.864609, 35.242021 ], [ -89.864339, 35.242341 ], [ -89.864245, 35.242491 ], [ -89.864197, 35.242635 ], [ -89.864181, 35.242917 ], [ -89.864184, 35.243963 ], [ -89.864185, 35.244115 ], [ -89.864185, 35.244177 ], [ -89.864183, 35.244424 ], [ -89.864168, 35.245131 ], [ -89.864164, 35.245349 ], [ -89.864126, 35.246761 ], [ -89.864128, 35.247159 ], [ -89.864127, 35.247308 ], [ -89.864126, 35.247359 ], [ -89.864125, 35.247389 ], [ -89.864117, 35.247611 ], [ -89.864114, 35.247681 ], [ -89.864111, 35.247733 ], [ -89.864077, 35.248274 ], [ -89.864068, 35.248379 ], [ -89.864034, 35.248603 ], [ -89.863925, 35.249056 ], [ -89.8639, 35.24942 ], [ -89.863888, 35.250302 ], [ -89.863872, 35.25105 ], [ -89.863862, 35.251311 ], [ -89.86384, 35.251526 ], [ -89.863777, 35.251709 ], [ -89.86366, 35.251904 ], [ -89.86332, 35.252358 ], [ -89.862862, 35.252942 ], [ -89.862358, 35.253544 ], [ -89.862179, 35.253747 ], [ -89.862051, 35.253892 ], [ -89.861813, 35.254157 ], [ -89.86176, 35.254217 ], [ -89.861679, 35.254348 ], [ -89.86162, 35.254539 ], [ -89.861547, 35.255055 ], [ -89.861516, 35.255504 ], [ -89.861446, 35.256031 ], [ -89.861415, 35.256271 ], [ -89.861423, 35.256595 ], [ -89.861446, 35.25675 ], [ -89.861491, 35.257593 ], [ -89.861473, 35.257916 ], [ -89.861727, 35.257942 ], [ -89.862051, 35.257979 ], [ -89.862491, 35.258015 ], [ -89.862746, 35.258037 ], [ -89.863168, 35.258072 ], [ -89.863416, 35.258094 ], [ -89.864433, 35.258195 ], [ -89.864855, 35.258236 ], [ -89.864873, 35.258238 ], [ -89.865286, 35.258281 ], [ -89.865391, 35.258292 ], [ -89.865861, 35.25834 ], [ -89.866253, 35.258381 ], [ -89.868882, 35.25863 ], [ -89.86989, 35.258725 ], [ -89.870252, 35.258761 ], [ -89.870311, 35.258768 ], [ -89.870839, 35.258817 ], [ -89.87134, 35.258876 ], [ -89.871557, 35.258902 ], [ -89.871703, 35.258907 ], [ -89.871268, 35.259352 ], [ -89.870891, 35.259739 ], [ -89.869996, 35.26072 ], [ -89.86982, 35.260914 ], [ -89.869572, 35.261174 ], [ -89.869179, 35.261581 ], [ -89.868876, 35.261888 ], [ -89.86821, 35.262553 ], [ -89.866194, 35.264568 ], [ -89.865956, 35.264806 ], [ -89.865821, 35.264941 ], [ -89.865359, 35.265403 ], [ -89.864958, 35.265805 ], [ -89.86485, 35.26591 ], [ -89.86464, 35.266121 ], [ -89.8641, 35.266661 ], [ -89.863784, 35.266977 ], [ -89.863323, 35.26744 ], [ -89.862729, 35.268035 ], [ -89.862387, 35.268376 ], [ -89.862182, 35.268582 ], [ -89.86136, 35.2694 ], [ -89.861018, 35.269742 ], [ -89.860593, 35.270171 ], [ -89.859321, 35.27146 ], [ -89.859043, 35.271743 ], [ -89.858898, 35.271892 ], [ -89.85874, 35.27205 ], [ -89.858095, 35.272696 ], [ -89.855686, 35.275112 ], [ -89.855246, 35.275554 ], [ -89.854884, 35.275917 ], [ -89.854793, 35.276007 ], [ -89.85454, 35.276261 ], [ -89.85481, 35.276319 ], [ -89.855296, 35.276295 ], [ -89.856489, 35.276235 ], [ -89.857323, 35.276213 ], [ -89.859333, 35.276162 ], [ -89.860708, 35.276044 ], [ -89.860845, 35.276038 ], [ -89.862122, 35.275934 ], [ -89.862533, 35.27588 ], [ -89.863474, 35.275759 ], [ -89.863972, 35.275695 ], [ -89.864239, 35.275659 ], [ -89.865452, 35.275689 ], [ -89.865544, 35.27572 ] ] ] } },
{ "type": "Feature", "properties": { "ShelbyCoun": "9" }, "geometry": { "type": "Polygon", "coordinates": [ [ [ -90.099, 35.117863 ], [ -90.100175, 35.118077 ], [ -90.101223, 35.118269 ], [ -90.103762, 35.118735 ], [ -90.106844, 35.119451 ], [ -90.108862, 35.120143 ], [ -90.110299, 35.120663 ], [ -90.114115, 35.122247 ], [ -90.117284, 35.12356 ], [ -90.120453, 35.124876 ], [ -90.124227, 35.126444 ], [ -90.126181, 35.127257 ], [ -90.126188, 35.127259 ], [ -90.129106, 35.128473 ], [ -90.132734, 35.129949 ], [ -90.135053, 35.13082 ], [ -90.136342, 35.131378 ], [ -90.136385, 35.131397 ], [ -90.138899, 35.132258 ], [ -90.140863, 35.132911 ], [ -90.141811, 35.133047 ], [ -90.142443, 35.13314 ], [ -90.144622, 35.133159 ], [ -90.147153, 35.13306 ], [ -90.150686, 35.132483 ], [ -90.151229, 35.132273 ], [ -90.154703, 35.13093 ], [ -90.157834, 35.129005 ], [ -90.160999, 35.12706 ], [ -90.162748, 35.126175 ], [ -90.165153, 35.124784 ], [ -90.167364, 35.123591 ], [ -90.167756, 35.123275 ], [ -90.167957, 35.123113 ], [ -90.169238, 35.12189 ], [ -90.169822, 35.121333 ], [ -90.170923, 35.120386 ], [ -90.171024, 35.120298 ], [ -90.172338, 35.118921 ], [ -90.172972, 35.118111 ], [ -90.173637, 35.117244 ], [ -90.174644, 35.115691 ], [ -90.175388, 35.114183 ], [ -90.176723, 35.111027 ], [ -90.178158, 35.106153 ], [ -90.178164, 35.106129 ], [ -90.178569, 35.104585 ], [ -90.178785, 35.103761 ], [ -90.179123, 35.10247 ], [ -90.179258, 35.102028 ], [ -90.179933, 35.09982 ], [ -90.180432, 35.097865 ], [ -90.180783, 35.096488 ], [ -90.18138, 35.09402 ], [ -90.18145, 35.092213 ], [ -90.18148, 35.091437 ], [ -90.181484, 35.091191 ], [ -90.181484, 35.09119 ], [ -90.181496, 35.090902 ], [ -90.181534, 35.090035 ], [ -90.181368, 35.08743 ], [ -90.180993, 35.085 ], [ -90.179704, 35.081433 ], [ -90.178519, 35.079817 ], [ -90.176859, 35.078758 ], [ -90.175746, 35.077724 ], [ -90.175617, 35.07749 ], [ -90.174996, 35.076366 ], [ -90.175006, 35.07607 ], [ -90.175046, 35.074906 ], [ -90.17525, 35.07356 ], [ -90.176133, 35.071422 ], [ -90.176765, 35.069743 ], [ -90.176906, 35.069048 ], [ -90.177031, 35.068106 ], [ -90.177083, 35.067079 ], [ -90.17741, 35.06541 ], [ -90.177621, 35.063848 ], [ -90.178229, 35.061713 ], [ -90.178993, 35.059529 ], [ -90.180488, 35.055683 ], [ -90.180499, 35.055655 ], [ -90.1805, 35.055652 ], [ -90.181163, 35.05395 ], [ -90.182783, 35.050909 ], [ -90.186553, 35.045429 ], [ -90.187203, 35.044717 ], [ -90.187341, 35.044566 ], [ -90.187562, 35.044325 ], [ -90.189283, 35.04244 ], [ -90.191223, 35.040219 ], [ -90.196803, 35.035069 ], [ -90.199767, 35.032381 ], [ -90.200723, 35.031515 ], [ -90.205648, 35.027048 ], [ -90.206783, 35.026019 ], [ -90.207003, 35.025855 ], [ -90.207321, 35.025779 ], [ -90.207642, 35.025709 ], [ -90.207965, 35.025645 ], [ -90.208289, 35.025588 ], [ -90.208615, 35.025537 ], [ -90.208943, 35.025493 ], [ -90.209313, 35.025451 ], [ -90.209847, 35.025402 ], [ -90.210263, 35.02538 ], [ -90.210926, 35.025363 ], [ -90.211589, 35.025372 ], [ -90.211921, 35.025386 ], [ -90.212582, 35.025434 ], [ -90.213239, 35.025509 ], [ -90.213911, 35.025614 ], [ -90.214149, 35.025655 ], [ -90.214449, 35.025715 ], [ -90.215337, 35.025929 ], [ -90.21534, 35.02593 ], [ -90.215811, 35.026064 ], [ -90.216343, 35.026229 ], [ -90.216695, 35.026344 ], [ -90.21693, 35.026421 ], [ -90.217659, 35.026693 ], [ -90.218267, 35.026921 ], [ -90.218271, 35.026922 ], [ -90.218973, 35.02715 ], [ -90.219931, 35.027445 ], [ -90.220148, 35.027521 ], [ -90.221029, 35.027829 ], [ -90.221768, 35.0281 ], [ -90.221914, 35.028152 ], [ -90.222646, 35.028387 ], [ -90.223465, 35.028664 ], [ -90.223956, 35.028818 ], [ -90.224467, 35.028984 ], [ -90.224859, 35.02912 ], [ -90.225345, 35.029286 ], [ -90.22586, 35.029463 ], [ -90.22592, 35.029483 ], [ -90.226839, 35.029754 ], [ -90.227298, 35.029877 ], [ -90.228763, 35.030265 ], [ -90.229582, 35.030432 ], [ -90.230709, 35.030763 ], [ -90.231354, 35.030953 ], [ -90.232358, 35.031247 ], [ -90.233297, 35.031475 ], [ -90.234309, 35.031683 ], [ -90.235295, 35.031869 ], [ -90.236114, 35.032014 ], [ -90.23702, 35.032179 ], [ -90.23784, 35.032303 ], [ -90.239126, 35.03245 ], [ -90.240745, 35.032599 ], [ -90.242065, 35.032686 ], [ -90.242985, 35.032684 ], [ -90.243825, 35.032644 ], [ -90.244719, 35.032592 ], [ -90.245353, 35.032534 ], [ -90.245926, 35.032443 ], [ -90.24656, 35.032329 ], [ -90.247194, 35.032249 ], [ -90.247897, 35.032149 ], [ -90.248222, 35.032072 ], [ -90.249648, 35.031828 ], [ -90.250037, 35.031762 ], [ -90.250667, 35.031648 ], [ -90.251402, 35.031579 ], [ -90.251803, 35.031616 ], [ -90.252348, 35.03176 ], [ -90.252705, 35.031929 ], [ -90.253242, 35.03216 ], [ -90.253732, 35.032419 ], [ -90.254016, 35.032615 ], [ -90.254299, 35.03286 ], [ -90.254507, 35.033082 ], [ -90.254601, 35.033182 ], [ -90.254768, 35.033351 ], [ -90.25508, 35.033667 ], [ -90.255455, 35.034045 ], [ -90.25589, 35.034402 ], [ -90.25589, 35.034402 ], [ -90.25603, 35.034548 ], [ -90.256156, 35.034673 ], [ -90.256224, 35.034741 ], [ -90.25643, 35.034896 ], [ -90.256568, 35.034983 ], [ -90.256746, 35.035083 ], [ -90.256907, 35.035132 ], [ -90.257259, 35.035228 ], [ -90.257444, 35.035266 ], [ -90.257813, 35.035323 ], [ -90.258102, 35.035379 ], [ -90.258459, 35.035453 ], [ -90.258866, 35.035546 ], [ -90.259439, 35.035668 ], [ -90.260019, 35.03579 ], [ -90.260391, 35.035877 ], [ -90.260666, 35.035944 ], [ -90.260964, 35.036014 ], [ -90.261324, 35.036106 ], [ -90.261639, 35.036209 ], [ -90.261709, 35.036232 ], [ -90.262118, 35.0365 ], [ -90.262544, 35.036795 ], [ -90.262966, 35.037065 ], [ -90.263129, 35.037205 ], [ -90.26313, 35.037205 ], [ -90.26313, 35.037206 ], [ -90.263131, 35.037458 ], [ -90.263087, 35.037706 ], [ -90.263062, 35.037997 ], [ -90.26303, 35.038321 ], [ -90.263037, 35.038472 ], [ -90.263151, 35.038665 ], [ -90.263374, 35.03893 ], [ -90.263496, 35.039167 ], [ -90.26353, 35.039261 ], [ -90.263579, 35.039417 ], [ -90.263715, 35.03971 ], [ -90.263952, 35.039977 ], [ -90.264183, 35.040161 ], [ -90.264366, 35.040307 ], [ -90.264824, 35.040455 ], [ -90.26555, 35.040588 ], [ -90.26599, 35.040627 ], [ -90.266564, 35.040633 ], [ -90.266985, 35.040631 ], [ -90.267573, 35.040644 ], [ -90.268247, 35.040651 ], [ -90.268848, 35.040658 ], [ -90.269569, 35.040681 ], [ -90.269978, 35.0407 ], [ -90.270581, 35.040726 ], [ -90.270885, 35.040743 ], [ -90.27111, 35.040758 ], [ -90.271866, 35.040834 ], [ -90.272186, 35.040859 ], [ -90.272548, 35.040886 ], [ -90.272877, 35.040909 ], [ -90.273214, 35.040928 ], [ -90.273508, 35.040923 ], [ -90.273753, 35.040917 ], [ -90.274038, 35.040889 ], [ -90.274414, 35.04085 ], [ -90.274735, 35.040805 ], [ -90.274737, 35.040805 ], [ -90.275279, 35.04074 ], [ -90.275494, 35.040719 ], [ -90.275871, 35.040726 ], [ -90.276519, 35.04074 ], [ -90.277155, 35.040781 ], [ -90.279327, 35.04094 ], [ -90.280201, 35.041016 ], [ -90.281505, 35.040943 ], [ -90.281991, 35.041007 ], [ -90.282244, 35.04107 ], [ -90.282673, 35.041146 ], [ -90.282969, 35.041202 ], [ -90.283055, 35.041218 ], [ -90.283172, 35.041231 ], [ -90.283664, 35.041291 ], [ -90.284081, 35.041345 ], [ -90.285239, 35.041492 ], [ -90.285427, 35.041517 ], [ -90.285719, 35.041559 ], [ -90.286128, 35.041596 ], [ -90.287063, 35.041601 ], [ -90.287991, 35.041599 ], [ -90.288673, 35.041601 ], [ -90.289427, 35.041604 ], [ -90.290341, 35.041629 ], [ -90.291137, 35.041571 ], [ -90.291746, 35.0415 ], [ -90.292354, 35.041363 ], [ -90.292986, 35.041179 ], [ -90.293524, 35.04097 ], [ -90.294002, 35.040704 ], [ -90.294366, 35.04051 ], [ -90.294518, 35.040419 ], [ -90.294757, 35.040278 ], [ -90.295196, 35.03998 ], [ -90.295657, 35.039578 ], [ -90.296076, 35.039229 ], [ -90.296613, 35.038678 ], [ -90.296974, 35.038182 ], [ -90.297184, 35.0376 ], [ -90.29741, 35.036815 ], [ -90.297733, 35.03584 ], [ -90.297987, 35.034988 ], [ -90.298162, 35.034121 ], [ -90.298266, 35.033428 ], [ -90.298364, 35.03273 ], [ -90.298408, 35.032516 ], [ -90.298832, 35.031865 ], [ -90.299067, 35.031389 ], [ -90.299154, 35.031129 ], [ -90.299298, 35.030704 ], [ -90.299474, 35.030299 ], [ -90.299857, 35.029591 ], [ -90.299944, 35.029422 ], [ -90.300126, 35.029066 ], [ -90.300145, 35.028962 ], [ -90.300245, 35.028422 ], [ -90.300431, 35.027891 ], [ -90.300654, 35.027355 ], [ -90.300881, 35.026933 ], [ -90.301228, 35.026497 ], [ -90.301395, 35.026216 ], [ -90.301964, 35.025557 ], [ -90.302555, 35.02493 ], [ -90.302991, 35.024417 ], [ -90.303563, 35.023702 ], [ -90.303837, 35.023294 ], [ -90.304403, 35.022299 ], [ -90.304652, 35.02189 ], [ -90.304883, 35.021332 ], [ -90.305304, 35.020429 ], [ -90.305618, 35.019585 ], [ -90.305747, 35.019088 ], [ -90.305873, 35.018277 ], [ -90.305978, 35.017277 ], [ -90.306068, 35.016478 ], [ -90.306094, 35.016105 ], [ -90.306105, 35.015836 ], [ -90.30609, 35.015521 ], [ -90.30608, 35.015322 ], [ -90.306055, 35.015229 ], [ -90.30602, 35.015051 ], [ -90.306005, 35.014976 ], [ -90.305982, 35.014854 ], [ -90.305916, 35.01471 ], [ -90.30587, 35.014649 ], [ -90.305745, 35.014543 ], [ -90.305666, 35.014488 ], [ -90.305561, 35.014348 ], [ -90.305516, 35.014255 ], [ -90.305451, 35.014171 ], [ -90.305378, 35.014122 ], [ -90.305312, 35.014081 ], [ -90.305194, 35.013987 ], [ -90.305135, 35.013916 ], [ -90.305109, 35.013853 ], [ -90.305103, 35.013794 ], [ -90.305144, 35.013711 ], [ -90.305212, 35.013646 ], [ -90.305286, 35.013602 ], [ -90.305448, 35.0135 ], [ -90.305502, 35.013468 ], [ -90.305698, 35.013304 ], [ -90.305786, 35.013239 ], [ -90.306029, 35.013048 ], [ -90.306252, 35.012887 ], [ -90.306395, 35.01276 ], [ -90.30672, 35.012473 ], [ -90.306874, 35.012349 ], [ -90.306922, 35.01231 ], [ -90.307274, 35.012004 ], [ -90.307545, 35.011782 ], [ -90.307829, 35.011526 ], [ -90.308039, 35.01133 ], [ -90.308332, 35.010976 ], [ -90.308612, 35.01061 ], [ -90.308756, 35.010408 ], [ -90.308965, 35.01011 ], [ -90.30903, 35.010004 ], [ -90.309262, 35.009598 ], [ -90.309421, 35.009252 ], [ -90.309649, 35.008671 ], [ -90.309718, 35.008485 ], [ -90.309867, 35.008075 ], [ -90.309901, 35.007977 ], [ -90.30993, 35.007892 ], [ -90.309992, 35.007683 ], [ -90.310053, 35.007461 ], [ -90.310057, 35.007422 ], [ -90.31015, 35.0071 ], [ -90.310185, 35.006971 ], [ -90.310316, 35.006251 ], [ -90.31037, 35.005783 ], [ -90.310461, 35.005102 ], [ -90.310497, 35.004573 ], [ -90.310492, 35.004329 ], [ -90.310478, 35.003569 ], [ -90.310476, 35.003386 ], [ -90.310467, 35.002826 ], [ -90.310459, 35.002702 ], [ -90.310419, 35.002322 ], [ -90.310334, 35.001776 ], [ -90.310194, 35.001047 ], [ -90.31013, 35.000712 ], [ -90.309997, 35.000424 ], [ -90.309997, 35.000423 ], [ -90.309872, 35.000152 ], [ -90.309817, 35.000009 ], [ -90.309705, 34.999717 ], [ -90.30963, 34.999514 ], [ -90.309571, 34.99924 ], [ -90.309494, 34.998963 ], [ -90.309403, 34.998669 ], [ -90.309306, 34.998385 ], [ -90.309219, 34.99814 ], [ -90.309134, 34.997918 ], [ -90.309046, 34.997609 ], [ -90.308979, 34.99734 ], [ -90.308934, 34.997156 ], [ -90.308905, 34.99704 ], [ -90.308882, 34.996963 ], [ -90.308739, 34.996617 ], [ -90.30865, 34.996435 ], [ -90.308638, 34.99641 ], [ -90.308536, 34.996111 ], [ -90.308459, 34.995919 ], [ -90.308367, 34.9957 ], [ -90.308063, 34.9957 ], [ -90.307755, 34.9957 ], [ -90.305897, 34.9957 ], [ -90.304039, 34.9957 ], [ -90.303103, 34.995701 ], [ -90.302651, 34.995693 ], [ -90.293627, 34.995548 ], [ -90.293584, 34.995548 ], [ -90.293566, 34.995547 ], [ -90.290702, 34.9955 ], [ -90.288301, 34.9955 ], [ -90.273017, 34.995504 ], [ -90.272505, 34.995504 ], [ -90.26724, 34.995511 ], [ -90.267153, 34.995511 ], [ -90.267023, 34.995512 ], [ -90.266892, 34.995512 ], [ -90.266879, 34.995512 ], [ -90.266806, 34.995512 ], [ -90.263607, 34.995515 ], [ -90.254012, 34.995528 ], [ -90.251624, 34.995531 ], [ -90.251527, 34.995531 ], [ -90.250814, 34.995532 ], [ -90.250766, 34.995532 ], [ -90.250717, 34.995532 ], [ -90.250623, 34.995532 ], [ -90.250576, 34.995532 ], [ -90.250528, 34.995532 ], [ -90.250492, 34.995532 ], [ -90.250386, 34.995532 ], [ -90.250339, 34.995532 ], [ -90.249894, 34.995532 ], [ -90.248559, 34.995534 ], [ -90.248115, 34.995535 ], [ -90.246963, 34.995537 ], [ -90.244835, 34.995538 ], [ -90.23773, 34.995548 ], [ -90.234997, 34.995523 ], [ -90.231718, 34.995494 ], [ -90.229848, 34.995477 ], [ -90.226452, 34.995447 ], [ -90.225875, 34.995442 ], [ -90.225712, 34.995441 ], [ -90.225548, 34.99544 ], [ -90.224241, 34.995427 ], [ -90.223577, 34.995421 ], [ -90.222372, 34.995412 ], [ -90.222213, 34.99541 ], [ -90.221736, 34.995405 ], [ -90.221577, 34.995404 ], [ -90.221262, 34.995401 ], [ -90.220116, 34.99539 ], [ -90.219772, 34.995387 ], [ -90.216197, 34.995355 ], [ -90.215735, 34.995352 ], [ -90.214275, 34.995338 ], [ -90.211179, 34.995311 ], [ -90.211153, 34.995311 ], [ -90.201893, 34.995227 ], [ -90.199314, 34.995204 ], [ -90.198798, 34.9952 ], [ -90.198249, 34.995194 ], [ -90.196605, 34.995179 ], [ -90.196348, 34.995177 ], [ -90.196291, 34.995177 ], [ -90.196057, 34.995176 ], [ -90.195892, 34.995173 ], [ -90.195726, 34.995172 ], [ -90.187079, 34.995095 ], [ -90.167018, 34.994915 ], [ -90.160147, 34.99487 ], [ -90.151264, 34.994811 ], [ -90.15117, 34.99481 ], [ -90.150701, 34.994806 ], [ -90.149999, 34.994802 ], [ -90.149296, 34.994797 ], [ -90.149006, 34.994795 ], [ -90.148828, 34.994794 ], [ -90.148367, 34.99472 ], [ -90.148444, 34.994791 ], [ -90.148239, 34.994791 ], [ -90.146475, 34.994778 ], [ -90.145887, 34.994775 ], [ -90.145528, 34.994774 ], [ -90.144682, 34.994768 ], [ -90.144244, 34.994764 ], [ -90.142046, 34.994749 ], [ -90.139318, 34.99473 ], [ -90.137873, 34.994721 ], [ -90.137866, 34.994721 ], [ -90.137676, 34.99472 ], [ -90.137653, 34.99472 ], [ -90.137472, 34.994719 ], [ -90.137434, 34.994719 ], [ -90.136931, 34.994715 ], [ -90.136751, 34.994715 ], [ -90.136069, 34.994712 ], [ -90.134923, 34.994709 ], [ -90.134527, 34.994707 ], [ -90.131729, 34.994701 ], [ -90.12944, 34.994695 ], [ -90.129251, 34.994695 ], [ -90.129108, 34.994694 ], [ -90.128965, 34.994693 ], [ -90.127613, 34.99469 ], [ -90.12756, 34.99469 ], [ -90.127405, 34.99469 ], [ -90.127353, 34.994692 ], [ -90.127251, 34.994692 ], [ -90.124106, 34.994699 ], [ -90.123994, 34.994699 ], [ -90.123747, 34.994701 ], [ -90.1235, 34.994701 ], [ -90.122541, 34.994702 ], [ -90.122136, 34.994704 ], [ -90.117129, 34.994716 ], [ -90.11699, 34.994716 ], [ -90.116852, 34.994717 ], [ -90.116533, 34.994717 ], [ -90.11644, 34.994718 ], [ -90.116346, 34.994718 ], [ -90.115851, 34.99472 ], [ -90.115711, 34.994719 ], [ -90.110445, 34.994733 ], [ -90.108108, 34.994739 ], [ -90.103488, 34.994751 ], [ -90.103297, 34.994751 ], [ -90.101906, 34.994754 ], [ -90.097734, 34.994764 ], [ -90.096344, 34.994768 ], [ -90.096117, 34.994769 ], [ -90.095436, 34.994774 ], [ -90.095317, 34.994775 ], [ -90.09521, 34.994777 ], [ -90.093941, 34.994786 ], [ -90.091272, 34.994805 ], [ -90.090135, 34.994813 ], [ -90.088867, 34.994823 ], [ -90.088625, 34.994825 ], [ -90.087902, 34.994831 ], [ -90.087768, 34.994831 ], [ -90.087661, 34.994833 ], [ -90.087414, 34.994833 ], [ -90.086675, 34.994839 ], [ -90.086429, 34.994841 ], [ -90.084836, 34.994853 ], [ -90.080058, 34.994887 ], [ -90.078466, 34.994899 ], [ -90.075397, 34.994923 ], [ -90.067112, 34.994886 ], [ -90.066074, 34.994882 ], [ -90.06305, 34.99487 ], [ -90.06079, 34.994861 ], [ -90.054009, 34.994878 ], [ -90.053986, 34.994878 ], [ -90.052754, 34.994881 ], [ -90.044797, 34.994955 ], [ -90.043042, 34.994971 ], [ -90.041226, 34.994957 ], [ -90.041164, 34.994955 ], [ -90.031554, 34.99487 ], [ -90.031335, 34.994867 ], [ -90.030347, 34.994867 ], [ -90.025078, 34.994864 ], [ -90.023342, 34.994875 ], [ -90.018134, 34.994906 ], [ -90.016399, 34.994918 ], [ -90.015414, 34.994923 ], [ -90.012462, 34.994941 ], [ -90.011891, 34.994945 ], [ -90.011478, 34.994947 ], [ -90.01125, 34.994948 ], [ -90.010569, 34.994952 ], [ -90.010342, 34.994954 ], [ -90.01013, 34.994955 ], [ -90.009498, 34.994958 ], [ -90.009287, 34.99496 ], [ -90.009061, 34.994961 ], [ -90.008385, 34.994965 ], [ -90.00816, 34.994968 ], [ -90.007575, 34.994969 ], [ -90.006116, 34.994978 ], [ -90.005822, 34.994979 ], [ -90.005459, 34.994982 ], [ -90.005238, 34.994985 ], [ -90.004895, 34.994989 ], [ -90.003869, 34.994998 ], [ -90.003526, 34.994999 ], [ -90.003331, 34.995 ], [ -90.003037, 34.995002 ], [ -90.002702, 34.995006 ], [ -90.002555, 34.995007 ], [ -90.00227, 34.995008 ], [ -90.002128, 34.99501 ], [ -90.001997, 34.99501 ], [ -90.001948, 34.995011 ], [ -90.001835, 34.995012 ], [ -90.001739, 34.995013 ], [ -89.999373, 34.995028 ], [ -89.997619, 34.995041 ], [ -89.99325, 34.995072 ], [ -89.992277, 34.995078 ], [ -89.989912, 34.995095 ], [ -89.989911, 34.995193 ], [ -89.989911, 34.995485 ], [ -89.989911, 34.995582 ], [ -89.989901, 34.995742 ], [ -89.98985, 34.996223 ], [ -89.989834, 34.996384 ], [ -89.989788, 34.996848 ], [ -89.989787, 34.996862 ], [ -89.989791, 34.997342 ], [ -89.98988, 34.998227 ], [ -89.98988, 34.998245 ], [ -89.989906, 34.998712 ], [ -89.989912, 34.999091 ], [ -89.989905, 34.9998 ], [ -89.989903, 35.000006 ], [ -89.989895, 35.0028 ], [ -89.989896, 35.002972 ], [ -89.989895, 35.003065 ], [ -89.989892, 35.003692 ], [ -89.989892, 35.003996 ], [ -89.989892, 35.004019 ], [ -89.989892, 35.004154 ], [ -89.989894, 35.004619 ], [ -89.989896, 35.004816 ], [ -89.989895, 35.005399 ], [ -89.989893, 35.005578 ], [ -89.989888, 35.00602 ], [ -89.989885, 35.006411 ], [ -89.989883, 35.006487 ], [ -89.989879, 35.006676 ], [ -89.989877, 35.006828 ], [ -89.989882, 35.007247 ], [ -89.989885, 35.007439 ], [ -89.989887, 35.008223 ], [ -89.989888, 35.008356 ], [ -89.989883, 35.009664 ], [ -89.989879, 35.010579 ], [ -89.989876, 35.011271 ], [ -89.989876, 35.011319 ], [ -89.989876, 35.011365 ], [ -89.989876, 35.011436 ], [ -89.989876, 35.011651 ], [ -89.989876, 35.011723 ], [ -89.989876, 35.012018 ], [ -89.989876, 35.01211 ], [ -89.989873, 35.012904 ], [ -89.989873, 35.013199 ], [ -89.989871, 35.013295 ], [ -89.989867, 35.013588 ], [ -89.989867, 35.013613 ], [ -89.989866, 35.013686 ], [ -89.989856, 35.014038 ], [ -89.989855, 35.014102 ], [ -89.989853, 35.015352 ], [ -89.989853, 35.015394 ], [ -89.989852, 35.015769 ], [ -89.989851, 35.016376 ], [ -89.989849, 35.018203 ], [ -89.989849, 35.018811 ], [ -89.989844, 35.019259 ], [ -89.98983, 35.020605 ], [ -89.989826, 35.021054 ], [ -89.989825, 35.021124 ], [ -89.989825, 35.02159 ], [ -89.989825, 35.021885 ], [ -89.989825, 35.022616 ], [ -89.989825, 35.022962 ], [ -89.989826, 35.023358 ], [ -89.989826, 35.023421 ], [ -89.989826, 35.023564 ], [ -89.989827, 35.024382 ], [ -89.989828, 35.025213 ], [ -89.989828, 35.025651 ], [ -89.989831, 35.026812 ], [ -89.989831, 35.026967 ], [ -89.989833, 35.027406 ], [ -89.989832, 35.027548 ], [ -89.989832, 35.027769 ], [ -89.989832, 35.028864 ], [ -89.989832, 35.02923 ], [ -89.98983, 35.029408 ], [ -89.989828, 35.029945 ], [ -89.989828, 35.030125 ], [ -89.989828, 35.030305 ], [ -89.989831, 35.030843 ], [ -89.989832, 35.031023 ], [ -89.989831, 35.031937 ], [ -89.989831, 35.032622 ], [ -89.98983, 35.034675 ], [ -89.98983, 35.035055 ], [ -89.989828, 35.035589 ], [ -89.989969, 35.03559 ], [ -89.990284, 35.03559 ], [ -89.990988, 35.035595 ], [ -89.991143, 35.035593 ], [ -89.991636, 35.035595 ], [ -89.991655, 35.035595 ], [ -89.992113, 35.035596 ], [ -89.99213, 35.035595 ], [ -89.992184, 35.035595 ], [ -89.992202, 35.035595 ], [ -89.992222, 35.035595 ], [ -89.992394, 35.035594 ], [ -89.99277, 35.035594 ], [ -89.992973, 35.035593 ], [ -89.993166, 35.035593 ], [ -89.993363, 35.035593 ], [ -89.993956, 35.035596 ], [ -89.994154, 35.035598 ], [ -89.994535, 35.035596 ], [ -89.995679, 35.035596 ], [ -89.995978, 35.035596 ], [ -89.996061, 35.035596 ], [ -89.99617, 35.035595 ], [ -89.996499, 35.035594 ], [ -89.996609, 35.035594 ], [ -89.996892, 35.035594 ], [ -89.997744, 35.035595 ], [ -89.998028, 35.035596 ], [ -89.998359, 35.035594 ], [ -89.999356, 35.03559 ], [ -89.999688, 35.035588 ], [ -89.99974, 35.035585 ], [ -89.999899, 35.035578 ], [ -89.999922, 35.035577 ], [ -89.999952, 35.035577 ], [ -90.000006, 35.035579 ], [ -90.000027, 35.035581 ], [ -90.000138, 35.035596 ], [ -90.000254, 35.035595 ], [ -90.00033, 35.035595 ], [ -90.000747, 35.03559 ], [ -90.001526, 35.035584 ], [ -90.001955, 35.035584 ], [ -90.002001, 35.035584 ], [ -90.00242, 35.035585 ], [ -90.002487, 35.035584 ], [ -90.002501, 35.035776 ], [ -90.002589, 35.036448 ], [ -90.002644, 35.036771 ], [ -90.00275, 35.037264 ], [ -90.002779, 35.037397 ], [ -90.002922, 35.037945 ], [ -90.003109, 35.038483 ], [ -90.003202, 35.038725 ], [ -90.003473, 35.039361 ], [ -90.003623, 35.039677 ], [ -90.004028, 35.040459 ], [ -90.004305, 35.040934 ], [ -90.004603, 35.041396 ], [ -90.004928, 35.041867 ], [ -90.005537, 35.042755 ], [ -90.005896, 35.043277 ], [ -90.005772, 35.043329 ], [ -90.005699, 35.04335 ], [ -90.005273, 35.043481 ], [ -90.005131, 35.043526 ], [ -90.005013, 35.043565 ], [ -90.004856, 35.043617 ], [ -90.004654, 35.043662 ], [ -90.004531, 35.043678 ], [ -90.00454, 35.043777 ], [ -90.00454, 35.044189 ], [ -90.00454, 35.044917 ], [ -90.00453, 35.045724 ], [ -90.004525, 35.046236 ], [ -90.004519, 35.046442 ], [ -90.004514, 35.046627 ], [ -90.004515, 35.047059 ], [ -90.004516, 35.047267 ], [ -90.005115, 35.047266 ], [ -90.005233, 35.047266 ], [ -90.00563, 35.047278 ], [ -90.00578, 35.04729 ], [ -90.006202, 35.047391 ], [ -90.006314, 35.04741 ], [ -90.006898, 35.047418 ], [ -90.007497, 35.047429 ], [ -90.007508, 35.047105 ], [ -90.007514, 35.046957 ], [ -90.007557, 35.046276 ], [ -90.007556, 35.046132 ], [ -90.007554, 35.045808 ], [ -90.007553, 35.045761 ], [ -90.007552, 35.045661 ], [ -90.007552, 35.045583 ], [ -90.007549, 35.045286 ], [ -90.007547, 35.045223 ], [ -90.007545, 35.045077 ], [ -90.007541, 35.044973 ], [ -90.00753, 35.044706 ], [ -90.007516, 35.044351 ], [ -90.007509, 35.043596 ], [ -90.007506, 35.043227 ], [ -90.007578, 35.043227 ], [ -90.007746, 35.043227 ], [ -90.008467, 35.043227 ], [ -90.008708, 35.043228 ], [ -90.008981, 35.043228 ], [ -90.00915, 35.043209 ], [ -90.009753, 35.042969 ], [ -90.010007, 35.04287 ], [ -90.010269, 35.042761 ], [ -90.010697, 35.042587 ], [ -90.010889, 35.042522 ], [ -90.011055, 35.042489 ], [ -90.01107, 35.042489 ], [ -90.011354, 35.042476 ], [ -90.011579, 35.042477 ], [ -90.012255, 35.042485 ], [ -90.01236, 35.042486 ], [ -90.012481, 35.042486 ], [ -90.012701, 35.042487 ], [ -90.013362, 35.042488 ], [ -90.013583, 35.042489 ], [ -90.013805, 35.042486 ], [ -90.014474, 35.042482 ], [ -90.014697, 35.042482 ], [ -90.015592, 35.042489 ], [ -90.015646, 35.042491 ], [ -90.017985, 35.042496 ], [ -90.01828, 35.0425 ], [ -90.018943, 35.04251 ], [ -90.019176, 35.042507 ], [ -90.019784, 35.042508 ], [ -90.020722, 35.042513 ], [ -90.021608, 35.042516 ], [ -90.022216, 35.042518 ], [ -90.022329, 35.042517 ], [ -90.02267, 35.042515 ], [ -90.022784, 35.042513 ], [ -90.023013, 35.042513 ], [ -90.023703, 35.042516 ], [ -90.023933, 35.042516 ], [ -90.024169, 35.042516 ], [ -90.02488, 35.042516 ], [ -90.025031, 35.042517 ], [ -90.025117, 35.042517 ], [ -90.025116, 35.042859 ], [ -90.025114, 35.043881 ], [ -90.025114, 35.043941 ], [ -90.025116, 35.044223 ], [ -90.025116, 35.044297 ], [ -90.025116, 35.044518 ], [ -90.025116, 35.044593 ], [ -90.025115, 35.045026 ], [ -90.025115, 35.045131 ], [ -90.025113, 35.045617 ], [ -90.025112, 35.046422 ], [ -90.025107, 35.047843 ], [ -90.025095, 35.048688 ], [ -90.02509, 35.049108 ], [ -90.025083, 35.049713 ], [ -90.025081, 35.050029 ], [ -90.025078, 35.050976 ], [ -90.025077, 35.051292 ], [ -90.025078, 35.05154 ], [ -90.025072, 35.051804 ], [ -90.025043, 35.053337 ], [ -90.025042, 35.05343 ], [ -90.025025, 35.053848 ], [ -90.025021, 35.053929 ], [ -90.025012, 35.054179 ], [ -90.025009, 35.054263 ], [ -90.024965, 35.054676 ], [ -90.024931, 35.055006 ], [ -90.024817, 35.055913 ], [ -90.024804, 35.056019 ], [ -90.024753, 35.056324 ], [ -90.024721, 35.056548 ], [ -90.024695, 35.05668 ], [ -90.024517, 35.057634 ], [ -90.024491, 35.057744 ], [ -90.024409, 35.058096 ], [ -90.024293, 35.058574 ], [ -90.024023, 35.059694 ], [ -90.023949, 35.06001 ], [ -90.023854, 35.060423 ], [ -90.023839, 35.060491 ], [ -90.023822, 35.060559 ], [ -90.023782, 35.060733 ], [ -90.023674, 35.061215 ], [ -90.023658, 35.061279 ], [ -90.023615, 35.06146 ], [ -90.023557, 35.061704 ], [ -90.023607, 35.061706 ], [ -90.023677, 35.061712 ], [ -90.023804, 35.061718 ], [ -90.023979, 35.061729 ], [ -90.024213, 35.061732 ], [ -90.024424, 35.061724 ], [ -90.024549, 35.061712 ], [ -90.024626, 35.061706 ], [ -90.024719, 35.061698 ], [ -90.024796, 35.061687 ], [ -90.025127, 35.061645 ], [ -90.025342, 35.061619 ], [ -90.025489, 35.061602 ], [ -90.02593, 35.061585 ], [ -90.02699, 35.061611 ], [ -90.027541, 35.061625 ], [ -90.027664, 35.061628 ], [ -90.028034, 35.061637 ], [ -90.028158, 35.061639 ], [ -90.028231, 35.061642 ], [ -90.02845, 35.061648 ], [ -90.028524, 35.06165 ], [ -90.028971, 35.061659 ], [ -90.029405, 35.061667 ], [ -90.030312, 35.061691 ], [ -90.03076, 35.061704 ], [ -90.031213, 35.061716 ], [ -90.032224, 35.061746 ], [ -90.032572, 35.061753 ], [ -90.033026, 35.061764 ], [ -90.033395, 35.061774 ], [ -90.034502, 35.061802 ], [ -90.034872, 35.061812 ], [ -90.035095, 35.061817 ], [ -90.035766, 35.061836 ], [ -90.03599, 35.061841 ], [ -90.036492, 35.061854 ], [ -90.037998, 35.061893 ], [ -90.038501, 35.061906 ], [ -90.038965, 35.061917 ], [ -90.040359, 35.061951 ], [ -90.040824, 35.061962 ], [ -90.041935, 35.061989 ], [ -90.04258, 35.062006 ], [ -90.04322, 35.062022 ], [ -90.043827, 35.062061 ], [ -90.04435, 35.06212 ], [ -90.045254, 35.06226 ], [ -90.046353, 35.062432 ], [ -90.04681, 35.062501 ], [ -90.047664, 35.06263 ], [ -90.048181, 35.062711 ], [ -90.048525, 35.062763 ], [ -90.048639, 35.062781 ], [ -90.048822, 35.062805 ], [ -90.049045, 35.062836 ], [ -90.049276, 35.062864 ], [ -90.049374, 35.062871 ], [ -90.049559, 35.062886 ], [ -90.049887, 35.064611 ], [ -90.050121, 35.065835 ], [ -90.050294, 35.066713 ], [ -90.05043, 35.067403 ], [ -90.050871, 35.069786 ], [ -90.050907, 35.069981 ], [ -90.051177, 35.07142 ], [ -90.051194, 35.071514 ], [ -90.051212, 35.071605 ], [ -90.051227, 35.07168 ], [ -90.051328, 35.072184 ], [ -90.051362, 35.072351 ], [ -90.051478, 35.073037 ], [ -90.05155, 35.073459 ], [ -90.051711, 35.074247 ], [ -90.051883, 35.07508 ], [ -90.05192, 35.075255 ], [ -90.052008, 35.075764 ], [ -90.052953, 35.075638 ], [ -90.053315, 35.075592 ], [ -90.054327, 35.075415 ], [ -90.054936, 35.075283 ], [ -90.0552, 35.075226 ], [ -90.055761, 35.075091 ], [ -90.055926, 35.075053 ], [ -90.056691, 35.074875 ], [ -90.056785, 35.074856 ], [ -90.057036, 35.074807 ], [ -90.057068, 35.074799 ], [ -90.057163, 35.07478 ], [ -90.057238, 35.074971 ], [ -90.057252, 35.075007 ], [ -90.057359, 35.075239 ], [ -90.05749, 35.075426 ], [ -90.057542, 35.075483 ], [ -90.057555, 35.075494 ], [ -90.057714, 35.075626 ], [ -90.057734, 35.075643 ], [ -90.057726, 35.075711 ], [ -90.057705, 35.075882 ], [ -90.057665, 35.076212 ], [ -90.057615, 35.076577 ], [ -90.057605, 35.07666 ], [ -90.057581, 35.076811 ], [ -90.057742, 35.076991 ], [ -90.057824, 35.077081 ], [ -90.057841, 35.0771 ], [ -90.058182, 35.077478 ], [ -90.058685, 35.077897 ], [ -90.058824, 35.078013 ], [ -90.058983, 35.078147 ], [ -90.05978, 35.078306 ], [ -90.060426, 35.078437 ], [ -90.061455, 35.078663 ], [ -90.061923, 35.078706 ], [ -90.06218, 35.078707 ], [ -90.062994, 35.078711 ], [ -90.063002, 35.07891 ], [ -90.063028, 35.079509 ], [ -90.063037, 35.079709 ], [ -90.063041, 35.079809 ], [ -90.063052, 35.08007 ], [ -90.063054, 35.080109 ], [ -90.063055, 35.080126 ], [ -90.063059, 35.08021 ], [ -90.063061, 35.080279 ], [ -90.063069, 35.080489 ], [ -90.063072, 35.08056 ], [ -90.063073, 35.080597 ], [ -90.063077, 35.080714 ], [ -90.063079, 35.080754 ], [ -90.063082, 35.080834 ], [ -90.063084, 35.080877 ], [ -90.063088, 35.080938 ], [ -90.06311, 35.081196 ], [ -90.06312, 35.081243 ], [ -90.063146, 35.081364 ], [ -90.063209, 35.081569 ], [ -90.063343, 35.081994 ], [ -90.06335, 35.082044 ], [ -90.063399, 35.082181 ], [ -90.063471, 35.082383 ], [ -90.063475, 35.082397 ], [ -90.063489, 35.082435 ], [ -90.063494, 35.082449 ], [ -90.063522, 35.082529 ], [ -90.063602, 35.082757 ], [ -90.063726, 35.083084 ], [ -90.063871, 35.083467 ], [ -90.064356, 35.085015 ], [ -90.064451, 35.085316 ], [ -90.064517, 35.085673 ], [ -90.064532, 35.08575 ], [ -90.064568, 35.085876 ], [ -90.064745, 35.086479 ], [ -90.064805, 35.086681 ], [ -90.064879, 35.086951 ], [ -90.06491, 35.087114 ], [ -90.064974, 35.087342 ], [ -90.065039, 35.087522 ], [ -90.065116, 35.087675 ], [ -90.065268, 35.087872 ], [ -90.065434, 35.088043 ], [ -90.065619, 35.088226 ], [ -90.065781, 35.088445 ], [ -90.065896, 35.088667 ], [ -90.065951, 35.088828 ], [ -90.065982, 35.088975 ], [ -90.066025, 35.089481 ], [ -90.066031, 35.08954 ], [ -90.066047, 35.089616 ], [ -90.066134, 35.090022 ], [ -90.066163, 35.090159 ], [ -90.066192, 35.090294 ], [ -90.066279, 35.0907 ], [ -90.066309, 35.090837 ], [ -90.066344, 35.090981 ], [ -90.066429, 35.091333 ], [ -90.066464, 35.091414 ], [ -90.066524, 35.091552 ], [ -90.066599, 35.091679 ], [ -90.066643, 35.091736 ], [ -90.067044, 35.092264 ], [ -90.067178, 35.092441 ], [ -90.06719, 35.092458 ], [ -90.067226, 35.092512 ], [ -90.067238, 35.092531 ], [ -90.067256, 35.092557 ], [ -90.067264, 35.092572 ], [ -90.067341, 35.092698 ], [ -90.067367, 35.092741 ], [ -90.067408, 35.092838 ], [ -90.067437, 35.092906 ], [ -90.067454, 35.092965 ], [ -90.067505, 35.09314 ], [ -90.067511, 35.093246 ], [ -90.067512, 35.093277 ], [ -90.067516, 35.093342 ], [ -90.067507, 35.093449 ], [ -90.067483, 35.093785 ], [ -90.067459, 35.094052 ], [ -90.067457, 35.094063 ], [ -90.06745, 35.09415 ], [ -90.067438, 35.094268 ], [ -90.067531, 35.094276 ], [ -90.067576, 35.094279 ], [ -90.067717, 35.09429 ], [ -90.067811, 35.094297 ], [ -90.067905, 35.094306 ], [ -90.068354, 35.094341 ], [ -90.069701, 35.094446 ], [ -90.070151, 35.094482 ], [ -90.070647, 35.094521 ], [ -90.07081, 35.094533 ], [ -90.071749, 35.09461 ], [ -90.071959, 35.094632 ], [ -90.072134, 35.09466 ], [ -90.072626, 35.094741 ], [ -90.072797, 35.094762 ], [ -90.07301, 35.094791 ], [ -90.073312, 35.094803 ], [ -90.073485, 35.094811 ], [ -90.073655, 35.094814 ], [ -90.074167, 35.094822 ], [ -90.074338, 35.094825 ], [ -90.074509, 35.094828 ], [ -90.075022, 35.094839 ], [ -90.075193, 35.094843 ], [ -90.075369, 35.094845 ], [ -90.0759, 35.094848 ], [ -90.076077, 35.09485 ], [ -90.07614, 35.09485 ], [ -90.076332, 35.094853 ], [ -90.076396, 35.094855 ], [ -90.07633, 35.096312 ], [ -90.076225, 35.098684 ], [ -90.076204, 35.09916 ], [ -90.076136, 35.10069 ], [ -90.076072, 35.102148 ], [ -90.075931, 35.102139 ], [ -90.075889, 35.102138 ], [ -90.075509, 35.102123 ], [ -90.075369, 35.102117 ], [ -90.075296, 35.102115 ], [ -90.075079, 35.102113 ], [ -90.075007, 35.102111 ], [ -90.074649, 35.1021 ], [ -90.073577, 35.102069 ], [ -90.07322, 35.102059 ], [ -90.072955, 35.102052 ], [ -90.07216, 35.102027 ], [ -90.071896, 35.102021 ], [ -90.071691, 35.102013 ], [ -90.071079, 35.101988 ], [ -90.070875, 35.10198 ], [ -90.070715, 35.101971 ], [ -90.070235, 35.101945 ], [ -90.070076, 35.101935 ], [ -90.069981, 35.101931 ], [ -90.069697, 35.10192 ], [ -90.069603, 35.101917 ], [ -90.069207, 35.101898 ], [ -90.06878, 35.101881 ], [ -90.068022, 35.101845 ], [ -90.067628, 35.101828 ], [ -90.067549, 35.101826 ], [ -90.067312, 35.101816 ], [ -90.067234, 35.101814 ], [ -90.06701, 35.101805 ], [ -90.066301, 35.101775 ], [ -90.065657, 35.101751 ], [ -90.06552, 35.101746 ], [ -90.065412, 35.101743 ], [ -90.065095, 35.101723 ], [ -90.064989, 35.101715 ], [ -90.064985, 35.101806 ], [ -90.064975, 35.102081 ], [ -90.064972, 35.102173 ], [ -90.064965, 35.102326 ], [ -90.064947, 35.102788 ], [ -90.064941, 35.102944 ], [ -90.064933, 35.103137 ], [ -90.064912, 35.103719 ], [ -90.064906, 35.103915 ], [ -90.064899, 35.104083 ], [ -90.064882, 35.104588 ], [ -90.064876, 35.104757 ], [ -90.064871, 35.104868 ], [ -90.064858, 35.105201 ], [ -90.064854, 35.105314 ], [ -90.064846, 35.105508 ], [ -90.064826, 35.106095 ], [ -90.064819, 35.106291 ], [ -90.064814, 35.106392 ], [ -90.064803, 35.106696 ], [ -90.0648, 35.106799 ], [ -90.064793, 35.106998 ], [ -90.064774, 35.107594 ], [ -90.064768, 35.107794 ], [ -90.064889, 35.107796 ], [ -90.065252, 35.107803 ], [ -90.065373, 35.107806 ], [ -90.065431, 35.107807 ], [ -90.065605, 35.10781 ], [ -90.065664, 35.107813 ], [ -90.06608, 35.107824 ], [ -90.067422, 35.107855 ], [ -90.067455, 35.107852 ], [ -90.067513, 35.107856 ], [ -90.069151, 35.107886 ], [ -90.069626, 35.107896 ], [ -90.06978, 35.1079 ], [ -90.070243, 35.107909 ], [ -90.070398, 35.107913 ], [ -90.070915, 35.107924 ], [ -90.072469, 35.107957 ], [ -90.072987, 35.107968 ], [ -90.073186, 35.107972 ], [ -90.073783, 35.107987 ], [ -90.073983, 35.107994 ], [ -90.074072, 35.107997 ], [ -90.074086, 35.108002 ], [ -90.074133, 35.107999 ], [ -90.074194, 35.108 ], [ -90.074383, 35.108002 ], [ -90.074484, 35.108003 ], [ -90.074579, 35.108004 ], [ -90.074606, 35.108006 ], [ -90.074903, 35.108018 ], [ -90.074974, 35.108021 ], [ -90.075008, 35.108024 ], [ -90.075097, 35.108028 ], [ -90.075129, 35.10803 ], [ -90.075228, 35.108033 ], [ -90.075261, 35.108034 ], [ -90.075306, 35.108034 ], [ -90.075443, 35.108038 ], [ -90.075489, 35.108039 ], [ -90.075562, 35.108041 ], [ -90.075582, 35.108041 ], [ -90.075666, 35.108042 ], [ -90.075783, 35.108043 ], [ -90.075857, 35.108047 ], [ -90.076082, 35.108055 ], [ -90.07634, 35.108064 ], [ -90.07676, 35.108076 ], [ -90.076885, 35.108081 ], [ -90.076987, 35.108084 ], [ -90.077325, 35.108086 ], [ -90.077683, 35.108093 ], [ -90.077713, 35.108094 ], [ -90.078304, 35.108121 ], [ -90.079894, 35.108149 ], [ -90.080621, 35.108162 ], [ -90.080786, 35.108155 ], [ -90.081281, 35.108134 ], [ -90.081447, 35.108129 ], [ -90.081795, 35.108608 ], [ -90.082291, 35.109291 ], [ -90.082378, 35.109308 ], [ -90.082592, 35.10922 ], [ -90.082805, 35.109243 ], [ -90.083033, 35.109336 ], [ -90.083126, 35.109386 ], [ -90.083176, 35.109386 ], [ -90.0832, 35.109386 ], [ -90.083454, 35.109275 ], [ -90.083594, 35.10915 ], [ -90.083659, 35.109068 ], [ -90.083737, 35.109482 ], [ -90.083973, 35.11073 ], [ -90.084052, 35.111146 ], [ -90.084058, 35.111181 ], [ -90.084079, 35.111287 ], [ -90.084086, 35.111323 ], [ -90.084382, 35.112337 ], [ -90.085272, 35.115382 ], [ -90.085569, 35.116397 ], [ -90.085798, 35.117075 ], [ -90.086486, 35.119107 ], [ -90.086549, 35.119293 ], [ -90.087422, 35.118899 ], [ -90.089673, 35.11806 ], [ -90.093123, 35.117605 ], [ -90.09406, 35.117576 ], [ -90.094062, 35.117575 ], [ -90.095015, 35.117542 ], [ -90.097173, 35.117633 ], [ -90.099, 35.117863 ] ] ] } },
{ "type": "Feature", "properties": { "ShelbyCoun": "2" }, "geometry": { "type": "Polygon", "coordinates": [ [ [ -89.669605, 35.210542 ], [ -89.669935, 35.21058 ], [ -89.67061, 35.210653 ], [ -89.672103, 35.210831 ], [ -89.673212, 35.210981 ], [ -89.674275, 35.211109 ], [ -89.674836, 35.211178 ], [ -89.675719, 35.211259 ], [ -89.676435, 35.211275 ], [ -89.676591, 35.211275 ], [ -89.67722, 35.211239 ], [ -89.677728, 35.21118 ], [ -89.678745, 35.211037 ], [ -89.680193, 35.210836 ], [ -89.680744, 35.210733 ], [ -89.681028, 35.210681 ], [ -89.681194, 35.210642 ], [ -89.681237, 35.210145 ], [ -89.681252, 35.209651 ], [ -89.681295, 35.208633 ], [ -89.681315, 35.20818 ], [ -89.681309, 35.207443 ], [ -89.681364, 35.205963 ], [ -89.681375, 35.204743 ], [ -89.681471, 35.2026 ], [ -89.681558, 35.200661 ], [ -89.681561, 35.200591 ], [ -89.681563, 35.200549 ], [ -89.681564, 35.200525 ], [ -89.681566, 35.200435 ], [ -89.681644, 35.200427 ], [ -89.681997, 35.200364 ], [ -89.683623, 35.200073 ], [ -89.683999, 35.200052 ], [ -89.687499, 35.199382 ], [ -89.687721, 35.19932 ], [ -89.688661, 35.199065 ], [ -89.69182, 35.198206 ], [ -89.693342, 35.197871 ], [ -89.69452, 35.197629 ], [ -89.695417, 35.197426 ], [ -89.696563, 35.197139 ], [ -89.697377, 35.196937 ], [ -89.697732, 35.196867 ], [ -89.698247, 35.196717 ], [ -89.700141, 35.196261 ], [ -89.700301, 35.196218 ], [ -89.701793, 35.195873 ], [ -89.701789, 35.196245 ], [ -89.704706, 35.195572 ], [ -89.706598, 35.195136 ], [ -89.709404, 35.194489 ], [ -89.709788, 35.194322 ], [ -89.710054, 35.194206 ], [ -89.710058, 35.194105 ], [ -89.716005, 35.191946 ], [ -89.717739, 35.191236 ], [ -89.719237, 35.190622 ], [ -89.719291, 35.190591 ], [ -89.719391, 35.190518 ], [ -89.719466, 35.190447 ], [ -89.719547, 35.190341 ], [ -89.7196, 35.190241 ], [ -89.719634, 35.190134 ], [ -89.719647, 35.190042 ], [ -89.719648, 35.189952 ], [ -89.719493, 35.189297 ], [ -89.719503, 35.189215 ], [ -89.719469, 35.189039 ], [ -89.719449, 35.188848 ], [ -89.719396, 35.188688 ], [ -89.719342, 35.188325 ], [ -89.719371, 35.188128 ], [ -89.719648, 35.187706 ], [ -89.720091, 35.187033 ], [ -89.720774, 35.18665 ], [ -89.720775, 35.18665 ], [ -89.723061, 35.186189 ], [ -89.723084, 35.186185 ], [ -89.723093, 35.185133 ], [ -89.725507, 35.183295 ], [ -89.725564, 35.183248 ], [ -89.725655, 35.183175 ], [ -89.725665, 35.183085 ], [ -89.725793, 35.181925 ], [ -89.725836, 35.181539 ], [ -89.725859, 35.181363 ], [ -89.725933, 35.180635 ], [ -89.725957, 35.1804 ], [ -89.726034, 35.179248 ], [ -89.726034, 35.178939 ], [ -89.725891, 35.177969 ], [ -89.725875, 35.177857 ], [ -89.725778, 35.177056 ], [ -89.725732, 35.176717 ], [ -89.725704, 35.176537 ], [ -89.725629, 35.176184 ], [ -89.725538, 35.17587 ], [ -89.725481, 35.175698 ], [ -89.725428, 35.175548 ], [ -89.725304, 35.175249 ], [ -89.725276, 35.175208 ], [ -89.725179, 35.175061 ], [ -89.725014, 35.174885 ], [ -89.724847, 35.174765 ], [ -89.724124, 35.174313 ], [ -89.723772, 35.174125 ], [ -89.723467, 35.174004 ], [ -89.723118, 35.173901 ], [ -89.722491, 35.173769 ], [ -89.722264, 35.173701 ], [ -89.721964, 35.173576 ], [ -89.721825, 35.173507 ], [ -89.721624, 35.173379 ], [ -89.721421, 35.173218 ], [ -89.721291, 35.173085 ], [ -89.721148, 35.172902 ], [ -89.720981, 35.172606 ], [ -89.720906, 35.172473 ], [ -89.720798, 35.172304 ], [ -89.720756, 35.172238 ], [ -89.720581, 35.172033 ], [ -89.720546, 35.171994 ], [ -89.720213, 35.171641 ], [ -89.720037, 35.171484 ], [ -89.719844, 35.171352 ], [ -89.719617, 35.171236 ], [ -89.719402, 35.171158 ], [ -89.719188, 35.17113 ], [ -89.718981, 35.171138 ], [ -89.717937, 35.171291 ], [ -89.717883, 35.171301 ], [ -89.717813, 35.171309 ], [ -89.717514, 35.171324 ], [ -89.716092, 35.171214 ], [ -89.715942, 35.171191 ], [ -89.715787, 35.171139 ], [ -89.715507, 35.170994 ], [ -89.715307, 35.170865 ], [ -89.714738, 35.170428 ], [ -89.714197, 35.170018 ], [ -89.713585, 35.169598 ], [ -89.713171, 35.169303 ], [ -89.713033, 35.169177 ], [ -89.712846, 35.168974 ], [ -89.71253, 35.168534 ], [ -89.712231, 35.168073 ], [ -89.712193, 35.168014 ], [ -89.712134, 35.167922 ], [ -89.712058, 35.167795 ], [ -89.71201, 35.167715 ], [ -89.711453, 35.166782 ], [ -89.711372, 35.166647 ], [ -89.711272, 35.16648 ], [ -89.711021, 35.166038 ], [ -89.710984, 35.165973 ], [ -89.710948, 35.1659 ], [ -89.710893, 35.165778 ], [ -89.710814, 35.165507 ], [ -89.710795, 35.165395 ], [ -89.710781, 35.16498 ], [ -89.710783, 35.164916 ], [ -89.710799, 35.164525 ], [ -89.710803, 35.164434 ], [ -89.710825, 35.163923 ], [ -89.710828, 35.163843 ], [ -89.71083, 35.163799 ], [ -89.710833, 35.163732 ], [ -89.710856, 35.163092 ], [ -89.710886, 35.162335 ], [ -89.710932, 35.161489 ], [ -89.710936, 35.161297 ], [ -89.710923, 35.161083 ], [ -89.710883, 35.160868 ], [ -89.710806, 35.16065 ], [ -89.710685, 35.160438 ], [ -89.710552, 35.160266 ], [ -89.71023, 35.159948 ], [ -89.710026, 35.159715 ], [ -89.709907, 35.159517 ], [ -89.709864, 35.159395 ], [ -89.709838, 35.159321 ], [ -89.709747, 35.158845 ], [ -89.709971, 35.159015 ], [ -89.710286, 35.159224 ], [ -89.710394, 35.159275 ], [ -89.710456, 35.159305 ], [ -89.710647, 35.159352 ], [ -89.710902, 35.159368 ], [ -89.712721, 35.159318 ], [ -89.713501, 35.159298 ], [ -89.714144, 35.159284 ], [ -89.714509, 35.159275 ], [ -89.714529, 35.159276 ], [ -89.715453, 35.15926 ], [ -89.715943, 35.159271 ], [ -89.716075, 35.159284 ], [ -89.71626, 35.159302 ], [ -89.716708, 35.159402 ], [ -89.716975, 35.159489 ], [ -89.717063, 35.159517 ], [ -89.717336, 35.159607 ], [ -89.717784, 35.159737 ], [ -89.717825, 35.159748 ], [ -89.718058, 35.159802 ], [ -89.718164, 35.15982 ], [ -89.718307, 35.159847 ], [ -89.718446, 35.159859 ], [ -89.718484, 35.159862 ], [ -89.718592, 35.159873 ], [ -89.718727, 35.159886 ], [ -89.718853, 35.159889 ], [ -89.71941, 35.159904 ], [ -89.719638, 35.159909 ], [ -89.7199, 35.159915 ], [ -89.720263, 35.159924 ], [ -89.720933, 35.159943 ], [ -89.721048, 35.159945 ], [ -89.721148, 35.159946 ], [ -89.721424, 35.159951 ], [ -89.721635, 35.159954 ], [ -89.721827, 35.159955 ], [ -89.722375, 35.159965 ], [ -89.722677, 35.159971 ], [ -89.722743, 35.159972 ], [ -89.722957, 35.159977 ], [ -89.723169, 35.159984 ], [ -89.72394, 35.160004 ], [ -89.725997, 35.160062 ], [ -89.726558, 35.160078 ], [ -89.727102, 35.160087 ], [ -89.727522, 35.160094 ], [ -89.727519, 35.159712 ], [ -89.727517, 35.159406 ], [ -89.727506, 35.158825 ], [ -89.727485, 35.157731 ], [ -89.727483, 35.157612 ], [ -89.727482, 35.157394 ], [ -89.727481, 35.157128 ], [ -89.727478, 35.156485 ], [ -89.727476, 35.155856 ], [ -89.727509, 35.155021 ], [ -89.727561, 35.153754 ], [ -89.727541, 35.153401 ], [ -89.727385, 35.15255 ], [ -89.727379, 35.152521 ], [ -89.727351, 35.152248 ], [ -89.727345, 35.152182 ], [ -89.727302, 35.150652 ], [ -89.727298, 35.150067 ], [ -89.727275, 35.149648 ], [ -89.727263, 35.149583 ], [ -89.727221, 35.149349 ], [ -89.727157, 35.149156 ], [ -89.72696, 35.14875 ], [ -89.726592, 35.147966 ], [ -89.726538, 35.147838 ], [ -89.726332, 35.147343 ], [ -89.726258, 35.147075 ], [ -89.726238, 35.146851 ], [ -89.726275, 35.146369 ], [ -89.726281, 35.146116 ], [ -89.726307, 35.145983 ], [ -89.726374, 35.145672 ], [ -89.726466, 35.145428 ], [ -89.726585, 35.145195 ], [ -89.726811, 35.144911 ], [ -89.727029, 35.144638 ], [ -89.727168, 35.1444 ], [ -89.727241, 35.144222 ], [ -89.727307, 35.143891 ], [ -89.727519, 35.142443 ], [ -89.727665, 35.140996 ], [ -89.727898, 35.137266 ], [ -89.727903, 35.136738 ], [ -89.727925, 35.135712 ], [ -89.727938, 35.135131 ], [ -89.727955, 35.134709 ], [ -89.72798, 35.134195 ], [ -89.727986, 35.134074 ], [ -89.72799, 35.133561 ], [ -89.727989, 35.133299 ], [ -89.728001, 35.1326 ], [ -89.72802, 35.131842 ], [ -89.728034, 35.131051 ], [ -89.728062, 35.129498 ], [ -89.72808, 35.12877 ], [ -89.728108, 35.127699 ], [ -89.728138, 35.126588 ], [ -89.728158, 35.125861 ], [ -89.728159, 35.125828 ], [ -89.728168, 35.125391 ], [ -89.728191, 35.124399 ], [ -89.728198, 35.123987 ], [ -89.728208, 35.123518 ], [ -89.728215, 35.123123 ], [ -89.728207, 35.122792 ], [ -89.728173, 35.122588 ], [ -89.728103, 35.122428 ], [ -89.728091, 35.122411 ], [ -89.727983, 35.12227 ], [ -89.727879, 35.122173 ], [ -89.727746, 35.122093 ], [ -89.727628, 35.122051 ], [ -89.727153, 35.121975 ], [ -89.726955, 35.121911 ], [ -89.726835, 35.121851 ], [ -89.726667, 35.12173 ], [ -89.726568, 35.121638 ], [ -89.726251, 35.121353 ], [ -89.725815, 35.121026 ], [ -89.725619, 35.120827 ], [ -89.725382, 35.120546 ], [ -89.724984, 35.120069 ], [ -89.72467, 35.119671 ], [ -89.724332, 35.119234 ], [ -89.72415, 35.118998 ], [ -89.723836, 35.118541 ], [ -89.723738, 35.118389 ], [ -89.72349, 35.117843 ], [ -89.723479, 35.117826 ], [ -89.72337, 35.117658 ], [ -89.7233, 35.117584 ], [ -89.72311, 35.117424 ], [ -89.723064, 35.11732 ], [ -89.72305, 35.117233 ], [ -89.723057, 35.117056 ], [ -89.723058, 35.116937 ], [ -89.723066, 35.116217 ], [ -89.723066, 35.116063 ], [ -89.723066, 35.115443 ], [ -89.723066, 35.11524 ], [ -89.723086, 35.114945 ], [ -89.723127, 35.114715 ], [ -89.723204, 35.114522 ], [ -89.723309, 35.114373 ], [ -89.72343, 35.114267 ], [ -89.723639, 35.114132 ], [ -89.724942, 35.113405 ], [ -89.725013, 35.113367 ], [ -89.725376, 35.113198 ], [ -89.72561, 35.113132 ], [ -89.725841, 35.113097 ], [ -89.726039, 35.113084 ], [ -89.726394, 35.113102 ], [ -89.726607, 35.113124 ], [ -89.727166, 35.113181 ], [ -89.727346, 35.113173 ], [ -89.727406, 35.113161 ], [ -89.727571, 35.113108 ], [ -89.727704, 35.113046 ], [ -89.728433, 35.112648 ], [ -89.729334, 35.112173 ], [ -89.729646, 35.111991 ], [ -89.729826, 35.111858 ], [ -89.730003, 35.111688 ], [ -89.730473, 35.111167 ], [ -89.730714, 35.110999 ], [ -89.73111, 35.110817 ], [ -89.731682, 35.110612 ], [ -89.731556, 35.110249 ], [ -89.731503, 35.110034 ], [ -89.731457, 35.109797 ], [ -89.731381, 35.109102 ], [ -89.731464, 35.107579 ], [ -89.731533, 35.106222 ], [ -89.731553, 35.105792 ], [ -89.731545, 35.105638 ], [ -89.732452, 35.107448 ], [ -89.732764, 35.108075 ], [ -89.732826, 35.108199 ], [ -89.733152, 35.108838 ], [ -89.733605, 35.109718 ], [ -89.733735, 35.10997 ], [ -89.733893, 35.110211 ], [ -89.733982, 35.110327 ], [ -89.734078, 35.110439 ], [ -89.734125, 35.110484 ], [ -89.734178, 35.110523 ], [ -89.734236, 35.110557 ], [ -89.734299, 35.110585 ], [ -89.734305, 35.110588 ], [ -89.734354, 35.110604 ], [ -89.734365, 35.110608 ], [ -89.734373, 35.110609 ], [ -89.734434, 35.110622 ], [ -89.734497, 35.110631 ], [ -89.734504, 35.110631 ], [ -89.734513, 35.110632 ], [ -89.734565, 35.110633 ], [ -89.734576, 35.110633 ], [ -89.734587, 35.110633 ], [ -89.734637, 35.110629 ], [ -89.734647, 35.110628 ], [ -89.734652, 35.110627 ], [ -89.734759, 35.110606 ], [ -89.73476, 35.110605 ], [ -89.734761, 35.110605 ], [ -89.734821, 35.110585 ], [ -89.734851, 35.110571 ], [ -89.734852, 35.110572 ], [ -89.735718, 35.110746 ], [ -89.736163, 35.110841 ], [ -89.736392, 35.110873 ], [ -89.736725, 35.110796 ], [ -89.736998, 35.110662 ], [ -89.737182, 35.110518 ], [ -89.73741, 35.110239 ], [ -89.737527, 35.109899 ], [ -89.737599, 35.109511 ], [ -89.737583, 35.109461 ], [ -89.737377, 35.108832 ], [ -89.737937, 35.108863 ], [ -89.738097, 35.10892 ], [ -89.738422, 35.109032 ], [ -89.738906, 35.109284 ], [ -89.739124, 35.109418 ], [ -89.739509, 35.109575 ], [ -89.739763, 35.109561 ], [ -89.739991, 35.109454 ], [ -89.740134, 35.1093 ], [ -89.740325, 35.108928 ], [ -89.74047, 35.108539 ], [ -89.740573, 35.108387 ], [ -89.740836, 35.108141 ], [ -89.741173, 35.107914 ], [ -89.741511, 35.107577 ], [ -89.74176, 35.107397 ], [ -89.74186, 35.107366 ], [ -89.742067, 35.10735 ], [ -89.742323, 35.107187 ], [ -89.742812, 35.107028 ], [ -89.743173, 35.106992 ], [ -89.743547, 35.106957 ], [ -89.743901, 35.106955 ], [ -89.744235, 35.106896 ], [ -89.744544, 35.106789 ], [ -89.745094, 35.106536 ], [ -89.745295, 35.106489 ], [ -89.745497, 35.106438 ], [ -89.746594, 35.106164 ], [ -89.747149, 35.106077 ], [ -89.74735, 35.106018 ], [ -89.7483, 35.105806 ], [ -89.74865, 35.105725 ], [ -89.749117, 35.105571 ], [ -89.749627, 35.105522 ], [ -89.749867, 35.105435 ], [ -89.749895, 35.10564 ], [ -89.750024, 35.105607 ], [ -89.750447, 35.105488 ], [ -89.751337, 35.105276 ], [ -89.752153, 35.105112 ], [ -89.754421, 35.104654 ], [ -89.754508, 35.104642 ], [ -89.754552, 35.104642 ], [ -89.75464, 35.104648 ], [ -89.754707, 35.104661 ], [ -89.754897, 35.10457 ], [ -89.755021, 35.104532 ], [ -89.757124, 35.104104 ], [ -89.757205, 35.104074 ], [ -89.757265, 35.104042 ], [ -89.757309, 35.104043 ], [ -89.757397, 35.104038 ], [ -89.757555, 35.104004 ], [ -89.757764, 35.103961 ], [ -89.759142, 35.10368 ], [ -89.759607, 35.103586 ], [ -89.760785, 35.103346 ], [ -89.760829, 35.103341 ], [ -89.760917, 35.103342 ], [ -89.761004, 35.103356 ], [ -89.761092, 35.103381 ], [ -89.761082, 35.103577 ], [ -89.761073, 35.103772 ], [ -89.761058, 35.104076 ], [ -89.761055, 35.104135 ], [ -89.761052, 35.104195 ], [ -89.761047, 35.104292 ], [ -89.761035, 35.104555 ], [ -89.761033, 35.104602 ], [ -89.76103, 35.104661 ], [ -89.761027, 35.104721 ], [ -89.760962, 35.106055 ], [ -89.760863, 35.10808 ], [ -89.760853, 35.108286 ], [ -89.760806, 35.109255 ], [ -89.760807, 35.109345 ], [ -89.760809, 35.109435 ], [ -89.760812, 35.109616 ], [ -89.760814, 35.109707 ], [ -89.760771, 35.10995 ], [ -89.76076, 35.110049 ], [ -89.760659, 35.110156 ], [ -89.760627, 35.110191 ], [ -89.760625, 35.110211 ], [ -89.760613, 35.110464 ], [ -89.760607, 35.111008 ], [ -89.760597, 35.111856 ], [ -89.760598, 35.1119 ], [ -89.760599, 35.111933 ], [ -89.760602, 35.112067 ], [ -89.7606, 35.112291 ], [ -89.760598, 35.112463 ], [ -89.760575, 35.112904 ], [ -89.760592, 35.11345 ], [ -89.760604, 35.113546 ], [ -89.760632, 35.113766 ], [ -89.760811, 35.114815 ], [ -89.760888, 35.115268 ], [ -89.760923, 35.115626 ], [ -89.760907, 35.116009 ], [ -89.760842, 35.116771 ], [ -89.760809, 35.117168 ], [ -89.760742, 35.11785 ], [ -89.760825, 35.117849 ], [ -89.76093, 35.117841 ], [ -89.761043, 35.11784 ], [ -89.761167, 35.117835 ], [ -89.761445, 35.117824 ], [ -89.761933, 35.117788 ], [ -89.762168, 35.117756 ], [ -89.762441, 35.117733 ], [ -89.762866, 35.117697 ], [ -89.763055, 35.117673 ], [ -89.763625, 35.117607 ], [ -89.763815, 35.117587 ], [ -89.763985, 35.117568 ], [ -89.764237, 35.117559 ], [ -89.764426, 35.117565 ], [ -89.765509, 35.117587 ], [ -89.765933, 35.117596 ], [ -89.76605, 35.117598 ], [ -89.766404, 35.117607 ], [ -89.766522, 35.11761 ], [ -89.766674, 35.117613 ], [ -89.76713, 35.117618 ], [ -89.767283, 35.117621 ], [ -89.76767, 35.117625 ], [ -89.768832, 35.117641 ], [ -89.76922, 35.117646 ], [ -89.769391, 35.11765 ], [ -89.769907, 35.117662 ], [ -89.770079, 35.117666 ], [ -89.770348, 35.117672 ], [ -89.770566, 35.117677 ], [ -89.771158, 35.117689 ], [ -89.771428, 35.117697 ], [ -89.771418, 35.118511 ], [ -89.771416, 35.118705 ], [ -89.771404, 35.119431 ], [ -89.77138, 35.120959 ], [ -89.771368, 35.121775 ], [ -89.771367, 35.121848 ], [ -89.771365, 35.122073 ], [ -89.771365, 35.122147 ], [ -89.771364, 35.122223 ], [ -89.771363, 35.122253 ], [ -89.771362, 35.122276 ], [ -89.771361, 35.122356 ], [ -89.771351, 35.122985 ], [ -89.771348, 35.123195 ], [ -89.771344, 35.123351 ], [ -89.771338, 35.123625 ], [ -89.771321, 35.123821 ], [ -89.771308, 35.123977 ], [ -89.771284, 35.124242 ], [ -89.771214, 35.125034 ], [ -89.771191, 35.125299 ], [ -89.771168, 35.125524 ], [ -89.771118, 35.126024 ], [ -89.77108, 35.126196 ], [ -89.771033, 35.126418 ], [ -89.770966, 35.126628 ], [ -89.770786, 35.127198 ], [ -89.770774, 35.12726 ], [ -89.770755, 35.127372 ], [ -89.770737, 35.127479 ], [ -89.77103, 35.127454 ], [ -89.771339, 35.127443 ], [ -89.771408, 35.127446 ], [ -89.771725, 35.12746 ], [ -89.772318, 35.127477 ], [ -89.773427, 35.127516 ], [ -89.7741, 35.127539 ], [ -89.774537, 35.12756 ], [ -89.774769, 35.127572 ], [ -89.775479, 35.127642 ], [ -89.775645, 35.127662 ], [ -89.775845, 35.127685 ], [ -89.776281, 35.127736 ], [ -89.776625, 35.127782 ], [ -89.777045, 35.12784 ], [ -89.777203, 35.127877 ], [ -89.777571, 35.12798 ], [ -89.777643, 35.128006 ], [ -89.777972, 35.128119 ], [ -89.778306, 35.128248 ], [ -89.778538, 35.128352 ], [ -89.779079, 35.128595 ], [ -89.77948, 35.128775 ], [ -89.779847, 35.128969 ], [ -89.780194, 35.129154 ], [ -89.780262, 35.129191 ], [ -89.78029, 35.129235 ], [ -89.780359, 35.129342 ], [ -89.780681, 35.129497 ], [ -89.78084, 35.129565 ], [ -89.780972, 35.129621 ], [ -89.781164, 35.12969 ], [ -89.78133, 35.129741 ], [ -89.7814, 35.129762 ], [ -89.781497, 35.129789 ], [ -89.781644, 35.129828 ], [ -89.781716, 35.129841 ], [ -89.782093, 35.129914 ], [ -89.782387, 35.129953 ], [ -89.782612, 35.129984 ], [ -89.782622, 35.129932 ], [ -89.782639, 35.129841 ], [ -89.783211, 35.129922 ], [ -89.78367, 35.129981 ], [ -89.784421, 35.130061 ], [ -89.78531, 35.130171 ], [ -89.785308, 35.130181 ], [ -89.785295, 35.130249 ], [ -89.785284, 35.130312 ], [ -89.785248, 35.130504 ], [ -89.785174, 35.13091 ], [ -89.785126, 35.131071 ], [ -89.785105, 35.131144 ], [ -89.785057, 35.131254 ], [ -89.785362, 35.131386 ], [ -89.78547, 35.131432 ], [ -89.786291, 35.131758 ], [ -89.786601, 35.131882 ], [ -89.786779, 35.131951 ], [ -89.787245, 35.132131 ], [ -89.787315, 35.13216 ], [ -89.787493, 35.13223 ], [ -89.787648, 35.132292 ], [ -89.788116, 35.13248 ], [ -89.788167, 35.132501 ], [ -89.788272, 35.132545 ], [ -89.788618, 35.132686 ], [ -89.789107, 35.132884 ], [ -89.789633, 35.133102 ], [ -89.789973, 35.133243 ], [ -89.79001, 35.133259 ], [ -89.790122, 35.133308 ], [ -89.79016, 35.133325 ], [ -89.790183, 35.133334 ], [ -89.790252, 35.133364 ], [ -89.790275, 35.133373 ], [ -89.790412, 35.133429 ], [ -89.790825, 35.133599 ], [ -89.790963, 35.133657 ], [ -89.791113, 35.133717 ], [ -89.791564, 35.133904 ], [ -89.791715, 35.133965 ], [ -89.792693, 35.134369 ], [ -89.79272, 35.134381 ], [ -89.792786, 35.134409 ], [ -89.793961, 35.13489 ], [ -89.794199, 35.134985 ], [ -89.794556, 35.135114 ], [ -89.794698, 35.135165 ], [ -89.794999, 35.135247 ], [ -89.79552, 35.135344 ], [ -89.795668, 35.135348 ], [ -89.796048, 35.135363 ], [ -89.796109, 35.135072 ], [ -89.796214, 35.13458 ], [ -89.796314, 35.134204 ], [ -89.796392, 35.133919 ], [ -89.796405, 35.133869 ], [ -89.79642, 35.133809 ], [ -89.796494, 35.13354 ], [ -89.796721, 35.132723 ], [ -89.796826, 35.13241 ], [ -89.7969, 35.132191 ], [ -89.796929, 35.13211 ], [ -89.796942, 35.132073 ], [ -89.796954, 35.132039 ], [ -89.796958, 35.132025 ], [ -89.796972, 35.131987 ], [ -89.796977, 35.131974 ], [ -89.796987, 35.131933 ], [ -89.796991, 35.131919 ], [ -89.797006, 35.131854 ], [ -89.797035, 35.131667 ], [ -89.797048, 35.131623 ], [ -89.797092, 35.131425 ], [ -89.797109, 35.131342 ], [ -89.797165, 35.131088 ], [ -89.797202, 35.130944 ], [ -89.797594, 35.12947 ], [ -89.79776, 35.128848 ], [ -89.797778, 35.128785 ], [ -89.7978, 35.128709 ], [ -89.797856, 35.128499 ], [ -89.798041, 35.127821 ], [ -89.79814, 35.127452 ], [ -89.798235, 35.127105 ], [ -89.798315, 35.126805 ], [ -89.798493, 35.126144 ], [ -89.798546, 35.125946 ], [ -89.798556, 35.125909 ], [ -89.798645, 35.125614 ], [ -89.79886, 35.124811 ], [ -89.799506, 35.122405 ], [ -89.799722, 35.121604 ], [ -89.799822, 35.121234 ], [ -89.800124, 35.120126 ], [ -89.800226, 35.119756 ], [ -89.800241, 35.119701 ], [ -89.800374, 35.119188 ], [ -89.800647, 35.118134 ], [ -89.800672, 35.118037 ], [ -89.800697, 35.117942 ], [ -89.800723, 35.117846 ], [ -89.80075, 35.117748 ], [ -89.800823, 35.117481 ], [ -89.800934, 35.117078 ], [ -89.80096, 35.116983 ], [ -89.800978, 35.116915 ], [ -89.799754, 35.116706 ], [ -89.799082, 35.11659 ], [ -89.798529, 35.116497 ], [ -89.798236, 35.116454 ], [ -89.797719, 35.11636 ], [ -89.797635, 35.116339 ], [ -89.797014, 35.116153 ], [ -89.796609, 35.11601 ], [ -89.796451, 35.115944 ], [ -89.796196, 35.115803 ], [ -89.796131, 35.115755 ], [ -89.796021, 35.115694 ], [ -89.795711, 35.115494 ], [ -89.795648, 35.115444 ], [ -89.795528, 35.115339 ], [ -89.795396, 35.115244 ], [ -89.795171, 35.115023 ], [ -89.795079, 35.114947 ], [ -89.794999, 35.114861 ], [ -89.794802, 35.114668 ], [ -89.794501, 35.114359 ], [ -89.794457, 35.114297 ], [ -89.794426, 35.11423 ], [ -89.794407, 35.11416 ], [ -89.794394, 35.11409 ], [ -89.794366, 35.114069 ], [ -89.794323, 35.114059 ], [ -89.794241, 35.114033 ], [ -89.794182, 35.114005 ], [ -89.794164, 35.113997 ], [ -89.794129, 35.113976 ], [ -89.794066, 35.113926 ], [ -89.7938, 35.113641 ], [ -89.793771, 35.113614 ], [ -89.793704, 35.113567 ], [ -89.793667, 35.113547 ], [ -89.793589, 35.113515 ], [ -89.793503, 35.113338 ], [ -89.793419, 35.113214 ], [ -89.793262, 35.113042 ], [ -89.792954, 35.112736 ], [ -89.792866, 35.11264 ], [ -89.792612, 35.112364 ], [ -89.792408, 35.112176 ], [ -89.792188, 35.112001 ], [ -89.792187, 35.112001 ], [ -89.792121, 35.111954 ], [ -89.791899, 35.111837 ], [ -89.791668, 35.111729 ], [ -89.791592, 35.111694 ], [ -89.790614, 35.111278 ], [ -89.79054, 35.111239 ], [ -89.790475, 35.111191 ], [ -89.790437, 35.111176 ], [ -89.790353, 35.111153 ], [ -89.789925, 35.110968 ], [ -89.789842, 35.110943 ], [ -89.789755, 35.110929 ], [ -89.789667, 35.110927 ], [ -89.789578, 35.110934 ], [ -89.789304, 35.11073 ], [ -89.789232, 35.110687 ], [ -89.787721, 35.11006 ], [ -89.787495, 35.109966 ], [ -89.786668, 35.109623 ], [ -89.786361, 35.109496 ], [ -89.786172, 35.109403 ], [ -89.786103, 35.109358 ], [ -89.786015, 35.109352 ], [ -89.785972, 35.109344 ], [ -89.785889, 35.10932 ], [ -89.785698, 35.10923 ], [ -89.785581, 35.109186 ], [ -89.785258, 35.109063 ], [ -89.785146, 35.109006 ], [ -89.785111, 35.108984 ], [ -89.785049, 35.108933 ], [ -89.784971, 35.108846 ], [ -89.784839, 35.108751 ], [ -89.784802, 35.108733 ], [ -89.784709, 35.1087 ], [ -89.78464, 35.108677 ], [ -89.784601, 35.10866 ], [ -89.78449, 35.108601 ], [ -89.78437, 35.108555 ], [ -89.784296, 35.108515 ], [ -89.784199, 35.108486 ], [ -89.784096, 35.10849 ], [ -89.784008, 35.108484 ], [ -89.783964, 35.108478 ], [ -89.783838, 35.108445 ], [ -89.783317, 35.108249 ], [ -89.782971, 35.108091 ], [ -89.782892, 35.108059 ], [ -89.782782, 35.107999 ], [ -89.782704, 35.107965 ], [ -89.782623, 35.107939 ], [ -89.782496, 35.107906 ], [ -89.78241, 35.107889 ], [ -89.782322, 35.107881 ], [ -89.782178, 35.107799 ], [ -89.782028, 35.107724 ], [ -89.781945, 35.107622 ], [ -89.781924, 35.107596 ], [ -89.781869, 35.10754 ], [ -89.781802, 35.107492 ], [ -89.781697, 35.107428 ], [ -89.781604, 35.107433 ], [ -89.781471, 35.107434 ], [ -89.781427, 35.107432 ], [ -89.78134, 35.107417 ], [ -89.781257, 35.107392 ], [ -89.781118, 35.107335 ], [ -89.781115, 35.107334 ], [ -89.780403, 35.107037 ], [ -89.779686, 35.10674 ], [ -89.779612, 35.106699 ], [ -89.778964, 35.106421 ], [ -89.778131, 35.106064 ], [ -89.777967, 35.10601 ], [ -89.77788, 35.105995 ], [ -89.777832, 35.105947 ], [ -89.777765, 35.1059 ], [ -89.777728, 35.105881 ], [ -89.777568, 35.105819 ], [ -89.777244, 35.105706 ], [ -89.77688, 35.105588 ], [ -89.776465, 35.105455 ], [ -89.776086, 35.105358 ], [ -89.776006, 35.105326 ], [ -89.775893, 35.105325 ], [ -89.775333, 35.105222 ], [ -89.775244, 35.105222 ], [ -89.775157, 35.105232 ], [ -89.775088, 35.105207 ], [ -89.774917, 35.105173 ], [ -89.774791, 35.10514 ], [ -89.774705, 35.105124 ], [ -89.774661, 35.105121 ], [ -89.774572, 35.105123 ], [ -89.774441, 35.10514 ], [ -89.774357, 35.105162 ], [ -89.774023, 35.105083 ], [ -89.773937, 35.105067 ], [ -89.773849, 35.105061 ], [ -89.773762, 35.104992 ], [ -89.77369, 35.104951 ], [ -89.773611, 35.10492 ], [ -89.773526, 35.1049 ], [ -89.771847, 35.104591 ], [ -89.770288, 35.104314 ], [ -89.769777, 35.104223 ], [ -89.76969, 35.104212 ], [ -89.769645, 35.104211 ], [ -89.769557, 35.104217 ], [ -89.769518, 35.104211 ], [ -89.769442, 35.104173 ], [ -89.76936, 35.104147 ], [ -89.768628, 35.104011 ], [ -89.768368, 35.103969 ], [ -89.768074, 35.103935 ], [ -89.767778, 35.103899 ], [ -89.767288, 35.103839 ], [ -89.766892, 35.10379 ], [ -89.766597, 35.103755 ], [ -89.766531, 35.103747 ], [ -89.766336, 35.103724 ], [ -89.766271, 35.103717 ], [ -89.766195, 35.103727 ], [ -89.76615, 35.103727 ], [ -89.765214, 35.103629 ], [ -89.764968, 35.103604 ], [ -89.764795, 35.103576 ], [ -89.764665, 35.103558 ], [ -89.764278, 35.103482 ], [ -89.763868, 35.103348 ], [ -89.763743, 35.103315 ], [ -89.763542, 35.103241 ], [ -89.763489, 35.103224 ], [ -89.763341, 35.102616 ], [ -89.763294, 35.102407 ], [ -89.763305, 35.102263 ], [ -89.763344, 35.10193 ], [ -89.76336, 35.101037 ], [ -89.763316, 35.10053 ], [ -89.763335, 35.100356 ], [ -89.76336, 35.10006 ], [ -89.763424, 35.099754 ], [ -89.763659, 35.099573 ], [ -89.764022, 35.099259 ], [ -89.764238, 35.099024 ], [ -89.764467, 35.098794 ], [ -89.764556, 35.098592 ], [ -89.764572, 35.098554 ], [ -89.764582, 35.098531 ], [ -89.764631, 35.09842 ], [ -89.764617, 35.098408 ], [ -89.764604, 35.098395 ], [ -89.764529, 35.098323 ], [ -89.764476, 35.098274 ], [ -89.764108, 35.097986 ], [ -89.764065, 35.097958 ], [ -89.763719, 35.097744 ], [ -89.763482, 35.097617 ], [ -89.763085, 35.097436 ], [ -89.762692, 35.097299 ], [ -89.762653, 35.097288 ], [ -89.762206, 35.09717 ], [ -89.762104, 35.097147 ], [ -89.761974, 35.097119 ], [ -89.761501, 35.097054 ], [ -89.7614, 35.097047 ], [ -89.761189, 35.097029 ], [ -89.760632, 35.097003 ], [ -89.758611, 35.096914 ], [ -89.758328, 35.0969 ], [ -89.757648, 35.096869 ], [ -89.75756, 35.096864 ], [ -89.757484, 35.096861 ], [ -89.756931, 35.096832 ], [ -89.756177, 35.096794 ], [ -89.756038, 35.096776 ], [ -89.756017, 35.096774 ], [ -89.755687, 35.096738 ], [ -89.755249, 35.096647 ], [ -89.755031, 35.096598 ], [ -89.754708, 35.096511 ], [ -89.754607, 35.096475 ], [ -89.754178, 35.096323 ], [ -89.753388, 35.09601 ], [ -89.753002, 35.095873 ], [ -89.752894, 35.095835 ], [ -89.752477, 35.095711 ], [ -89.752133, 35.09563 ], [ -89.751676, 35.095558 ], [ -89.751565, 35.095546 ], [ -89.751127, 35.095502 ], [ -89.751038, 35.095499 ], [ -89.750023, 35.09547 ], [ -89.750026, 35.095316 ], [ -89.750037, 35.094859 ], [ -89.750041, 35.094707 ], [ -89.750042, 35.094635 ], [ -89.750047, 35.094421 ], [ -89.750049, 35.094349 ], [ -89.750052, 35.094214 ], [ -89.75006, 35.093809 ], [ -89.750064, 35.093674 ], [ -89.750313, 35.093685 ], [ -89.750426, 35.093689 ], [ -89.751059, 35.093748 ], [ -89.751308, 35.093772 ], [ -89.751535, 35.09379 ], [ -89.752218, 35.093846 ], [ -89.752334, 35.093857 ], [ -89.752446, 35.093854 ], [ -89.752465, 35.093844 ], [ -89.752486, 35.09364 ], [ -89.752491, 35.093409 ], [ -89.752524, 35.092085 ], [ -89.75253, 35.092039 ], [ -89.752547, 35.091916 ], [ -89.752603, 35.091796 ], [ -89.752721, 35.091635 ], [ -89.753048, 35.091791 ], [ -89.75342, 35.091967 ], [ -89.753578, 35.092019 ], [ -89.753629, 35.092028 ], [ -89.753732, 35.092047 ], [ -89.754085, 35.092079 ], [ -89.754447, 35.092113 ], [ -89.75469, 35.092135 ], [ -89.75537, 35.092197 ], [ -89.755421, 35.092202 ], [ -89.755665, 35.092225 ], [ -89.755632, 35.092416 ], [ -89.755618, 35.092498 ], [ -89.755606, 35.092996 ], [ -89.755602, 35.093191 ], [ -89.756084, 35.093232 ], [ -89.756925, 35.093308 ], [ -89.757345, 35.093334 ], [ -89.757533, 35.09334 ], [ -89.758017, 35.093359 ], [ -89.758185, 35.093364 ], [ -89.75869, 35.093379 ], [ -89.758859, 35.093384 ], [ -89.759093, 35.093391 ], [ -89.759795, 35.093411 ], [ -89.76003, 35.093419 ], [ -89.760305, 35.093431 ], [ -89.760603, 35.093443 ], [ -89.76092, 35.093485 ], [ -89.761122, 35.093536 ], [ -89.761247, 35.093567 ], [ -89.761384, 35.093619 ], [ -89.761459, 35.093498 ], [ -89.761505, 35.093443 ], [ -89.761573, 35.093384 ], [ -89.76169, 35.093314 ], [ -89.761815, 35.093253 ], [ -89.762104, 35.093115 ], [ -89.762256, 35.093024 ], [ -89.762424, 35.092883 ], [ -89.763004, 35.092279 ], [ -89.763145, 35.09216 ], [ -89.763189, 35.092124 ], [ -89.763322, 35.092046 ], [ -89.763432, 35.092015 ], [ -89.763515, 35.09201 ], [ -89.763685, 35.09202 ], [ -89.7639, 35.092056 ], [ -89.76417, 35.092099 ], [ -89.764507, 35.092172 ], [ -89.764541, 35.092183 ], [ -89.764748, 35.092253 ], [ -89.76493, 35.091971 ], [ -89.765056, 35.091777 ], [ -89.765345, 35.091409 ], [ -89.765555, 35.091181 ], [ -89.765784, 35.090934 ], [ -89.765928, 35.090773 ], [ -89.766362, 35.090296 ], [ -89.766507, 35.090137 ], [ -89.766715, 35.090232 ], [ -89.766847, 35.090292 ], [ -89.767128, 35.090412 ], [ -89.767342, 35.090516 ], [ -89.767548, 35.090618 ], [ -89.767669, 35.090681 ], [ -89.767738, 35.090719 ], [ -89.767856, 35.090792 ], [ -89.768021, 35.090894 ], [ -89.768138, 35.090967 ], [ -89.768251, 35.09104 ], [ -89.768531, 35.09122 ], [ -89.768592, 35.091257 ], [ -89.768708, 35.091325 ], [ -89.76884, 35.091184 ], [ -89.769213, 35.090785 ], [ -89.769236, 35.090758 ], [ -89.769363, 35.090612 ], [ -89.769514, 35.090444 ], [ -89.769733, 35.090204 ], [ -89.76991, 35.089985 ], [ -89.769951, 35.089928 ], [ -89.770082, 35.089743 ], [ -89.770201, 35.089574 ], [ -89.770265, 35.089485 ], [ -89.770538, 35.089056 ], [ -89.770545, 35.089045 ], [ -89.770637, 35.088876 ], [ -89.770661, 35.088829 ], [ -89.770675, 35.088787 ], [ -89.770741, 35.0886 ], [ -89.770753, 35.088513 ], [ -89.770768, 35.088418 ], [ -89.770774, 35.088339 ], [ -89.770784, 35.088231 ], [ -89.770776, 35.088103 ], [ -89.770772, 35.088026 ], [ -89.770717, 35.087773 ], [ -89.770701, 35.08773 ], [ -89.770505, 35.087183 ], [ -89.77049, 35.08709 ], [ -89.770486, 35.0869 ], [ -89.770494, 35.086855 ], [ -89.770522, 35.08672 ], [ -89.770584, 35.086568 ], [ -89.770659, 35.086405 ], [ -89.770669, 35.086375 ], [ -89.770728, 35.086208 ], [ -89.770779, 35.085949 ], [ -89.770797, 35.08576 ], [ -89.770819, 35.085552 ], [ -89.770985, 35.085558 ], [ -89.771486, 35.08558 ], [ -89.771653, 35.085586 ], [ -89.771877, 35.085597 ], [ -89.772241, 35.085614 ], [ -89.77255, 35.085628 ], [ -89.772775, 35.085639 ], [ -89.772857, 35.085643 ], [ -89.772938, 35.085648 ], [ -89.773106, 35.085656 ], [ -89.773189, 35.085662 ], [ -89.773324, 35.085668 ], [ -89.773732, 35.085692 ], [ -89.773868, 35.085701 ], [ -89.774036, 35.085704 ], [ -89.774207, 35.085708 ], [ -89.774353, 35.085691 ], [ -89.774536, 35.085649 ], [ -89.774584, 35.085639 ], [ -89.774696, 35.085597 ], [ -89.774874, 35.085515 ], [ -89.774887, 35.08551 ], [ -89.775064, 35.085386 ], [ -89.775189, 35.085263 ], [ -89.775304, 35.085125 ], [ -89.775429, 35.084975 ], [ -89.775596, 35.084778 ], [ -89.775707, 35.084677 ], [ -89.77575, 35.08464 ], [ -89.775929, 35.08452 ], [ -89.776139, 35.084426 ], [ -89.776411, 35.084381 ], [ -89.776798, 35.084372 ], [ -89.776858, 35.084371 ], [ -89.777267, 35.084378 ], [ -89.777236, 35.08481 ], [ -89.777177, 35.085648 ], [ -89.77716, 35.086109 ], [ -89.777146, 35.086543 ], [ -89.777132, 35.086995 ], [ -89.777125, 35.087241 ], [ -89.777092, 35.088352 ], [ -89.777079, 35.088805 ], [ -89.777075, 35.088943 ], [ -89.777064, 35.089359 ], [ -89.777061, 35.089498 ], [ -89.777486, 35.089507 ], [ -89.778031, 35.089521 ], [ -89.778764, 35.089531 ], [ -89.77919, 35.089537 ], [ -89.779195, 35.089341 ], [ -89.779211, 35.088757 ], [ -89.779217, 35.088563 ], [ -89.779223, 35.088366 ], [ -89.779243, 35.087774 ], [ -89.77925, 35.087578 ], [ -89.779255, 35.087381 ], [ -89.779269, 35.08679 ], [ -89.779275, 35.086593 ], [ -89.779286, 35.08616 ], [ -89.779321, 35.084861 ], [ -89.779333, 35.084429 ], [ -89.779727, 35.084435 ], [ -89.780453, 35.084446 ], [ -89.78091, 35.084452 ], [ -89.781305, 35.084458 ], [ -89.781403, 35.08446 ], [ -89.781698, 35.084463 ], [ -89.781797, 35.084466 ], [ -89.782053, 35.08447 ], [ -89.782676, 35.084481 ], [ -89.782824, 35.084483 ], [ -89.783081, 35.084488 ], [ -89.7834, 35.084491 ], [ -89.78436, 35.084506 ], [ -89.78468, 35.084513 ], [ -89.785199, 35.084516 ], [ -89.785502, 35.084519 ], [ -89.785987, 35.084525 ], [ -89.786756, 35.084536 ], [ -89.787275, 35.084544 ], [ -89.787953, 35.084547 ], [ -89.788003, 35.084548 ], [ -89.788773, 35.084565 ], [ -89.789861, 35.084612 ], [ -89.789976, 35.084631 ], [ -89.789988, 35.084632 ], [ -89.790126, 35.084664 ], [ -89.790417, 35.084774 ], [ -89.790614, 35.084885 ], [ -89.790675, 35.084691 ], [ -89.790699, 35.084618 ], [ -89.790744, 35.084471 ], [ -89.790765, 35.084401 ], [ -89.790782, 35.084345 ], [ -89.790862, 35.084111 ], [ -89.79089, 35.084033 ], [ -89.790941, 35.083926 ], [ -89.790497, 35.083732 ], [ -89.789761, 35.083351 ], [ -89.789269, 35.083098 ], [ -89.78708, 35.082002 ], [ -89.786526, 35.081717 ], [ -89.786216, 35.081557 ], [ -89.785046, 35.080953 ], [ -89.783715, 35.080306 ], [ -89.782224, 35.07958 ], [ -89.782101, 35.079519 ], [ -89.781022, 35.078967 ], [ -89.779739, 35.078333 ], [ -89.779615, 35.078272 ], [ -89.778423, 35.077663 ], [ -89.775922, 35.076395 ], [ -89.773649, 35.075311 ], [ -89.773608, 35.075291 ], [ -89.773015, 35.074999 ], [ -89.770243, 35.073597 ], [ -89.769867, 35.073411 ], [ -89.769349, 35.073156 ], [ -89.768967, 35.072965 ], [ -89.768749, 35.072854 ], [ -89.768497, 35.072728 ], [ -89.768378, 35.072668 ], [ -89.76758, 35.072271 ], [ -89.766017, 35.071492 ], [ -89.765189, 35.071081 ], [ -89.764392, 35.070684 ], [ -89.76433, 35.070653 ], [ -89.764197, 35.070586 ], [ -89.764144, 35.070561 ], [ -89.764084, 35.07053 ], [ -89.762113, 35.069542 ], [ -89.76201, 35.069491 ], [ -89.760912, 35.068947 ], [ -89.760331, 35.068666 ], [ -89.759818, 35.068417 ], [ -89.75938, 35.068202 ], [ -89.758852, 35.06794 ], [ -89.758711, 35.067863 ], [ -89.758011, 35.067494 ], [ -89.757863, 35.067419 ], [ -89.75697, 35.066976 ], [ -89.756655, 35.066812 ], [ -89.755961, 35.066452 ], [ -89.755597, 35.066277 ], [ -89.755569, 35.066263 ], [ -89.75513, 35.066053 ], [ -89.754458, 35.065723 ], [ -89.754344, 35.065667 ], [ -89.753927, 35.065463 ], [ -89.753763, 35.065382 ], [ -89.753277, 35.065143 ], [ -89.752519, 35.064769 ], [ -89.751738, 35.064391 ], [ -89.75133, 35.064192 ], [ -89.751117, 35.064091 ], [ -89.750682, 35.063874 ], [ -89.750285, 35.063643 ], [ -89.749381, 35.063224 ], [ -89.749273, 35.063171 ], [ -89.748987, 35.063033 ], [ -89.748623, 35.06285 ], [ -89.748515, 35.062796 ], [ -89.747947, 35.06254 ], [ -89.747869, 35.062503 ], [ -89.747842, 35.062489 ], [ -89.747666, 35.062405 ], [ -89.746756, 35.061913 ], [ -89.746547, 35.061791 ], [ -89.746347, 35.061661 ], [ -89.74614, 35.061516 ], [ -89.745688, 35.061189 ], [ -89.745374, 35.060941 ], [ -89.744773, 35.060439 ], [ -89.744679, 35.060359 ], [ -89.743926, 35.059714 ], [ -89.743789, 35.059591 ], [ -89.741337, 35.057465 ], [ -89.74123, 35.057372 ], [ -89.741077, 35.05724 ], [ -89.740753, 35.056961 ], [ -89.74015, 35.056441 ], [ -89.739012, 35.055487 ], [ -89.738955, 35.055439 ], [ -89.738914, 35.055403 ], [ -89.73887, 35.055366 ], [ -89.738702, 35.055215 ], [ -89.738199, 35.054765 ], [ -89.738047, 35.05463 ], [ -89.738031, 35.054615 ], [ -89.737957, 35.05455 ], [ -89.73792, 35.054516 ], [ -89.737879, 35.054481 ], [ -89.737698, 35.054325 ], [ -89.737605, 35.054246 ], [ -89.737225, 35.053945 ], [ -89.736835, 35.05366 ], [ -89.73666, 35.053534 ], [ -89.736101, 35.053179 ], [ -89.735447, 35.052808 ], [ -89.735084, 35.052625 ], [ -89.734695, 35.052442 ], [ -89.734332, 35.052287 ], [ -89.734296, 35.052271 ], [ -89.73371, 35.052046 ], [ -89.733393, 35.051919 ], [ -89.733208, 35.05186 ], [ -89.733105, 35.051826 ], [ -89.733048, 35.051806 ], [ -89.732961, 35.051776 ], [ -89.732653, 35.051666 ], [ -89.732603, 35.051648 ], [ -89.732468, 35.051613 ], [ -89.732467, 35.051593 ], [ -89.732461, 35.051472 ], [ -89.732459, 35.051433 ], [ -89.73246, 35.05133 ], [ -89.732466, 35.051043 ], [ -89.732466, 35.051023 ], [ -89.73247, 35.050922 ], [ -89.732491, 35.050165 ], [ -89.732503, 35.049773 ], [ -89.732535, 35.048426 ], [ -89.732548, 35.047891 ], [ -89.732557, 35.047531 ], [ -89.732554, 35.04732 ], [ -89.732552, 35.047134 ], [ -89.732715, 35.047129 ], [ -89.732741, 35.047129 ], [ -89.733311, 35.047138 ], [ -89.733501, 35.047142 ], [ -89.733502, 35.047013 ], [ -89.733505, 35.046552 ], [ -89.73352, 35.044784 ], [ -89.733526, 35.044194 ], [ -89.733506, 35.043405 ], [ -89.733505, 35.043351 ], [ -89.733455, 35.041034 ], [ -89.733438, 35.040245 ], [ -89.735553, 35.040259 ], [ -89.735552, 35.038436 ], [ -89.735552, 35.034999 ], [ -89.733482, 35.034966 ], [ -89.733191, 35.034965 ], [ -89.733174, 35.029695 ], [ -89.73318, 35.028954 ], [ -89.733214, 35.025018 ], [ -89.733214, 35.024775 ], [ -89.733214, 35.024651 ], [ -89.733214, 35.024631 ], [ -89.73321, 35.024356 ], [ -89.733207, 35.024183 ], [ -89.733205, 35.024052 ], [ -89.733205, 35.024003 ], [ -89.733202, 35.023812 ], [ -89.733202, 35.023737 ], [ -89.733202, 35.023516 ], [ -89.733202, 35.023443 ], [ -89.733171, 35.023071 ], [ -89.733161, 35.022901 ], [ -89.733072, 35.021276 ], [ -89.733043, 35.020734 ], [ -89.732388, 35.020719 ], [ -89.730469, 35.020678 ], [ -89.730423, 35.020679 ], [ -89.729768, 35.020683 ], [ -89.729584, 35.020685 ], [ -89.729034, 35.020688 ], [ -89.728851, 35.020689 ], [ -89.728807, 35.020689 ], [ -89.728752, 35.020689 ], [ -89.728457, 35.020694 ], [ -89.728359, 35.020696 ], [ -89.727855, 35.020705 ], [ -89.725823, 35.020722 ], [ -89.7255, 35.020721 ], [ -89.72509, 35.020722 ], [ -89.724486, 35.020737 ], [ -89.724238, 35.02073 ], [ -89.723662, 35.020555 ], [ -89.723554, 35.020471 ], [ -89.723166, 35.019889 ], [ -89.723265, 35.017336 ], [ -89.723306, 35.017004 ], [ -89.723202, 35.017002 ], [ -89.723063, 35.017002 ], [ -89.717956, 35.016988 ], [ -89.715478, 35.016984 ], [ -89.715468, 35.012887 ], [ -89.713499, 35.012883 ], [ -89.713276, 35.012883 ], [ -89.712914, 35.012881 ], [ -89.710388, 35.012876 ], [ -89.710404, 35.014088 ], [ -89.710455, 35.017931 ], [ -89.710476, 35.018828 ], [ -89.710357, 35.018828 ], [ -89.710365, 35.019363 ], [ -89.710366, 35.019448 ], [ -89.706738, 35.019374 ], [ -89.706738, 35.019348 ], [ -89.706738, 35.018806 ], [ -89.706739, 35.018713 ], [ -89.706739, 35.018535 ], [ -89.706741, 35.01821 ], [ -89.706741, 35.017719 ], [ -89.706745, 35.017266 ], [ -89.706751, 35.016748 ], [ -89.70675, 35.016735 ], [ -89.706744, 35.015413 ], [ -89.706746, 35.013805 ], [ -89.706747, 35.013402 ], [ -89.706743, 35.012868 ], [ -89.706736, 35.011826 ], [ -89.706723, 35.011042 ], [ -89.7067, 35.009707 ], [ -89.706697, 35.009159 ], [ -89.706692, 35.008867 ], [ -89.706691, 35.008824 ], [ -89.706633, 35.006189 ], [ -89.706612, 35.005874 ], [ -89.706626, 35.004915 ], [ -89.706595, 35.00401 ], [ -89.706589, 35.003812 ], [ -89.706587, 35.001627 ], [ -89.70662, 35.000875 ], [ -89.706623, 35.000006 ], [ -89.706605, 34.999269 ], [ -89.706597, 34.998151 ], [ -89.7066, 34.997477 ], [ -89.706605, 34.996587 ], [ -89.706615, 34.996308 ], [ -89.706612, 34.995298 ], [ -89.706511, 34.995297 ], [ -89.70563, 34.995287 ], [ -89.695244, 34.995171 ], [ -89.695203, 34.995171 ], [ -89.694901, 34.995167 ], [ -89.68889, 34.9951 ], [ -89.688813, 34.995099 ], [ -89.681454, 34.995154 ], [ -89.669696, 34.995241 ], [ -89.661649, 34.9953 ], [ -89.661598, 34.995301 ], [ -89.653772, 34.9953 ], [ -89.647274, 34.9953 ], [ -89.644288, 34.9953 ], [ -89.644056, 34.995297 ], [ -89.644013, 34.997526 ], [ -89.64399, 34.998922 ], [ -89.643971, 35.000391 ], [ -89.643942, 35.00165 ], [ -89.6439, 35.004512 ], [ -89.643888, 35.00523 ], [ -89.643886, 35.005356 ], [ -89.643882, 35.005604 ], [ -89.643922, 35.00638 ], [ -89.643915, 35.006586 ], [ -89.64388, 35.007608 ], [ -89.643866, 35.008021 ], [ -89.64385, 35.008528 ], [ -89.643816, 35.009561 ], [ -89.643802, 35.009978 ], [ -89.643788, 35.010396 ], [ -89.643778, 35.010676 ], [ -89.643746, 35.011671 ], [ -89.643745, 35.011702 ], [ -89.643744, 35.011741 ], [ -89.643748, 35.011779 ], [ -89.643778, 35.01202 ], [ -89.643788, 35.012099 ], [ -89.643779, 35.012386 ], [ -89.643753, 35.013246 ], [ -89.643745, 35.013534 ], [ -89.643719, 35.01437 ], [ -89.643613, 35.017888 ], [ -89.643594, 35.01853 ], [ -89.643557, 35.019746 ], [ -89.643555, 35.019814 ], [ -89.643553, 35.019883 ], [ -89.64353, 35.020637 ], [ -89.643443, 35.023488 ], [ -89.64334, 35.026934 ], [ -89.643333, 35.027162 ], [ -89.643298, 35.028318 ], [ -89.643276, 35.029091 ], [ -89.643252, 35.029893 ], [ -89.643251, 35.029919 ], [ -89.643233, 35.030538 ], [ -89.64323, 35.030634 ], [ -89.64309, 35.035306 ], [ -89.643069, 35.036004 ], [ -89.643068, 35.03606 ], [ -89.643008, 35.0381 ], [ -89.642988, 35.038798 ], [ -89.642947, 35.039437 ], [ -89.64286, 35.040785 ], [ -89.642865, 35.041762 ], [ -89.642869, 35.042493 ], [ -89.642792, 35.044867 ], [ -89.642566, 35.049701 ], [ -89.64254, 35.050258 ], [ -89.642514, 35.050815 ], [ -89.642462, 35.051921 ], [ -89.642291, 35.055585 ], [ -89.642271, 35.056006 ], [ -89.642254, 35.056401 ], [ -89.642248, 35.056602 ], [ -89.642235, 35.056799 ], [ -89.642212, 35.057271 ], [ -89.642193, 35.057693 ], [ -89.642188, 35.0578 ], [ -89.642128, 35.058546 ], [ -89.641925, 35.061107 ], [ -89.641858, 35.061961 ], [ -89.641815, 35.062494 ], [ -89.641788, 35.062837 ], [ -89.64174, 35.064099 ], [ -89.641722, 35.064594 ], [ -89.641721, 35.064633 ], [ -89.641683, 35.065382 ], [ -89.641602, 35.067034 ], [ -89.641573, 35.067628 ], [ -89.641536, 35.068376 ], [ -89.641515, 35.068791 ], [ -89.641499, 35.069123 ], [ -89.641407, 35.071011 ], [ -89.641021, 35.078916 ], [ -89.640898, 35.081436 ], [ -89.640895, 35.081494 ], [ -89.640892, 35.081551 ], [ -89.640888, 35.081657 ], [ -89.640865, 35.082346 ], [ -89.640615, 35.089816 ], [ -89.64044, 35.095045 ], [ -89.640439, 35.095076 ], [ -89.640425, 35.095467 ], [ -89.640422, 35.095588 ], [ -89.640083, 35.105631 ], [ -89.639932, 35.115414 ], [ -89.639886, 35.118395 ], [ -89.639786, 35.120074 ], [ -89.639547, 35.124413 ], [ -89.639279, 35.129265 ], [ -89.639229, 35.131333 ], [ -89.639223, 35.131462 ], [ -89.639204, 35.132151 ], [ -89.639202, 35.13223 ], [ -89.639302, 35.132858 ], [ -89.639133, 35.134529 ], [ -89.638981, 35.139554 ], [ -89.63893, 35.14123 ], [ -89.63892, 35.141554 ], [ -89.63889, 35.142531 ], [ -89.638881, 35.142855 ], [ -89.638801, 35.145463 ], [ -89.638792, 35.145757 ], [ -89.638773, 35.146395 ], [ -89.638731, 35.147785 ], [ -89.638571, 35.153018 ], [ -89.638563, 35.153289 ], [ -89.638487, 35.155797 ], [ -89.638482, 35.155898 ], [ -89.638419, 35.157854 ], [ -89.638399, 35.158459 ], [ -89.638397, 35.15853 ], [ -89.638385, 35.158893 ], [ -89.638377, 35.159161 ], [ -89.638234, 35.163719 ], [ -89.638212, 35.164383 ], [ -89.63821, 35.164446 ], [ -89.638204, 35.164645 ], [ -89.638189, 35.165112 ], [ -89.638185, 35.165228 ], [ -89.638183, 35.165288 ], [ -89.638181, 35.165368 ], [ -89.638172, 35.165675 ], [ -89.638008, 35.170811 ], [ -89.637737, 35.179344 ], [ -89.637684, 35.181005 ], [ -89.637639, 35.182277 ], [ -89.637504, 35.186642 ], [ -89.637487, 35.187196 ], [ -89.637387, 35.190095 ], [ -89.637381, 35.190244 ], [ -89.637343, 35.191236 ], [ -89.637321, 35.191795 ], [ -89.637142, 35.196448 ], [ -89.637087, 35.197896 ], [ -89.637095, 35.198 ], [ -89.637095, 35.198012 ], [ -89.637098, 35.198048 ], [ -89.637099, 35.19806 ], [ -89.637196, 35.199427 ], [ -89.637489, 35.203528 ], [ -89.637587, 35.204895 ], [ -89.637857, 35.209399 ], [ -89.637862, 35.209483 ], [ -89.637876, 35.209732 ], [ -89.63788, 35.2098 ], [ -89.637884, 35.209846 ], [ -89.637897, 35.210028 ], [ -89.637901, 35.210079 ], [ -89.637903, 35.210097 ], [ -89.638524, 35.209961 ], [ -89.638836, 35.209893 ], [ -89.639762, 35.209787 ], [ -89.640694, 35.209793 ], [ -89.641343, 35.209812 ], [ -89.641443, 35.209742 ], [ -89.641438, 35.209688 ], [ -89.641789, 35.209705 ], [ -89.64269, 35.209775 ], [ -89.643053, 35.209798 ], [ -89.643295, 35.209804 ], [ -89.643494, 35.209809 ], [ -89.644478, 35.209849 ], [ -89.64541, 35.209923 ], [ -89.646384, 35.209978 ], [ -89.648213, 35.210041 ], [ -89.650465, 35.210138 ], [ -89.650629, 35.210144 ], [ -89.650628, 35.210116 ], [ -89.650627, 35.210057 ], [ -89.652898, 35.210061 ], [ -89.653281, 35.21006 ], [ -89.653855, 35.210041 ], [ -89.65401, 35.210035 ], [ -89.654061, 35.210032 ], [ -89.654279, 35.210019 ], [ -89.654314, 35.210016 ], [ -89.65516, 35.209945 ], [ -89.655623, 35.209943 ], [ -89.655726, 35.209941 ], [ -89.656235, 35.209939 ], [ -89.6567, 35.209896 ], [ -89.657262, 35.209874 ], [ -89.657809, 35.209849 ], [ -89.658289, 35.209833 ], [ -89.658843, 35.209844 ], [ -89.659528, 35.209885 ], [ -89.659829, 35.209906 ], [ -89.660086, 35.209955 ], [ -89.660805, 35.210071 ], [ -89.662587, 35.210372 ], [ -89.663577, 35.210533 ], [ -89.66401, 35.210589 ], [ -89.664361, 35.210614 ], [ -89.664772, 35.210629 ], [ -89.665271, 35.210628 ], [ -89.665832, 35.210618 ], [ -89.666727, 35.21058 ], [ -89.66735, 35.210564 ], [ -89.668395, 35.210518 ], [ -89.668879, 35.210521 ], [ -89.669605, 35.210542 ] ] ] } },
{ "type": "Feature", "properties": { "ShelbyCoun": "13" }, "geometry": { "type": "Polygon", "coordinates": [ [ [ -89.906109, 35.174206 ], [ -89.907046, 35.175453 ], [ -89.910071, 35.179429 ], [ -89.91021, 35.179612 ], [ -89.911855, 35.181782 ], [ -89.913188, 35.183543 ], [ -89.913433, 35.18347 ], [ -89.913564, 35.183431 ], [ -89.913749, 35.183378 ], [ -89.914004, 35.183298 ], [ -89.91645, 35.182548 ], [ -89.916457, 35.182546 ], [ -89.917266, 35.182299 ], [ -89.917254, 35.182277 ], [ -89.917245, 35.18226 ], [ -89.917184, 35.182139 ], [ -89.917164, 35.182099 ], [ -89.917083, 35.181942 ], [ -89.916843, 35.181469 ], [ -89.916763, 35.181313 ], [ -89.916641, 35.181074 ], [ -89.916592, 35.180978 ], [ -89.916503, 35.18076 ], [ -89.916465, 35.180571 ], [ -89.916455, 35.180426 ], [ -89.916462, 35.180307 ], [ -89.916478, 35.180042 ], [ -89.916323, 35.180038 ], [ -89.915862, 35.180029 ], [ -89.915708, 35.180026 ], [ -89.913883, 35.180028 ], [ -89.91385, 35.17989 ], [ -89.912573, 35.174488 ], [ -89.912522, 35.174146 ], [ -89.912456, 35.173697 ], [ -89.912161, 35.172216 ], [ -89.912267, 35.17221 ], [ -89.912286, 35.17221 ], [ -89.912664, 35.172216 ], [ -89.91279, 35.172219 ], [ -89.913357, 35.172235 ], [ -89.914631, 35.172271 ], [ -89.915061, 35.172276 ], [ -89.915196, 35.172278 ], [ -89.915497, 35.172226 ], [ -89.915619, 35.172186 ], [ -89.915652, 35.172174 ], [ -89.915866, 35.172123 ], [ -89.915879, 35.172121 ], [ -89.916074, 35.172095 ], [ -89.916681, 35.172103 ], [ -89.916763, 35.172106 ], [ -89.91695, 35.1721 ], [ -89.917933, 35.172151 ], [ -89.918326, 35.172171 ], [ -89.919919, 35.172284 ], [ -89.920816, 35.172345 ], [ -89.920882, 35.172353 ], [ -89.920983, 35.172368 ], [ -89.921251, 35.172435 ], [ -89.921606, 35.172579 ], [ -89.921817, 35.172655 ], [ -89.921921, 35.17268 ], [ -89.921934, 35.172681 ], [ -89.922072, 35.1727 ], [ -89.922294, 35.172703 ], [ -89.922415, 35.172705 ], [ -89.922725, 35.172701 ], [ -89.922774, 35.172702 ], [ -89.923321, 35.17272 ], [ -89.923655, 35.172723 ], [ -89.923966, 35.172728 ], [ -89.924345, 35.172733 ], [ -89.925482, 35.172752 ], [ -89.925862, 35.172759 ], [ -89.925865, 35.172593 ], [ -89.925875, 35.172092 ], [ -89.925879, 35.171926 ], [ -89.925881, 35.1718 ], [ -89.925889, 35.171425 ], [ -89.925892, 35.171299 ], [ -89.925894, 35.17121 ], [ -89.925894, 35.171194 ], [ -89.925901, 35.170882 ], [ -89.925904, 35.170777 ], [ -89.925908, 35.170707 ], [ -89.925923, 35.170494 ], [ -89.925928, 35.170424 ], [ -89.925963, 35.170257 ], [ -89.925986, 35.170153 ], [ -89.926128, 35.169781 ], [ -89.92613, 35.169771 ], [ -89.926176, 35.169608 ], [ -89.92602, 35.169587 ], [ -89.925802, 35.169579 ], [ -89.925451, 35.169567 ], [ -89.924679, 35.169548 ], [ -89.924437, 35.169541 ], [ -89.924305, 35.169537 ], [ -89.924238, 35.169393 ], [ -89.924209, 35.169328 ], [ -89.923971, 35.168996 ], [ -89.923878, 35.168867 ], [ -89.922903, 35.167507 ], [ -89.922249, 35.166594 ], [ -89.922071, 35.166346 ], [ -89.920465, 35.164105 ], [ -89.919973, 35.163433 ], [ -89.919739, 35.163114 ], [ -89.919041, 35.16216 ], [ -89.919023, 35.162068 ], [ -89.91917, 35.162073 ], [ -89.91935, 35.162076 ], [ -89.920334, 35.162099 ], [ -89.920662, 35.162108 ], [ -89.920773, 35.162109 ], [ -89.921108, 35.162118 ], [ -89.92122, 35.162121 ], [ -89.921489, 35.162128 ], [ -89.922298, 35.162146 ], [ -89.922568, 35.162153 ], [ -89.922724, 35.162157 ], [ -89.923193, 35.162168 ], [ -89.92335, 35.162174 ], [ -89.923451, 35.162175 ], [ -89.923754, 35.162183 ], [ -89.923855, 35.162185 ], [ -89.924121, 35.162191 ], [ -89.924555, 35.162202 ], [ -89.92492, 35.16221 ], [ -89.925187, 35.162216 ], [ -89.925435, 35.162221 ], [ -89.926088, 35.162237 ], [ -89.926179, 35.162239 ], [ -89.926388, 35.162243 ], [ -89.926428, 35.162244 ], [ -89.926595, 35.162248 ], [ -89.926822, 35.162254 ], [ -89.927097, 35.16226 ], [ -89.927265, 35.162265 ], [ -89.92727, 35.1621 ], [ -89.927273, 35.162002 ], [ -89.92726, 35.161606 ], [ -89.927258, 35.16151 ], [ -89.92726, 35.16144 ], [ -89.927267, 35.161265 ], [ -89.927277, 35.161021 ], [ -89.927288, 35.160739 ], [ -89.927295, 35.160564 ], [ -89.9273, 35.160438 ], [ -89.927301, 35.160405 ], [ -89.927314, 35.160118 ], [ -89.927322, 35.159931 ], [ -89.92733, 35.159774 ], [ -89.927337, 35.15954 ], [ -89.927348, 35.159289 ], [ -89.927352, 35.159172 ], [ -89.927365, 35.158893 ], [ -89.927373, 35.158698 ], [ -89.927384, 35.15843 ], [ -89.927386, 35.158382 ], [ -89.927399, 35.15806 ], [ -89.927403, 35.157947 ], [ -89.927423, 35.157446 ], [ -89.927425, 35.15737 ], [ -89.92745, 35.156769 ], [ -89.927453, 35.156622 ], [ -89.927465, 35.156181 ], [ -89.927469, 35.156035 ], [ -89.927472, 35.155857 ], [ -89.927485, 35.155324 ], [ -89.927489, 35.155196 ], [ -89.92749, 35.155147 ], [ -89.927491, 35.155091 ], [ -89.927495, 35.154925 ], [ -89.927497, 35.154871 ], [ -89.927504, 35.154601 ], [ -89.927507, 35.154488 ], [ -89.927514, 35.154211 ], [ -89.927515, 35.154179 ], [ -89.927522, 35.153936 ], [ -89.927525, 35.153821 ], [ -89.927528, 35.153693 ], [ -89.927533, 35.15344 ], [ -89.927541, 35.153119 ], [ -89.927564, 35.152231 ], [ -89.927568, 35.152101 ], [ -89.927592, 35.151978 ], [ -89.927637, 35.151905 ], [ -89.92765, 35.151889 ], [ -89.927763, 35.151792 ], [ -89.927865, 35.151683 ], [ -89.92835, 35.151697 ], [ -89.928759, 35.151709 ], [ -89.929123, 35.151722 ], [ -89.929805, 35.151744 ], [ -89.930291, 35.151762 ], [ -89.930572, 35.15177 ], [ -89.931214, 35.151792 ], [ -89.931416, 35.151799 ], [ -89.931698, 35.151809 ], [ -89.931977, 35.151819 ], [ -89.932817, 35.151849 ], [ -89.933097, 35.15186 ], [ -89.933366, 35.151871 ], [ -89.934173, 35.151901 ], [ -89.934443, 35.151911 ], [ -89.934457, 35.150571 ], [ -89.934465, 35.150263 ], [ -89.934464, 35.149338 ], [ -89.934462, 35.149259 ], [ -89.934523, 35.14926 ], [ -89.935591, 35.149283 ], [ -89.937331, 35.149321 ], [ -89.937827, 35.149338 ], [ -89.938534, 35.149347 ], [ -89.938678, 35.149349 ], [ -89.939112, 35.149358 ], [ -89.939257, 35.149361 ], [ -89.939605, 35.149371 ], [ -89.940651, 35.1494 ], [ -89.941, 35.149412 ], [ -89.941703, 35.149431 ], [ -89.943525, 35.149483 ], [ -89.943815, 35.14948 ], [ -89.944155, 35.149476 ], [ -89.944519, 35.149473 ], [ -89.945187, 35.149459 ], [ -89.946094, 35.149439 ], [ -89.947191, 35.149423 ], [ -89.947828, 35.149414 ], [ -89.947954, 35.149414 ], [ -89.948469, 35.149401 ], [ -89.948567, 35.1494 ], [ -89.949158, 35.149398 ], [ -89.950688, 35.149375 ], [ -89.951396, 35.149366 ], [ -89.951625, 35.149361 ], [ -89.952118, 35.149353 ], [ -89.952314, 35.14935 ], [ -89.952544, 35.149347 ], [ -89.95368, 35.149345 ], [ -89.953754, 35.149346 ], [ -89.953978, 35.149352 ], [ -89.954053, 35.149353 ], [ -89.954209, 35.149356 ], [ -89.954677, 35.149367 ], [ -89.954833, 35.149372 ], [ -89.955064, 35.149376 ], [ -89.955759, 35.149394 ], [ -89.955991, 35.1494 ], [ -89.95613, 35.149403 ], [ -89.956549, 35.149412 ], [ -89.956689, 35.149414 ], [ -89.956928, 35.14942 ], [ -89.957648, 35.149434 ], [ -89.957888, 35.14944 ], [ -89.958261, 35.149448 ], [ -89.959044, 35.149468 ], [ -89.959157, 35.14947 ], [ -89.959351, 35.149474 ], [ -89.959381, 35.149474 ], [ -89.959667, 35.14948 ], [ -89.959755, 35.149482 ], [ -89.959634, 35.149044 ], [ -89.959411, 35.148236 ], [ -89.959321, 35.147725 ], [ -89.959244, 35.147279 ], [ -89.959196, 35.147 ], [ -89.9592, 35.146963 ], [ -89.959215, 35.14685 ], [ -89.959223, 35.146804 ], [ -89.959227, 35.14676 ], [ -89.959246, 35.146609 ], [ -89.959246, 35.146592 ], [ -89.959252, 35.146566 ], [ -89.959256, 35.146535 ], [ -89.959357, 35.146248 ], [ -89.959475, 35.146052 ], [ -89.959537, 35.145952 ], [ -89.959632, 35.145772 ], [ -89.959671, 35.145699 ], [ -89.959737, 35.145581 ], [ -89.959918, 35.14526 ], [ -89.95997, 35.144977 ], [ -89.959985, 35.144903 ], [ -89.959989, 35.144867 ], [ -89.959965, 35.144728 ], [ -89.95994, 35.144662 ], [ -89.959889, 35.144585 ], [ -89.959775, 35.144505 ], [ -89.959698, 35.144462 ], [ -89.959593, 35.144394 ], [ -89.959449, 35.144321 ], [ -89.959363, 35.14421 ], [ -89.959249, 35.144062 ], [ -89.959235, 35.144026 ], [ -89.959169, 35.143854 ], [ -89.959158, 35.143758 ], [ -89.959149, 35.143684 ], [ -89.959162, 35.143588 ], [ -89.959202, 35.143327 ], [ -89.959197, 35.143082 ], [ -89.959195, 35.142953 ], [ -89.95918, 35.142916 ], [ -89.959159, 35.142861 ], [ -89.958966, 35.142633 ], [ -89.958785, 35.142497 ], [ -89.958519, 35.142353 ], [ -89.958277, 35.142239 ], [ -89.958113, 35.142142 ], [ -89.958066, 35.142112 ], [ -89.958052, 35.142058 ], [ -89.957965, 35.141948 ], [ -89.957925, 35.14186 ], [ -89.957925, 35.141811 ], [ -89.957903, 35.141768 ], [ -89.957921, 35.141767 ], [ -89.958003, 35.141768 ], [ -89.958303, 35.14177 ], [ -89.958403, 35.141773 ], [ -89.958592, 35.141776 ], [ -89.959162, 35.141784 ], [ -89.959352, 35.141789 ], [ -89.959747, 35.141794 ], [ -89.959759, 35.141794 ], [ -89.960983, 35.141809 ], [ -89.961392, 35.141815 ], [ -89.961452, 35.141583 ], [ -89.961635, 35.140929 ], [ -89.961642, 35.140904 ], [ -89.961663, 35.14062 ], [ -89.96167, 35.140114 ], [ -89.96167, 35.139961 ], [ -89.961673, 35.139503 ], [ -89.961675, 35.139351 ], [ -89.961675, 35.139246 ], [ -89.961677, 35.138931 ], [ -89.961678, 35.138827 ], [ -89.961678, 35.138597 ], [ -89.961682, 35.137909 ], [ -89.961683, 35.137679 ], [ -89.961685, 35.137577 ], [ -89.961692, 35.137342 ], [ -89.961704, 35.137274 ], [ -89.961722, 35.137173 ], [ -89.961803, 35.136982 ], [ -89.962048, 35.13641 ], [ -89.96213, 35.136221 ], [ -89.962178, 35.136109 ], [ -89.962325, 35.135776 ], [ -89.962374, 35.135666 ], [ -89.962573, 35.135208 ], [ -89.96317, 35.133837 ], [ -89.96337, 35.133381 ], [ -89.96356, 35.133452 ], [ -89.964133, 35.133671 ], [ -89.964324, 35.133744 ], [ -89.964739, 35.133903 ], [ -89.96616, 35.134447 ], [ -89.967505, 35.134909 ], [ -89.967721, 35.134982 ], [ -89.968344, 35.135207 ], [ -89.968416, 35.135233 ], [ -89.968634, 35.135312 ], [ -89.968707, 35.135338 ], [ -89.968739, 35.13535 ], [ -89.96876, 35.135358 ], [ -89.968838, 35.135386 ], [ -89.968872, 35.135398 ], [ -89.96894, 35.135422 ], [ -89.969146, 35.135496 ], [ -89.969215, 35.13552 ], [ -89.969305, 35.135552 ], [ -89.969355, 35.135571 ], [ -89.969774, 35.135724 ], [ -89.969914, 35.135775 ], [ -89.970006, 35.135807 ], [ -89.970058, 35.135827 ], [ -89.97049, 35.135984 ], [ -89.970635, 35.136036 ], [ -89.970749, 35.136077 ], [ -89.971094, 35.136202 ], [ -89.971209, 35.136244 ], [ -89.971515, 35.136356 ], [ -89.971654, 35.136404 ], [ -89.972991, 35.13688 ], [ -89.973437, 35.13704 ], [ -89.9737, 35.137135 ], [ -89.973733, 35.137147 ], [ -89.97461, 35.137502 ], [ -89.974903, 35.137622 ], [ -89.97495, 35.137639 ], [ -89.975091, 35.137692 ], [ -89.975139, 35.13771 ], [ -89.975318, 35.137774 ], [ -89.975856, 35.137963 ], [ -89.976036, 35.138027 ], [ -89.976151, 35.138067 ], [ -89.976499, 35.138185 ], [ -89.976615, 35.138224 ], [ -89.977076, 35.13838 ], [ -89.978048, 35.138711 ], [ -89.978457, 35.138863 ], [ -89.978915, 35.139035 ], [ -89.979129, 35.139123 ], [ -89.979161, 35.139134 ], [ -89.979431, 35.139232 ], [ -89.979607, 35.139292 ], [ -89.979914, 35.139399 ], [ -89.980166, 35.139488 ], [ -89.980382, 35.139565 ], [ -89.981033, 35.139796 ], [ -89.98125, 35.139874 ], [ -89.981614, 35.140003 ], [ -89.982217, 35.140219 ], [ -89.982669, 35.140392 ], [ -89.983065, 35.140547 ], [ -89.98342, 35.14069 ], [ -89.983688, 35.140798 ], [ -89.983984, 35.140918 ], [ -89.984493, 35.141101 ], [ -89.984719, 35.141183 ], [ -89.984859, 35.141215 ], [ -89.985118, 35.141258 ], [ -89.985257, 35.141275 ], [ -89.98609, 35.141382 ], [ -89.986459, 35.141424 ], [ -89.986766, 35.141459 ], [ -89.986861, 35.141468 ], [ -89.987376, 35.141512 ], [ -89.987596, 35.141531 ], [ -89.988343, 35.141609 ], [ -89.988922, 35.141658 ], [ -89.989438, 35.141703 ], [ -89.989471, 35.141706 ], [ -89.989826, 35.141735 ], [ -89.990993, 35.141839 ], [ -89.991349, 35.141872 ], [ -89.991382, 35.141875 ], [ -89.991569, 35.141891 ], [ -89.991594, 35.141894 ], [ -89.992132, 35.141942 ], [ -89.99232, 35.14196 ], [ -89.992623, 35.141988 ], [ -89.992999, 35.142022 ], [ -89.993534, 35.142072 ], [ -89.993838, 35.1421 ], [ -89.994085, 35.142122 ], [ -89.994545, 35.142163 ], [ -89.994829, 35.14219 ], [ -89.995077, 35.142212 ], [ -89.99543, 35.142243 ], [ -89.996171, 35.142311 ], [ -89.99624, 35.14189 ], [ -89.996252, 35.14182 ], [ -89.996348, 35.141251 ], [ -89.996471, 35.140346 ], [ -89.996488, 35.140231 ], [ -89.996552, 35.139857 ], [ -89.996572, 35.139717 ], [ -89.996635, 35.139299 ], [ -89.996656, 35.139161 ], [ -89.996672, 35.139043 ], [ -89.996723, 35.138694 ], [ -89.99674, 35.138579 ], [ -89.996743, 35.138557 ], [ -89.996753, 35.138496 ], [ -89.996757, 35.138476 ], [ -89.996789, 35.138258 ], [ -89.996888, 35.137608 ], [ -89.996921, 35.137391 ], [ -89.997003, 35.136891 ], [ -89.997209, 35.135656 ], [ -89.997243, 35.135393 ], [ -89.99731, 35.134892 ], [ -89.997596, 35.13492 ], [ -89.998457, 35.13501 ], [ -89.998744, 35.13504 ], [ -89.999012, 35.135067 ], [ -89.999819, 35.135151 ], [ -90.000088, 35.135179 ], [ -90.000371, 35.13521 ], [ -90.00122, 35.135303 ], [ -90.001503, 35.135334 ], [ -90.001547, 35.135338 ], [ -90.001679, 35.135354 ], [ -90.001723, 35.135358 ], [ -90.002745, 35.135467 ], [ -90.003168, 35.13551 ], [ -90.003815, 35.13559 ], [ -90.003867, 35.135593 ], [ -90.004026, 35.135608 ], [ -90.004079, 35.135613 ], [ -90.004286, 35.135641 ], [ -90.004322, 35.135644 ], [ -90.005053, 35.135722 ], [ -90.005297, 35.135748 ], [ -90.005486, 35.135767 ], [ -90.006055, 35.135821 ], [ -90.006245, 35.13584 ], [ -90.006637, 35.135873 ], [ -90.007813, 35.135979 ], [ -90.008206, 35.136013 ], [ -90.00838, 35.13603 ], [ -90.008904, 35.13608 ], [ -90.009079, 35.136097 ], [ -90.009249, 35.136112 ], [ -90.009761, 35.136159 ], [ -90.009932, 35.136176 ], [ -90.009955, 35.135981 ], [ -90.009955, 35.135951 ], [ -90.009977, 35.135278 ], [ -90.009985, 35.135054 ], [ -90.009991, 35.134881 ], [ -90.010009, 35.134361 ], [ -90.010016, 35.134189 ], [ -90.01002, 35.134028 ], [ -90.010034, 35.13355 ], [ -90.010039, 35.133392 ], [ -90.010046, 35.133189 ], [ -90.010067, 35.13258 ], [ -90.010075, 35.132379 ], [ -90.010084, 35.132179 ], [ -90.010104, 35.13178 ], [ -90.010107, 35.131583 ], [ -90.010111, 35.131386 ], [ -90.010118, 35.131194 ], [ -90.010141, 35.130624 ], [ -90.010149, 35.130435 ], [ -90.010151, 35.130253 ], [ -90.01016, 35.12971 ], [ -90.010161, 35.129667 ], [ -90.010179, 35.129568 ], [ -90.010194, 35.129536 ], [ -90.010239, 35.129439 ], [ -90.010256, 35.129358 ], [ -90.010256, 35.129348 ], [ -90.010278, 35.128906 ], [ -90.01028, 35.128751 ], [ -90.010284, 35.128552 ], [ -90.010286, 35.128411 ], [ -90.010287, 35.128126 ], [ -90.01029, 35.127751 ], [ -90.010294, 35.126847 ], [ -90.010296, 35.126493 ], [ -90.010296, 35.126472 ], [ -90.010296, 35.126421 ], [ -90.010297, 35.126207 ], [ -90.010302, 35.125567 ], [ -90.010304, 35.125355 ], [ -90.010308, 35.124989 ], [ -90.010323, 35.123891 ], [ -90.010327, 35.123579 ], [ -90.010327, 35.123524 ], [ -90.010328, 35.123427 ], [ -90.01033, 35.123329 ], [ -90.010346, 35.122744 ], [ -90.010352, 35.12255 ], [ -90.010353, 35.122525 ], [ -90.010373, 35.121947 ], [ -90.010438, 35.12014 ], [ -90.01046, 35.119537 ], [ -90.010469, 35.11926 ], [ -90.010497, 35.118427 ], [ -90.010507, 35.11815 ], [ -90.010518, 35.117852 ], [ -90.010529, 35.117563 ], [ -90.010554, 35.116955 ], [ -90.01056, 35.116813 ], [ -90.010582, 35.116754 ], [ -90.010629, 35.116674 ], [ -90.010809, 35.116732 ], [ -90.010829, 35.11674 ], [ -90.010953, 35.116761 ], [ -90.011097, 35.116761 ], [ -90.011214, 35.116746 ], [ -90.011365, 35.116695 ], [ -90.011412, 35.11668 ], [ -90.011531, 35.116605 ], [ -90.011548, 35.116589 ], [ -90.011602, 35.116545 ], [ -90.01162, 35.116531 ], [ -90.011356, 35.116495 ], [ -90.011271, 35.116485 ], [ -90.010561, 35.11642 ], [ -90.010297, 35.116397 ], [ -90.010277, 35.116397 ], [ -90.010217, 35.116397 ], [ -90.010197, 35.116397 ], [ -90.009674, 35.116389 ], [ -90.008108, 35.116366 ], [ -90.007586, 35.116357 ], [ -90.007333, 35.116353 ], [ -90.006577, 35.116341 ], [ -90.006325, 35.116338 ], [ -90.006047, 35.116329 ], [ -90.005213, 35.116307 ], [ -90.004936, 35.1163 ], [ -90.00312, 35.116267 ], [ -90.003019, 35.116198 ], [ -90.001961, 35.116254 ], [ -90.001267, 35.116239 ], [ -90.000396, 35.116231 ], [ -90.000324, 35.116183 ], [ -90.000212, 35.116105 ], [ -89.999737, 35.11578 ], [ -89.999664, 35.115727 ], [ -89.999485, 35.115598 ], [ -89.999417, 35.115551 ], [ -89.999213, 35.115412 ], [ -89.999146, 35.115367 ], [ -89.998652, 35.115043 ], [ -89.997173, 35.114075 ], [ -89.99668, 35.113752 ], [ -89.996635, 35.113723 ], [ -89.996604, 35.113703 ], [ -89.996379, 35.113555 ], [ -89.996305, 35.113506 ], [ -89.995896, 35.113242 ], [ -89.99556, 35.113019 ], [ -89.994959, 35.112625 ], [ -89.994874, 35.112569 ], [ -89.994312, 35.112201 ], [ -89.993309, 35.111543 ], [ -89.993056, 35.111379 ], [ -89.992576, 35.111066 ], [ -89.992296, 35.110893 ], [ -89.992051, 35.110724 ], [ -89.991802, 35.110552 ], [ -89.99179, 35.110546 ], [ -89.991764, 35.110601 ], [ -89.991755, 35.110626 ], [ -89.991734, 35.110678 ], [ -89.991687, 35.110867 ], [ -89.991644, 35.111308 ], [ -89.991519, 35.113173 ], [ -89.991501, 35.113448 ], [ -89.99145, 35.114275 ], [ -89.991447, 35.114329 ], [ -89.991424, 35.114494 ], [ -89.991408, 35.114548 ], [ -89.991275, 35.114736 ], [ -89.991269, 35.114745 ], [ -89.991223, 35.114933 ], [ -89.991248, 35.115975 ], [ -89.991245, 35.116005 ], [ -89.991237, 35.116101 ], [ -89.991235, 35.116132 ], [ -89.991225, 35.116477 ], [ -89.991219, 35.116737 ], [ -89.991214, 35.116916 ], [ -89.991189, 35.117512 ], [ -89.991176, 35.117858 ], [ -89.991133, 35.11862 ], [ -89.991085, 35.11965 ], [ -89.99108, 35.119788 ], [ -89.991003, 35.120779 ], [ -89.990987, 35.120953 ], [ -89.990947, 35.121825 ], [ -89.990942, 35.121893 ], [ -89.990943, 35.121904 ], [ -89.990903, 35.122778 ], [ -89.990861, 35.123605 ], [ -89.990857, 35.123695 ], [ -89.99082, 35.124488 ], [ -89.990814, 35.124609 ], [ -89.99079, 35.125079 ], [ -89.990785, 35.125163 ], [ -89.990732, 35.126031 ], [ -89.989592, 35.126006 ], [ -89.989443, 35.126005 ], [ -89.988998, 35.125999 ], [ -89.98885, 35.125998 ], [ -89.98873, 35.125996 ], [ -89.988371, 35.125991 ], [ -89.988252, 35.125989 ], [ -89.988152, 35.125988 ], [ -89.987853, 35.125985 ], [ -89.987754, 35.125985 ], [ -89.987627, 35.125982 ], [ -89.987247, 35.125979 ], [ -89.987121, 35.125978 ], [ -89.986905, 35.125976 ], [ -89.98626, 35.125969 ], [ -89.986045, 35.125968 ], [ -89.985939, 35.125968 ], [ -89.985621, 35.125964 ], [ -89.985515, 35.125963 ], [ -89.985265, 35.125957 ], [ -89.984518, 35.125943 ], [ -89.984269, 35.125937 ], [ -89.984197, 35.125934 ], [ -89.984059, 35.125929 ], [ -89.984017, 35.125926 ], [ -89.983509, 35.125904 ], [ -89.982475, 35.125871 ], [ -89.981245, 35.125842 ], [ -89.980489, 35.125825 ], [ -89.980083, 35.125816 ], [ -89.979695, 35.125805 ], [ -89.979115, 35.125792 ], [ -89.978976, 35.125788 ], [ -89.978868, 35.125785 ], [ -89.978464, 35.125775 ], [ -89.978307, 35.125772 ], [ -89.977836, 35.12576 ], [ -89.97768, 35.125757 ], [ -89.977585, 35.125754 ], [ -89.977303, 35.125749 ], [ -89.977209, 35.125746 ], [ -89.976943, 35.125738 ], [ -89.976146, 35.125716 ], [ -89.975881, 35.125709 ], [ -89.975891, 35.125352 ], [ -89.97592, 35.124283 ], [ -89.975931, 35.123928 ], [ -89.973908, 35.123884 ], [ -89.973832, 35.123883 ], [ -89.9736, 35.12388 ], [ -89.973409, 35.123878 ], [ -89.973439, 35.122343 ], [ -89.97345, 35.122062 ], [ -89.973532, 35.119848 ], [ -89.973364, 35.119842 ], [ -89.973288, 35.11984 ], [ -89.973013, 35.119833 ], [ -89.971964, 35.119802 ], [ -89.971614, 35.119794 ], [ -89.971618, 35.119675 ], [ -89.97163, 35.119322 ], [ -89.971635, 35.119205 ], [ -89.971642, 35.119017 ], [ -89.971645, 35.118931 ], [ -89.971674, 35.118109 ], [ -89.971684, 35.117835 ], [ -89.971699, 35.117404 ], [ -89.971742, 35.116239 ], [ -89.971748, 35.11611 ], [ -89.97177, 35.115679 ], [ -89.971556, 35.115673 ], [ -89.970914, 35.115659 ], [ -89.970701, 35.115655 ], [ -89.96963, 35.115629 ], [ -89.969177, 35.11561 ], [ -89.969104, 35.115607 ], [ -89.96819, 35.115586 ], [ -89.966589, 35.11555 ], [ -89.966061, 35.11554 ], [ -89.965779, 35.115533 ], [ -89.964497, 35.115505 ], [ -89.963353, 35.11548 ], [ -89.96272, 35.115466 ], [ -89.962544, 35.115468 ], [ -89.96226, 35.115469 ], [ -89.961892, 35.115472 ], [ -89.961411, 35.115461 ], [ -89.961129, 35.115455 ], [ -89.961037, 35.115451 ], [ -89.960761, 35.11544 ], [ -89.960669, 35.115437 ], [ -89.960332, 35.115418 ], [ -89.960234, 35.115415 ], [ -89.958929, 35.115385 ], [ -89.958494, 35.115375 ], [ -89.958312, 35.11537 ], [ -89.957769, 35.115359 ], [ -89.957588, 35.115356 ], [ -89.957401, 35.11535 ], [ -89.95684, 35.115339 ], [ -89.956653, 35.115334 ], [ -89.956259, 35.115325 ], [ -89.956064, 35.115322 ], [ -89.955077, 35.115299 ], [ -89.954866, 35.115293 ], [ -89.954684, 35.115289 ], [ -89.954601, 35.115288 ], [ -89.954375, 35.115283 ], [ -89.954352, 35.115283 ], [ -89.95427, 35.115281 ], [ -89.954269, 35.115176 ], [ -89.954269, 35.115148 ], [ -89.954269, 35.115029 ], [ -89.954291, 35.114967 ], [ -89.954441, 35.11454 ], [ -89.954853, 35.113236 ], [ -89.953728, 35.113215 ], [ -89.953795, 35.111666 ], [ -89.95386, 35.111669 ], [ -89.953895, 35.110688 ], [ -89.953939, 35.109693 ], [ -89.953947, 35.109495 ], [ -89.953974, 35.108899 ], [ -89.953983, 35.108703 ], [ -89.953989, 35.108511 ], [ -89.954006, 35.108015 ], [ -89.954004, 35.107934 ], [ -89.954001, 35.107811 ], [ -89.953999, 35.107743 ], [ -89.953695, 35.107748 ], [ -89.952782, 35.107765 ], [ -89.952479, 35.107771 ], [ -89.952245, 35.107775 ], [ -89.951542, 35.107791 ], [ -89.951309, 35.107796 ], [ -89.950826, 35.107805 ], [ -89.94938, 35.107833 ], [ -89.948899, 35.107844 ], [ -89.948329, 35.107853 ], [ -89.946619, 35.107881 ], [ -89.946147, 35.107889 ], [ -89.94605, 35.107889 ], [ -89.945979, 35.107889 ], [ -89.945541, 35.10789 ], [ -89.94533, 35.107883 ], [ -89.943172, 35.107822 ], [ -89.942453, 35.107802 ], [ -89.942275, 35.107796 ], [ -89.941741, 35.107782 ], [ -89.941563, 35.107777 ], [ -89.941356, 35.107771 ], [ -89.940735, 35.107752 ], [ -89.940529, 35.107747 ], [ -89.938893, 35.107698 ], [ -89.938549, 35.107692 ], [ -89.93573, 35.107623 ], [ -89.935642, 35.107621 ], [ -89.935378, 35.107616 ], [ -89.93529, 35.107615 ], [ -89.935234, 35.107613 ], [ -89.935066, 35.107609 ], [ -89.93501, 35.107608 ], [ -89.934966, 35.107608 ], [ -89.934875, 35.107605 ], [ -89.934472, 35.107594 ], [ -89.934338, 35.107591 ], [ -89.933814, 35.107578 ], [ -89.932244, 35.107541 ], [ -89.931721, 35.107529 ], [ -89.931511, 35.107524 ], [ -89.930883, 35.10751 ], [ -89.930674, 35.107506 ], [ -89.930581, 35.107503 ], [ -89.930341, 35.107497 ], [ -89.930305, 35.107496 ], [ -89.930213, 35.107495 ], [ -89.929955, 35.107488 ], [ -89.929183, 35.10747 ], [ -89.928926, 35.107465 ], [ -89.92867, 35.107458 ], [ -89.927903, 35.107439 ], [ -89.927648, 35.107433 ], [ -89.927365, 35.107426 ], [ -89.926517, 35.107405 ], [ -89.926366, 35.107402 ], [ -89.926235, 35.1074 ], [ -89.926231, 35.107399 ], [ -89.925779, 35.10739 ], [ -89.924411, 35.10736 ], [ -89.924312, 35.107357 ], [ -89.924128, 35.10735 ], [ -89.923958, 35.107346 ], [ -89.923877, 35.107343 ], [ -89.923638, 35.107336 ], [ -89.923558, 35.107334 ], [ -89.923351, 35.107329 ], [ -89.92273, 35.107312 ], [ -89.922523, 35.107307 ], [ -89.922313, 35.107302 ], [ -89.921686, 35.107284 ], [ -89.921477, 35.107278 ], [ -89.921213, 35.10727 ], [ -89.920887, 35.107262 ], [ -89.920421, 35.107248 ], [ -89.920158, 35.107242 ], [ -89.920161, 35.107159 ], [ -89.92016, 35.107045 ], [ -89.920159, 35.106862 ], [ -89.920126, 35.106683 ], [ -89.920114, 35.106614 ], [ -89.920073, 35.106384 ], [ -89.920057, 35.106221 ], [ -89.920071, 35.105736 ], [ -89.920106, 35.105357 ], [ -89.920152, 35.10501 ], [ -89.920179, 35.104819 ], [ -89.920213, 35.104454 ], [ -89.920243, 35.104125 ], [ -89.920282, 35.103713 ], [ -89.920298, 35.10337 ], [ -89.920312, 35.103137 ], [ -89.920327, 35.102916 ], [ -89.920325, 35.102809 ], [ -89.92052, 35.102748 ], [ -89.920631, 35.102689 ], [ -89.920649, 35.10268 ], [ -89.921147, 35.102273 ], [ -89.921336, 35.102087 ], [ -89.921376, 35.102041 ], [ -89.921592, 35.10179 ], [ -89.921912, 35.102016 ], [ -89.922065, 35.102123 ], [ -89.922205, 35.102193 ], [ -89.922394, 35.10225 ], [ -89.92303, 35.10228 ], [ -89.923243, 35.102278 ], [ -89.923336, 35.102241 ], [ -89.923393, 35.102187 ], [ -89.923418, 35.102116 ], [ -89.923416, 35.10179 ], [ -89.923412, 35.10059 ], [ -89.923412, 35.100471 ], [ -89.923394, 35.100192 ], [ -89.923387, 35.09993 ], [ -89.923373, 35.099398 ], [ -89.923376, 35.099143 ], [ -89.92338, 35.098881 ], [ -89.923165, 35.098875 ], [ -89.922744, 35.098866 ], [ -89.922525, 35.098836 ], [ -89.922477, 35.09883 ], [ -89.922317, 35.098788 ], [ -89.922163, 35.09874 ], [ -89.922097, 35.098707 ], [ -89.921587, 35.098466 ], [ -89.921459, 35.098416 ], [ -89.9214, 35.098394 ], [ -89.921235, 35.098349 ], [ -89.921107, 35.098321 ], [ -89.920771, 35.098286 ], [ -89.920746, 35.098284 ], [ -89.919815, 35.098268 ], [ -89.919592, 35.09824 ], [ -89.919306, 35.098164 ], [ -89.91928, 35.098152 ], [ -89.91907, 35.09806 ], [ -89.918847, 35.097919 ], [ -89.918635, 35.097731 ], [ -89.918592, 35.097677 ], [ -89.918511, 35.097577 ], [ -89.918397, 35.097367 ], [ -89.918312, 35.097123 ], [ -89.918182, 35.096714 ], [ -89.918178, 35.096702 ], [ -89.918088, 35.096515 ], [ -89.918017, 35.096405 ], [ -89.917863, 35.096219 ], [ -89.917837, 35.096187 ], [ -89.917632, 35.096005 ], [ -89.91739, 35.09585 ], [ -89.917281, 35.095793 ], [ -89.917186, 35.095744 ], [ -89.917065, 35.095689 ], [ -89.916862, 35.095593 ], [ -89.916255, 35.095309 ], [ -89.916053, 35.095216 ], [ -89.916061, 35.094927 ], [ -89.916066, 35.094778 ], [ -89.916089, 35.094613 ], [ -89.91614, 35.094487 ], [ -89.91626, 35.094328 ], [ -89.916411, 35.094183 ], [ -89.916453, 35.094144 ], [ -89.916541, 35.094032 ], [ -89.916579, 35.093953 ], [ -89.916609, 35.093858 ], [ -89.916629, 35.093798 ], [ -89.916639, 35.093742 ], [ -89.916644, 35.093564 ], [ -89.916648, 35.093464 ], [ -89.916653, 35.093256 ], [ -89.916668, 35.092636 ], [ -89.916674, 35.092428 ], [ -89.916683, 35.092033 ], [ -89.916709, 35.090847 ], [ -89.916719, 35.090452 ], [ -89.916728, 35.090126 ], [ -89.916744, 35.08954 ], [ -89.916755, 35.089151 ], [ -89.916763, 35.088873 ], [ -89.916764, 35.088826 ], [ -89.916765, 35.088791 ], [ -89.916768, 35.088679 ], [ -89.916781, 35.088238 ], [ -89.916786, 35.088093 ], [ -89.916787, 35.088051 ], [ -89.91679, 35.087927 ], [ -89.916792, 35.087886 ], [ -89.916795, 35.087699 ], [ -89.916806, 35.087139 ], [ -89.91681, 35.086953 ], [ -89.916816, 35.086733 ], [ -89.916835, 35.086073 ], [ -89.916842, 35.085853 ], [ -89.916845, 35.085693 ], [ -89.916856, 35.085212 ], [ -89.916861, 35.085054 ], [ -89.917089, 35.085059 ], [ -89.917205, 35.085063 ], [ -89.917325, 35.085065 ], [ -89.917773, 35.085078 ], [ -89.918002, 35.085083 ], [ -89.918018, 35.084577 ], [ -89.918019, 35.084561 ], [ -89.918051, 35.083062 ], [ -89.918063, 35.082558 ], [ -89.918066, 35.082356 ], [ -89.918077, 35.081755 ], [ -89.918082, 35.081556 ], [ -89.918363, 35.081564 ], [ -89.919207, 35.08159 ], [ -89.919489, 35.081599 ], [ -89.919498, 35.0811 ], [ -89.919521, 35.079926 ], [ -89.919534, 35.079603 ], [ -89.919547, 35.079311 ], [ -89.919597, 35.079215 ], [ -89.919648, 35.079169 ], [ -89.919675, 35.079158 ], [ -89.919713, 35.079145 ], [ -89.919818, 35.079142 ], [ -89.919894, 35.079155 ], [ -89.919986, 35.07917 ], [ -89.920557, 35.079242 ], [ -89.920589, 35.079246 ], [ -89.920676, 35.079267 ], [ -89.920766, 35.079314 ], [ -89.920768, 35.079128 ], [ -89.920773, 35.078822 ], [ -89.920776, 35.078574 ], [ -89.920777, 35.078562 ], [ -89.92078, 35.07839 ], [ -89.919184, 35.078159 ], [ -89.918774, 35.078105 ], [ -89.918328, 35.078049 ], [ -89.917368, 35.077965 ], [ -89.916659, 35.077928 ], [ -89.915776, 35.077907 ], [ -89.912707, 35.077836 ], [ -89.9111, 35.077799 ], [ -89.910682, 35.077801 ], [ -89.910623, 35.077802 ], [ -89.91045, 35.077802 ], [ -89.910392, 35.077804 ], [ -89.909933, 35.077824 ], [ -89.909704, 35.077842 ], [ -89.909062, 35.077897 ], [ -89.908368, 35.077987 ], [ -89.907913, 35.07807 ], [ -89.907658, 35.078118 ], [ -89.907235, 35.078202 ], [ -89.906984, 35.07826 ], [ -89.90699, 35.078283 ], [ -89.907013, 35.07837 ], [ -89.907024, 35.078415 ], [ -89.907034, 35.078452 ], [ -89.906904, 35.078484 ], [ -89.906093, 35.078754 ], [ -89.905567, 35.078945 ], [ -89.904506, 35.079358 ], [ -89.902962, 35.079955 ], [ -89.902651, 35.080076 ], [ -89.901823, 35.080398 ], [ -89.900205, 35.081025 ], [ -89.900033, 35.081091 ], [ -89.89959, 35.081353 ], [ -89.898788, 35.081722 ], [ -89.897775, 35.082152 ], [ -89.896209, 35.082767 ], [ -89.895655, 35.082958 ], [ -89.895437, 35.083047 ], [ -89.895247, 35.083124 ], [ -89.895159, 35.083171 ], [ -89.895029, 35.08324 ], [ -89.894904, 35.083354 ], [ -89.894841, 35.08343 ], [ -89.894739, 35.083619 ], [ -89.894706, 35.08375 ], [ -89.894692, 35.083925 ], [ -89.89471, 35.084039 ], [ -89.894776, 35.084177 ], [ -89.895033, 35.084494 ], [ -89.895089, 35.084562 ], [ -89.895185, 35.084661 ], [ -89.895383, 35.084905 ], [ -89.895445, 35.084952 ], [ -89.89553, 35.085028 ], [ -89.895634, 35.085121 ], [ -89.895837, 35.085361 ], [ -89.895905, 35.085466 ], [ -89.895923, 35.085493 ], [ -89.895987, 35.085642 ], [ -89.896045, 35.085775 ], [ -89.896093, 35.085918 ], [ -89.89614, 35.086101 ], [ -89.896165, 35.086196 ], [ -89.896183, 35.08643 ], [ -89.896142, 35.087557 ], [ -89.896125, 35.088045 ], [ -89.896099, 35.088673 ], [ -89.896025, 35.090556 ], [ -89.896, 35.091186 ], [ -89.895993, 35.091364 ], [ -89.895976, 35.091899 ], [ -89.89597, 35.092078 ], [ -89.895964, 35.092244 ], [ -89.895948, 35.092746 ], [ -89.895943, 35.092914 ], [ -89.895934, 35.093095 ], [ -89.895911, 35.093644 ], [ -89.895904, 35.093828 ], [ -89.895896, 35.094002 ], [ -89.895876, 35.094527 ], [ -89.89587, 35.094702 ], [ -89.895863, 35.094865 ], [ -89.895846, 35.095358 ], [ -89.89584, 35.095523 ], [ -89.895833, 35.09569 ], [ -89.895816, 35.09619 ], [ -89.89581, 35.096357 ], [ -89.895803, 35.096526 ], [ -89.895783, 35.097033 ], [ -89.895777, 35.097203 ], [ -89.89577, 35.097356 ], [ -89.895753, 35.097812 ], [ -89.895747, 35.097966 ], [ -89.895741, 35.098121 ], [ -89.895724, 35.098585 ], [ -89.895719, 35.098741 ], [ -89.895712, 35.098893 ], [ -89.895694, 35.09935 ], [ -89.895688, 35.099504 ], [ -89.895681, 35.099647 ], [ -89.895662, 35.100082 ], [ -89.895656, 35.100226 ], [ -89.895649, 35.100374 ], [ -89.895632, 35.100817 ], [ -89.895627, 35.100964 ], [ -89.895619, 35.101127 ], [ -89.895599, 35.101619 ], [ -89.895593, 35.101782 ], [ -89.895585, 35.101952 ], [ -89.895562, 35.102463 ], [ -89.895555, 35.102633 ], [ -89.895547, 35.102804 ], [ -89.895525, 35.10332 ], [ -89.895518, 35.103493 ], [ -89.895511, 35.103639 ], [ -89.895493, 35.104076 ], [ -89.895486, 35.104222 ], [ -89.895484, 35.10427 ], [ -89.895479, 35.104416 ], [ -89.895478, 35.104464 ], [ -89.895472, 35.104591 ], [ -89.895455, 35.104976 ], [ -89.89545, 35.105103 ], [ -89.895446, 35.105178 ], [ -89.895437, 35.105401 ], [ -89.895434, 35.105477 ], [ -89.895429, 35.1057 ], [ -89.895427, 35.105852 ], [ -89.89541, 35.106369 ], [ -89.895404, 35.106565 ], [ -89.895403, 35.106593 ], [ -89.89608, 35.106611 ], [ -89.898111, 35.106664 ], [ -89.898789, 35.106682 ], [ -89.899394, 35.106698 ], [ -89.901294, 35.106744 ], [ -89.901405, 35.106746 ], [ -89.901536, 35.106753 ], [ -89.901828, 35.106758 ], [ -89.90207, 35.106764 ], [ -89.902269, 35.106769 ], [ -89.902542, 35.106777 ], [ -89.902957, 35.106789 ], [ -89.903274, 35.106797 ], [ -89.903543, 35.106804 ], [ -89.904227, 35.106821 ], [ -89.904545, 35.106831 ], [ -89.905209, 35.106848 ], [ -89.907203, 35.106898 ], [ -89.907868, 35.106916 ], [ -89.907864, 35.10702 ], [ -89.907831, 35.107551 ], [ -89.907796, 35.108134 ], [ -89.90778, 35.108429 ], [ -89.907756, 35.108926 ], [ -89.907751, 35.109012 ], [ -89.907729, 35.109459 ], [ -89.907728, 35.109485 ], [ -89.907701, 35.110017 ], [ -89.907697, 35.110096 ], [ -89.907684, 35.110329 ], [ -89.907658, 35.110853 ], [ -89.907649, 35.111033 ], [ -89.907644, 35.111137 ], [ -89.907637, 35.111269 ], [ -89.907626, 35.111477 ], [ -89.907598, 35.112045 ], [ -89.907598, 35.112105 ], [ -89.9076, 35.112314 ], [ -89.907577, 35.112367 ], [ -89.907548, 35.112496 ], [ -89.907539, 35.112832 ], [ -89.90753, 35.113197 ], [ -89.907529, 35.113662 ], [ -89.907492, 35.114413 ], [ -89.90748, 35.114672 ], [ -89.907442, 35.114937 ], [ -89.907863, 35.115012 ], [ -89.909025, 35.115217 ], [ -89.909127, 35.11523 ], [ -89.909552, 35.115286 ], [ -89.91013, 35.115344 ], [ -89.910851, 35.115379 ], [ -89.911163, 35.115385 ], [ -89.915462, 35.115482 ], [ -89.916007, 35.115497 ], [ -89.917622, 35.115545 ], [ -89.919301, 35.115581 ], [ -89.923075, 35.115665 ], [ -89.924339, 35.11569 ], [ -89.925798, 35.115722 ], [ -89.926018, 35.115736 ], [ -89.926016, 35.115778 ], [ -89.926011, 35.115901 ], [ -89.92601, 35.115943 ], [ -89.926008, 35.115978 ], [ -89.926006, 35.11608 ], [ -89.926005, 35.116115 ], [ -89.926003, 35.116198 ], [ -89.926, 35.116451 ], [ -89.925999, 35.116535 ], [ -89.925985, 35.117019 ], [ -89.925976, 35.117366 ], [ -89.925945, 35.118472 ], [ -89.925932, 35.118957 ], [ -89.925927, 35.119108 ], [ -89.925916, 35.119567 ], [ -89.925913, 35.119721 ], [ -89.925906, 35.119887 ], [ -89.925906, 35.119912 ], [ -89.925901, 35.12012 ], [ -89.925891, 35.12039 ], [ -89.925886, 35.120556 ], [ -89.925883, 35.120608 ], [ -89.925878, 35.120765 ], [ -89.925877, 35.120819 ], [ -89.92587, 35.121006 ], [ -89.925853, 35.121572 ], [ -89.925848, 35.121761 ], [ -89.925844, 35.121832 ], [ -89.925836, 35.122051 ], [ -89.925834, 35.122124 ], [ -89.92583, 35.122229 ], [ -89.925822, 35.122544 ], [ -89.92582, 35.12265 ], [ -89.926374, 35.122664 ], [ -89.926464, 35.122667 ], [ -89.926538, 35.12267 ], [ -89.928038, 35.122712 ], [ -89.928593, 35.122729 ], [ -89.928824, 35.122733 ], [ -89.92952, 35.122746 ], [ -89.929752, 35.122751 ], [ -89.930032, 35.122757 ], [ -89.930129, 35.122758 ], [ -89.930591, 35.122772 ], [ -89.930872, 35.122781 ], [ -89.931152, 35.122791 ], [ -89.933608, 35.122856 ], [ -89.933676, 35.122858 ], [ -89.934819, 35.122892 ], [ -89.936119, 35.122931 ], [ -89.937252, 35.122958 ], [ -89.939292, 35.123019 ], [ -89.940499, 35.123052 ], [ -89.941087, 35.123068 ], [ -89.942334, 35.123104 ], [ -89.942741, 35.123115 ], [ -89.942851, 35.123118 ], [ -89.943439, 35.123137 ], [ -89.943834, 35.123149 ], [ -89.945022, 35.123189 ], [ -89.945418, 35.123204 ], [ -89.945408, 35.123449 ], [ -89.945393, 35.123836 ], [ -89.945378, 35.12419 ], [ -89.945368, 35.124437 ], [ -89.945364, 35.124507 ], [ -89.945356, 35.124719 ], [ -89.945353, 35.124789 ], [ -89.945347, 35.124929 ], [ -89.94534, 35.125149 ], [ -89.945331, 35.12535 ], [ -89.945326, 35.125491 ], [ -89.945318, 35.125673 ], [ -89.945309, 35.125887 ], [ -89.945295, 35.126222 ], [ -89.945288, 35.126405 ], [ -89.945275, 35.126683 ], [ -89.945237, 35.127517 ], [ -89.945225, 35.127797 ], [ -89.945215, 35.127997 ], [ -89.945201, 35.128296 ], [ -89.945194, 35.128602 ], [ -89.94519, 35.128805 ], [ -89.945187, 35.128901 ], [ -89.945181, 35.129188 ], [ -89.945179, 35.129286 ], [ -89.945169, 35.129518 ], [ -89.945143, 35.130218 ], [ -89.945134, 35.130452 ], [ -89.945122, 35.13075 ], [ -89.94509, 35.13158 ], [ -89.945088, 35.131645 ], [ -89.94508, 35.131943 ], [ -89.944864, 35.131941 ], [ -89.944656, 35.131941 ], [ -89.944217, 35.13193 ], [ -89.944002, 35.131924 ], [ -89.943877, 35.131921 ], [ -89.943505, 35.131913 ], [ -89.943381, 35.131912 ], [ -89.943107, 35.131905 ], [ -89.942991, 35.131902 ], [ -89.942691, 35.131896 ], [ -89.941821, 35.131878 ], [ -89.941432, 35.13187 ], [ -89.941271, 35.131865 ], [ -89.940791, 35.131856 ], [ -89.940631, 35.131853 ], [ -89.940396, 35.131847 ], [ -89.940183, 35.131842 ], [ -89.939691, 35.13183 ], [ -89.939456, 35.131825 ], [ -89.938922, 35.131812 ], [ -89.937321, 35.131774 ], [ -89.936788, 35.131761 ], [ -89.936188, 35.131747 ], [ -89.936004, 35.131744 ], [ -89.935528, 35.131733 ], [ -89.934388, 35.131706 ], [ -89.933789, 35.131693 ], [ -89.933027, 35.131676 ], [ -89.932962, 35.131676 ], [ -89.930741, 35.131625 ], [ -89.92998, 35.131608 ], [ -89.929709, 35.131601 ], [ -89.929008, 35.131586 ], [ -89.928937, 35.131585 ], [ -89.928896, 35.131583 ], [ -89.928626, 35.13158 ], [ -89.928304, 35.131571 ], [ -89.928174, 35.131569 ], [ -89.927845, 35.13156 ], [ -89.927338, 35.131547 ], [ -89.927017, 35.131541 ], [ -89.926722, 35.131533 ], [ -89.926144, 35.131519 ], [ -89.925859, 35.131511 ], [ -89.925837, 35.13151 ], [ -89.925543, 35.131504 ], [ -89.92535, 35.131498 ], [ -89.924774, 35.131485 ], [ -89.924582, 35.131481 ], [ -89.924468, 35.131481 ], [ -89.923891, 35.131468 ], [ -89.922532, 35.131439 ], [ -89.922246, 35.131432 ], [ -89.92182, 35.131422 ], [ -89.92113, 35.131407 ], [ -89.920925, 35.131403 ], [ -89.920589, 35.131395 ], [ -89.920094, 35.131386 ], [ -89.919985, 35.131381 ], [ -89.919247, 35.131364 ], [ -89.918967, 35.131357 ], [ -89.918676, 35.131352 ], [ -89.918427, 35.131344 ], [ -89.918192, 35.131338 ], [ -89.91749, 35.131324 ], [ -89.917381, 35.131321 ], [ -89.917318, 35.131319 ], [ -89.917256, 35.131319 ], [ -89.917097, 35.131313 ], [ -89.916623, 35.131302 ], [ -89.916465, 35.131297 ], [ -89.91627, 35.131293 ], [ -89.915688, 35.131279 ], [ -89.915494, 35.131273 ], [ -89.915309, 35.131268 ], [ -89.914757, 35.131254 ], [ -89.914573, 35.131251 ], [ -89.914372, 35.131245 ], [ -89.91436, 35.131245 ], [ -89.913769, 35.131234 ], [ -89.913622, 35.131231 ], [ -89.913569, 35.131229 ], [ -89.913443, 35.131225 ], [ -89.913065, 35.131217 ], [ -89.91294, 35.131214 ], [ -89.912513, 35.131203 ], [ -89.912489, 35.131203 ], [ -89.912248, 35.131197 ], [ -89.912053, 35.131194 ], [ -89.91154, 35.131183 ], [ -89.911139, 35.131173 ], [ -89.910689, 35.131163 ], [ -89.91025, 35.131153 ], [ -89.909198, 35.13113 ], [ -89.908936, 35.131124 ], [ -89.908499, 35.131113 ], [ -89.908367, 35.13111 ], [ -89.907971, 35.131104 ], [ -89.90784, 35.131102 ], [ -89.907755, 35.1311 ], [ -89.907646, 35.131099 ], [ -89.9075, 35.131096 ], [ -89.907416, 35.131095 ], [ -89.907218, 35.13109 ], [ -89.906627, 35.131079 ], [ -89.90643, 35.131074 ], [ -89.906016, 35.131066 ], [ -89.905633, 35.131058 ], [ -89.904882, 35.131042 ], [ -89.904774, 35.131038 ], [ -89.90436, 35.131031 ], [ -89.904022, 35.131023 ], [ -89.903008, 35.131 ], [ -89.90267, 35.130992 ], [ -89.902196, 35.13098 ], [ -89.900777, 35.130947 ], [ -89.900304, 35.130936 ], [ -89.899934, 35.130926 ], [ -89.899146, 35.130904 ], [ -89.898827, 35.130869 ], [ -89.898773, 35.130865 ], [ -89.898461, 35.130818 ], [ -89.89787, 35.130716 ], [ -89.897768, 35.130699 ], [ -89.897632, 35.130682 ], [ -89.897444, 35.13066 ], [ -89.896078, 35.130631 ], [ -89.89548, 35.13062 ], [ -89.895269, 35.130615 ], [ -89.895157, 35.130613 ], [ -89.894639, 35.130603 ], [ -89.89443, 35.130598 ], [ -89.894428, 35.130044 ], [ -89.894425, 35.128988 ], [ -89.89444, 35.128642 ], [ -89.894479, 35.128389 ], [ -89.894518, 35.128138 ], [ -89.894551, 35.128043 ], [ -89.89461, 35.127974 ], [ -89.894697, 35.12791 ], [ -89.894642, 35.127738 ], [ -89.894634, 35.127713 ], [ -89.894619, 35.127404 ], [ -89.894627, 35.127201 ], [ -89.894636, 35.127022 ], [ -89.894647, 35.126791 ], [ -89.894674, 35.126279 ], [ -89.894683, 35.126101 ], [ -89.894696, 35.125871 ], [ -89.894703, 35.125724 ], [ -89.894726, 35.125284 ], [ -89.894735, 35.125138 ], [ -89.894761, 35.124643 ], [ -89.894774, 35.124423 ], [ -89.894842, 35.123162 ], [ -89.894855, 35.122937 ], [ -89.894882, 35.122668 ], [ -89.894555, 35.122657 ], [ -89.894495, 35.122656 ], [ -89.893549, 35.122642 ], [ -89.893337, 35.122636 ], [ -89.892951, 35.122625 ], [ -89.892782, 35.122621 ], [ -89.892276, 35.122615 ], [ -89.892108, 35.122613 ], [ -89.891843, 35.122606 ], [ -89.891051, 35.122586 ], [ -89.890787, 35.12258 ], [ -89.890166, 35.122567 ], [ -89.890122, 35.122567 ], [ -89.889448, 35.122554 ], [ -89.888306, 35.122526 ], [ -89.887686, 35.122513 ], [ -89.887674, 35.122796 ], [ -89.887642, 35.123649 ], [ -89.887632, 35.123933 ], [ -89.887623, 35.124161 ], [ -89.887596, 35.12485 ], [ -89.887588, 35.125079 ], [ -89.887578, 35.125265 ], [ -89.887572, 35.125397 ], [ -89.887568, 35.125494 ], [ -89.887555, 35.12583 ], [ -89.887549, 35.126017 ], [ -89.887531, 35.126433 ], [ -89.88749, 35.127443 ], [ -89.88748, 35.127682 ], [ -89.887463, 35.1281 ], [ -89.8872, 35.128054 ], [ -89.886766, 35.127978 ], [ -89.886414, 35.127902 ], [ -89.886218, 35.127859 ], [ -89.886152, 35.127856 ], [ -89.885625, 35.12784 ], [ -89.884834, 35.127815 ], [ -89.884494, 35.127775 ], [ -89.884047, 35.127764 ], [ -89.883521, 35.12775 ], [ -89.882797, 35.127733 ], [ -89.880629, 35.127688 ], [ -89.879906, 35.127672 ], [ -89.879519, 35.127663 ], [ -89.878782, 35.127647 ], [ -89.878416, 35.127646 ], [ -89.878361, 35.127638 ], [ -89.877979, 35.127584 ], [ -89.877657, 35.127524 ], [ -89.876694, 35.127347 ], [ -89.876373, 35.127288 ], [ -89.876325, 35.127443 ], [ -89.876301, 35.127522 ], [ -89.876211, 35.127686 ], [ -89.876064, 35.127847 ], [ -89.875955, 35.127967 ], [ -89.875784, 35.127851 ], [ -89.875773, 35.127845 ], [ -89.875663, 35.127785 ], [ -89.875438, 35.127692 ], [ -89.875161, 35.127613 ], [ -89.875028, 35.127576 ], [ -89.874949, 35.127564 ], [ -89.874609, 35.127519 ], [ -89.874477, 35.127509 ], [ -89.874352, 35.127516 ], [ -89.874284, 35.127522 ], [ -89.874037, 35.127561 ], [ -89.872576, 35.127811 ], [ -89.872519, 35.127822 ], [ -89.872115, 35.127829 ], [ -89.871977, 35.127826 ], [ -89.871713, 35.127815 ], [ -89.871281, 35.127801 ], [ -89.870921, 35.127786 ], [ -89.870658, 35.127775 ], [ -89.87062, 35.128037 ], [ -89.870604, 35.128149 ], [ -89.870586, 35.128346 ], [ -89.870511, 35.128827 ], [ -89.870484, 35.129003 ], [ -89.870494, 35.12909 ], [ -89.870747, 35.12907 ], [ -89.870804, 35.129069 ], [ -89.87104, 35.129067 ], [ -89.871456, 35.129036 ], [ -89.871737, 35.129026 ], [ -89.872049, 35.129017 ], [ -89.872027, 35.129427 ], [ -89.872016, 35.129646 ], [ -89.871949, 35.130652 ], [ -89.871922, 35.131062 ], [ -89.871828, 35.131059 ], [ -89.871548, 35.13105 ], [ -89.871455, 35.131048 ], [ -89.870813, 35.131031 ], [ -89.868887, 35.130984 ], [ -89.868485, 35.130975 ], [ -89.868245, 35.13097 ], [ -89.868104, 35.130967 ], [ -89.867946, 35.130964 ], [ -89.86778, 35.130961 ], [ -89.867662, 35.131979 ], [ -89.867642, 35.13292 ], [ -89.86766, 35.133395 ], [ -89.867697, 35.13386 ], [ -89.867709, 35.133965 ], [ -89.867759, 35.134366 ], [ -89.867853, 35.134921 ], [ -89.868109, 35.13594 ], [ -89.868035, 35.136044 ], [ -89.867924, 35.13617 ], [ -89.867939, 35.136225 ], [ -89.867999, 35.136418 ], [ -89.868188, 35.13695 ], [ -89.868429, 35.137513 ], [ -89.86866, 35.138007 ], [ -89.868879, 35.138436 ], [ -89.869143, 35.138898 ], [ -89.869659, 35.139691 ], [ -89.869853, 35.13997 ], [ -89.870213, 35.140451 ], [ -89.870585, 35.140916 ], [ -89.870969, 35.141375 ], [ -89.871687, 35.142159 ], [ -89.872343, 35.142812 ], [ -89.872852, 35.14329 ], [ -89.873393, 35.143764 ], [ -89.873991, 35.144251 ], [ -89.874766, 35.144849 ], [ -89.875424, 35.14532 ], [ -89.875811, 35.145581 ], [ -89.877231, 35.146525 ], [ -89.878885, 35.147624 ], [ -89.87923, 35.147878 ], [ -89.879938, 35.14846 ], [ -89.880574, 35.149124 ], [ -89.881262, 35.149949 ], [ -89.879792, 35.150195 ], [ -89.878761, 35.150383 ], [ -89.87865, 35.150403 ], [ -89.87854, 35.150423 ], [ -89.878461, 35.149829 ], [ -89.878435, 35.149631 ], [ -89.878417, 35.149561 ], [ -89.878383, 35.149459 ], [ -89.878291, 35.149257 ], [ -89.878268, 35.149227 ], [ -89.878182, 35.149145 ], [ -89.877393, 35.148469 ], [ -89.876938, 35.14808 ], [ -89.876323, 35.147555 ], [ -89.875248, 35.146639 ], [ -89.874486, 35.145978 ], [ -89.873876, 35.145449 ], [ -89.87374, 35.145331 ], [ -89.873622, 35.145225 ], [ -89.873351, 35.144945 ], [ -89.873294, 35.14489 ], [ -89.873242, 35.144833 ], [ -89.873081, 35.14458 ], [ -89.873033, 35.144443 ], [ -89.872925, 35.144247 ], [ -89.87285, 35.144122 ], [ -89.872811, 35.144056 ], [ -89.872726, 35.14389 ], [ -89.872656, 35.143801 ], [ -89.872624, 35.143775 ], [ -89.872588, 35.143754 ], [ -89.872547, 35.143738 ], [ -89.872505, 35.143726 ], [ -89.872418, 35.143712 ], [ -89.872248, 35.143673 ], [ -89.872001, 35.143598 ], [ -89.871767, 35.143497 ], [ -89.871403, 35.143294 ], [ -89.870371, 35.142742 ], [ -89.870228, 35.142659 ], [ -89.870072, 35.142592 ], [ -89.869782, 35.142429 ], [ -89.869549, 35.142326 ], [ -89.869347, 35.142254 ], [ -89.869194, 35.142184 ], [ -89.869008, 35.142086 ], [ -89.868665, 35.141923 ], [ -89.868416, 35.141769 ], [ -89.86828, 35.141686 ], [ -89.868003, 35.141456 ], [ -89.867799, 35.141321 ], [ -89.867762, 35.141299 ], [ -89.867489, 35.141185 ], [ -89.867363, 35.141149 ], [ -89.867161, 35.141078 ], [ -89.867033, 35.141051 ], [ -89.866925, 35.140999 ], [ -89.866613, 35.140835 ], [ -89.866313, 35.140684 ], [ -89.866243, 35.14064 ], [ -89.866168, 35.140603 ], [ -89.865963, 35.140467 ], [ -89.865807, 35.140341 ], [ -89.865636, 35.140228 ], [ -89.865565, 35.140186 ], [ -89.8653, 35.140058 ], [ -89.864359, 35.139525 ], [ -89.864166, 35.139437 ], [ -89.863993, 35.139326 ], [ -89.863591, 35.139084 ], [ -89.863493, 35.139012 ], [ -89.863354, 35.138915 ], [ -89.862617, 35.138521 ], [ -89.862401, 35.138397 ], [ -89.861872, 35.138073 ], [ -89.861244, 35.137679 ], [ -89.860992, 35.137477 ], [ -89.860629, 35.137166 ], [ -89.86022, 35.13684 ], [ -89.859001, 35.135909 ], [ -89.857921, 35.13512 ], [ -89.856929, 35.134396 ], [ -89.856839, 35.134338 ], [ -89.856791, 35.134307 ], [ -89.856663, 35.134208 ], [ -89.856576, 35.134128 ], [ -89.856418, 35.133955 ], [ -89.856329, 35.133832 ], [ -89.85628, 35.133773 ], [ -89.855962, 35.133477 ], [ -89.8559, 35.133426 ], [ -89.855827, 35.133386 ], [ -89.855481, 35.133161 ], [ -89.855451, 35.133136 ], [ -89.855388, 35.133078 ], [ -89.85531, 35.133007 ], [ -89.855279, 35.132979 ], [ -89.855235, 35.132937 ], [ -89.854929, 35.133169 ], [ -89.85361, 35.134153 ], [ -89.853214, 35.134422 ], [ -89.852928, 35.134608 ], [ -89.852568, 35.13476 ], [ -89.852252, 35.134892 ], [ -89.851903, 35.135011 ], [ -89.851702, 35.135076 ], [ -89.85139, 35.135154 ], [ -89.851178, 35.135203 ], [ -89.850924, 35.135244 ], [ -89.850499, 35.135289 ], [ -89.849961, 35.135295 ], [ -89.849183, 35.135262 ], [ -89.847142, 35.135155 ], [ -89.84453, 35.135027 ], [ -89.840787, 35.134839 ], [ -89.840365, 35.134812 ], [ -89.84014, 35.134797 ], [ -89.840041, 35.134899 ], [ -89.839781, 35.135101 ], [ -89.839724, 35.135144 ], [ -89.838441, 35.136148 ], [ -89.838014, 35.136483 ], [ -89.837998, 35.136496 ], [ -89.838177, 35.13691 ], [ -89.83849, 35.137594 ], [ -89.838616, 35.137828 ], [ -89.838635, 35.13786 ], [ -89.839496, 35.13924 ], [ -89.840989, 35.141534 ], [ -89.841791, 35.142767 ], [ -89.842813, 35.144326 ], [ -89.845501, 35.148427 ], [ -89.845882, 35.14901 ], [ -89.846347, 35.149719 ], [ -89.846687, 35.150205 ], [ -89.846818, 35.150434 ], [ -89.846881, 35.150584 ], [ -89.846928, 35.15054 ], [ -89.846966, 35.150506 ], [ -89.846987, 35.150498 ], [ -89.847018, 35.150485 ], [ -89.847102, 35.150479 ], [ -89.847166, 35.150475 ], [ -89.847447, 35.150478 ], [ -89.848239, 35.150458 ], [ -89.848896, 35.150444 ], [ -89.849271, 35.150438 ], [ -89.849494, 35.150433 ], [ -89.850891, 35.150408 ], [ -89.851459, 35.150391 ], [ -89.851606, 35.150388 ], [ -89.852533, 35.150377 ], [ -89.852476, 35.151106 ], [ -89.852452, 35.151426 ], [ -89.852425, 35.151699 ], [ -89.852393, 35.151882 ], [ -89.852305, 35.152115 ], [ -89.852165, 35.152388 ], [ -89.85188, 35.152815 ], [ -89.851788, 35.152966 ], [ -89.851757, 35.153095 ], [ -89.851758, 35.153132 ], [ -89.851777, 35.153537 ], [ -89.851755, 35.15367 ], [ -89.851672, 35.153844 ], [ -89.851653, 35.153879 ], [ -89.851599, 35.153989 ], [ -89.851581, 35.154025 ], [ -89.851569, 35.154049 ], [ -89.851526, 35.15412 ], [ -89.851357, 35.154405 ], [ -89.851302, 35.1545 ], [ -89.851247, 35.15464 ], [ -89.851186, 35.154881 ], [ -89.851174, 35.154969 ], [ -89.851107, 35.155482 ], [ -89.851065, 35.155908 ], [ -89.851013, 35.156256 ], [ -89.850962, 35.156418 ], [ -89.850936, 35.156503 ], [ -89.850825, 35.156748 ], [ -89.850791, 35.156875 ], [ -89.850757, 35.157087 ], [ -89.850745, 35.157165 ], [ -89.850718, 35.157736 ], [ -89.850708, 35.157953 ], [ -89.850794, 35.157953 ], [ -89.850911, 35.157957 ], [ -89.851164, 35.15797 ], [ -89.85152, 35.157982 ], [ -89.851724, 35.15799 ], [ -89.85213, 35.158007 ], [ -89.85262, 35.158027 ], [ -89.853351, 35.158046 ], [ -89.853758, 35.158057 ], [ -89.853943, 35.158062 ], [ -89.854501, 35.158082 ], [ -89.854687, 35.158088 ], [ -89.854934, 35.158095 ], [ -89.855676, 35.158113 ], [ -89.855775, 35.158115 ], [ -89.855923, 35.158103 ], [ -89.855929, 35.157949 ], [ -89.855943, 35.157631 ], [ -89.855944, 35.157487 ], [ -89.855946, 35.157332 ], [ -89.855945, 35.157257 ], [ -89.855942, 35.157031 ], [ -89.855942, 35.156956 ], [ -89.856471, 35.156914 ], [ -89.85718, 35.156856 ], [ -89.85856, 35.15703 ], [ -89.859199, 35.156748 ], [ -89.859491, 35.156749 ], [ -89.859667, 35.156751 ], [ -89.859676, 35.156979 ], [ -89.859669, 35.157494 ], [ -89.860386, 35.157494 ], [ -89.861528, 35.157496 ], [ -89.862538, 35.157504 ], [ -89.863105, 35.157511 ], [ -89.863193, 35.157503 ], [ -89.863253, 35.157486 ], [ -89.863262, 35.157699 ], [ -89.863289, 35.158338 ], [ -89.863299, 35.158552 ], [ -89.863414, 35.158569 ], [ -89.863512, 35.1586 ], [ -89.863663, 35.158676 ], [ -89.863773, 35.158772 ], [ -89.86386, 35.158901 ], [ -89.863894, 35.158996 ], [ -89.863909, 35.159038 ], [ -89.863903, 35.159186 ], [ -89.863863, 35.160134 ], [ -89.863857, 35.160286 ], [ -89.86384, 35.16075 ], [ -89.863816, 35.161366 ], [ -89.863801, 35.161755 ], [ -89.863799, 35.161798 ], [ -89.863785, 35.162157 ], [ -89.863767, 35.162631 ], [ -89.863756, 35.162915 ], [ -89.866152, 35.162934 ], [ -89.866249, 35.162931 ], [ -89.866409, 35.162878 ], [ -89.867005, 35.162643 ], [ -89.867286, 35.162513 ], [ -89.867365, 35.162507 ], [ -89.868443, 35.162408 ], [ -89.868607, 35.162394 ], [ -89.868672, 35.162394 ], [ -89.868854, 35.162391 ], [ -89.869001, 35.162391 ], [ -89.869335, 35.16239 ], [ -89.869472, 35.162335 ], [ -89.869886, 35.162177 ], [ -89.870025, 35.162124 ], [ -89.872112, 35.161324 ], [ -89.872773, 35.161071 ], [ -89.873445, 35.160778 ], [ -89.873517, 35.160747 ], [ -89.874234, 35.160412 ], [ -89.874773, 35.160122 ], [ -89.875926, 35.159433 ], [ -89.876517, 35.159042 ], [ -89.877271, 35.158507 ], [ -89.877594, 35.158255 ], [ -89.8779, 35.158 ], [ -89.878232, 35.157726 ], [ -89.87911, 35.156918 ], [ -89.879373, 35.156656 ], [ -89.879511, 35.156518 ], [ -89.879544, 35.156487 ], [ -89.879556, 35.156507 ], [ -89.879599, 35.156566 ], [ -89.879756, 35.156785 ], [ -89.879771, 35.156802 ], [ -89.879808, 35.156842 ], [ -89.879841, 35.156869 ], [ -89.87988, 35.156971 ], [ -89.879897, 35.157004 ], [ -89.879919, 35.157035 ], [ -89.880049, 35.157179 ], [ -89.880146, 35.1573 ], [ -89.880278, 35.157443 ], [ -89.880511, 35.157657 ], [ -89.880971, 35.158041 ], [ -89.881097, 35.158141 ], [ -89.881825, 35.158606 ], [ -89.882104, 35.15878 ], [ -89.882238, 35.158863 ], [ -89.884599, 35.160308 ], [ -89.884745, 35.160396 ], [ -89.884883, 35.160483 ], [ -89.885732, 35.161013 ], [ -89.886015, 35.161192 ], [ -89.886909, 35.161752 ], [ -89.886987, 35.161797 ], [ -89.887209, 35.161963 ], [ -89.887397, 35.162112 ], [ -89.887487, 35.162198 ], [ -89.887565, 35.162233 ], [ -89.888079, 35.162572 ], [ -89.889474, 35.163613 ], [ -89.889757, 35.163826 ], [ -89.890672, 35.164517 ], [ -89.890831, 35.164638 ], [ -89.891113, 35.164848 ], [ -89.891313, 35.164995 ], [ -89.891474, 35.165115 ], [ -89.891835, 35.165383 ], [ -89.892163, 35.165627 ], [ -89.89248, 35.165878 ], [ -89.892636, 35.166002 ], [ -89.892895, 35.166194 ], [ -89.892906, 35.166204 ], [ -89.892985, 35.166275 ], [ -89.893125, 35.166455 ], [ -89.893188, 35.166553 ], [ -89.893207, 35.166582 ], [ -89.893425, 35.166851 ], [ -89.893516, 35.166976 ], [ -89.893896, 35.167497 ], [ -89.894001, 35.167682 ], [ -89.894098, 35.167854 ], [ -89.894314, 35.168206 ], [ -89.894394, 35.168321 ], [ -89.894444, 35.168393 ], [ -89.894681, 35.168695 ], [ -89.894723, 35.168744 ], [ -89.894781, 35.168813 ], [ -89.894883, 35.168932 ], [ -89.894955, 35.169017 ], [ -89.895014, 35.169086 ], [ -89.895426, 35.169573 ], [ -89.895757, 35.169962 ], [ -89.896212, 35.170474 ], [ -89.896688, 35.171011 ], [ -89.897112, 35.171489 ], [ -89.897175, 35.171561 ], [ -89.897367, 35.171778 ], [ -89.897432, 35.17185 ], [ -89.897623, 35.172066 ], [ -89.897909, 35.17239 ], [ -89.897938, 35.172416 ], [ -89.898037, 35.172487 ], [ -89.898112, 35.172526 ], [ -89.898236, 35.172565 ], [ -89.898273, 35.17258 ], [ -89.898289, 35.172595 ], [ -89.89833, 35.172635 ], [ -89.898481, 35.172813 ], [ -89.898553, 35.172725 ], [ -89.898624, 35.172635 ], [ -89.898675, 35.17257 ], [ -89.898851, 35.172351 ], [ -89.899008, 35.172168 ], [ -89.899291, 35.171867 ], [ -89.899424, 35.171726 ], [ -89.899509, 35.171644 ], [ -89.89978, 35.171388 ], [ -89.90009, 35.171094 ], [ -89.900589, 35.170612 ], [ -89.900858, 35.170353 ], [ -89.901018, 35.1702 ], [ -89.90114, 35.170105 ], [ -89.901185, 35.170071 ], [ -89.901679, 35.169627 ], [ -89.901858, 35.169459 ], [ -89.901986, 35.169355 ], [ -89.902278, 35.169117 ], [ -89.902319, 35.169169 ], [ -89.902359, 35.169222 ], [ -89.90444, 35.172011 ], [ -89.904673, 35.17232 ], [ -89.905572, 35.173506 ], [ -89.906109, 35.174206 ] ] ] } },
{ "type": "Feature", "properties": { "ShelbyCoun": "1" }, "geometry": { "type": "Polygon", "coordinates": [ [ [ -89.702632, 35.408026 ], [ -89.702486, 35.408591 ], [ -89.702877, 35.408637 ], [ -89.703131, 35.408667 ], [ -89.703352, 35.408693 ], [ -89.703466, 35.408706 ], [ -89.703608, 35.408723 ], [ -89.703896, 35.408757 ], [ -89.704151, 35.408787 ], [ -89.704187, 35.408791 ], [ -89.707531, 35.409249 ], [ -89.709091, 35.409463 ], [ -89.709286, 35.40949 ], [ -89.709305, 35.409383 ], [ -89.709393, 35.408885 ], [ -89.709432, 35.408667 ], [ -89.70947, 35.408449 ], [ -89.710063, 35.405086 ], [ -89.710186, 35.404391 ], [ -89.71289, 35.404932 ], [ -89.713408, 35.405035 ], [ -89.716687, 35.405692 ], [ -89.716754, 35.405708 ], [ -89.717469, 35.405868 ], [ -89.71849, 35.406098 ], [ -89.719617, 35.406351 ], [ -89.720333, 35.406512 ], [ -89.720698, 35.406592 ], [ -89.722159, 35.406612 ], [ -89.727664, 35.406692 ], [ -89.729501, 35.406719 ], [ -89.72979, 35.406752 ], [ -89.730192, 35.406757 ], [ -89.730286, 35.406763 ], [ -89.73038, 35.406719 ], [ -89.730407, 35.406609 ], [ -89.73036, 35.406504 ], [ -89.730179, 35.406406 ], [ -89.730029, 35.40639 ], [ -89.729917, 35.406378 ], [ -89.729675, 35.406439 ], [ -89.729541, 35.406448 ], [ -89.729528, 35.40645 ], [ -89.729414, 35.4064 ], [ -89.72938, 35.406324 ], [ -89.729427, 35.406098 ], [ -89.729423, 35.405989 ], [ -89.732389, 35.405747 ], [ -89.732768, 35.405717 ], [ -89.732716, 35.405593 ], [ -89.73082, 35.401118 ], [ -89.734372, 35.401267 ], [ -89.73673, 35.401365 ], [ -89.737347, 35.401405 ], [ -89.737724, 35.401448 ], [ -89.737735, 35.401449 ], [ -89.73777, 35.401453 ], [ -89.737782, 35.401455 ], [ -89.737838, 35.401461 ], [ -89.738554, 35.401542 ], [ -89.738622, 35.401548 ], [ -89.738802, 35.401566 ], [ -89.741148, 35.401788 ], [ -89.741328, 35.401805 ], [ -89.741882, 35.401854 ], [ -89.741991, 35.401867 ], [ -89.742927, 35.40198 ], [ -89.74381, 35.402048 ], [ -89.743905, 35.402056 ], [ -89.744019, 35.402065 ], [ -89.744817, 35.402126 ], [ -89.745851, 35.402207 ], [ -89.746261, 35.402244 ], [ -89.747369, 35.402343 ], [ -89.749064, 35.402463 ], [ -89.74928, 35.402487 ], [ -89.750246, 35.402595 ], [ -89.750373, 35.402612 ], [ -89.751095, 35.402715 ], [ -89.751641, 35.402801 ], [ -89.752037, 35.402864 ], [ -89.752581, 35.402922 ], [ -89.753252, 35.402962 ], [ -89.753292, 35.402963 ], [ -89.753845, 35.40299 ], [ -89.753924, 35.402993 ], [ -89.754162, 35.403004 ], [ -89.754242, 35.403008 ], [ -89.75437, 35.40302 ], [ -89.754757, 35.403057 ], [ -89.754886, 35.40307 ], [ -89.755066, 35.403087 ], [ -89.755452, 35.403125 ], [ -89.755608, 35.403135 ], [ -89.755794, 35.403148 ], [ -89.755821, 35.40315 ], [ -89.755917, 35.403159 ], [ -89.755949, 35.403163 ], [ -89.756005, 35.403168 ], [ -89.756173, 35.403185 ], [ -89.756229, 35.403191 ], [ -89.756284, 35.403196 ], [ -89.756448, 35.403212 ], [ -89.756504, 35.403218 ], [ -89.756544, 35.403222 ], [ -89.75662, 35.40323 ], [ -89.756666, 35.403234 ], [ -89.756707, 35.403238 ], [ -89.757167, 35.403279 ], [ -89.757423, 35.403302 ], [ -89.758547, 35.40341 ], [ -89.758898, 35.403445 ], [ -89.759007, 35.403457 ], [ -89.759181, 35.403476 ], [ -89.75931, 35.40349 ], [ -89.759703, 35.403536 ], [ -89.759877, 35.403556 ], [ -89.760739, 35.403625 ], [ -89.761272, 35.403667 ], [ -89.761439, 35.403681 ], [ -89.762199, 35.403736 ], [ -89.763172, 35.403828 ], [ -89.76388, 35.403872 ], [ -89.765461, 35.403972 ], [ -89.765779, 35.403993 ], [ -89.766347, 35.404031 ], [ -89.766858, 35.404066 ], [ -89.767626, 35.404125 ], [ -89.767704, 35.404129 ], [ -89.768111, 35.404149 ], [ -89.76863, 35.4042 ], [ -89.769526, 35.404325 ], [ -89.769626, 35.404337 ], [ -89.769749, 35.404353 ], [ -89.770097, 35.404396 ], [ -89.770691, 35.40447 ], [ -89.771711, 35.404565 ], [ -89.771785, 35.404576 ], [ -89.77251, 35.404667 ], [ -89.774533, 35.404922 ], [ -89.774688, 35.404943 ], [ -89.775413, 35.405046 ], [ -89.775579, 35.405057 ], [ -89.775665, 35.405063 ], [ -89.776077, 35.405107 ], [ -89.776208, 35.405121 ], [ -89.776244, 35.405125 ], [ -89.776343, 35.405136 ], [ -89.776641, 35.405169 ], [ -89.776742, 35.40518 ], [ -89.776857, 35.404302 ], [ -89.776918, 35.40385 ], [ -89.776991, 35.403181 ], [ -89.777204, 35.401671 ], [ -89.777328, 35.400795 ], [ -89.777485, 35.399369 ], [ -89.777815, 35.396397 ], [ -89.77796, 35.395091 ], [ -89.778118, 35.393666 ], [ -89.778435, 35.390792 ], [ -89.778722, 35.388176 ], [ -89.778761, 35.387827 ], [ -89.782524, 35.388436 ], [ -89.782616, 35.388447 ], [ -89.794801, 35.390421 ], [ -89.800227, 35.391301 ], [ -89.80027, 35.391304 ], [ -89.800404, 35.391316 ], [ -89.800449, 35.39132 ], [ -89.807381, 35.390704 ], [ -89.811656, 35.390325 ], [ -89.818733, 35.390557 ], [ -89.820151, 35.390603 ], [ -89.825406, 35.391592 ], [ -89.828708, 35.392198 ], [ -89.829454, 35.392216 ], [ -89.837786, 35.390642 ], [ -89.839081, 35.391618 ], [ -89.84548, 35.391545 ], [ -89.849679, 35.391222 ], [ -89.849831, 35.391216 ], [ -89.855028, 35.391019 ], [ -89.855084, 35.391017 ], [ -89.855378, 35.391007 ], [ -89.855426, 35.391005 ], [ -89.85852, 35.390625 ], [ -89.858924, 35.390634 ], [ -89.859327, 35.390634 ], [ -89.85956, 35.390634 ], [ -89.860176, 35.390649 ], [ -89.865521, 35.390777 ], [ -89.883993, 35.391191 ], [ -89.885058, 35.391135 ], [ -89.888257, 35.390968 ], [ -89.889323, 35.390912 ], [ -89.889526, 35.39094 ], [ -89.89116, 35.391143 ], [ -89.896675, 35.391831 ], [ -89.89849, 35.392059 ], [ -89.898514, 35.392061 ], [ -89.90067, 35.392204 ], [ -89.901759, 35.392277 ], [ -89.90714, 35.392637 ], [ -89.907249, 35.392644 ], [ -89.909297, 35.392782 ], [ -89.909669, 35.392806 ], [ -89.911016, 35.392843 ], [ -89.916176, 35.392982 ], [ -89.917897, 35.393028 ], [ -89.918026, 35.393031 ], [ -89.919704, 35.393117 ], [ -89.925125, 35.393391 ], [ -89.926787, 35.393476 ], [ -89.926933, 35.393483 ], [ -89.927093, 35.393491 ], [ -89.929653, 35.393491 ], [ -89.931955, 35.393492 ], [ -89.934512, 35.393491 ], [ -89.937816, 35.393491 ], [ -89.940538, 35.393492 ], [ -89.940794, 35.393491 ], [ -89.941904, 35.393491 ], [ -89.942301, 35.393491 ], [ -89.944967, 35.393491 ], [ -89.946002, 35.393491 ], [ -89.947369, 35.393492 ], [ -89.947593, 35.39349 ], [ -89.948818, 35.393505 ], [ -89.948947, 35.393507 ], [ -89.953686, 35.393567 ], [ -89.953907, 35.39357 ], [ -89.955267, 35.393589 ], [ -89.955393, 35.393591 ], [ -89.958662, 35.393588 ], [ -89.962, 35.393586 ], [ -89.965901, 35.393585 ], [ -89.968852, 35.393583 ], [ -89.97225, 35.393583 ], [ -89.972478, 35.393583 ], [ -89.973504, 35.393617 ], [ -89.973654, 35.393622 ], [ -89.973803, 35.393626 ], [ -89.974108, 35.393636 ], [ -89.97448, 35.393649 ], [ -89.975969, 35.393699 ], [ -89.976849, 35.393729 ], [ -89.976942, 35.393732 ], [ -89.977034, 35.393735 ], [ -89.977156, 35.393739 ], [ -89.977277, 35.393743 ], [ -89.979682, 35.393823 ], [ -89.981541, 35.393887 ], [ -89.981695, 35.393891 ], [ -89.983658, 35.394029 ], [ -89.987301, 35.394287 ], [ -89.990009, 35.394478 ], [ -89.992108, 35.394627 ], [ -89.992126, 35.394628 ], [ -89.994823, 35.394771 ], [ -89.99597, 35.394833 ], [ -90.000139, 35.395056 ], [ -90.004038, 35.395173 ], [ -90.007512, 35.395275 ], [ -90.011361, 35.395391 ], [ -90.01456, 35.395504 ], [ -90.024159, 35.395841 ], [ -90.02717, 35.395947 ], [ -90.027359, 35.395958 ], [ -90.028402, 35.396021 ], [ -90.028464, 35.396024 ], [ -90.029446, 35.396085 ], [ -90.031623, 35.396216 ], [ -90.031783, 35.39622 ], [ -90.032892, 35.396248 ], [ -90.034616, 35.396287 ], [ -90.034845, 35.396293 ], [ -90.034872, 35.396294 ], [ -90.039783, 35.396538 ], [ -90.041377, 35.396619 ], [ -90.041507, 35.396625 ], [ -90.041569, 35.396626 ], [ -90.041634, 35.396549 ], [ -90.041701, 35.396469 ], [ -90.041863, 35.396279 ], [ -90.042025, 35.396088 ], [ -90.042332, 35.395727 ], [ -90.044588, 35.393079 ], [ -90.044645, 35.393056 ], [ -90.045742, 35.392622 ], [ -90.047459, 35.391953 ], [ -90.0507, 35.390694 ], [ -90.051628, 35.390333 ], [ -90.052556, 35.389972 ], [ -90.05261, 35.38995 ], [ -90.053199, 35.389722 ], [ -90.053843, 35.389472 ], [ -90.054086, 35.389378 ], [ -90.054328, 35.389283 ], [ -90.055069, 35.388973 ], [ -90.055313, 35.388872 ], [ -90.056099, 35.388543 ], [ -90.056348, 35.388439 ], [ -90.056916, 35.388203 ], [ -90.057541, 35.387936 ], [ -90.059254, 35.387226 ], [ -90.059975, 35.386928 ], [ -90.061392, 35.38635 ], [ -90.061794, 35.38619 ], [ -90.062326, 35.386057 ], [ -90.062716, 35.38597 ], [ -90.063286, 35.385857 ], [ -90.065608, 35.385393 ], [ -90.066706, 35.385174 ], [ -90.067469, 35.385058 ], [ -90.072646, 35.384439 ], [ -90.074998, 35.384158 ], [ -90.075738, 35.384245 ], [ -90.076478, 35.384332 ], [ -90.076859, 35.384375 ], [ -90.077977, 35.384507 ], [ -90.079936, 35.385278 ], [ -90.08079, 35.385956 ], [ -90.080879, 35.386011 ], [ -90.080832, 35.385934 ], [ -90.080779, 35.385846 ], [ -90.080724, 35.385756 ], [ -90.080672, 35.38567 ], [ -90.080472, 35.385326 ], [ -90.08028, 35.384978 ], [ -90.080097, 35.384628 ], [ -90.079921, 35.384276 ], [ -90.079765, 35.383945 ], [ -90.079754, 35.38392 ], [ -90.079594, 35.383562 ], [ -90.079443, 35.383202 ], [ -90.079166, 35.382475 ], [ -90.078957, 35.381851 ], [ -90.078812, 35.38137 ], [ -90.078723, 35.381042 ], [ -90.078619, 35.380625 ], [ -90.078535, 35.380251 ], [ -90.078466, 35.379909 ], [ -90.078393, 35.379497 ], [ -90.078335, 35.37912 ], [ -90.078285, 35.37874 ], [ -90.078257, 35.378491 ], [ -90.078257, 35.37849 ], [ -90.078208, 35.377907 ], [ -90.078174, 35.377219 ], [ -90.078168, 35.376838 ], [ -90.078171, 35.376458 ], [ -90.078182, 35.376076 ], [ -90.078202, 35.375697 ], [ -90.078231, 35.375316 ], [ -90.078269, 35.374936 ], [ -90.079806, 35.372492 ], [ -90.08238, 35.368327 ], [ -90.083866, 35.365606 ], [ -90.085688, 35.363395 ], [ -90.087194, 35.361361 ], [ -90.087885, 35.360571 ], [ -90.088072, 35.360355 ], [ -90.089476, 35.35875 ], [ -90.091443, 35.356289 ], [ -90.093005, 35.354527 ], [ -90.09339, 35.354094 ], [ -90.094427, 35.352613 ], [ -90.095362, 35.350693 ], [ -90.096188, 35.348858 ], [ -90.097248, 35.34558 ], [ -90.09818, 35.342732 ], [ -90.099003, 35.340219 ], [ -90.100133, 35.336419 ], [ -90.10038, 35.335006 ], [ -90.100583, 35.333839 ], [ -90.102231, 35.32794 ], [ -90.102921, 35.326208 ], [ -90.103789, 35.324265 ], [ -90.10481, 35.322454 ], [ -90.106935, 35.316829 ], [ -90.107708, 35.314605 ], [ -90.108082, 35.313452 ], [ -90.108217, 35.313035 ], [ -90.108218, 35.313032 ], [ -90.108561, 35.311974 ], [ -90.109972, 35.304994 ], [ -90.110239, 35.304952 ], [ -90.110852, 35.304897 ], [ -90.111832, 35.304834 ], [ -90.112505, 35.304761 ], [ -90.112966, 35.304652 ], [ -90.113447, 35.304539 ], [ -90.1139, 35.304379 ], [ -90.114045, 35.30433 ], [ -90.114412, 35.304172 ], [ -90.11488, 35.303903 ], [ -90.11546, 35.303536 ], [ -90.115911, 35.303441 ], [ -90.11612, 35.303418 ], [ -90.116872, 35.303373 ], [ -90.117173, 35.30337 ], [ -90.117442, 35.303396 ], [ -90.11844, 35.303548 ], [ -90.119219, 35.303728 ], [ -90.120042, 35.303935 ], [ -90.120679, 35.304097 ], [ -90.121462, 35.304299 ], [ -90.121822, 35.304373 ], [ -90.122019, 35.304412 ], [ -90.122495, 35.304519 ], [ -90.122837, 35.304544 ], [ -90.123152, 35.30452 ], [ -90.12358, 35.304451 ], [ -90.124395, 35.304258 ], [ -90.125062, 35.30399 ], [ -90.125659, 35.303686 ], [ -90.125998, 35.30352 ], [ -90.126255, 35.303426 ], [ -90.126899, 35.302841 ], [ -90.127251, 35.302595 ], [ -90.127566, 35.302393 ], [ -90.127992, 35.302122 ], [ -90.128213, 35.301983 ], [ -90.128747, 35.301688 ], [ -90.129259, 35.301432 ], [ -90.129855, 35.301172 ], [ -90.130436, 35.300978 ], [ -90.131955, 35.300523 ], [ -90.13286, 35.300238 ], [ -90.133657, 35.300011 ], [ -90.134451, 35.299831 ], [ -90.134454, 35.29983 ], [ -90.134593, 35.299796 ], [ -90.135149, 35.299673 ], [ -90.135366, 35.299625 ], [ -90.135368, 35.299625 ], [ -90.135772, 35.299532 ], [ -90.136852, 35.299276 ], [ -90.137929, 35.29909 ], [ -90.138654, 35.299019 ], [ -90.139399, 35.299004 ], [ -90.139934, 35.299039 ], [ -90.140278, 35.299091 ], [ -90.140515, 35.299126 ], [ -90.140663, 35.29915 ], [ -90.140934, 35.299264 ], [ -90.141229, 35.299368 ], [ -90.141525, 35.299516 ], [ -90.141802, 35.299663 ], [ -90.142197, 35.299901 ], [ -90.142549, 35.300126 ], [ -90.143081, 35.30047 ], [ -90.143541, 35.300774 ], [ -90.143963, 35.301023 ], [ -90.144413, 35.301285 ], [ -90.144702, 35.301419 ], [ -90.145222, 35.301645 ], [ -90.1463, 35.302065 ], [ -90.146999, 35.302344 ], [ -90.147002, 35.302346 ], [ -90.147747, 35.302646 ], [ -90.147774, 35.302656 ], [ -90.148133, 35.302786 ], [ -90.148282, 35.30283 ], [ -90.148505, 35.302895 ], [ -90.148824, 35.302989 ], [ -90.149046, 35.303031 ], [ -90.149302, 35.303079 ], [ -90.149591, 35.303134 ], [ -90.149795, 35.303154 ], [ -90.150035, 35.303157 ], [ -90.150234, 35.30316 ], [ -90.150542, 35.30314 ], [ -90.150899, 35.30309 ], [ -90.151357, 35.303031 ], [ -90.151567, 35.302993 ], [ -90.151731, 35.30298 ], [ -90.151946, 35.302957 ], [ -90.152294, 35.30289 ], [ -90.152716, 35.302811 ], [ -90.152718, 35.30281 ], [ -90.153055, 35.302739 ], [ -90.153707, 35.302588 ], [ -90.153907, 35.302543 ], [ -90.154253, 35.302453 ], [ -90.154854, 35.302301 ], [ -90.155337, 35.302172 ], [ -90.155563, 35.302112 ], [ -90.155724, 35.302062 ], [ -90.156018, 35.301963 ], [ -90.156416, 35.301831 ], [ -90.156948, 35.301655 ], [ -90.157005, 35.301637 ], [ -90.157331, 35.301499 ], [ -90.157942, 35.301237 ], [ -90.158327, 35.301012 ], [ -90.158669, 35.300812 ], [ -90.158885, 35.300656 ], [ -90.158886, 35.300656 ], [ -90.159612, 35.300117 ], [ -90.16015, 35.299707 ], [ -90.160615, 35.299374 ], [ -90.161159, 35.298986 ], [ -90.161279, 35.29889 ], [ -90.16133, 35.298849 ], [ -90.161333, 35.298846 ], [ -90.161631, 35.298602 ], [ -90.161916, 35.298371 ], [ -90.162064, 35.298261 ], [ -90.162259, 35.298054 ], [ -90.162477, 35.297804 ], [ -90.162648, 35.297621 ], [ -90.162785, 35.297455 ], [ -90.162844, 35.297373 ], [ -90.162962, 35.297207 ], [ -90.163186, 35.296889 ], [ -90.163418, 35.29656 ], [ -90.163419, 35.296559 ], [ -90.163738, 35.29608 ], [ -90.164103, 35.295518 ], [ -90.164104, 35.295516 ], [ -90.164571, 35.294589 ], [ -90.164736, 35.294272 ], [ -90.164866, 35.29402 ], [ -90.164974, 35.293814 ], [ -90.165129, 35.293446 ], [ -90.165286, 35.293077 ], [ -90.165333, 35.292915 ], [ -90.165333, 35.292914 ], [ -90.165881, 35.290823 ], [ -90.166687, 35.287937 ], [ -90.167221, 35.286277 ], [ -90.16808, 35.28407 ], [ -90.168649, 35.282446 ], [ -90.168881, 35.281523 ], [ -90.168943, 35.280659 ], [ -90.168943, 35.280655 ], [ -90.168959, 35.280472 ], [ -90.168923, 35.279717 ], [ -90.168841, 35.279467 ], [ -90.168841, 35.279466 ], [ -90.168688, 35.279019 ], [ -90.168399, 35.278323 ], [ -90.168326, 35.278173 ], [ -90.168229, 35.277974 ], [ -90.168117, 35.277744 ], [ -90.167934, 35.277378 ], [ -90.167644, 35.276831 ], [ -90.16745, 35.276382 ], [ -90.167248, 35.275922 ], [ -90.167246, 35.275917 ], [ -90.167081, 35.275554 ], [ -90.166911, 35.27518 ], [ -90.166777, 35.274932 ], [ -90.166667, 35.274732 ], [ -90.166662, 35.274722 ], [ -90.1666, 35.274594 ], [ -90.166295, 35.274047 ], [ -90.165858, 35.273216 ], [ -90.165596, 35.272718 ], [ -90.165579, 35.272695 ], [ -90.165012, 35.271876 ], [ -90.164315, 35.27077 ], [ -90.162627, 35.268119 ], [ -90.161741, 35.26683 ], [ -90.160482, 35.265003 ], [ -90.160089, 35.264477 ], [ -90.159729, 35.263994 ], [ -90.158823, 35.262892 ], [ -90.15858, 35.262588 ], [ -90.158027, 35.261953 ], [ -90.157756, 35.261674 ], [ -90.157454, 35.261339 ], [ -90.156962, 35.26083 ], [ -90.156471, 35.260249 ], [ -90.156471, 35.260248 ], [ -90.155813, 35.259549 ], [ -90.15527, 35.258987 ], [ -90.1544, 35.258182 ], [ -90.153778, 35.257607 ], [ -90.153358, 35.257219 ], [ -90.153356, 35.257217 ], [ -90.152975, 35.256865 ], [ -90.152225, 35.25627 ], [ -90.151498, 35.255766 ], [ -90.151498, 35.255766 ], [ -90.151268, 35.25562 ], [ -90.151127, 35.255531 ], [ -90.149869, 35.254753 ], [ -90.148864, 35.254279 ], [ -90.14767, 35.253949 ], [ -90.147006, 35.253768 ], [ -90.146326, 35.253569 ], [ -90.145747, 35.253432 ], [ -90.145209, 35.253313 ], [ -90.143095, 35.252823 ], [ -90.142574, 35.252699 ], [ -90.14166, 35.252559 ], [ -90.14111, 35.252491 ], [ -90.141109, 35.252491 ], [ -90.140429, 35.252402 ], [ -90.139973, 35.252341 ], [ -90.139972, 35.252341 ], [ -90.139723, 35.252308 ], [ -90.138195, 35.252316 ], [ -90.136502, 35.252526 ], [ -90.135683, 35.252589 ], [ -90.133745, 35.252938 ], [ -90.132925, 35.25304 ], [ -90.132122, 35.253186 ], [ -90.131356, 35.253308 ], [ -90.13039, 35.253445 ], [ -90.129847, 35.253628 ], [ -90.129518, 35.253672 ], [ -90.128283, 35.253842 ], [ -90.127839, 35.253938 ], [ -90.127335, 35.254076 ], [ -90.127077, 35.254146 ], [ -90.126438, 35.254334 ], [ -90.126328, 35.254365 ], [ -90.125157, 35.254608 ], [ -90.12422, 35.254809 ], [ -90.123391, 35.25497 ], [ -90.12315, 35.255012 ], [ -90.122586, 35.255097 ], [ -90.122228, 35.25515 ], [ -90.122221, 35.25515 ], [ -90.12038, 35.255401 ], [ -90.118461, 35.255647 ], [ -90.117352, 35.255803 ], [ -90.116469, 35.255874 ], [ -90.115314, 35.255849 ], [ -90.114395, 35.255809 ], [ -90.113477, 35.255769 ], [ -90.112589, 35.255725 ], [ -90.112057, 35.255684 ], [ -90.110681, 35.255533 ], [ -90.110395, 35.255503 ], [ -90.110212, 35.255483 ], [ -90.109932, 35.255454 ], [ -90.109155, 35.255388 ], [ -90.108411, 35.255282 ], [ -90.10756, 35.25514 ], [ -90.106755, 35.254931 ], [ -90.105929, 35.254677 ], [ -90.10515, 35.254424 ], [ -90.104284, 35.254093 ], [ -90.103645, 35.253806 ], [ -90.102918, 35.253409 ], [ -90.102286, 35.253051 ], [ -90.1016, 35.252675 ], [ -90.101455, 35.252601 ], [ -90.100981, 35.25236 ], [ -90.100207, 35.251899 ], [ -90.099496, 35.251399 ], [ -90.098658, 35.250868 ], [ -90.098309, 35.250605 ], [ -90.097674, 35.250127 ], [ -90.097099, 35.249835 ], [ -90.096623, 35.249617 ], [ -90.096209, 35.24944 ], [ -90.095906, 35.249319 ], [ -90.095691, 35.249237 ], [ -90.09542, 35.249139 ], [ -90.095221, 35.249069 ], [ -90.094976, 35.248988 ], [ -90.094343, 35.248796 ], [ -90.094061, 35.248483 ], [ -90.092609, 35.246781 ], [ -90.091098, 35.24501 ], [ -90.090193, 35.243635 ], [ -90.089225, 35.242165 ], [ -90.08846, 35.241104 ], [ -90.087816, 35.240211 ], [ -90.087487, 35.239755 ], [ -90.086358, 35.238189 ], [ -90.085603, 35.236272 ], [ -90.08535, 35.2346 ], [ -90.085017, 35.232533 ], [ -90.084548, 35.231041 ], [ -90.083934, 35.230256 ], [ -90.082905, 35.22897 ], [ -90.081845, 35.22777 ], [ -90.080419, 35.22647 ], [ -90.079375, 35.22528 ], [ -90.078001, 35.22376 ], [ -90.077595, 35.223188 ], [ -90.076166, 35.221483 ], [ -90.075763, 35.220813 ], [ -90.075457, 35.220186 ], [ -90.075163, 35.219407 ], [ -90.074977, 35.218722 ], [ -90.074865, 35.218111 ], [ -90.074882, 35.217789 ], [ -90.074941, 35.216808 ], [ -90.075097, 35.215743 ], [ -90.075264, 35.214962 ], [ -90.075472, 35.214054 ], [ -90.075849, 35.213101 ], [ -90.076429, 35.212101 ], [ -90.077169, 35.21104 ], [ -90.074342, 35.211016 ], [ -90.074197, 35.211015 ], [ -90.072145, 35.210998 ], [ -90.072018, 35.210997 ], [ -90.069949, 35.210977 ], [ -90.065049, 35.210927 ], [ -90.063676, 35.210914 ], [ -90.063392, 35.210821 ], [ -90.063286, 35.210785 ], [ -90.063265, 35.210779 ], [ -90.061943, 35.211701 ], [ -90.061943, 35.211702 ], [ -90.061859, 35.211754 ], [ -90.061803, 35.211807 ], [ -90.061237, 35.212207 ], [ -90.060637, 35.21263 ], [ -90.059641, 35.213175 ], [ -90.058823, 35.213871 ], [ -90.057678, 35.214569 ], [ -90.045954, 35.214371 ], [ -90.04595, 35.214613 ], [ -90.045942, 35.215221 ], [ -90.045926, 35.215631 ], [ -90.045914, 35.215969 ], [ -90.045907, 35.216119 ], [ -90.045888, 35.216567 ], [ -90.045883, 35.216716 ], [ -90.045879, 35.216811 ], [ -90.045868, 35.217095 ], [ -90.045865, 35.217189 ], [ -90.04575, 35.21795 ], [ -90.045718, 35.218232 ], [ -90.041157, 35.218149 ], [ -90.041, 35.218148 ], [ -90.040976, 35.218725 ], [ -90.04092, 35.220124 ], [ -90.040868, 35.22138 ], [ -90.04085, 35.221798 ], [ -90.040808, 35.222823 ], [ -90.040782, 35.22343 ], [ -90.040707, 35.225248 ], [ -90.04069, 35.225663 ], [ -90.040686, 35.225854 ], [ -90.040681, 35.225929 ], [ -90.040668, 35.226155 ], [ -90.040664, 35.226231 ], [ -90.040658, 35.226405 ], [ -90.040475, 35.2264 ], [ -90.03733, 35.226326 ], [ -90.037144, 35.22663 ], [ -90.036822, 35.226951 ], [ -90.036393, 35.22726 ], [ -90.035843, 35.22746 ], [ -90.035408, 35.227539 ], [ -90.027613, 35.22736 ], [ -90.027743, 35.227187 ], [ -90.027797, 35.227108 ], [ -90.027873, 35.227002 ], [ -90.02747, 35.22699 ], [ -90.02233, 35.226858 ], [ -90.022187, 35.22685 ], [ -90.021963, 35.227116 ], [ -90.021703, 35.227424 ], [ -90.021541, 35.227602 ], [ -90.021398, 35.227759 ], [ -90.021303, 35.227864 ], [ -90.021033, 35.228184 ], [ -90.020065, 35.229306 ], [ -90.018403, 35.231247 ], [ -90.018236, 35.231443 ], [ -90.017406, 35.23241 ], [ -90.017171, 35.232685 ], [ -90.016949, 35.232946 ], [ -90.016464, 35.233511 ], [ -90.016279, 35.233728 ], [ -90.016245, 35.233767 ], [ -90.016228, 35.233786 ], [ -90.015914, 35.234153 ], [ -90.015531, 35.234601 ], [ -90.015267, 35.23491 ], [ -90.014971, 35.235253 ], [ -90.014882, 35.235358 ], [ -90.014656, 35.23562 ], [ -90.014537, 35.235758 ], [ -90.0144, 35.235918 ], [ -90.014245, 35.2361 ], [ -90.014179, 35.236167 ], [ -90.014139, 35.23621 ], [ -90.014098, 35.236252 ], [ -90.014053, 35.236297 ], [ -90.014273, 35.236438 ], [ -90.014322, 35.23647 ], [ -90.014441, 35.236547 ], [ -90.01445, 35.236553 ], [ -90.014726, 35.236735 ], [ -90.014823, 35.236799 ], [ -90.014865, 35.236829 ], [ -90.015082, 35.236981 ], [ -90.015458, 35.237254 ], [ -90.015606, 35.237378 ], [ -90.01597, 35.237682 ], [ -90.015721, 35.237823 ], [ -90.015677, 35.237848 ], [ -90.0148, 35.238346 ], [ -90.014593, 35.238465 ], [ -90.014588, 35.238467 ], [ -90.014575, 35.238475 ], [ -90.014575, 35.238475 ], [ -90.014508, 35.238513 ], [ -90.014052, 35.238774 ], [ -90.014035, 35.238782 ], [ -90.012615, 35.239587 ], [ -90.012274, 35.239781 ], [ -90.012245, 35.239798 ], [ -90.012242, 35.2398 ], [ -90.012142, 35.239856 ], [ -90.012071, 35.239793 ], [ -90.012003, 35.239755 ], [ -90.011734, 35.239598 ], [ -90.011552, 35.2395 ], [ -90.011401, 35.239418 ], [ -90.011276, 35.239562 ], [ -90.010923, 35.239976 ], [ -90.010902, 35.239999 ], [ -90.010777, 35.240145 ], [ -90.010523, 35.24044 ], [ -90.010361, 35.240628 ], [ -90.010052, 35.240994 ], [ -90.009968, 35.241091 ], [ -90.009767, 35.241325 ], [ -90.009515, 35.24162 ], [ -90.009296, 35.241875 ], [ -90.009023, 35.242194 ], [ -90.008456, 35.24286 ], [ -90.007796, 35.243627 ], [ -90.005528, 35.246275 ], [ -90.005165, 35.246699 ], [ -90.004931, 35.24697 ], [ -90.000268, 35.252409 ], [ -89.998343, 35.254656 ], [ -89.99684, 35.256408 ], [ -89.994066, 35.259645 ], [ -89.994015, 35.259706 ], [ -89.993994, 35.259698 ], [ -89.993857, 35.259629 ], [ -89.993832, 35.259617 ], [ -89.993626, 35.259504 ], [ -89.99337, 35.259405 ], [ -89.993131, 35.259304 ], [ -89.994471, 35.257264 ], [ -89.99476, 35.256763 ], [ -89.994818, 35.256533 ], [ -89.994835, 35.25629 ], [ -89.994766, 35.256031 ], [ -89.994556, 35.255837 ], [ -89.994224, 35.255685 ], [ -89.993725, 35.255547 ], [ -89.993131, 35.255463 ], [ -89.992778, 35.255381 ], [ -89.992572, 35.255307 ], [ -89.992434, 35.25519 ], [ -89.992204, 35.254923 ], [ -89.991997, 35.254546 ], [ -89.991786, 35.254297 ], [ -89.991537, 35.254107 ], [ -89.991271, 35.254022 ], [ -89.990943, 35.253995 ], [ -89.990722, 35.254058 ], [ -89.990558, 35.254217 ], [ -89.990529, 35.254354 ], [ -89.990538, 35.25459 ], [ -89.990665, 35.254965 ], [ -89.990755, 35.255213 ], [ -89.990764, 35.255455 ], [ -89.990666, 35.255679 ], [ -89.990443, 35.255803 ], [ -89.990194, 35.255904 ], [ -89.989899, 35.255967 ], [ -89.989585, 35.255935 ], [ -89.989312, 35.255883 ], [ -89.988719, 35.25576 ], [ -89.988485, 35.255753 ], [ -89.988317, 35.255805 ], [ -89.988222, 35.255869 ], [ -89.988191, 35.2559 ], [ -89.988118, 35.255907 ], [ -89.988037, 35.255978 ], [ -89.988034, 35.256009 ], [ -89.988026, 35.256079 ], [ -89.988132, 35.256111 ], [ -89.988424, 35.256158 ], [ -89.988491, 35.256186 ], [ -89.988762, 35.256372 ], [ -89.988879, 35.256515 ], [ -89.988956, 35.256704 ], [ -89.989044, 35.257039 ], [ -89.989098, 35.257386 ], [ -89.989046, 35.257694 ], [ -89.988907, 35.257999 ], [ -89.988721, 35.258283 ], [ -89.988455, 35.258582 ], [ -89.988181, 35.258941 ], [ -89.986529, 35.25967 ], [ -89.986078, 35.25913 ], [ -89.985895, 35.258908 ], [ -89.985762, 35.258824 ], [ -89.985649, 35.258823 ], [ -89.98554, 35.258893 ], [ -89.985326, 35.259293 ], [ -89.985234, 35.259594 ], [ -89.985258, 35.259736 ], [ -89.985369, 35.259875 ], [ -89.985521, 35.259986 ], [ -89.98564, 35.260088 ], [ -89.985732, 35.260192 ], [ -89.985762, 35.260385 ], [ -89.985752, 35.260551 ], [ -89.985723, 35.260676 ], [ -89.985667, 35.260813 ], [ -89.985262, 35.261011 ], [ -89.985124, 35.261077 ], [ -89.985089, 35.261098 ], [ -89.985047, 35.261109 ], [ -89.984973, 35.261148 ], [ -89.984893, 35.261179 ], [ -89.984814, 35.261223 ], [ -89.984446, 35.261398 ], [ -89.983719, 35.261691 ], [ -89.983377, 35.261742 ], [ -89.982004, 35.261851 ], [ -89.981154, 35.261885 ], [ -89.980646, 35.261835 ], [ -89.980005, 35.261761 ], [ -89.979537, 35.261795 ], [ -89.979013, 35.261936 ], [ -89.978643, 35.26202 ], [ -89.978436, 35.262017 ], [ -89.978319, 35.261987 ], [ -89.978143, 35.261941 ], [ -89.978026, 35.261835 ], [ -89.977913, 35.26173 ], [ -89.977784, 35.261426 ], [ -89.977613, 35.260902 ], [ -89.977472, 35.260158 ], [ -89.977262, 35.259552 ], [ -89.977216, 35.259471 ], [ -89.977199, 35.259391 ], [ -89.97713, 35.259118 ], [ -89.977101, 35.259051 ], [ -89.977083, 35.258981 ], [ -89.977028, 35.258845 ], [ -89.977007, 35.258741 ], [ -89.976926, 35.258426 ], [ -89.976904, 35.258358 ], [ -89.976802, 35.257976 ], [ -89.976789, 35.257911 ], [ -89.976726, 35.257587 ], [ -89.976637, 35.257275 ], [ -89.976594, 35.257174 ], [ -89.976578, 35.257104 ], [ -89.976544, 35.257039 ], [ -89.976506, 35.256898 ], [ -89.976471, 35.256833 ], [ -89.97645, 35.256764 ], [ -89.976419, 35.256698 ], [ -89.976395, 35.256667 ], [ -89.976318, 35.256539 ], [ -89.976233, 35.256375 ], [ -89.976213, 35.256344 ], [ -89.976188, 35.256315 ], [ -89.976169, 35.256283 ], [ -89.97614, 35.256217 ], [ -89.976113, 35.256189 ], [ -89.976029, 35.256063 ], [ -89.976004, 35.255995 ], [ -89.975931, 35.255907 ], [ -89.975867, 35.255813 ], [ -89.975852, 35.255779 ], [ -89.975823, 35.255753 ], [ -89.975781, 35.25569 ], [ -89.975756, 35.25566 ], [ -89.975725, 35.255634 ], [ -89.975658, 35.255589 ], [ -89.975521, 35.255449 ], [ -89.975499, 35.255423 ], [ -89.975416, 35.255292 ], [ -89.975394, 35.255285 ], [ -89.97542, 35.255221 ], [ -89.975557, 35.255114 ], [ -89.975957, 35.254886 ], [ -89.976264, 35.254687 ], [ -89.97661, 35.254512 ], [ -89.976876, 35.254303 ], [ -89.976976, 35.25409 ], [ -89.97701, 35.253839 ], [ -89.976736, 35.253316 ], [ -89.976495, 35.253086 ], [ -89.976034, 35.252837 ], [ -89.975541, 35.252524 ], [ -89.975066, 35.25228 ], [ -89.974776, 35.25212 ], [ -89.974357, 35.252047 ], [ -89.974132, 35.252212 ], [ -89.973779, 35.252651 ], [ -89.973513, 35.252817 ], [ -89.97313, 35.252897 ], [ -89.971781, 35.252986 ], [ -89.96918, 35.25286 ], [ -89.969318, 35.253128 ], [ -89.969358, 35.253381 ], [ -89.969303, 35.253597 ], [ -89.969254, 35.253743 ], [ -89.969008, 35.254251 ], [ -89.968995, 35.254259 ], [ -89.968884, 35.254371 ], [ -89.968821, 35.254421 ], [ -89.968767, 35.254478 ], [ -89.968686, 35.254562 ], [ -89.968618, 35.254653 ], [ -89.968596, 35.254689 ], [ -89.968586, 35.254706 ], [ -89.968533, 35.254762 ], [ -89.968494, 35.254826 ], [ -89.968402, 35.254948 ], [ -89.968373, 35.254974 ], [ -89.968272, 35.255091 ], [ -89.968186, 35.255171 ], [ -89.968154, 35.255195 ], [ -89.968127, 35.255223 ], [ -89.968105, 35.255254 ], [ -89.967999, 35.255368 ], [ -89.96798, 35.255401 ], [ -89.967948, 35.255425 ], [ -89.967873, 35.255514 ], [ -89.967716, 35.255676 ], [ -89.967684, 35.25571 ], [ -89.967609, 35.255797 ], [ -89.967551, 35.255852 ], [ -89.967517, 35.255873 ], [ -89.967489, 35.255902 ], [ -89.96747, 35.255933 ], [ -89.96742, 35.255992 ], [ -89.967267, 35.256121 ], [ -89.967222, 35.256181 ], [ -89.967191, 35.256207 ], [ -89.967123, 35.256253 ], [ -89.967038, 35.256333 ], [ -89.966988, 35.256393 ], [ -89.966908, 35.256477 ], [ -89.966878, 35.256504 ], [ -89.966806, 35.256546 ], [ -89.966759, 35.256606 ], [ -89.966695, 35.256656 ], [ -89.966614, 35.25674 ], [ -89.966498, 35.256848 ], [ -89.966444, 35.256905 ], [ -89.966412, 35.256929 ], [ -89.966364, 35.256988 ], [ -89.96623, 35.25713 ], [ -89.966167, 35.257178 ], [ -89.966113, 35.257236 ], [ -89.966051, 35.257286 ], [ -89.965925, 35.257433 ], [ -89.96587, 35.257487 ], [ -89.96583, 35.257551 ], [ -89.965745, 35.257633 ], [ -89.965711, 35.257657 ], [ -89.965643, 35.257748 ], [ -89.96555, 35.257824 ], [ -89.965493, 35.25788 ], [ -89.965457, 35.2579 ], [ -89.965378, 35.257932 ], [ -89.965345, 35.257956 ], [ -89.965285, 35.258008 ], [ -89.965251, 35.258031 ], [ -89.965017, 35.258133 ], [ -89.964981, 35.258156 ], [ -89.964917, 35.258204 ], [ -89.96474, 35.258212 ], [ -89.964612, 35.25824 ], [ -89.964277, 35.258329 ], [ -89.96415, 35.258358 ], [ -89.96395, 35.25839 ], [ -89.963711, 35.258429 ], [ -89.963542, 35.258457 ], [ -89.962843, 35.258545 ], [ -89.962366, 35.258613 ], [ -89.962146, 35.258645 ], [ -89.961709, 35.25869 ], [ -89.961405, 35.258737 ], [ -89.961055, 35.25877 ], [ -89.960618, 35.258824 ], [ -89.960401, 35.258855 ], [ -89.960367, 35.258859 ], [ -89.959921, 35.258911 ], [ -89.959702, 35.258928 ], [ -89.959614, 35.258931 ], [ -89.959526, 35.258941 ], [ -89.95905, 35.258993 ], [ -89.958832, 35.259023 ], [ -89.958438, 35.259063 ], [ -89.958352, 35.259073 ], [ -89.958132, 35.259087 ], [ -89.957959, 35.259116 ], [ -89.957831, 35.259145 ], [ -89.957612, 35.259166 ], [ -89.956914, 35.259268 ], [ -89.956346, 35.259335 ], [ -89.956129, 35.259372 ], [ -89.955761, 35.259423 ], [ -89.955475, 35.259463 ], [ -89.955038, 35.259515 ], [ -89.95469, 35.259571 ], [ -89.953859, 35.25967 ], [ -89.953644, 35.259711 ], [ -89.952421, 35.259873 ], [ -89.952117, 35.259909 ], [ -89.951634, 35.259957 ], [ -89.951505, 35.259979 ], [ -89.951417, 35.259988 ], [ -89.951329, 35.259988 ], [ -89.951199, 35.259964 ], [ -89.951143, 35.259991 ], [ -89.951101, 35.260002 ], [ -89.951014, 35.260016 ], [ -89.950844, 35.260056 ], [ -89.950537, 35.260085 ], [ -89.950365, 35.260118 ], [ -89.949749, 35.260179 ], [ -89.949662, 35.260195 ], [ -89.949449, 35.260242 ], [ -89.949144, 35.260283 ], [ -89.948886, 35.260334 ], [ -89.948493, 35.260384 ], [ -89.94819, 35.260432 ], [ -89.947971, 35.26046 ], [ -89.947799, 35.26049 ], [ -89.947626, 35.260511 ], [ -89.947494, 35.260528 ], [ -89.947364, 35.260549 ], [ -89.946766, 35.260673 ], [ -89.946679, 35.260686 ], [ -89.946414, 35.260698 ], [ -89.946326, 35.260707 ], [ -89.946241, 35.260724 ], [ -89.945807, 35.26079 ], [ -89.945591, 35.260814 ], [ -89.945331, 35.260855 ], [ -89.944805, 35.26091 ], [ -89.944543, 35.260945 ], [ -89.944239, 35.260993 ], [ -89.943701, 35.261091 ], [ -89.943045, 35.261173 ], [ -89.942741, 35.261221 ], [ -89.942172, 35.261287 ], [ -89.942045, 35.261318 ], [ -89.941957, 35.261328 ], [ -89.941872, 35.261345 ], [ -89.941527, 35.261402 ], [ -89.941047, 35.261465 ], [ -89.940875, 35.261497 ], [ -89.940178, 35.261595 ], [ -89.939702, 35.261671 ], [ -89.939132, 35.261737 ], [ -89.938915, 35.261772 ], [ -89.938347, 35.261848 ], [ -89.938136, 35.261902 ], [ -89.937921, 35.261942 ], [ -89.937615, 35.261975 ], [ -89.937312, 35.262027 ], [ -89.937138, 35.262052 ], [ -89.936962, 35.262065 ], [ -89.936831, 35.262079 ], [ -89.936264, 35.262159 ], [ -89.936044, 35.26218 ], [ -89.936005, 35.262186 ], [ -89.935262, 35.262302 ], [ -89.935174, 35.262313 ], [ -89.934915, 35.262359 ], [ -89.934566, 35.262409 ], [ -89.934082, 35.262446 ], [ -89.933907, 35.262466 ], [ -89.933599, 35.26249 ], [ -89.933469, 35.262506 ], [ -89.932997, 35.262602 ], [ -89.932475, 35.262679 ], [ -89.9323, 35.262701 ], [ -89.931734, 35.262785 ], [ -89.93165, 35.262808 ], [ -89.931302, 35.26286 ], [ -89.931127, 35.262881 ], [ -89.930642, 35.262914 ], [ -89.93024, 35.262904 ], [ -89.930108, 35.262912 ], [ -89.930074, 35.262915 ], [ -89.929514, 35.262919 ], [ -89.929433, 35.262946 ], [ -89.929346, 35.262977 ], [ -89.929259, 35.263009 ], [ -89.927614, 35.263607 ], [ -89.927582, 35.263619 ], [ -89.927027, 35.263818 ], [ -89.926789, 35.263907 ], [ -89.926617, 35.26397 ], [ -89.926617, 35.26397 ], [ -89.926335, 35.264172 ], [ -89.925931, 35.264314 ], [ -89.925813, 35.264362 ], [ -89.925635, 35.264423 ], [ -89.925488, 35.264475 ], [ -89.925409, 35.264508 ], [ -89.925244, 35.264556 ], [ -89.925136, 35.264618 ], [ -89.925097, 35.264635 ], [ -89.925054, 35.264643 ], [ -89.924732, 35.264761 ], [ -89.924536, 35.264843 ], [ -89.9245, 35.264864 ], [ -89.92426, 35.264955 ], [ -89.924175, 35.264975 ], [ -89.924051, 35.265012 ], [ -89.924008, 35.26502 ], [ -89.923885, 35.265062 ], [ -89.923758, 35.26509 ], [ -89.923635, 35.265131 ], [ -89.92347, 35.26518 ], [ -89.923385, 35.2652 ], [ -89.923345, 35.265215 ], [ -89.923233, 35.265271 ], [ -89.923078, 35.265338 ], [ -89.922997, 35.265367 ], [ -89.92284, 35.265431 ], [ -89.922805, 35.265453 ], [ -89.922767, 35.265471 ], [ -89.922684, 35.265496 ], [ -89.922534, 35.26557 ], [ -89.922298, 35.265668 ], [ -89.922073, 35.265744 ], [ -89.922053, 35.265752 ], [ -89.921771, 35.265856 ], [ -89.921686, 35.265874 ], [ -89.921315, 35.265988 ], [ -89.920869, 35.266146 ], [ -89.920751, 35.266194 ], [ -89.920639, 35.266251 ], [ -89.920605, 35.266272 ], [ -89.92053, 35.266311 ], [ -89.920127, 35.266455 ], [ -89.919893, 35.266554 ], [ -89.919783, 35.266613 ], [ -89.919575, 35.266674 ], [ -89.919494, 35.266703 ], [ -89.919368, 35.266737 ], [ -89.919282, 35.266751 ], [ -89.919242, 35.266766 ], [ -89.918989, 35.266827 ], [ -89.918949, 35.266844 ], [ -89.918864, 35.266862 ], [ -89.918659, 35.266929 ], [ -89.918591, 35.266976 ], [ -89.918465, 35.267007 ], [ -89.918352, 35.267063 ], [ -89.918309, 35.267072 ], [ -89.918151, 35.267135 ], [ -89.918068, 35.267159 ], [ -89.918029, 35.267176 ], [ -89.917993, 35.267196 ], [ -89.917914, 35.267227 ], [ -89.917829, 35.267247 ], [ -89.917711, 35.267298 ], [ -89.91763, 35.267324 ], [ -89.917516, 35.267379 ], [ -89.917389, 35.267418 ], [ -89.917268, 35.267455 ], [ -89.917153, 35.267508 ], [ -89.917028, 35.267545 ], [ -89.91679, 35.267638 ], [ -89.91672, 35.267682 ], [ -89.916637, 35.267706 ], [ -89.916397, 35.267796 ], [ -89.916329, 35.267842 ], [ -89.91625, 35.267876 ], [ -89.916214, 35.267894 ], [ -89.916148, 35.267942 ], [ -89.916109, 35.267958 ], [ -89.916065, 35.267966 ], [ -89.915983, 35.267992 ], [ -89.915904, 35.268024 ], [ -89.91582, 35.268048 ], [ -89.915659, 35.268105 ], [ -89.915531, 35.268135 ], [ -89.915443, 35.268143 ], [ -89.915382, 35.268178 ], [ -89.915343, 35.268195 ], [ -89.915259, 35.268217 ], [ -89.915131, 35.268245 ], [ -89.915089, 35.268257 ], [ -89.915052, 35.268276 ], [ -89.914972, 35.268307 ], [ -89.914807, 35.268359 ], [ -89.914686, 35.268403 ], [ -89.914479, 35.268466 ], [ -89.914321, 35.268529 ], [ -89.914132, 35.268622 ], [ -89.914008, 35.26866 ], [ -89.913614, 35.268817 ], [ -89.913492, 35.268859 ], [ -89.913448, 35.268865 ], [ -89.913408, 35.268881 ], [ -89.913371, 35.268901 ], [ -89.913126, 35.268978 ], [ -89.912914, 35.269027 ], [ -89.912624, 35.269112 ], [ -89.912585, 35.269126 ], [ -89.9125, 35.269148 ], [ -89.912346, 35.269216 ], [ -89.912312, 35.26924 ], [ -89.912235, 35.269275 ], [ -89.912202, 35.269298 ], [ -89.912077, 35.269371 ], [ -89.911777, 35.269521 ], [ -89.911695, 35.269548 ], [ -89.911617, 35.269582 ], [ -89.911418, 35.269658 ], [ -89.911341, 35.269694 ], [ -89.911299, 35.269706 ], [ -89.911102, 35.269783 ], [ -89.910811, 35.269866 ], [ -89.910726, 35.269886 ], [ -89.910648, 35.269921 ], [ -89.91048, 35.269966 ], [ -89.910323, 35.27003 ], [ -89.910117, 35.270095 ], [ -89.910036, 35.270123 ], [ -89.909908, 35.270151 ], [ -89.909868, 35.270166 ], [ -89.909658, 35.270221 ], [ -89.909457, 35.270291 ], [ -89.909332, 35.270328 ], [ -89.909213, 35.27037 ], [ -89.909042, 35.270415 ], [ -89.908927, 35.270466 ], [ -89.908884, 35.270475 ], [ -89.908843, 35.270489 ], [ -89.908769, 35.270528 ], [ -89.908688, 35.270557 ], [ -89.908613, 35.270595 ], [ -89.908531, 35.270622 ], [ -89.908277, 35.270683 ], [ -89.908199, 35.270716 ], [ -89.908124, 35.270754 ], [ -89.908058, 35.270801 ], [ -89.908019, 35.270818 ], [ -89.907976, 35.270828 ], [ -89.907903, 35.270868 ], [ -89.907668, 35.270967 ], [ -89.907587, 35.270995 ], [ -89.907458, 35.271021 ], [ -89.907416, 35.271032 ], [ -89.907176, 35.27112 ], [ -89.907052, 35.271158 ], [ -89.906909, 35.271242 ], [ -89.906871, 35.27126 ], [ -89.906671, 35.271336 ], [ -89.906632, 35.271355 ], [ -89.906469, 35.271409 ], [ -89.906434, 35.271431 ], [ -89.90632, 35.271487 ], [ -89.906159, 35.271543 ], [ -89.906085, 35.271583 ], [ -89.906003, 35.271611 ], [ -89.905928, 35.271648 ], [ -89.905843, 35.271668 ], [ -89.905688, 35.271732 ], [ -89.905647, 35.271747 ], [ -89.905521, 35.271777 ], [ -89.905443, 35.271809 ], [ -89.905406, 35.271829 ], [ -89.905328, 35.271862 ], [ -89.905244, 35.271884 ], [ -89.905004, 35.271977 ], [ -89.904962, 35.271985 ], [ -89.904887, 35.272022 ], [ -89.904804, 35.272047 ], [ -89.904723, 35.272078 ], [ -89.904647, 35.272115 ], [ -89.904564, 35.272137 ], [ -89.904487, 35.272172 ], [ -89.904326, 35.272231 ], [ -89.904291, 35.272253 ], [ -89.904251, 35.272268 ], [ -89.904166, 35.272289 ], [ -89.904127, 35.272306 ], [ -89.904006, 35.272347 ], [ -89.903922, 35.272368 ], [ -89.90384, 35.272396 ], [ -89.903756, 35.272416 ], [ -89.903713, 35.272423 ], [ -89.903633, 35.272455 ], [ -89.903469, 35.272506 ], [ -89.903344, 35.272541 ], [ -89.903264, 35.272571 ], [ -89.903038, 35.272682 ], [ -89.902922, 35.272734 ], [ -89.90285, 35.272776 ], [ -89.902785, 35.272824 ], [ -89.902748, 35.272842 ], [ -89.902588, 35.272903 ], [ -89.902517, 35.272945 ], [ -89.902392, 35.27298 ], [ -89.902298, 35.273004 ], [ -89.902181, 35.273032 ], [ -89.9021, 35.27306 ], [ -89.901778, 35.273152 ], [ -89.901724, 35.273168 ], [ -89.901639, 35.273185 ], [ -89.901555, 35.273208 ], [ -89.901393, 35.273263 ], [ -89.901227, 35.273314 ], [ -89.901147, 35.273342 ], [ -89.901064, 35.273367 ], [ -89.900941, 35.273393 ], [ -89.900808, 35.273421 ], [ -89.900272, 35.273885 ], [ -89.899785, 35.274171 ], [ -89.899687, 35.274217 ], [ -89.899554, 35.274307 ], [ -89.89929, 35.274454 ], [ -89.89853, 35.274823 ], [ -89.897611, 35.274929 ], [ -89.897009, 35.274936 ], [ -89.896902, 35.274999 ], [ -89.896666, 35.275097 ], [ -89.896623, 35.275105 ], [ -89.896408, 35.275154 ], [ -89.896277, 35.275168 ], [ -89.896101, 35.275164 ], [ -89.896014, 35.275154 ], [ -89.895713, 35.275099 ], [ -89.895627, 35.275089 ], [ -89.895378, 35.275017 ], [ -89.895039, 35.274933 ], [ -89.894953, 35.274916 ], [ -89.894688, 35.274918 ], [ -89.894348, 35.274998 ], [ -89.894007, 35.275073 ], [ -89.893704, 35.27511 ], [ -89.893438, 35.275109 ], [ -89.893351, 35.275101 ], [ -89.892956, 35.275082 ], [ -89.892695, 35.27506 ], [ -89.892609, 35.27505 ], [ -89.8923, 35.275045 ], [ -89.892079, 35.275057 ], [ -89.891592, 35.275057 ], [ -89.891488, 35.275056 ], [ -89.891178, 35.275067 ], [ -89.890915, 35.275059 ], [ -89.890766, 35.275053 ], [ -89.890247, 35.275033 ], [ -89.889852, 35.275028 ], [ -89.889764, 35.275025 ], [ -89.889455, 35.27503 ], [ -89.889279, 35.275023 ], [ -89.88875, 35.27499 ], [ -89.88853, 35.274988 ], [ -89.888289, 35.274977 ], [ -89.888177, 35.274973 ], [ -89.888001, 35.274977 ], [ -89.887913, 35.274974 ], [ -89.887693, 35.274983 ], [ -89.887464, 35.275003 ], [ -89.887396, 35.275009 ], [ -89.887384, 35.275011 ], [ -89.887357, 35.275011 ], [ -89.887194, 35.275016 ], [ -89.887165, 35.275019 ], [ -89.887127, 35.275017 ], [ -89.886917, 35.275009 ], [ -89.886725, 35.275003 ], [ -89.88655, 35.274984 ], [ -89.886465, 35.274964 ], [ -89.886421, 35.274963 ], [ -89.886296, 35.274986 ], [ -89.886087, 35.274986 ], [ -89.885854, 35.274985 ], [ -89.885722, 35.27498 ], [ -89.885282, 35.274995 ], [ -89.885107, 35.27498 ], [ -89.884971, 35.274975 ], [ -89.884755, 35.274971 ], [ -89.884403, 35.274936 ], [ -89.884271, 35.274938 ], [ -89.883963, 35.274958 ], [ -89.883788, 35.274966 ], [ -89.883657, 35.274955 ], [ -89.883613, 35.274949 ], [ -89.883526, 35.274941 ], [ -89.883352, 35.274938 ], [ -89.883308, 35.27494 ], [ -89.883001, 35.274918 ], [ -89.882518, 35.274921 ], [ -89.882211, 35.274902 ], [ -89.882143, 35.274904 ], [ -89.882123, 35.274905 ], [ -89.881816, 35.274898 ], [ -89.881597, 35.274901 ], [ -89.881245, 35.274915 ], [ -89.881157, 35.274914 ], [ -89.880921, 35.274924 ], [ -89.880701, 35.274941 ], [ -89.880613, 35.274944 ], [ -89.880569, 35.27495 ], [ -89.880481, 35.274952 ], [ -89.880348, 35.274949 ], [ -89.880173, 35.274931 ], [ -89.88013, 35.274924 ], [ -89.879999, 35.274912 ], [ -89.879691, 35.274902 ], [ -89.879517, 35.274887 ], [ -89.879429, 35.274882 ], [ -89.879079, 35.274853 ], [ -89.878948, 35.274838 ], [ -89.878862, 35.274822 ], [ -89.878602, 35.274787 ], [ -89.87847, 35.274774 ], [ -89.878339, 35.27478 ], [ -89.878251, 35.274788 ], [ -89.878078, 35.274817 ], [ -89.877288, 35.274856 ], [ -89.877155, 35.274859 ], [ -89.877111, 35.274856 ], [ -89.876671, 35.274876 ], [ -89.876494, 35.274881 ], [ -89.876141, 35.27488 ], [ -89.875921, 35.274865 ], [ -89.875572, 35.274825 ], [ -89.875484, 35.274817 ], [ -89.875396, 35.274817 ], [ -89.875089, 35.274792 ], [ -89.874379, 35.274853 ], [ -89.874207, 35.27488 ], [ -89.873944, 35.274884 ], [ -89.873813, 35.274876 ], [ -89.873769, 35.274876 ], [ -89.873162, 35.274769 ], [ -89.872945, 35.274746 ], [ -89.872552, 35.274743 ], [ -89.872465, 35.274747 ], [ -89.872421, 35.274743 ], [ -89.872333, 35.274747 ], [ -89.87194, 35.274752 ], [ -89.871589, 35.274764 ], [ -89.871501, 35.274764 ], [ -89.871238, 35.274773 ], [ -89.871019, 35.274791 ], [ -89.870414, 35.274884 ], [ -89.87039, 35.27489 ], [ -89.870248, 35.274929 ], [ -89.870164, 35.274946 ], [ -89.87004, 35.27498 ], [ -89.86932, 35.275323 ], [ -89.868807, 35.275661 ], [ -89.868713, 35.27572 ], [ -89.868185, 35.276045 ], [ -89.867338, 35.276156 ], [ -89.866851, 35.27616 ], [ -89.866812, 35.276159 ], [ -89.866304, 35.275984 ], [ -89.866102, 35.275914 ], [ -89.865544, 35.27572 ], [ -89.865452, 35.275689 ], [ -89.864239, 35.275659 ], [ -89.863972, 35.275695 ], [ -89.863474, 35.275759 ], [ -89.862533, 35.27588 ], [ -89.862122, 35.275934 ], [ -89.860845, 35.276038 ], [ -89.860708, 35.276044 ], [ -89.859333, 35.276162 ], [ -89.857323, 35.276213 ], [ -89.856489, 35.276235 ], [ -89.855296, 35.276295 ], [ -89.85481, 35.276319 ], [ -89.85454, 35.276261 ], [ -89.854274, 35.276204 ], [ -89.84878, 35.276415 ], [ -89.848651, 35.276418 ], [ -89.848533, 35.276704 ], [ -89.848373, 35.276712 ], [ -89.8482, 35.276727 ], [ -89.847894, 35.276744 ], [ -89.847764, 35.276754 ], [ -89.847501, 35.276762 ], [ -89.846962, 35.276785 ], [ -89.846534, 35.276803 ], [ -89.845432, 35.276838 ], [ -89.844463, 35.276879 ], [ -89.842881, 35.27696 ], [ -89.841518, 35.277034 ], [ -89.840176, 35.277105 ], [ -89.840054, 35.277111 ], [ -89.838148, 35.277224 ], [ -89.835994, 35.277325 ], [ -89.835334, 35.277363 ], [ -89.83238, 35.277549 ], [ -89.831675, 35.277584 ], [ -89.831057, 35.27762 ], [ -89.830162, 35.277662 ], [ -89.828542, 35.277756 ], [ -89.828455, 35.277756 ], [ -89.827581, 35.277806 ], [ -89.827494, 35.277814 ], [ -89.826186, 35.277883 ], [ -89.8261, 35.277893 ], [ -89.825057, 35.277946 ], [ -89.824971, 35.277956 ], [ -89.824625, 35.27797 ], [ -89.824538, 35.277969 ], [ -89.823927, 35.277986 ], [ -89.82384, 35.277994 ], [ -89.822665, 35.27803 ], [ -89.8221, 35.278068 ], [ -89.822013, 35.27807 ], [ -89.821404, 35.27811 ], [ -89.821317, 35.278119 ], [ -89.820445, 35.278177 ], [ -89.820357, 35.278179 ], [ -89.819617, 35.278242 ], [ -89.819531, 35.278252 ], [ -89.819357, 35.278264 ], [ -89.81927, 35.278272 ], [ -89.819184, 35.278275 ], [ -89.818745, 35.278255 ], [ -89.81853, 35.278217 ], [ -89.818442, 35.27821 ], [ -89.81831, 35.278212 ], [ -89.817609, 35.278257 ], [ -89.81706, 35.27831 ], [ -89.81693, 35.278326 ], [ -89.816364, 35.278378 ], [ -89.816277, 35.278391 ], [ -89.816102, 35.278402 ], [ -89.816059, 35.278409 ], [ -89.815649, 35.278419 ], [ -89.814674, 35.278396 ], [ -89.814636, 35.278395 ], [ -89.814365, 35.278395 ], [ -89.814191, 35.278413 ], [ -89.813769, 35.27852 ], [ -89.813641, 35.278546 ], [ -89.813468, 35.278568 ], [ -89.813253, 35.278603 ], [ -89.813123, 35.27862 ], [ -89.813035, 35.278627 ], [ -89.812814, 35.278631 ], [ -89.812726, 35.278622 ], [ -89.812285, 35.278619 ], [ -89.812134, 35.278627 ], [ -89.812047, 35.278636 ], [ -89.811262, 35.278684 ], [ -89.811218, 35.278683 ], [ -89.809773, 35.278734 ], [ -89.809465, 35.278735 ], [ -89.808672, 35.278717 ], [ -89.807059, 35.278878 ], [ -89.806971, 35.278878 ], [ -89.806577, 35.278898 ], [ -89.806182, 35.278912 ], [ -89.805789, 35.278937 ], [ -89.803769, 35.279104 ], [ -89.80334, 35.279134 ], [ -89.803253, 35.279143 ], [ -89.803121, 35.279149 ], [ -89.802864, 35.279151 ], [ -89.801836, 35.279158 ], [ -89.801615, 35.279165 ], [ -89.801132, 35.27919 ], [ -89.800161, 35.279227 ], [ -89.80003, 35.279236 ], [ -89.799987, 35.279244 ], [ -89.799899, 35.27925 ], [ -89.79903, 35.279339 ], [ -89.798944, 35.279353 ], [ -89.798338, 35.279414 ], [ -89.798251, 35.279419 ], [ -89.798035, 35.279443 ], [ -89.797776, 35.279464 ], [ -89.79769, 35.279476 ], [ -89.797426, 35.279478 ], [ -89.796322, 35.27946 ], [ -89.796239, 35.279463 ], [ -89.796064, 35.279457 ], [ -89.795976, 35.27946 ], [ -89.795933, 35.279456 ], [ -89.795626, 35.279474 ], [ -89.795363, 35.279506 ], [ -89.794134, 35.279582 ], [ -89.792906, 35.279646 ], [ -89.791977, 35.279697 ], [ -89.790654, 35.279753 ], [ -89.789583, 35.279785 ], [ -89.78942, 35.27979 ], [ -89.788362, 35.279834 ], [ -89.786951, 35.27992 ], [ -89.786069, 35.279981 ], [ -89.784881, 35.280048 ], [ -89.784441, 35.280074 ], [ -89.784265, 35.280088 ], [ -89.782856, 35.280165 ], [ -89.782415, 35.280195 ], [ -89.781357, 35.280231 ], [ -89.781198, 35.280232 ], [ -89.781022, 35.28024 ], [ -89.780627, 35.280246 ], [ -89.78054, 35.280244 ], [ -89.779532, 35.280265 ], [ -89.778961, 35.280314 ], [ -89.778198, 35.280389 ], [ -89.777629, 35.280441 ], [ -89.776968, 35.28047 ], [ -89.775823, 35.280497 ], [ -89.77569, 35.280505 ], [ -89.775127, 35.280577 ], [ -89.775042, 35.280595 ], [ -89.774693, 35.280631 ], [ -89.772884, 35.280697 ], [ -89.772268, 35.28073 ], [ -89.772181, 35.280738 ], [ -89.77148, 35.280778 ], [ -89.771393, 35.280786 ], [ -89.771039, 35.280795 ], [ -89.770782, 35.280797 ], [ -89.769842, 35.280803 ], [ -89.769754, 35.280806 ], [ -89.769668, 35.28082 ], [ -89.768802, 35.280913 ], [ -89.768182, 35.280914 ], [ -89.767832, 35.280941 ], [ -89.767746, 35.280953 ], [ -89.767701, 35.280952 ], [ -89.767542, 35.280966 ], [ -89.767105, 35.28099 ], [ -89.767019, 35.280998 ], [ -89.7668, 35.281011 ], [ -89.766086, 35.281067 ], [ -89.766046, 35.28107 ], [ -89.76602, 35.281072 ], [ -89.765991, 35.281073 ], [ -89.765924, 35.281078 ], [ -89.765884, 35.281082 ], [ -89.765522, 35.281116 ], [ -89.765136, 35.281147 ], [ -89.765088, 35.281156 ], [ -89.764993, 35.281157 ], [ -89.762926, 35.281205 ], [ -89.76231, 35.281234 ], [ -89.761416, 35.281292 ], [ -89.760818, 35.281323 ], [ -89.760436, 35.281329 ], [ -89.760402, 35.281332 ], [ -89.760314, 35.281332 ], [ -89.759966, 35.281349 ], [ -89.759879, 35.281358 ], [ -89.759137, 35.281391 ], [ -89.758175, 35.281424 ], [ -89.758088, 35.28143 ], [ -89.757518, 35.281442 ], [ -89.757491, 35.281444 ], [ -89.757387, 35.281451 ], [ -89.757343, 35.281458 ], [ -89.757256, 35.281465 ], [ -89.75682, 35.281512 ], [ -89.756732, 35.281517 ], [ -89.756558, 35.281537 ], [ -89.756514, 35.28154 ], [ -89.75603, 35.28158 ], [ -89.755957, 35.281588 ], [ -89.755257, 35.281611 ], [ -89.754822, 35.281631 ], [ -89.754735, 35.28163 ], [ -89.754649, 35.281636 ], [ -89.754606, 35.281635 ], [ -89.754574, 35.281635 ], [ -89.754261, 35.281647 ], [ -89.754218, 35.281654 ], [ -89.754133, 35.281655 ], [ -89.75409, 35.281662 ], [ -89.7541, 35.281613 ], [ -89.754134, 35.281228 ], [ -89.753966, 35.28114 ], [ -89.753913, 35.281119 ], [ -89.752875, 35.280426 ], [ -89.752292, 35.280124 ], [ -89.751047, 35.279278 ], [ -89.75094, 35.27925 ], [ -89.750148, 35.279255 ], [ -89.750096, 35.279256 ], [ -89.748131, 35.279405 ], [ -89.747689, 35.279433 ], [ -89.747588, 35.279367 ], [ -89.747448, 35.279176 ], [ -89.747361, 35.279136 ], [ -89.747133, 35.279104 ], [ -89.746938, 35.279094 ], [ -89.746885, 35.279022 ], [ -89.746724, 35.278796 ], [ -89.746623, 35.278428 ], [ -89.746334, 35.277012 ], [ -89.746159, 35.276242 ], [ -89.746012, 35.276079 ], [ -89.745764, 35.27599 ], [ -89.745349, 35.275957 ], [ -89.744371, 35.275931 ], [ -89.743835, 35.275964 ], [ -89.743708, 35.275937 ], [ -89.743634, 35.275882 ], [ -89.743621, 35.275799 ], [ -89.743674, 35.275695 ], [ -89.743942, 35.275485 ], [ -89.743969, 35.275408 ], [ -89.743935, 35.275326 ], [ -89.743848, 35.275282 ], [ -89.743265, 35.275222 ], [ -89.743171, 35.275178 ], [ -89.743151, 35.275123 ], [ -89.743252, 35.275014 ], [ -89.743499, 35.274953 ], [ -89.744042, 35.274921 ], [ -89.744524, 35.274859 ], [ -89.744591, 35.2748 ], [ -89.744557, 35.274694 ], [ -89.744497, 35.274679 ], [ -89.744263, 35.274705 ], [ -89.744075, 35.274766 ], [ -89.743868, 35.274738 ], [ -89.743754, 35.274679 ], [ -89.743713, 35.274601 ], [ -89.743787, 35.274476 ], [ -89.744289, 35.274119 ], [ -89.744671, 35.273888 ], [ -89.744872, 35.273744 ], [ -89.744999, 35.273579 ], [ -89.744985, 35.273465 ], [ -89.744894, 35.273369 ], [ -89.744737, 35.273201 ], [ -89.744134, 35.272641 ], [ -89.743926, 35.272486 ], [ -89.743799, 35.272355 ], [ -89.743698, 35.272333 ], [ -89.743565, 35.272377 ], [ -89.743545, 35.272454 ], [ -89.743652, 35.272768 ], [ -89.743612, 35.272904 ], [ -89.743545, 35.272893 ], [ -89.743297, 35.272756 ], [ -89.743123, 35.272745 ], [ -89.742868, 35.272718 ], [ -89.742694, 35.27274 ], [ -89.7424, 35.272866 ], [ -89.742152, 35.272917 ], [ -89.741984, 35.272906 ], [ -89.741917, 35.272844 ], [ -89.741904, 35.272625 ], [ -89.741884, 35.272531 ], [ -89.74181, 35.2724 ], [ -89.741809, 35.271952 ], [ -89.73838, 35.272571 ], [ -89.73709, 35.272813 ], [ -89.729743, 35.274193 ], [ -89.728429, 35.274437 ], [ -89.722945, 35.275458 ], [ -89.721704, 35.27569 ], [ -89.719457, 35.276111 ], [ -89.718231, 35.276342 ], [ -89.717186, 35.276533 ], [ -89.716654, 35.276633 ], [ -89.716456, 35.276671 ], [ -89.714268, 35.277085 ], [ -89.711133, 35.277665 ], [ -89.70999, 35.277876 ], [ -89.709429, 35.277966 ], [ -89.709356, 35.277978 ], [ -89.709319, 35.277869 ], [ -89.709316, 35.277861 ], [ -89.709282, 35.27776 ], [ -89.709209, 35.277572 ], [ -89.709097, 35.277227 ], [ -89.709053, 35.277127 ], [ -89.708981, 35.27704 ], [ -89.708918, 35.276972 ], [ -89.708847, 35.276896 ], [ -89.708827, 35.276865 ], [ -89.708681, 35.276704 ], [ -89.708435, 35.276433 ], [ -89.707533, 35.275461 ], [ -89.707419, 35.27534 ], [ -89.707362, 35.275285 ], [ -89.70691, 35.274808 ], [ -89.706861, 35.27475 ], [ -89.706489, 35.274358 ], [ -89.706433, 35.274303 ], [ -89.706061, 35.273911 ], [ -89.706012, 35.273852 ], [ -89.70572, 35.273545 ], [ -89.705664, 35.273492 ], [ -89.705373, 35.273182 ], [ -89.705325, 35.273123 ], [ -89.705035, 35.272817 ], [ -89.704978, 35.272765 ], [ -89.704928, 35.272707 ], [ -89.704689, 35.272456 ], [ -89.704671, 35.272423 ], [ -89.704732, 35.272399 ], [ -89.706509, 35.271704 ], [ -89.706714, 35.271625 ], [ -89.706774, 35.271601 ], [ -89.706832, 35.271578 ], [ -89.707899, 35.271161 ], [ -89.711029, 35.269936 ], [ -89.712023, 35.269545 ], [ -89.713255, 35.269064 ], [ -89.713861, 35.268826 ], [ -89.714082, 35.268738 ], [ -89.714745, 35.268479 ], [ -89.714967, 35.268391 ], [ -89.714895, 35.268249 ], [ -89.714885, 35.268138 ], [ -89.714995, 35.266599 ], [ -89.715042, 35.265707 ], [ -89.715078, 35.264984 ], [ -89.71512, 35.264223 ], [ -89.712952, 35.264094 ], [ -89.711429, 35.264005 ], [ -89.710594, 35.263976 ], [ -89.710084, 35.26395 ], [ -89.709866, 35.263965 ], [ -89.709728, 35.263991 ], [ -89.709513, 35.264067 ], [ -89.709462, 35.264092 ], [ -89.709371, 35.263945 ], [ -89.709331, 35.263833 ], [ -89.709319, 35.263634 ], [ -89.709313, 35.263531 ], [ -89.709311, 35.26231 ], [ -89.70931, 35.262165 ], [ -89.70931, 35.261676 ], [ -89.709264, 35.258018 ], [ -89.709251, 35.256906 ], [ -89.709246, 35.256577 ], [ -89.709235, 35.255876 ], [ -89.709227, 35.254903 ], [ -89.709226, 35.254267 ], [ -89.709218, 35.253507 ], [ -89.709187, 35.25337 ], [ -89.709143, 35.253297 ], [ -89.709054, 35.253225 ], [ -89.708951, 35.253189 ], [ -89.708724, 35.253163 ], [ -89.706565, 35.253105 ], [ -89.706446, 35.253085 ], [ -89.706386, 35.253059 ], [ -89.706366, 35.253043 ], [ -89.706311, 35.25297 ], [ -89.706285, 35.252862 ], [ -89.706269, 35.251676 ], [ -89.70627, 35.251576 ], [ -89.706272, 35.251312 ], [ -89.706286, 35.249964 ], [ -89.706291, 35.249654 ], [ -89.706305, 35.24895 ], [ -89.706304, 35.248486 ], [ -89.706293, 35.248272 ], [ -89.706269, 35.248079 ], [ -89.706253, 35.247954 ], [ -89.706219, 35.247789 ], [ -89.706139, 35.247527 ], [ -89.70604, 35.247318 ], [ -89.705906, 35.247119 ], [ -89.705766, 35.246964 ], [ -89.705689, 35.246879 ], [ -89.705364, 35.246573 ], [ -89.70515, 35.246406 ], [ -89.704716, 35.24608 ], [ -89.703618, 35.245255 ], [ -89.703415, 35.245102 ], [ -89.702982, 35.244775 ], [ -89.702657, 35.244531 ], [ -89.701682, 35.243795 ], [ -89.701544, 35.243691 ], [ -89.701358, 35.24355 ], [ -89.701249, 35.243465 ], [ -89.701147, 35.243387 ], [ -89.70095, 35.243237 ], [ -89.700575, 35.242953 ], [ -89.698222, 35.241172 ], [ -89.69794, 35.240959 ], [ -89.697753, 35.2408 ], [ -89.697626, 35.24066 ], [ -89.697517, 35.240499 ], [ -89.697449, 35.240375 ], [ -89.697427, 35.240324 ], [ -89.697346, 35.240077 ], [ -89.697297, 35.239833 ], [ -89.697293, 35.239777 ], [ -89.697224, 35.238675 ], [ -89.697213, 35.238492 ], [ -89.697229, 35.237913 ], [ -89.697253, 35.237496 ], [ -89.697299, 35.236737 ], [ -89.6973, 35.236716 ], [ -89.697338, 35.235715 ], [ -89.697377, 35.234707 ], [ -89.697407, 35.232948 ], [ -89.697413, 35.23265 ], [ -89.697423, 35.232191 ], [ -89.697419, 35.231926 ], [ -89.697399, 35.231741 ], [ -89.697373, 35.231634 ], [ -89.697369, 35.23162 ], [ -89.69736, 35.231578 ], [ -89.697357, 35.231564 ], [ -89.697327, 35.231469 ], [ -89.6973, 35.231268 ], [ -89.697309, 35.230978 ], [ -89.697351, 35.22963 ], [ -89.697358, 35.229208 ], [ -89.697368, 35.228699 ], [ -89.69737, 35.228617 ], [ -89.697392, 35.226917 ], [ -89.6974, 35.226317 ], [ -89.697432, 35.223913 ], [ -89.697432, 35.223871 ], [ -89.697476, 35.222541 ], [ -89.697526, 35.221816 ], [ -89.697569, 35.221213 ], [ -89.697591, 35.220751 ], [ -89.697633, 35.22012 ], [ -89.697684, 35.219342 ], [ -89.697699, 35.218985 ], [ -89.697726, 35.218344 ], [ -89.697743, 35.217509 ], [ -89.697758, 35.217208 ], [ -89.697788, 35.216875 ], [ -89.697861, 35.216461 ], [ -89.697868, 35.216426 ], [ -89.69793, 35.216266 ], [ -89.698006, 35.216173 ], [ -89.698179, 35.216031 ], [ -89.698432, 35.215829 ], [ -89.69854, 35.215745 ], [ -89.698629, 35.21566 ], [ -89.698692, 35.215554 ], [ -89.698714, 35.215457 ], [ -89.698738, 35.214804 ], [ -89.698798, 35.213096 ], [ -89.698807, 35.212844 ], [ -89.698819, 35.212564 ], [ -89.698874, 35.211768 ], [ -89.698967, 35.211347 ], [ -89.699012, 35.211098 ], [ -89.699106, 35.209336 ], [ -89.699157, 35.208114 ], [ -89.699159, 35.207988 ], [ -89.699189, 35.206846 ], [ -89.699197, 35.206477 ], [ -89.699197, 35.206388 ], [ -89.699195, 35.20628 ], [ -89.699523, 35.206258 ], [ -89.700509, 35.206193 ], [ -89.700838, 35.206171 ], [ -89.700856, 35.20617 ], [ -89.701669, 35.206117 ], [ -89.702445, 35.206066 ], [ -89.7041, 35.205957 ], [ -89.704164, 35.205953 ], [ -89.704996, 35.205898 ], [ -89.705059, 35.205894 ], [ -89.70623, 35.205814 ], [ -89.707821, 35.205707 ], [ -89.709416, 35.205579 ], [ -89.709932, 35.205526 ], [ -89.710425, 35.205478 ], [ -89.711164, 35.205405 ], [ -89.712918, 35.20523 ], [ -89.712982, 35.205224 ], [ -89.7136, 35.20518 ], [ -89.714448, 35.205143 ], [ -89.714466, 35.205143 ], [ -89.715324, 35.205121 ], [ -89.715733, 35.20511 ], [ -89.715912, 35.205106 ], [ -89.71676, 35.205082 ], [ -89.717457, 35.205064 ], [ -89.717795, 35.205056 ], [ -89.71846, 35.205036 ], [ -89.719179, 35.205016 ], [ -89.71931, 35.205016 ], [ -89.719775, 35.20503 ], [ -89.720181, 35.205062 ], [ -89.720286, 35.20507 ], [ -89.720362, 35.205078 ], [ -89.720476, 35.20509 ], [ -89.720592, 35.205106 ], [ -89.720669, 35.205116 ], [ -89.721006, 35.205161 ], [ -89.721597, 35.205267 ], [ -89.723056, 35.205594 ], [ -89.72316, 35.205618 ], [ -89.723579, 35.205686 ], [ -89.723998, 35.205735 ], [ -89.724311, 35.205749 ], [ -89.72554, 35.205773 ], [ -89.725674, 35.205776 ], [ -89.726551, 35.205793 ], [ -89.726782, 35.205797 ], [ -89.728206, 35.205825 ], [ -89.729139, 35.205844 ], [ -89.729522, 35.205848 ], [ -89.729993, 35.205853 ], [ -89.730352, 35.205844 ], [ -89.730691, 35.205836 ], [ -89.731443, 35.205793 ], [ -89.732296, 35.205725 ], [ -89.732781, 35.205665 ], [ -89.734071, 35.205501 ], [ -89.734166, 35.205489 ], [ -89.735669, 35.205312 ], [ -89.737949, 35.205082 ], [ -89.738059, 35.205071 ], [ -89.738765, 35.205005 ], [ -89.739244, 35.20496 ], [ -89.739408, 35.204943 ], [ -89.739589, 35.204926 ], [ -89.740626, 35.204825 ], [ -89.740848, 35.204802 ], [ -89.740972, 35.204792 ], [ -89.741929, 35.204698 ], [ -89.742028, 35.204688 ], [ -89.742923, 35.204611 ], [ -89.744025, 35.204557 ], [ -89.744444, 35.204557 ], [ -89.745016, 35.204557 ], [ -89.745209, 35.204561 ], [ -89.746271, 35.204585 ], [ -89.746984, 35.2046 ], [ -89.747509, 35.204609 ], [ -89.748542, 35.204631 ], [ -89.74879, 35.204637 ], [ -89.749123, 35.204645 ], [ -89.749744, 35.204659 ], [ -89.749837, 35.204662 ], [ -89.750475, 35.204674 ], [ -89.75115, 35.204687 ], [ -89.751826, 35.204664 ], [ -89.752089, 35.204652 ], [ -89.752769, 35.204636 ], [ -89.753952, 35.204578 ], [ -89.754484, 35.204552 ], [ -89.754689, 35.204542 ], [ -89.754956, 35.20453 ], [ -89.755306, 35.204522 ], [ -89.755512, 35.204518 ], [ -89.755564, 35.204516 ], [ -89.755613, 35.204515 ], [ -89.755834, 35.204511 ], [ -89.756121, 35.20451 ], [ -89.756961, 35.204507 ], [ -89.757949, 35.204505 ], [ -89.758231, 35.204505 ], [ -89.758559, 35.204507 ], [ -89.758862, 35.204507 ], [ -89.758939, 35.204507 ], [ -89.759357, 35.204507 ], [ -89.759924, 35.204508 ], [ -89.760082, 35.204509 ], [ -89.760463, 35.20451 ], [ -89.760536, 35.20451 ], [ -89.760612, 35.20451 ], [ -89.761188, 35.204508 ], [ -89.762453, 35.204502 ], [ -89.762517, 35.204502 ], [ -89.763343, 35.204507 ], [ -89.763364, 35.204505 ], [ -89.764008, 35.20449 ], [ -89.764089, 35.204485 ], [ -89.764124, 35.204483 ], [ -89.764179, 35.204481 ], [ -89.765087, 35.204436 ], [ -89.76543, 35.204418 ], [ -89.765506, 35.204415 ], [ -89.766106, 35.204426 ], [ -89.766826, 35.204438 ], [ -89.768002, 35.204423 ], [ -89.768075, 35.204423 ], [ -89.769076, 35.204423 ], [ -89.769519, 35.20442 ], [ -89.769544, 35.20442 ], [ -89.76981, 35.204424 ], [ -89.769868, 35.204425 ], [ -89.770307, 35.204434 ], [ -89.77092, 35.204431 ], [ -89.77095, 35.204431 ], [ -89.771069, 35.204431 ], [ -89.771419, 35.204417 ], [ -89.771634, 35.204417 ], [ -89.77166, 35.204416 ], [ -89.771725, 35.204415 ], [ -89.77209, 35.204409 ], [ -89.772279, 35.204406 ], [ -89.772305, 35.204406 ], [ -89.772494, 35.204403 ], [ -89.773508, 35.204404 ], [ -89.773629, 35.204409 ], [ -89.773793, 35.204414 ], [ -89.774517, 35.204408 ], [ -89.774959, 35.204404 ], [ -89.775164, 35.204403 ], [ -89.775454, 35.204408 ], [ -89.775561, 35.204409 ], [ -89.775894, 35.204412 ], [ -89.777715, 35.204397 ], [ -89.779727, 35.204429 ], [ -89.780576, 35.204428 ], [ -89.781033, 35.204426 ], [ -89.782082, 35.204436 ], [ -89.782175, 35.204437 ], [ -89.783277, 35.204448 ], [ -89.784754, 35.204465 ], [ -89.784827, 35.204466 ], [ -89.784895, 35.204466 ], [ -89.78531, 35.204468 ], [ -89.788473, 35.204504 ], [ -89.788616, 35.204503 ], [ -89.788742, 35.204504 ], [ -89.789159, 35.20451 ], [ -89.790648, 35.20453 ], [ -89.791417, 35.204573 ], [ -89.791954, 35.204603 ], [ -89.792018, 35.204608 ], [ -89.793864, 35.204701 ], [ -89.794843, 35.204749 ], [ -89.795083, 35.204746 ], [ -89.795851, 35.20474 ], [ -89.796177, 35.204739 ], [ -89.797152, 35.204735 ], [ -89.797479, 35.204735 ], [ -89.797932, 35.204725 ], [ -89.798226, 35.204721 ], [ -89.80026, 35.204729 ], [ -89.801438, 35.204707 ], [ -89.802366, 35.204691 ], [ -89.803529, 35.204685 ], [ -89.803599, 35.204684 ], [ -89.80418, 35.204684 ], [ -89.804278, 35.204684 ], [ -89.804769, 35.20469 ], [ -89.806019, 35.204701 ], [ -89.807302, 35.204712 ], [ -89.808536, 35.204724 ], [ -89.808945, 35.204724 ], [ -89.808957, 35.204724 ], [ -89.810175, 35.204733 ], [ -89.810585, 35.204738 ], [ -89.811481, 35.204743 ], [ -89.812252, 35.204749 ], [ -89.813987, 35.204785 ], [ -89.814603, 35.204798 ], [ -89.814807, 35.204792 ], [ -89.814974, 35.20479 ], [ -89.815656, 35.204735 ], [ -89.816051, 35.204684 ], [ -89.816162, 35.204671 ], [ -89.819109, 35.204201 ], [ -89.81976, 35.204099 ], [ -89.820114, 35.204045 ], [ -89.820758, 35.203968 ], [ -89.820958, 35.20395 ], [ -89.821013, 35.203946 ], [ -89.82116, 35.203933 ], [ -89.821178, 35.203931 ], [ -89.821291, 35.203924 ], [ -89.821675, 35.203908 ], [ -89.821841, 35.203902 ], [ -89.822189, 35.20391 ], [ -89.822369, 35.203919 ], [ -89.822708, 35.203937 ], [ -89.823225, 35.20399 ], [ -89.82395, 35.20409 ], [ -89.824475, 35.204162 ], [ -89.825071, 35.204248 ], [ -89.82634, 35.204432 ], [ -89.82686, 35.204501 ], [ -89.827459, 35.20458 ], [ -89.829144, 35.204794 ], [ -89.83055, 35.205003 ], [ -89.831218, 35.205103 ], [ -89.832325, 35.205252 ], [ -89.832766, 35.20529 ], [ -89.833484, 35.205352 ], [ -89.833528, 35.205242 ], [ -89.833559, 35.205162 ], [ -89.833597, 35.205127 ], [ -89.833607, 35.205118 ], [ -89.834154, 35.204617 ], [ -89.834264, 35.204515 ], [ -89.834478, 35.204307 ], [ -89.834898, 35.203894 ], [ -89.834913, 35.203882 ], [ -89.834943, 35.203851 ], [ -89.834895, 35.203818 ], [ -89.835119, 35.203599 ], [ -89.835147, 35.203572 ], [ -89.835213, 35.203618 ], [ -89.835396, 35.203439 ], [ -89.835429, 35.203406 ], [ -89.83566, 35.203218 ], [ -89.836077, 35.20282 ], [ -89.83632, 35.202589 ], [ -89.836405, 35.202507 ], [ -89.836601, 35.20232 ], [ -89.836613, 35.202309 ], [ -89.836694, 35.202231 ], [ -89.836773, 35.202157 ], [ -89.83677, 35.202086 ], [ -89.836769, 35.202072 ], [ -89.836768, 35.202047 ], [ -89.836794, 35.202047 ], [ -89.836803, 35.202039 ], [ -89.836979, 35.201865 ], [ -89.837197, 35.201651 ], [ -89.837252, 35.201609 ], [ -89.837337, 35.201543 ], [ -89.837506, 35.201352 ], [ -89.838142, 35.20075 ], [ -89.838417, 35.200482 ], [ -89.838552, 35.200353 ], [ -89.838832, 35.200081 ], [ -89.838961, 35.199953 ], [ -89.839079, 35.199831 ], [ -89.839517, 35.199419 ], [ -89.839838, 35.199107 ], [ -89.840163, 35.198794 ], [ -89.840576, 35.198394 ], [ -89.840655, 35.198318 ], [ -89.843039, 35.196106 ], [ -89.843442, 35.195732 ], [ -89.843742, 35.195453 ], [ -89.843848, 35.195335 ], [ -89.844781, 35.194289 ], [ -89.844886, 35.194173 ], [ -89.845033, 35.194007 ], [ -89.845155, 35.193872 ], [ -89.845157, 35.193808 ], [ -89.845158, 35.193773 ], [ -89.845168, 35.193442 ], [ -89.845172, 35.193296 ], [ -89.84518, 35.193058 ], [ -89.845182, 35.192977 ], [ -89.84519, 35.192735 ], [ -89.845193, 35.192655 ], [ -89.845195, 35.192581 ], [ -89.845197, 35.192548 ], [ -89.845202, 35.192364 ], [ -89.845204, 35.192293 ], [ -89.845219, 35.19186 ], [ -89.845247, 35.191093 ], [ -89.845252, 35.190975 ], [ -89.845251, 35.190565 ], [ -89.845251, 35.190281 ], [ -89.8452, 35.190143 ], [ -89.844844, 35.190135 ], [ -89.844821, 35.190134 ], [ -89.843874, 35.190123 ], [ -89.843685, 35.190123 ], [ -89.843589, 35.190126 ], [ -89.843307, 35.190117 ], [ -89.843187, 35.190113 ], [ -89.84283, 35.190102 ], [ -89.842711, 35.190099 ], [ -89.842595, 35.190095 ], [ -89.842248, 35.190084 ], [ -89.842133, 35.190081 ], [ -89.841905, 35.190076 ], [ -89.841221, 35.190061 ], [ -89.840993, 35.190058 ], [ -89.840766, 35.190052 ], [ -89.840088, 35.190034 ], [ -89.839862, 35.19003 ], [ -89.839124, 35.19001 ], [ -89.838897, 35.190005 ], [ -89.838134, 35.189985 ], [ -89.838057, 35.189985 ], [ -89.836914, 35.189946 ], [ -89.836428, 35.18993 ], [ -89.836287, 35.189932 ], [ -89.836177, 35.189932 ], [ -89.836225, 35.190991 ], [ -89.836343, 35.193584 ], [ -89.836369, 35.19417 ], [ -89.836417, 35.195231 ], [ -89.836234, 35.19523 ], [ -89.836144, 35.195175 ], [ -89.836127, 35.195175 ], [ -89.835662, 35.19518 ], [ -89.835213, 35.195173 ], [ -89.834909, 35.195169 ], [ -89.834828, 35.195169 ], [ -89.834587, 35.195166 ], [ -89.834507, 35.195165 ], [ -89.834208, 35.195159 ], [ -89.833649, 35.195149 ], [ -89.833313, 35.195122 ], [ -89.833242, 35.195117 ], [ -89.833099, 35.195175 ], [ -89.833027, 35.195169 ], [ -89.832773, 35.195149 ], [ -89.83239, 35.195105 ], [ -89.832341, 35.195099 ], [ -89.832292, 35.195093 ], [ -89.832214, 35.195083 ], [ -89.832151, 35.195076 ], [ -89.832089, 35.195068 ], [ -89.831271, 35.194974 ], [ -89.830962, 35.194949 ], [ -89.829981, 35.194916 ], [ -89.829907, 35.194916 ], [ -89.829844, 35.194858 ], [ -89.829687, 35.194855 ], [ -89.829546, 35.194854 ], [ -89.828739, 35.19484 ], [ -89.828424, 35.194836 ], [ -89.828391, 35.194835 ], [ -89.828293, 35.194834 ], [ -89.828261, 35.194834 ], [ -89.82803, 35.194829 ], [ -89.827339, 35.194817 ], [ -89.827109, 35.194815 ], [ -89.827131, 35.194772 ], [ -89.8272, 35.194646 ], [ -89.827224, 35.194603 ], [ -89.827257, 35.194541 ], [ -89.827431, 35.194393 ], [ -89.827476, 35.194336 ], [ -89.827659, 35.194102 ], [ -89.827779, 35.193909 ], [ -89.828133, 35.193503 ], [ -89.82818, 35.193478 ], [ -89.828508, 35.1933 ], [ -89.828321, 35.193289 ], [ -89.828257, 35.193281 ], [ -89.828113, 35.193261 ], [ -89.827772, 35.193294 ], [ -89.827506, 35.193279 ], [ -89.827484, 35.193278 ], [ -89.827266, 35.19321 ], [ -89.826762, 35.192992 ], [ -89.826006, 35.192657 ], [ -89.825517, 35.19235 ], [ -89.824858, 35.192073 ], [ -89.824406, 35.191883 ], [ -89.82349, 35.191449 ], [ -89.823343, 35.191395 ], [ -89.823008, 35.191164 ], [ -89.822667, 35.191038 ], [ -89.822004, 35.191038 ], [ -89.821717, 35.190984 ], [ -89.821329, 35.191006 ], [ -89.82088, 35.19095 ], [ -89.820205, 35.190989 ], [ -89.819074, 35.190928 ], [ -89.818873, 35.19095 ], [ -89.818405, 35.19095 ], [ -89.817997, 35.190912 ], [ -89.817709, 35.190818 ], [ -89.817515, 35.190774 ], [ -89.817136, 35.190706 ], [ -89.81623, 35.190545 ], [ -89.816009, 35.190473 ], [ -89.815795, 35.190341 ], [ -89.815581, 35.190269 ], [ -89.814752, 35.190088 ], [ -89.814586, 35.190097 ], [ -89.814564, 35.190103 ], [ -89.81456, 35.190087 ], [ -89.814524, 35.189954 ], [ -89.814405, 35.189512 ], [ -89.814366, 35.189364 ], [ -89.814234, 35.188872 ], [ -89.814209, 35.18878 ], [ -89.814179, 35.188668 ], [ -89.813824, 35.187402 ], [ -89.813774, 35.187222 ], [ -89.813748, 35.187131 ], [ -89.813687, 35.186914 ], [ -89.81362, 35.186674 ], [ -89.813607, 35.186628 ], [ -89.813444, 35.186045 ], [ -89.81342, 35.185961 ], [ -89.813353, 35.185722 ], [ -89.813328, 35.185633 ], [ -89.813298, 35.185527 ], [ -89.813154, 35.185595 ], [ -89.81313, 35.185509 ], [ -89.813117, 35.185465 ], [ -89.813056, 35.18525 ], [ -89.8127, 35.183977 ], [ -89.812468, 35.183231 ], [ -89.812382, 35.182924 ], [ -89.812325, 35.182657 ], [ -89.812296, 35.18241 ], [ -89.812284, 35.18199 ], [ -89.812309, 35.181641 ], [ -89.812442, 35.18105 ], [ -89.812554, 35.180591 ], [ -89.812831, 35.179457 ], [ -89.812856, 35.179355 ], [ -89.81309, 35.178393 ], [ -89.813281, 35.177605 ], [ -89.813345, 35.17734 ], [ -89.813522, 35.176615 ], [ -89.813657, 35.176064 ], [ -89.813974, 35.174763 ], [ -89.814133, 35.174107 ], [ -89.814163, 35.173982 ], [ -89.814274, 35.173538 ], [ -89.814453, 35.172821 ], [ -89.814646, 35.172058 ], [ -89.814481, 35.172025 ], [ -89.81421, 35.171974 ], [ -89.813915, 35.171915 ], [ -89.813825, 35.171898 ], [ -89.813456, 35.171812 ], [ -89.813421, 35.171803 ], [ -89.813296, 35.17177 ], [ -89.81312, 35.171717 ], [ -89.813006, 35.171681 ], [ -89.812528, 35.171519 ], [ -89.812495, 35.171509 ], [ -89.812292, 35.171444 ], [ -89.812122, 35.17139 ], [ -89.812053, 35.17137 ], [ -89.811628, 35.171245 ], [ -89.811597, 35.171236 ], [ -89.811537, 35.171219 ], [ -89.811367, 35.171167 ], [ -89.811052, 35.171062 ], [ -89.811016, 35.17105 ], [ -89.810981, 35.171039 ], [ -89.810742, 35.170966 ], [ -89.810512, 35.170897 ], [ -89.810264, 35.170846 ], [ -89.810135, 35.170834 ], [ -89.809893, 35.170835 ], [ -89.809651, 35.170862 ], [ -89.809502, 35.170897 ], [ -89.809306, 35.170945 ], [ -89.808873, 35.171093 ], [ -89.808775, 35.171127 ], [ -89.807561, 35.171551 ], [ -89.807431, 35.171595 ], [ -89.807151, 35.17172 ], [ -89.806874, 35.171873 ], [ -89.80654, 35.17207 ], [ -89.806286, 35.172196 ], [ -89.806028, 35.172286 ], [ -89.8058, 35.172336 ], [ -89.805543, 35.172352 ], [ -89.805236, 35.172339 ], [ -89.804943, 35.172326 ], [ -89.804825, 35.17232 ], [ -89.804256, 35.172314 ], [ -89.80394, 35.172303 ], [ -89.803835, 35.1723 ], [ -89.803523, 35.172293 ], [ -89.803419, 35.172292 ], [ -89.803122, 35.172289 ], [ -89.802924, 35.172286 ], [ -89.802376, 35.172283 ], [ -89.802268, 35.172277 ], [ -89.802231, 35.172275 ], [ -89.801935, 35.172259 ], [ -89.801491, 35.172251 ], [ -89.801159, 35.172246 ], [ -89.800879, 35.172241 ], [ -89.800699, 35.172238 ], [ -89.800431, 35.172243 ], [ -89.800161, 35.172262 ], [ -89.799918, 35.172281 ], [ -89.799719, 35.172297 ], [ -89.799662, 35.172303 ], [ -89.79961, 35.172307 ], [ -89.799282, 35.172338 ], [ -89.799174, 35.172348 ], [ -89.798899, 35.172382 ], [ -89.798602, 35.172431 ], [ -89.797555, 35.172604 ], [ -89.797416, 35.172628 ], [ -89.797093, 35.172671 ], [ -89.796889, 35.172691 ], [ -89.796568, 35.172722 ], [ -89.796316, 35.172757 ], [ -89.795874, 35.172839 ], [ -89.794996, 35.173061 ], [ -89.794796, 35.173115 ], [ -89.794565, 35.17316 ], [ -89.794125, 35.173249 ], [ -89.794071, 35.172994 ], [ -89.794048, 35.172942 ], [ -89.793902, 35.172607 ], [ -89.793823, 35.1725 ], [ -89.793727, 35.172416 ], [ -89.793518, 35.172314 ], [ -89.793428, 35.172286 ], [ -89.79337, 35.172267 ], [ -89.793118, 35.172224 ], [ -89.792939, 35.172199 ], [ -89.792937, 35.172278 ], [ -89.792933, 35.172424 ], [ -89.792915, 35.173102 ], [ -89.79291, 35.17333 ], [ -89.7929, 35.174254 ], [ -89.792886, 35.17568 ], [ -89.792873, 35.177032 ], [ -89.792869, 35.17758 ], [ -89.792862, 35.177958 ], [ -89.79286, 35.178139 ], [ -89.792855, 35.178677 ], [ -89.792854, 35.178858 ], [ -89.79284, 35.1793 ], [ -89.792825, 35.179803 ], [ -89.792786, 35.180629 ], [ -89.792769, 35.181008 ], [ -89.792766, 35.181072 ], [ -89.792728, 35.181064 ], [ -89.791478, 35.180694 ], [ -89.790628, 35.180443 ], [ -89.790306, 35.18031 ], [ -89.789778, 35.180129 ], [ -89.789497, 35.180031 ], [ -89.789444, 35.179992 ], [ -89.789156, 35.179876 ], [ -89.788721, 35.179579 ], [ -89.788601, 35.179465 ], [ -89.788062, 35.178782 ], [ -89.787872, 35.178541 ], [ -89.787745, 35.178289 ], [ -89.787638, 35.178168 ], [ -89.787624, 35.178081 ], [ -89.787313, 35.177687 ], [ -89.787277, 35.177641 ], [ -89.787196, 35.177552 ], [ -89.787174, 35.177509 ], [ -89.787116, 35.177394 ], [ -89.786942, 35.177273 ], [ -89.786623, 35.177155 ], [ -89.786581, 35.177141 ], [ -89.786404, 35.177097 ], [ -89.786208, 35.177048 ], [ -89.785932, 35.176981 ], [ -89.785615, 35.17693 ], [ -89.785416, 35.176899 ], [ -89.78424, 35.176712 ], [ -89.783945, 35.176663 ], [ -89.782721, 35.176459 ], [ -89.781216, 35.176173 ], [ -89.780246, 35.175959 ], [ -89.779745, 35.176013 ], [ -89.77955, 35.17604 ], [ -89.77939, 35.176063 ], [ -89.778648, 35.176134 ], [ -89.77852, 35.176116 ], [ -89.778072, 35.176057 ], [ -89.777343, 35.175886 ], [ -89.776938, 35.175894 ], [ -89.776708, 35.175897 ], [ -89.776193, 35.175875 ], [ -89.775196, 35.176199 ], [ -89.773618, 35.176728 ], [ -89.773302, 35.176835 ], [ -89.773142, 35.176918 ], [ -89.773051, 35.17699 ], [ -89.772948, 35.177071 ], [ -89.772787, 35.177159 ], [ -89.772692, 35.177346 ], [ -89.772686, 35.177369 ], [ -89.772679, 35.177401 ], [ -89.772662, 35.177429 ], [ -89.772651, 35.177459 ], [ -89.772595, 35.177609 ], [ -89.772506, 35.177851 ], [ -89.772421, 35.178061 ], [ -89.772362, 35.178211 ], [ -89.771934, 35.179279 ], [ -89.771675, 35.179928 ], [ -89.771394, 35.180504 ], [ -89.770624, 35.181173 ], [ -89.770089, 35.181438 ], [ -89.769875, 35.181585 ], [ -89.769695, 35.181739 ], [ -89.768822, 35.182489 ], [ -89.768684, 35.182606 ], [ -89.768587, 35.182637 ], [ -89.767861, 35.182865 ], [ -89.767786, 35.182905 ], [ -89.767539, 35.183042 ], [ -89.767452, 35.18309 ], [ -89.766997, 35.183308 ], [ -89.76685, 35.18338 ], [ -89.766629, 35.183507 ], [ -89.766475, 35.183704 ], [ -89.766431, 35.183789 ], [ -89.766368, 35.183913 ], [ -89.766221, 35.184144 ], [ -89.765986, 35.184732 ], [ -89.765763, 35.185294 ], [ -89.765739, 35.185353 ], [ -89.765649, 35.185522 ], [ -89.76535, 35.186093 ], [ -89.765284, 35.186197 ], [ -89.765148, 35.186413 ], [ -89.76506, 35.18655 ], [ -89.765029, 35.186598 ], [ -89.764733, 35.186912 ], [ -89.764687, 35.186961 ], [ -89.764618, 35.187027 ], [ -89.76444, 35.187197 ], [ -89.764406, 35.187224 ], [ -89.763728, 35.187765 ], [ -89.763503, 35.187947 ], [ -89.763448, 35.18799 ], [ -89.763375, 35.188049 ], [ -89.76328, 35.188114 ], [ -89.763224, 35.188154 ], [ -89.763181, 35.188185 ], [ -89.763083, 35.188267 ], [ -89.763007, 35.188333 ], [ -89.762639, 35.188553 ], [ -89.762629, 35.188561 ], [ -89.762484, 35.188668 ], [ -89.762338, 35.188775 ], [ -89.762284, 35.188817 ], [ -89.761881, 35.189064 ], [ -89.761749, 35.189146 ], [ -89.761727, 35.189158 ], [ -89.76167, 35.189185 ], [ -89.7613, 35.189366 ], [ -89.760638, 35.18958 ], [ -89.760149, 35.189782 ], [ -89.759487, 35.190123 ], [ -89.759059, 35.190282 ], [ -89.758884, 35.190314 ], [ -89.758617, 35.190458 ], [ -89.758296, 35.190583 ], [ -89.758175, 35.1906 ], [ -89.757814, 35.190787 ], [ -89.75766, 35.190897 ], [ -89.756984, 35.191133 ], [ -89.756736, 35.191291 ], [ -89.756402, 35.19139 ], [ -89.756221, 35.191434 ], [ -89.756127, 35.191472 ], [ -89.756074, 35.191555 ], [ -89.756094, 35.191665 ], [ -89.755833, 35.191851 ], [ -89.755652, 35.19227 ], [ -89.755531, 35.192625 ], [ -89.755437, 35.192746 ], [ -89.755343, 35.192829 ], [ -89.755252, 35.192941 ], [ -89.75525, 35.192944 ], [ -89.755234, 35.192957 ], [ -89.755029, 35.19312 ], [ -89.754881, 35.193258 ], [ -89.754781, 35.193417 ], [ -89.754319, 35.193762 ], [ -89.754138, 35.193998 ], [ -89.753957, 35.19413 ], [ -89.75383, 35.194174 ], [ -89.753576, 35.194207 ], [ -89.753442, 35.194267 ], [ -89.753369, 35.194257 ], [ -89.753342, 35.194114 ], [ -89.753322, 35.194086 ], [ -89.753255, 35.194075 ], [ -89.753148, 35.194146 ], [ -89.752987, 35.194382 ], [ -89.752646, 35.194564 ], [ -89.752532, 35.194662 ], [ -89.752425, 35.194767 ], [ -89.752418, 35.194876 ], [ -89.752525, 35.195035 ], [ -89.752538, 35.195262 ], [ -89.752478, 35.195569 ], [ -89.752196, 35.1962 ], [ -89.752056, 35.196408 ], [ -89.752037, 35.196515 ], [ -89.752014, 35.196642 ], [ -89.752002, 35.196711 ], [ -89.75195, 35.196701 ], [ -89.751844, 35.196695 ], [ -89.750003, 35.196692 ], [ -89.749226, 35.196703 ], [ -89.749174, 35.196703 ], [ -89.747464, 35.196686 ], [ -89.746896, 35.196675 ], [ -89.74612, 35.196662 ], [ -89.745387, 35.196655 ], [ -89.743192, 35.196631 ], [ -89.74246, 35.196624 ], [ -89.742366, 35.196623 ], [ -89.742019, 35.19662 ], [ -89.741195, 35.196616 ], [ -89.7409, 35.196642 ], [ -89.740703, 35.196676 ], [ -89.740527, 35.196707 ], [ -89.740272, 35.196762 ], [ -89.740216, 35.196669 ], [ -89.740048, 35.196393 ], [ -89.739993, 35.196301 ], [ -89.739888, 35.196126 ], [ -89.739605, 35.195555 ], [ -89.739204, 35.194663 ], [ -89.739034, 35.194403 ], [ -89.738817, 35.194153 ], [ -89.738674, 35.193988 ], [ -89.738509, 35.193751 ], [ -89.738347, 35.193461 ], [ -89.738125, 35.192981 ], [ -89.738089, 35.192898 ], [ -89.737757, 35.192308 ], [ -89.737655, 35.192046 ], [ -89.737546, 35.191658 ], [ -89.737353, 35.191125 ], [ -89.737328, 35.190963 ], [ -89.737324, 35.190882 ], [ -89.737364, 35.19041 ], [ -89.737364, 35.190076 ], [ -89.7373, 35.189431 ], [ -89.737266, 35.18924 ], [ -89.737181, 35.188915 ], [ -89.736999, 35.188276 ], [ -89.736908, 35.188094 ], [ -89.736827, 35.187995 ], [ -89.73669, 35.187884 ], [ -89.736182, 35.187583 ], [ -89.735912, 35.187424 ], [ -89.734218, 35.186441 ], [ -89.734217, 35.18644 ], [ -89.734056, 35.186347 ], [ -89.733998, 35.186313 ], [ -89.733898, 35.186256 ], [ -89.733427, 35.185983 ], [ -89.73327, 35.185891 ], [ -89.733142, 35.185817 ], [ -89.732758, 35.185595 ], [ -89.732631, 35.185522 ], [ -89.732428, 35.185402 ], [ -89.732349, 35.185355 ], [ -89.732183, 35.185263 ], [ -89.732017, 35.185168 ], [ -89.731817, 35.185055 ], [ -89.731614, 35.184939 ], [ -89.731653, 35.184878 ], [ -89.731772, 35.184701 ], [ -89.731812, 35.184643 ], [ -89.731883, 35.184537 ], [ -89.732101, 35.184162 ], [ -89.732354, 35.183676 ], [ -89.732455, 35.183447 ], [ -89.732464, 35.183429 ], [ -89.73264, 35.182983 ], [ -89.732809, 35.182486 ], [ -89.732828, 35.182416 ], [ -89.732938, 35.182012 ], [ -89.733038, 35.181507 ], [ -89.733128, 35.180892 ], [ -89.733215, 35.180298 ], [ -89.733335, 35.179486 ], [ -89.733529, 35.178176 ], [ -89.733534, 35.178142 ], [ -89.73251, 35.178846 ], [ -89.731955, 35.179218 ], [ -89.730946, 35.179896 ], [ -89.73033, 35.180324 ], [ -89.729494, 35.18088 ], [ -89.728585, 35.181495 ], [ -89.72823, 35.181709 ], [ -89.727535, 35.182171 ], [ -89.727388, 35.18233 ], [ -89.727308, 35.18237 ], [ -89.727215, 35.18243 ], [ -89.727134, 35.182485 ], [ -89.726826, 35.182676 ], [ -89.726491, 35.182847 ], [ -89.725863, 35.18333 ], [ -89.725655, 35.183175 ], [ -89.725564, 35.183248 ], [ -89.725507, 35.183295 ], [ -89.723093, 35.185133 ], [ -89.723084, 35.186185 ], [ -89.723061, 35.186189 ], [ -89.720775, 35.18665 ], [ -89.720774, 35.18665 ], [ -89.720091, 35.187033 ], [ -89.719648, 35.187706 ], [ -89.719371, 35.188128 ], [ -89.719342, 35.188325 ], [ -89.719396, 35.188688 ], [ -89.719449, 35.188848 ], [ -89.719469, 35.189039 ], [ -89.719503, 35.189215 ], [ -89.719493, 35.189297 ], [ -89.719648, 35.189952 ], [ -89.719647, 35.190042 ], [ -89.719634, 35.190134 ], [ -89.7196, 35.190241 ], [ -89.719547, 35.190341 ], [ -89.719466, 35.190447 ], [ -89.719391, 35.190518 ], [ -89.719291, 35.190591 ], [ -89.719237, 35.190622 ], [ -89.717739, 35.191236 ], [ -89.716005, 35.191946 ], [ -89.710058, 35.194105 ], [ -89.710054, 35.194206 ], [ -89.709788, 35.194322 ], [ -89.709404, 35.194489 ], [ -89.706598, 35.195136 ], [ -89.704706, 35.195572 ], [ -89.701789, 35.196245 ], [ -89.701793, 35.195873 ], [ -89.700301, 35.196218 ], [ -89.700141, 35.196261 ], [ -89.698247, 35.196717 ], [ -89.697732, 35.196867 ], [ -89.697377, 35.196937 ], [ -89.696563, 35.197139 ], [ -89.695417, 35.197426 ], [ -89.69452, 35.197629 ], [ -89.693342, 35.197871 ], [ -89.69182, 35.198206 ], [ -89.688661, 35.199065 ], [ -89.687721, 35.19932 ], [ -89.687499, 35.199382 ], [ -89.683999, 35.200052 ], [ -89.683623, 35.200073 ], [ -89.681997, 35.200364 ], [ -89.681644, 35.200427 ], [ -89.681566, 35.200435 ], [ -89.681564, 35.200525 ], [ -89.681563, 35.200549 ], [ -89.681561, 35.200591 ], [ -89.681558, 35.200661 ], [ -89.681471, 35.2026 ], [ -89.681375, 35.204743 ], [ -89.681364, 35.205963 ], [ -89.681309, 35.207443 ], [ -89.681315, 35.20818 ], [ -89.681295, 35.208633 ], [ -89.681252, 35.209651 ], [ -89.681237, 35.210145 ], [ -89.681194, 35.210642 ], [ -89.681028, 35.210681 ], [ -89.680744, 35.210733 ], [ -89.680193, 35.210836 ], [ -89.678745, 35.211037 ], [ -89.677728, 35.21118 ], [ -89.67722, 35.211239 ], [ -89.676591, 35.211275 ], [ -89.676435, 35.211275 ], [ -89.675719, 35.211259 ], [ -89.674836, 35.211178 ], [ -89.674275, 35.211109 ], [ -89.673212, 35.210981 ], [ -89.672103, 35.210831 ], [ -89.67061, 35.210653 ], [ -89.669935, 35.21058 ], [ -89.669605, 35.210542 ], [ -89.668879, 35.210521 ], [ -89.668395, 35.210518 ], [ -89.66735, 35.210564 ], [ -89.666727, 35.21058 ], [ -89.665832, 35.210618 ], [ -89.665271, 35.210628 ], [ -89.664772, 35.210629 ], [ -89.664361, 35.210614 ], [ -89.66401, 35.210589 ], [ -89.663577, 35.210533 ], [ -89.662587, 35.210372 ], [ -89.660805, 35.210071 ], [ -89.660086, 35.209955 ], [ -89.659829, 35.209906 ], [ -89.659528, 35.209885 ], [ -89.658843, 35.209844 ], [ -89.658289, 35.209833 ], [ -89.657809, 35.209849 ], [ -89.657262, 35.209874 ], [ -89.6567, 35.209896 ], [ -89.656235, 35.209939 ], [ -89.655726, 35.209941 ], [ -89.655623, 35.209943 ], [ -89.65516, 35.209945 ], [ -89.654314, 35.210016 ], [ -89.654279, 35.210019 ], [ -89.654061, 35.210032 ], [ -89.65401, 35.210035 ], [ -89.653855, 35.210041 ], [ -89.653281, 35.21006 ], [ -89.652898, 35.210061 ], [ -89.650627, 35.210057 ], [ -89.650628, 35.210116 ], [ -89.650629, 35.210144 ], [ -89.650465, 35.210138 ], [ -89.648213, 35.210041 ], [ -89.646384, 35.209978 ], [ -89.64541, 35.209923 ], [ -89.644478, 35.209849 ], [ -89.643494, 35.209809 ], [ -89.643295, 35.209804 ], [ -89.643053, 35.209798 ], [ -89.64269, 35.209775 ], [ -89.641789, 35.209705 ], [ -89.641438, 35.209688 ], [ -89.641443, 35.209742 ], [ -89.641343, 35.209812 ], [ -89.640694, 35.209793 ], [ -89.639762, 35.209787 ], [ -89.638836, 35.209893 ], [ -89.638524, 35.209961 ], [ -89.637903, 35.210097 ], [ -89.637901, 35.210079 ], [ -89.637897, 35.210028 ], [ -89.637884, 35.209846 ], [ -89.63788, 35.2098 ], [ -89.637876, 35.209732 ], [ -89.637862, 35.209483 ], [ -89.637857, 35.209399 ], [ -89.637419, 35.209575 ], [ -89.63715, 35.210444 ], [ -89.637117, 35.210588 ], [ -89.637165, 35.215709 ], [ -89.637167, 35.215926 ], [ -89.637178, 35.217172 ], [ -89.637245, 35.224321 ], [ -89.637273, 35.227424 ], [ -89.637278, 35.2279 ], [ -89.6373, 35.230316 ], [ -89.6373, 35.230329 ], [ -89.637302, 35.230548 ], [ -89.637304, 35.230723 ], [ -89.637308, 35.231157 ], [ -89.637308, 35.231162 ], [ -89.637316, 35.231995 ], [ -89.63732, 35.23245 ], [ -89.637321, 35.232478 ], [ -89.637319, 35.232478 ], [ -89.637061, 35.232543 ], [ -89.637049, 35.232546 ], [ -89.637039, 35.232548 ], [ -89.637027, 35.232551 ], [ -89.637014, 35.232554 ], [ -89.637002, 35.232557 ], [ -89.636989, 35.23256 ], [ -89.636977, 35.232563 ], [ -89.636964, 35.232566 ], [ -89.636951, 35.232568 ], [ -89.636942, 35.232571 ], [ -89.636929, 35.232573 ], [ -89.636917, 35.232576 ], [ -89.636904, 35.232578 ], [ -89.636891, 35.232581 ], [ -89.636879, 35.232583 ], [ -89.636866, 35.232586 ], [ -89.636853, 35.232588 ], [ -89.63684, 35.232591 ], [ -89.636828, 35.232593 ], [ -89.636818, 35.232595 ], [ -89.636805, 35.232597 ], [ -89.636793, 35.232599 ], [ -89.636783, 35.232601 ], [ -89.63677, 35.232603 ], [ -89.636758, 35.232605 ], [ -89.636748, 35.232606 ], [ -89.636735, 35.232608 ], [ -89.636722, 35.23261 ], [ -89.636709, 35.232612 ], [ -89.636697, 35.232614 ], [ -89.636578, 35.232735 ], [ -89.636546, 35.234259 ], [ -89.636518, 35.235614 ], [ -89.636514, 35.235826 ], [ -89.636505, 35.236243 ], [ -89.636496, 35.23666 ], [ -89.636488, 35.237077 ], [ -89.636479, 35.237494 ], [ -89.636471, 35.23791 ], [ -89.636463, 35.238297 ], [ -89.636462, 35.238327 ], [ -89.636453, 35.238744 ], [ -89.636445, 35.239161 ], [ -89.636443, 35.239257 ], [ -89.636431, 35.239668 ], [ -89.636415, 35.24012 ], [ -89.636402, 35.240483 ], [ -89.636397, 35.240631 ], [ -89.636386, 35.240936 ], [ -89.636357, 35.241737 ], [ -89.63635, 35.241955 ], [ -89.636326, 35.242609 ], [ -89.636322, 35.242739 ], [ -89.636305, 35.24321 ], [ -89.636285, 35.243759 ], [ -89.636266, 35.244309 ], [ -89.636253, 35.244687 ], [ -89.636246, 35.244858 ], [ -89.636227, 35.245407 ], [ -89.636204, 35.246054 ], [ -89.636182, 35.246679 ], [ -89.63618, 35.24672 ], [ -89.63616, 35.247287 ], [ -89.635943, 35.24746 ], [ -89.635935, 35.248322 ], [ -89.635933, 35.248622 ], [ -89.636409, 35.248605 ], [ -89.636203, 35.253747 ], [ -89.636199, 35.253835 ], [ -89.636081, 35.256763 ], [ -89.636076, 35.256897 ], [ -89.635994, 35.258937 ], [ -89.635992, 35.258997 ], [ -89.635962, 35.259733 ], [ -89.635902, 35.261121 ], [ -89.635898, 35.261198 ], [ -89.635675, 35.266352 ], [ -89.6365, 35.266378 ], [ -89.636498, 35.266515 ], [ -89.636501, 35.266909 ], [ -89.636501, 35.266913 ], [ -89.636501, 35.26693 ], [ -89.636501, 35.266983 ], [ -89.636499, 35.267342 ], [ -89.636499, 35.267349 ], [ -89.636496, 35.267871 ], [ -89.636488, 35.268756 ], [ -89.636487, 35.269039 ], [ -89.636499, 35.269039 ], [ -89.636525, 35.26904 ], [ -89.636526, 35.26904 ], [ -89.636533, 35.269144 ], [ -89.63656, 35.269531 ], [ -89.636575, 35.269751 ], [ -89.636575, 35.269751 ], [ -89.636597, 35.270069 ], [ -89.636596, 35.270068 ], [ -89.63659, 35.270065 ], [ -89.636573, 35.270059 ], [ -89.636572, 35.270059 ], [ -89.636546, 35.270059 ], [ -89.636528, 35.270069 ], [ -89.636501, 35.270089 ], [ -89.636474, 35.270125 ], [ -89.636448, 35.270162 ], [ -89.63644, 35.270175 ], [ -89.636424, 35.270194 ], [ -89.636407, 35.270216 ], [ -89.636379, 35.270232 ], [ -89.636378, 35.270232 ], [ -89.636359, 35.270233 ], [ -89.636337, 35.270229 ], [ -89.636317, 35.270224 ], [ -89.636296, 35.270214 ], [ -89.636273, 35.270207 ], [ -89.636249, 35.270202 ], [ -89.636248, 35.270202 ], [ -89.636224, 35.270202 ], [ -89.636222, 35.270202 ], [ -89.636196, 35.270204 ], [ -89.636195, 35.270204 ], [ -89.636163, 35.270203 ], [ -89.636142, 35.270198 ], [ -89.63612, 35.270189 ], [ -89.636104, 35.270178 ], [ -89.636095, 35.270168 ], [ -89.636084, 35.270152 ], [ -89.636072, 35.270137 ], [ -89.636057, 35.270128 ], [ -89.636041, 35.270124 ], [ -89.63604, 35.270124 ], [ -89.63602, 35.270123 ], [ -89.636019, 35.270123 ], [ -89.635997, 35.270124 ], [ -89.635977, 35.270128 ], [ -89.635972, 35.27013 ], [ -89.635952, 35.270139 ], [ -89.635915, 35.270148 ], [ -89.635914, 35.270148 ], [ -89.635892, 35.27015 ], [ -89.63587, 35.270156 ], [ -89.635852, 35.270162 ], [ -89.635834, 35.27017 ], [ -89.635827, 35.270174 ], [ -89.635823, 35.270176 ], [ -89.635816, 35.270188 ], [ -89.635813, 35.270207 ], [ -89.635814, 35.270227 ], [ -89.635817, 35.270245 ], [ -89.635823, 35.270265 ], [ -89.63583, 35.270287 ], [ -89.63582, 35.270321 ], [ -89.635814, 35.270338 ], [ -89.635813, 35.270341 ], [ -89.635805, 35.270354 ], [ -89.635795, 35.270369 ], [ -89.635785, 35.270381 ], [ -89.635772, 35.270395 ], [ -89.635758, 35.270407 ], [ -89.63574, 35.270418 ], [ -89.63573, 35.270427 ], [ -89.635715, 35.270439 ], [ -89.635701, 35.270452 ], [ -89.635692, 35.270462 ], [ -89.635673, 35.270477 ], [ -89.635656, 35.27049 ], [ -89.635641, 35.270499 ], [ -89.63563, 35.270506 ], [ -89.63562, 35.270518 ], [ -89.635609, 35.270536 ], [ -89.635605, 35.270543 ], [ -89.635602, 35.270548 ], [ -89.63559, 35.270562 ], [ -89.635578, 35.270571 ], [ -89.635569, 35.270582 ], [ -89.635567, 35.270594 ], [ -89.635575, 35.270603 ], [ -89.635589, 35.27061 ], [ -89.635604, 35.270612 ], [ -89.635605, 35.270612 ], [ -89.635605, 35.270612 ], [ -89.635621, 35.270608 ], [ -89.635643, 35.270588 ], [ -89.635653, 35.270583 ], [ -89.635669, 35.270574 ], [ -89.635688, 35.27057 ], [ -89.635691, 35.27057 ], [ -89.635692, 35.27057 ], [ -89.635711, 35.270569 ], [ -89.635712, 35.270569 ], [ -89.635731, 35.270568 ], [ -89.635732, 35.270568 ], [ -89.635745, 35.270567 ], [ -89.635746, 35.270567 ], [ -89.635754, 35.270559 ], [ -89.635755, 35.270549 ], [ -89.63576, 35.270541 ], [ -89.635772, 35.270534 ], [ -89.635796, 35.270533 ], [ -89.635797, 35.270532 ], [ -89.63582, 35.270531 ], [ -89.635821, 35.270531 ], [ -89.635836, 35.27053 ], [ -89.635837, 35.27053 ], [ -89.635849, 35.270533 ], [ -89.635852, 35.270551 ], [ -89.63587, 35.270557 ], [ -89.635872, 35.270557 ], [ -89.635875, 35.27053 ], [ -89.635991, 35.270528 ], [ -89.635992, 35.270528 ], [ -89.635994, 35.270541 ], [ -89.635996, 35.270554 ], [ -89.63602, 35.270563 ], [ -89.636041, 35.270566 ], [ -89.636068, 35.270571 ], [ -89.636095, 35.270581 ], [ -89.636116, 35.270595 ], [ -89.636137, 35.270613 ], [ -89.636152, 35.270626 ], [ -89.636167, 35.270636 ], [ -89.636194, 35.270653 ], [ -89.636218, 35.270668 ], [ -89.63624, 35.270681 ], [ -89.636265, 35.2707 ], [ -89.636286, 35.270717 ], [ -89.636311, 35.270737 ], [ -89.63633, 35.270754 ], [ -89.636349, 35.270774 ], [ -89.636366, 35.270792 ], [ -89.636385, 35.270811 ], [ -89.636406, 35.27083 ], [ -89.636426, 35.270845 ], [ -89.636444, 35.270861 ], [ -89.636469, 35.270884 ], [ -89.636483, 35.2709 ], [ -89.636502, 35.270918 ], [ -89.63652, 35.270936 ], [ -89.636534, 35.270951 ], [ -89.636553, 35.270975 ], [ -89.636566, 35.270987 ], [ -89.636575, 35.270998 ], [ -89.636576, 35.271006 ], [ -89.636576, 35.271019 ], [ -89.636573, 35.271037 ], [ -89.636565, 35.271058 ], [ -89.636558, 35.271073 ], [ -89.636554, 35.271092 ], [ -89.636555, 35.271108 ], [ -89.636556, 35.271129 ], [ -89.636588, 35.271123 ], [ -89.636589, 35.271123 ], [ -89.636595, 35.271151 ], [ -89.636557, 35.271162 ], [ -89.63655, 35.271182 ], [ -89.636542, 35.271208 ], [ -89.636536, 35.271229 ], [ -89.636525, 35.271275 ], [ -89.636517, 35.271301 ], [ -89.63651, 35.271324 ], [ -89.636504, 35.271341 ], [ -89.636501, 35.271352 ], [ -89.636484, 35.271385 ], [ -89.636475, 35.271401 ], [ -89.636466, 35.271416 ], [ -89.636459, 35.271429 ], [ -89.636455, 35.271435 ], [ -89.636447, 35.271452 ], [ -89.636441, 35.271465 ], [ -89.636435, 35.271479 ], [ -89.636431, 35.27149 ], [ -89.636425, 35.271502 ], [ -89.636422, 35.271513 ], [ -89.636411, 35.271539 ], [ -89.636407, 35.271552 ], [ -89.636401, 35.271563 ], [ -89.636396, 35.271573 ], [ -89.636383, 35.271596 ], [ -89.636378, 35.271609 ], [ -89.636373, 35.27162 ], [ -89.63637, 35.271631 ], [ -89.636365, 35.271642 ], [ -89.63636, 35.271653 ], [ -89.636355, 35.271663 ], [ -89.636352, 35.271671 ], [ -89.63635, 35.271679 ], [ -89.636348, 35.27169 ], [ -89.636347, 35.271698 ], [ -89.636346, 35.271704 ], [ -89.636344, 35.271713 ], [ -89.636338, 35.271728 ], [ -89.636331, 35.271737 ], [ -89.636326, 35.271742 ], [ -89.636317, 35.271746 ], [ -89.636316, 35.271746 ], [ -89.636308, 35.271747 ], [ -89.636307, 35.271747 ], [ -89.6363, 35.271747 ], [ -89.636293, 35.27175 ], [ -89.636277, 35.271763 ], [ -89.636263, 35.271779 ], [ -89.636254, 35.271788 ], [ -89.636246, 35.271794 ], [ -89.636239, 35.271798 ], [ -89.636233, 35.2718 ], [ -89.636215, 35.271805 ], [ -89.636214, 35.271804 ], [ -89.636205, 35.271802 ], [ -89.636195, 35.271798 ], [ -89.636185, 35.271795 ], [ -89.636168, 35.271791 ], [ -89.636167, 35.271791 ], [ -89.636153, 35.27179 ], [ -89.636152, 35.27179 ], [ -89.636141, 35.271789 ], [ -89.63614, 35.271789 ], [ -89.636129, 35.271789 ], [ -89.636128, 35.271788 ], [ -89.636116, 35.271787 ], [ -89.636115, 35.271787 ], [ -89.636103, 35.271786 ], [ -89.636102, 35.271786 ], [ -89.63609, 35.271784 ], [ -89.636089, 35.271784 ], [ -89.63608, 35.271783 ], [ -89.636072, 35.271782 ], [ -89.636071, 35.271782 ], [ -89.636062, 35.271782 ], [ -89.636055, 35.271783 ], [ -89.636054, 35.271789 ], [ -89.636053, 35.271797 ], [ -89.636051, 35.271803 ], [ -89.636047, 35.271806 ], [ -89.636046, 35.271806 ], [ -89.636002, 35.271808 ], [ -89.635998, 35.271795 ], [ -89.635998, 35.271786 ], [ -89.635995, 35.271777 ], [ -89.635989, 35.271772 ], [ -89.635978, 35.27177 ], [ -89.635977, 35.27177 ], [ -89.635963, 35.271769 ], [ -89.635962, 35.271769 ], [ -89.635941, 35.271767 ], [ -89.635939, 35.271767 ], [ -89.635931, 35.271768 ], [ -89.63593, 35.271768 ], [ -89.635912, 35.271768 ], [ -89.635911, 35.271767 ], [ -89.635895, 35.271767 ], [ -89.635893, 35.271767 ], [ -89.635871, 35.271766 ], [ -89.635869, 35.271766 ], [ -89.635853, 35.271765 ], [ -89.635852, 35.271765 ], [ -89.635836, 35.271763 ], [ -89.635824, 35.271761 ], [ -89.63581, 35.271759 ], [ -89.635792, 35.271755 ], [ -89.63577, 35.271747 ], [ -89.635762, 35.271742 ], [ -89.63575, 35.271736 ], [ -89.635741, 35.271729 ], [ -89.635727, 35.271715 ], [ -89.635724, 35.271709 ], [ -89.635716, 35.271702 ], [ -89.635707, 35.271693 ], [ -89.6357, 35.271688 ], [ -89.635691, 35.271684 ], [ -89.635685, 35.271678 ], [ -89.63568, 35.27167 ], [ -89.635676, 35.271662 ], [ -89.635672, 35.271656 ], [ -89.635666, 35.27165 ], [ -89.635658, 35.271644 ], [ -89.635646, 35.271641 ], [ -89.635645, 35.271641 ], [ -89.63563, 35.271642 ], [ -89.635629, 35.271643 ], [ -89.635591, 35.271647 ], [ -89.635562, 35.271657 ], [ -89.635538, 35.271663 ], [ -89.635537, 35.271663 ], [ -89.63552, 35.271663 ], [ -89.635519, 35.271663 ], [ -89.635507, 35.271663 ], [ -89.635495, 35.271661 ], [ -89.635476, 35.271655 ], [ -89.635464, 35.271652 ], [ -89.635452, 35.271647 ], [ -89.635441, 35.271644 ], [ -89.635428, 35.271641 ], [ -89.635413, 35.271639 ], [ -89.635411, 35.271639 ], [ -89.6354, 35.271637 ], [ -89.635398, 35.271637 ], [ -89.635386, 35.271637 ], [ -89.635385, 35.271637 ], [ -89.635373, 35.271637 ], [ -89.635372, 35.271637 ], [ -89.635355, 35.271639 ], [ -89.635353, 35.271639 ], [ -89.635345, 35.271641 ], [ -89.635343, 35.271641 ], [ -89.635329, 35.271642 ], [ -89.635328, 35.271642 ], [ -89.635314, 35.271643 ], [ -89.635312, 35.271643 ], [ -89.635293, 35.271644 ], [ -89.635292, 35.271644 ], [ -89.635278, 35.271645 ], [ -89.635277, 35.271645 ], [ -89.635265, 35.271647 ], [ -89.635264, 35.271647 ], [ -89.635245, 35.271648 ], [ -89.635244, 35.271649 ], [ -89.635228, 35.27165 ], [ -89.635226, 35.27165 ], [ -89.635213, 35.271651 ], [ -89.635212, 35.271651 ], [ -89.635171, 35.271654 ], [ -89.63517, 35.271654 ], [ -89.635134, 35.271658 ], [ -89.635133, 35.271658 ], [ -89.635118, 35.271659 ], [ -89.635117, 35.271659 ], [ -89.635101, 35.271661 ], [ -89.6351, 35.271661 ], [ -89.635085, 35.271663 ], [ -89.635084, 35.271663 ], [ -89.635072, 35.271665 ], [ -89.635071, 35.271665 ], [ -89.635056, 35.271667 ], [ -89.635054, 35.271668 ], [ -89.635042, 35.271669 ], [ -89.635041, 35.271669 ], [ -89.635027, 35.271669 ], [ -89.635011, 35.271666 ], [ -89.634998, 35.271659 ], [ -89.634981, 35.271652 ], [ -89.634966, 35.271648 ], [ -89.634951, 35.271643 ], [ -89.634929, 35.271636 ], [ -89.634911, 35.271629 ], [ -89.634906, 35.271627 ], [ -89.634896, 35.271623 ], [ -89.634882, 35.271617 ], [ -89.634867, 35.271608 ], [ -89.63485, 35.271598 ], [ -89.634837, 35.271588 ], [ -89.634825, 35.271579 ], [ -89.63481, 35.271569 ], [ -89.634797, 35.271563 ], [ -89.634782, 35.271554 ], [ -89.634772, 35.271546 ], [ -89.634758, 35.271537 ], [ -89.634746, 35.27153 ], [ -89.634738, 35.271524 ], [ -89.634727, 35.271516 ], [ -89.634714, 35.27151 ], [ -89.634705, 35.271504 ], [ -89.634693, 35.271498 ], [ -89.634687, 35.27149 ], [ -89.63468, 35.271482 ], [ -89.634673, 35.271473 ], [ -89.634669, 35.271466 ], [ -89.63466, 35.271457 ], [ -89.634649, 35.271453 ], [ -89.634637, 35.271449 ], [ -89.634622, 35.271446 ], [ -89.634621, 35.271446 ], [ -89.634596, 35.271446 ], [ -89.634586, 35.27145 ], [ -89.634579, 35.271456 ], [ -89.63457, 35.271458 ], [ -89.634569, 35.271458 ], [ -89.634558, 35.271458 ], [ -89.634545, 35.271453 ], [ -89.634537, 35.271449 ], [ -89.634526, 35.271445 ], [ -89.634524, 35.271427 ], [ -89.634512, 35.271418 ], [ -89.634485, 35.271409 ], [ -89.634279, 35.271379 ], [ -89.634279, 35.271379 ], [ -89.634054, 35.271423 ], [ -89.633814, 35.271526 ], [ -89.634167, 35.271533 ], [ -89.634168, 35.271533 ], [ -89.634515, 35.271672 ], [ -89.634525, 35.271695 ], [ -89.63453, 35.271705 ], [ -89.634535, 35.271719 ], [ -89.634539, 35.271733 ], [ -89.634543, 35.271745 ], [ -89.634543, 35.271756 ], [ -89.634538, 35.271767 ], [ -89.634527, 35.271779 ], [ -89.634515, 35.271784 ], [ -89.634503, 35.271788 ], [ -89.634492, 35.271791 ], [ -89.634491, 35.271792 ], [ -89.634479, 35.271796 ], [ -89.634466, 35.2718 ], [ -89.634455, 35.271805 ], [ -89.634445, 35.271816 ], [ -89.634441, 35.271822 ], [ -89.634436, 35.271832 ], [ -89.634432, 35.271843 ], [ -89.63443, 35.271852 ], [ -89.634429, 35.271865 ], [ -89.634428, 35.271877 ], [ -89.634435, 35.271888 ], [ -89.63444, 35.271896 ], [ -89.634448, 35.271905 ], [ -89.634455, 35.271912 ], [ -89.634466, 35.27192 ], [ -89.634479, 35.271929 ], [ -89.634489, 35.271936 ], [ -89.634499, 35.271942 ], [ -89.634512, 35.271945 ], [ -89.634524, 35.271944 ], [ -89.634525, 35.271944 ], [ -89.634539, 35.271942 ], [ -89.63454, 35.271942 ], [ -89.634551, 35.27194 ], [ -89.634552, 35.27194 ], [ -89.634566, 35.271937 ], [ -89.634567, 35.271937 ], [ -89.634576, 35.271936 ], [ -89.634577, 35.271936 ], [ -89.63459, 35.271932 ], [ -89.634581, 35.271853 ], [ -89.63458, 35.271845 ], [ -89.634631, 35.271838 ], [ -89.634632, 35.271838 ], [ -89.634641, 35.271871 ], [ -89.634614, 35.271877 ], [ -89.634618, 35.271894 ], [ -89.634626, 35.271925 ], [ -89.634667, 35.271922 ], [ -89.634668, 35.271921 ], [ -89.634684, 35.271921 ], [ -89.634686, 35.271921 ], [ -89.634701, 35.271921 ], [ -89.634702, 35.271921 ], [ -89.634718, 35.271921 ], [ -89.634719, 35.271921 ], [ -89.634739, 35.271924 ], [ -89.634753, 35.271929 ], [ -89.634776, 35.271938 ], [ -89.634788, 35.271944 ], [ -89.634812, 35.271953 ], [ -89.634831, 35.271962 ], [ -89.634836, 35.271965 ], [ -89.634847, 35.271971 ], [ -89.634863, 35.271976 ], [ -89.634874, 35.271981 ], [ -89.634897, 35.27199 ], [ -89.634912, 35.271996 ], [ -89.634925, 35.272001 ], [ -89.634945, 35.272008 ], [ -89.634956, 35.272014 ], [ -89.634957, 35.272015 ], [ -89.634973, 35.272024 ], [ -89.634988, 35.272032 ], [ -89.635002, 35.272037 ], [ -89.635012, 35.27204 ], [ -89.63502, 35.272043 ], [ -89.635022, 35.272044 ], [ -89.635023, 35.272044 ], [ -89.635023, 35.272042 ], [ -89.635029, 35.272012 ], [ -89.635005, 35.272006 ], [ -89.635011, 35.271976 ], [ -89.635067, 35.271985 ], [ -89.635059, 35.272013 ], [ -89.635058, 35.272013 ], [ -89.63505, 35.272013 ], [ -89.635045, 35.272044 ], [ -89.635078, 35.27205 ], [ -89.635102, 35.272054 ], [ -89.63512, 35.272056 ], [ -89.635139, 35.272059 ], [ -89.635172, 35.272065 ], [ -89.635189, 35.272068 ], [ -89.6352, 35.272071 ], [ -89.635215, 35.272074 ], [ -89.63523, 35.272076 ], [ -89.635244, 35.272078 ], [ -89.635266, 35.272084 ], [ -89.635285, 35.272095 ], [ -89.635294, 35.272108 ], [ -89.6353, 35.272119 ], [ -89.635313, 35.272138 ], [ -89.63533, 35.272164 ], [ -89.635335, 35.272185 ], [ -89.63534, 35.2722 ], [ -89.635348, 35.272212 ], [ -89.635357, 35.272224 ], [ -89.63536, 35.272236 ], [ -89.63536, 35.272247 ], [ -89.635363, 35.272261 ], [ -89.635365, 35.272273 ], [ -89.635367, 35.272287 ], [ -89.635368, 35.272296 ], [ -89.635371, 35.272306 ], [ -89.635378, 35.272312 ], [ -89.635387, 35.272317 ], [ -89.635398, 35.272324 ], [ -89.635492, 35.272331 ], [ -89.635504, 35.272333 ], [ -89.635525, 35.272334 ], [ -89.635526, 35.272334 ], [ -89.635542, 35.272333 ], [ -89.635543, 35.272333 ], [ -89.635559, 35.272333 ], [ -89.63556, 35.272333 ], [ -89.635583, 35.272332 ], [ -89.635584, 35.272332 ], [ -89.635602, 35.272332 ], [ -89.635603, 35.272332 ], [ -89.635626, 35.272331 ], [ -89.635628, 35.272331 ], [ -89.635646, 35.27233 ], [ -89.635647, 35.27233 ], [ -89.635663, 35.272329 ], [ -89.635664, 35.272329 ], [ -89.635687, 35.272329 ], [ -89.635688, 35.272329 ], [ -89.63571, 35.27233 ], [ -89.635711, 35.27233 ], [ -89.635727, 35.272332 ], [ -89.635728, 35.272332 ], [ -89.635764, 35.272342 ], [ -89.635785, 35.272361 ], [ -89.635799, 35.272372 ], [ -89.635805, 35.272376 ], [ -89.63582, 35.272388 ], [ -89.635822, 35.272389 ], [ -89.635836, 35.272398 ], [ -89.635854, 35.272409 ], [ -89.635861, 35.272413 ], [ -89.635877, 35.272421 ], [ -89.635895, 35.272432 ], [ -89.635914, 35.272447 ], [ -89.635931, 35.272458 ], [ -89.635948, 35.272467 ], [ -89.635963, 35.272473 ], [ -89.635981, 35.272477 ], [ -89.636002, 35.272486 ], [ -89.636016, 35.272492 ], [ -89.63603, 35.272498 ], [ -89.636047, 35.272506 ], [ -89.636054, 35.272509 ], [ -89.636062, 35.272514 ], [ -89.636075, 35.272521 ], [ -89.636091, 35.27253 ], [ -89.636107, 35.272534 ], [ -89.636108, 35.272535 ], [ -89.636136, 35.272514 ], [ -89.636137, 35.272513 ], [ -89.636175, 35.272554 ], [ -89.636168, 35.272565 ], [ -89.636161, 35.272572 ], [ -89.636156, 35.272579 ], [ -89.636159, 35.272591 ], [ -89.636163, 35.272608 ], [ -89.636166, 35.272629 ], [ -89.636167, 35.272638 ], [ -89.636169, 35.272653 ], [ -89.636167, 35.272665 ], [ -89.63616, 35.272685 ], [ -89.636154, 35.272701 ], [ -89.636148, 35.272711 ], [ -89.63614, 35.272721 ], [ -89.63613, 35.272729 ], [ -89.636111, 35.272742 ], [ -89.6361, 35.272752 ], [ -89.636088, 35.272763 ], [ -89.636116, 35.272785 ], [ -89.636117, 35.272785 ], [ -89.636129, 35.272776 ], [ -89.63613, 35.272776 ], [ -89.636162, 35.272796 ], [ -89.636143, 35.272816 ], [ -89.636124, 35.272835 ], [ -89.636068, 35.272803 ], [ -89.636067, 35.272803 ], [ -89.636056, 35.272804 ], [ -89.636046, 35.272812 ], [ -89.636036, 35.272826 ], [ -89.636025, 35.272841 ], [ -89.636014, 35.272852 ], [ -89.636004, 35.272866 ], [ -89.635994, 35.272884 ], [ -89.635985, 35.272899 ], [ -89.635978, 35.272913 ], [ -89.635968, 35.272926 ], [ -89.635959, 35.272933 ], [ -89.635939, 35.272947 ], [ -89.635939, 35.272947 ], [ -89.635927, 35.272957 ], [ -89.635916, 35.272975 ], [ -89.635906, 35.272991 ], [ -89.635892, 35.273012 ], [ -89.635884, 35.273026 ], [ -89.635876, 35.273043 ], [ -89.635861, 35.27307 ], [ -89.635855, 35.273078 ], [ -89.635843, 35.27309 ], [ -89.635827, 35.273106 ], [ -89.635814, 35.273115 ], [ -89.635794, 35.273132 ], [ -89.635787, 35.273141 ], [ -89.635776, 35.273156 ], [ -89.635762, 35.27318 ], [ -89.635751, 35.27319 ], [ -89.635731, 35.273206 ], [ -89.635769, 35.273244 ], [ -89.635749, 35.273261 ], [ -89.635749, 35.27326 ], [ -89.635709, 35.273224 ], [ -89.635708, 35.273224 ], [ -89.635691, 35.273233 ], [ -89.635685, 35.273237 ], [ -89.635677, 35.273243 ], [ -89.635677, 35.273243 ], [ -89.635674, 35.273246 ], [ -89.635663, 35.273257 ], [ -89.635652, 35.273276 ], [ -89.635648, 35.273284 ], [ -89.635643, 35.273291 ], [ -89.635637, 35.273302 ], [ -89.635629, 35.27332 ], [ -89.635621, 35.273334 ], [ -89.635612, 35.273345 ], [ -89.635602, 35.273355 ], [ -89.63559, 35.273365 ], [ -89.635575, 35.273381 ], [ -89.635561, 35.273393 ], [ -89.635554, 35.273398 ], [ -89.635543, 35.273403 ], [ -89.63552, 35.273414 ], [ -89.635505, 35.273417 ], [ -89.635504, 35.273417 ], [ -89.635488, 35.273418 ], [ -89.635487, 35.273418 ], [ -89.635478, 35.273418 ], [ -89.635476, 35.273418 ], [ -89.635467, 35.273417 ], [ -89.635465, 35.273417 ], [ -89.635455, 35.273417 ], [ -89.635454, 35.273417 ], [ -89.635437, 35.273416 ], [ -89.635422, 35.273414 ], [ -89.635406, 35.27341 ], [ -89.635384, 35.273406 ], [ -89.635383, 35.273406 ], [ -89.635361, 35.273404 ], [ -89.63536, 35.273404 ], [ -89.635324, 35.273404 ], [ -89.635323, 35.273404 ], [ -89.635308, 35.273405 ], [ -89.635307, 35.273405 ], [ -89.635292, 35.273408 ], [ -89.635291, 35.273408 ], [ -89.635252, 35.273415 ], [ -89.635251, 35.273415 ], [ -89.635232, 35.273418 ], [ -89.635213, 35.273422 ], [ -89.635191, 35.273427 ], [ -89.635185, 35.273428 ], [ -89.635184, 35.273428 ], [ -89.635172, 35.273432 ], [ -89.635153, 35.273438 ], [ -89.63513, 35.273447 ], [ -89.635108, 35.273455 ], [ -89.635091, 35.273462 ], [ -89.635073, 35.273471 ], [ -89.635056, 35.273481 ], [ -89.635044, 35.27349 ], [ -89.63503, 35.273502 ], [ -89.635019, 35.27351 ], [ -89.634984, 35.273525 ], [ -89.634968, 35.27353 ], [ -89.634942, 35.273536 ], [ -89.63494, 35.273536 ], [ -89.634922, 35.273539 ], [ -89.634921, 35.273539 ], [ -89.6349, 35.27354 ], [ -89.634899, 35.27354 ], [ -89.634877, 35.273542 ], [ -89.634876, 35.273542 ], [ -89.634829, 35.273544 ], [ -89.634828, 35.273544 ], [ -89.634811, 35.273545 ], [ -89.63481, 35.273545 ], [ -89.634795, 35.273547 ], [ -89.634794, 35.273547 ], [ -89.634771, 35.273551 ], [ -89.63475, 35.273556 ], [ -89.63473, 35.27356 ], [ -89.634709, 35.273565 ], [ -89.634694, 35.27357 ], [ -89.634676, 35.273577 ], [ -89.63467, 35.273583 ], [ -89.634662, 35.273596 ], [ -89.634657, 35.273612 ], [ -89.634655, 35.273627 ], [ -89.634655, 35.273641 ], [ -89.634653, 35.273675 ], [ -89.634647, 35.273708 ], [ -89.634643, 35.273728 ], [ -89.63464, 35.273749 ], [ -89.634637, 35.273768 ], [ -89.634633, 35.273788 ], [ -89.634632, 35.273794 ], [ -89.634631, 35.273803 ], [ -89.634631, 35.27382 ], [ -89.634636, 35.273854 ], [ -89.63464, 35.273873 ], [ -89.634648, 35.273889 ], [ -89.634659, 35.2739 ], [ -89.634703, 35.273926 ], [ -89.634725, 35.273934 ], [ -89.63474, 35.273941 ], [ -89.634757, 35.273949 ], [ -89.634777, 35.273958 ], [ -89.634804, 35.273964 ], [ -89.634824, 35.273965 ], [ -89.634825, 35.273965 ], [ -89.634848, 35.273965 ], [ -89.634849, 35.273965 ], [ -89.634869, 35.273963 ], [ -89.63487, 35.273963 ], [ -89.634895, 35.273959 ], [ -89.634896, 35.273959 ], [ -89.634923, 35.273955 ], [ -89.634924, 35.273955 ], [ -89.634948, 35.273948 ], [ -89.63497, 35.273941 ], [ -89.634985, 35.273936 ], [ -89.63501, 35.273933 ], [ -89.635011, 35.273933 ], [ -89.635029, 35.273933 ], [ -89.63503, 35.273933 ], [ -89.635053, 35.273929 ], [ -89.635067, 35.273924 ], [ -89.635075, 35.273914 ], [ -89.635083, 35.273898 ], [ -89.635091, 35.273887 ], [ -89.635103, 35.273881 ], [ -89.635119, 35.273879 ], [ -89.63512, 35.273879 ], [ -89.635144, 35.273876 ], [ -89.635146, 35.273876 ], [ -89.635156, 35.273872 ], [ -89.635173, 35.273861 ], [ -89.635189, 35.273855 ], [ -89.635207, 35.273853 ], [ -89.635208, 35.273853 ], [ -89.635226, 35.273852 ], [ -89.635227, 35.273852 ], [ -89.635245, 35.273849 ], [ -89.635261, 35.273842 ], [ -89.635277, 35.273836 ], [ -89.635302, 35.273829 ], [ -89.635322, 35.273826 ], [ -89.635323, 35.273826 ], [ -89.635341, 35.273826 ], [ -89.635343, 35.273826 ], [ -89.635368, 35.273828 ], [ -89.635369, 35.273828 ], [ -89.635392, 35.273832 ], [ -89.635417, 35.273837 ], [ -89.635439, 35.273846 ], [ -89.635458, 35.273854 ], [ -89.635461, 35.273855 ], [ -89.635456, 35.273882 ], [ -89.63534, 35.27455 ], [ -89.635327, 35.274622 ], [ -89.635276, 35.275828 ], [ -89.635264, 35.276073 ], [ -89.635263, 35.276094 ], [ -89.635262, 35.276094 ], [ -89.635259, 35.276094 ], [ -89.635259, 35.276177 ], [ -89.635239, 35.277312 ], [ -89.635236, 35.277389 ], [ -89.635198, 35.27831 ], [ -89.635056, 35.281754 ], [ -89.634928, 35.284085 ], [ -89.634844, 35.285619 ], [ -89.634843, 35.285639 ], [ -89.634816, 35.286131 ], [ -89.634796, 35.286509 ], [ -89.634781, 35.286783 ], [ -89.634766, 35.287058 ], [ -89.634751, 35.287332 ], [ -89.634736, 35.287607 ], [ -89.634721, 35.287881 ], [ -89.634706, 35.288155 ], [ -89.634691, 35.28843 ], [ -89.634676, 35.288704 ], [ -89.634662, 35.288963 ], [ -89.634661, 35.288979 ], [ -89.634646, 35.289253 ], [ -89.634631, 35.289528 ], [ -89.634614, 35.289844 ], [ -89.634596, 35.29016 ], [ -89.634524, 35.291488 ], [ -89.634492, 35.293174 ], [ -89.634492, 35.293203 ], [ -89.634441, 35.295803 ], [ -89.634441, 35.295826 ], [ -89.634438, 35.295909 ], [ -89.634445, 35.295979 ], [ -89.63446, 35.296119 ], [ -89.634509, 35.296716 ], [ -89.634532, 35.296991 ], [ -89.634559, 35.297266 ], [ -89.634583, 35.297541 ], [ -89.634605, 35.297814 ], [ -89.634636, 35.298087 ], [ -89.634667, 35.29835 ], [ -89.634673, 35.298628 ], [ -89.634675, 35.298697 ], [ -89.634693, 35.298908 ], [ -89.634732, 35.299363 ], [ -89.634775, 35.29987 ], [ -89.634818, 35.300376 ], [ -89.635238, 35.305292 ], [ -89.63547, 35.308041 ], [ -89.635447, 35.308431 ], [ -89.635453, 35.312311 ], [ -89.63546, 35.316579 ], [ -89.63546, 35.316774 ], [ -89.635458, 35.317739 ], [ -89.635457, 35.318343 ], [ -89.635444, 35.322165 ], [ -89.635421, 35.322505 ], [ -89.635315, 35.324614 ], [ -89.635034, 35.330276 ], [ -89.634721, 35.336554 ], [ -89.634455, 35.341907 ], [ -89.634372, 35.343568 ], [ -89.634283, 35.34544 ], [ -89.634201, 35.347154 ], [ -89.634005, 35.351259 ], [ -89.633901, 35.353462 ], [ -89.633793, 35.355719 ], [ -89.63375, 35.35663 ], [ -89.633371, 35.364576 ], [ -89.633309, 35.365888 ], [ -89.633285, 35.366392 ], [ -89.633275, 35.366588 ], [ -89.633206, 35.367876 ], [ -89.63299, 35.371921 ], [ -89.632887, 35.373842 ], [ -89.632782, 35.375831 ], [ -89.632864, 35.375832 ], [ -89.632996, 35.375852 ], [ -89.633109, 35.375905 ], [ -89.633207, 35.375993 ], [ -89.633368, 35.376155 ], [ -89.633489, 35.376233 ], [ -89.633645, 35.376279 ], [ -89.633808, 35.376299 ], [ -89.633998, 35.376277 ], [ -89.634527, 35.376173 ], [ -89.634606, 35.376159 ], [ -89.634701, 35.376153 ], [ -89.634913, 35.376162 ], [ -89.635209, 35.376212 ], [ -89.635369, 35.376281 ], [ -89.63543, 35.376334 ], [ -89.635683, 35.376551 ], [ -89.636024, 35.376726 ], [ -89.636449, 35.376845 ], [ -89.636534, 35.376869 ], [ -89.636816, 35.376869 ], [ -89.636962, 35.376844 ], [ -89.637138, 35.376814 ], [ -89.637292, 35.376765 ], [ -89.637527, 35.376572 ], [ -89.63756, 35.376435 ], [ -89.637554, 35.376411 ], [ -89.637534, 35.37632 ], [ -89.637413, 35.37615 ], [ -89.637326, 35.37604 ], [ -89.637252, 35.375919 ], [ -89.636914, 35.375649 ], [ -89.636811, 35.375508 ], [ -89.636768, 35.375448 ], [ -89.636686, 35.375184 ], [ -89.63675, 35.374892 ], [ -89.636888, 35.374802 ], [ -89.636997, 35.374748 ], [ -89.637125, 35.374673 ], [ -89.637244, 35.374613 ], [ -89.6375, 35.374598 ], [ -89.637728, 35.374613 ], [ -89.637967, 35.374591 ], [ -89.638031, 35.374643 ], [ -89.638093, 35.374746 ], [ -89.638163, 35.374813 ], [ -89.638705, 35.375332 ], [ -89.638898, 35.375416 ], [ -89.639635, 35.375626 ], [ -89.640149, 35.375495 ], [ -89.640501, 35.375407 ], [ -89.640722, 35.375161 ], [ -89.640886, 35.374869 ], [ -89.641264, 35.37458 ], [ -89.641759, 35.374416 ], [ -89.642454, 35.374466 ], [ -89.643794, 35.373261 ], [ -89.643824, 35.373236 ], [ -89.644348, 35.372976 ], [ -89.644581, 35.372621 ], [ -89.644666, 35.37217 ], [ -89.644704, 35.371969 ], [ -89.644703, 35.371959 ], [ -89.644675, 35.371641 ], [ -89.644843, 35.371367 ], [ -89.644892, 35.371289 ], [ -89.644991, 35.371218 ], [ -89.645169, 35.371237 ], [ -89.645188, 35.371239 ], [ -89.645443, 35.3713 ], [ -89.64555, 35.371426 ], [ -89.645617, 35.371443 ], [ -89.645635, 35.371456 ], [ -89.64567, 35.371481 ], [ -89.645724, 35.371607 ], [ -89.645804, 35.371811 ], [ -89.645959, 35.371992 ], [ -89.645999, 35.372157 ], [ -89.646006, 35.372272 ], [ -89.645865, 35.372343 ], [ -89.645657, 35.37247 ], [ -89.64557, 35.372585 ], [ -89.645516, 35.372788 ], [ -89.645542, 35.372986 ], [ -89.645516, 35.373178 ], [ -89.645408, 35.373321 ], [ -89.645368, 35.373365 ], [ -89.64508, 35.373491 ], [ -89.645006, 35.373519 ], [ -89.644925, 35.373645 ], [ -89.644898, 35.374068 ], [ -89.644791, 35.374255 ], [ -89.64475, 35.374288 ], [ -89.644697, 35.374332 ], [ -89.644415, 35.374502 ], [ -89.644314, 35.374617 ], [ -89.644274, 35.374787 ], [ -89.644301, 35.374897 ], [ -89.644368, 35.374958 ], [ -89.644495, 35.374996 ], [ -89.64475, 35.374969 ], [ -89.644918, 35.375002 ], [ -89.644972, 35.375035 ], [ -89.645042, 35.375092 ], [ -89.645139, 35.375186 ], [ -89.645186, 35.37529 ], [ -89.645133, 35.375455 ], [ -89.645039, 35.375537 ], [ -89.64475, 35.375559 ], [ -89.644556, 35.375609 ], [ -89.644536, 35.375691 ], [ -89.644576, 35.375773 ], [ -89.644717, 35.375889 ], [ -89.644831, 35.375955 ], [ -89.645045, 35.376048 ], [ -89.645126, 35.376114 ], [ -89.645152, 35.376196 ], [ -89.645099, 35.376229 ], [ -89.644931, 35.376268 ], [ -89.644629, 35.376356 ], [ -89.644408, 35.376482 ], [ -89.644334, 35.376575 ], [ -89.644247, 35.37685 ], [ -89.644273, 35.376932 ], [ -89.644488, 35.376938 ], [ -89.645058, 35.376828 ], [ -89.645199, 35.376839 ], [ -89.645232, 35.376883 ], [ -89.645199, 35.37696 ], [ -89.645098, 35.377031 ], [ -89.645045, 35.377097 ], [ -89.645058, 35.377207 ], [ -89.645272, 35.377432 ], [ -89.645246, 35.377515 ], [ -89.645145, 35.37763 ], [ -89.645004, 35.377828 ], [ -89.644997, 35.377949 ], [ -89.645158, 35.378256 ], [ -89.645191, 35.378383 ], [ -89.645144, 35.378525 ], [ -89.645111, 35.378536 ], [ -89.644776, 35.37858 ], [ -89.644608, 35.378624 ], [ -89.64446, 35.378734 ], [ -89.64442, 35.378833 ], [ -89.644413, 35.379014 ], [ -89.644514, 35.379201 ], [ -89.644802, 35.379443 ], [ -89.644963, 35.379624 ], [ -89.64501, 35.379772 ], [ -89.644976, 35.379954 ], [ -89.644938, 35.38002 ], [ -89.644741, 35.380371 ], [ -89.64458, 35.380816 ], [ -89.644405, 35.380969 ], [ -89.644285, 35.381107 ], [ -89.644284, 35.381277 ], [ -89.644526, 35.381596 ], [ -89.644479, 35.381881 ], [ -89.644499, 35.382035 ], [ -89.644579, 35.382194 ], [ -89.6447, 35.382403 ], [ -89.64468, 35.38259 ], [ -89.644646, 35.382667 ], [ -89.644579, 35.382854 ], [ -89.644619, 35.383018 ], [ -89.64344, 35.384571 ], [ -89.643256, 35.384814 ], [ -89.642941, 35.38522 ], [ -89.642733, 35.385374 ], [ -89.642444, 35.385495 ], [ -89.642337, 35.385555 ], [ -89.642263, 35.385682 ], [ -89.642122, 35.385758 ], [ -89.641807, 35.38583 ], [ -89.641747, 35.385896 ], [ -89.641726, 35.386099 ], [ -89.641746, 35.386346 ], [ -89.6418, 35.386412 ], [ -89.641974, 35.386428 ], [ -89.642122, 35.386396 ], [ -89.642343, 35.386357 ], [ -89.642437, 35.386379 ], [ -89.642471, 35.386456 ], [ -89.642437, 35.386714 ], [ -89.64243, 35.387099 ], [ -89.642524, 35.387176 ], [ -89.642678, 35.387154 ], [ -89.642859, 35.38706 ], [ -89.643088, 35.386863 ], [ -89.643282, 35.386715 ], [ -89.64353, 35.386687 ], [ -89.643805, 35.386737 ], [ -89.643906, 35.386819 ], [ -89.643915, 35.386833 ], [ -89.643959, 35.386896 ], [ -89.643993, 35.386945 ], [ -89.644006, 35.387083 ], [ -89.643872, 35.387462 ], [ -89.643745, 35.387561 ], [ -89.643483, 35.387654 ], [ -89.643054, 35.387709 ], [ -89.642939, 35.387769 ], [ -89.642825, 35.387879 ], [ -89.642802, 35.38799 ], [ -89.642886, 35.387991 ], [ -89.644482, 35.388018 ], [ -89.649524, 35.388105 ], [ -89.651205, 35.388136 ], [ -89.652773, 35.38816 ], [ -89.655885, 35.388208 ], [ -89.65748, 35.388232 ], [ -89.65905, 35.388256 ], [ -89.660429, 35.388302 ], [ -89.662917, 35.388385 ], [ -89.664566, 35.388449 ], [ -89.665945, 35.388503 ], [ -89.668208, 35.3885 ], [ -89.669604, 35.388499 ], [ -89.674999, 35.388494 ], [ -89.677263, 35.388492 ], [ -89.677286, 35.388492 ], [ -89.680945, 35.388571 ], [ -89.691991, 35.388811 ], [ -89.695677, 35.388889 ], [ -89.695789, 35.388887 ], [ -89.697527, 35.38893 ], [ -89.702899, 35.389066 ], [ -89.702889, 35.38925 ], [ -89.702805, 35.390899 ], [ -89.702801, 35.390957 ], [ -89.70278, 35.39102 ], [ -89.70277, 35.391077 ], [ -89.702764, 35.391118 ], [ -89.702754, 35.391237 ], [ -89.702751, 35.391285 ], [ -89.702735, 35.391597 ], [ -89.70273, 35.391717 ], [ -89.702706, 35.392197 ], [ -89.70269, 35.392527 ], [ -89.70272, 35.392941 ], [ -89.702718, 35.393639 ], [ -89.702717, 35.394121 ], [ -89.70271, 35.394229 ], [ -89.702695, 35.394492 ], [ -89.702691, 35.394558 ], [ -89.702688, 35.394668 ], [ -89.702583, 35.397801 ], [ -89.702556, 35.39866 ], [ -89.702539, 35.399161 ], [ -89.702402, 35.403344 ], [ -89.702399, 35.40343 ], [ -89.702384, 35.403893 ], [ -89.703685, 35.403993 ], [ -89.703177, 35.405936 ], [ -89.702632, 35.408026 ] ] ] } }
]
}
