{
"type": "FeatureCollection",
"name": "zcta_census-tigerweb_2020",
"features": [
{ "type": "Feature", "properties": { "GEOID": "38132", "ZCTA5": "38132", "AREALAND": 2013839 }, "geometry": { "type": "Polygon", "coordinates": [ [ [ -90.022549, 35.0657 ], [ -90.022572, 35.065607 ], [ -90.022539, 35.065599 ], [ -90.02144, 35.065598 ], [ -90.021176, 35.065608 ], [ -90.020912, 35.065631 ], [ -90.020784, 35.065657 ], [ -90.020621, 35.065713 ], [ -90.020543, 35.065746 ], [ -90.020476, 35.065793 ], [ -90.020353, 35.065895 ], [ -90.020277, 35.065983 ], [ -90.020184, 35.066103 ], [ -90.020019, 35.066356 ], [ -90.020004, 35.06639 ], [ -90.019963, 35.066565 ], [ -90.019944, 35.066706 ], [ -90.019913, 35.066882 ], [ -90.01991, 35.066918 ], [ -90.019869, 35.067096 ], [ -90.019838, 35.067234 ], [ -90.019787, 35.067407 ], [ -90.019746, 35.067509 ], [ -90.019608, 35.067732 ], [ -90.019534, 35.067821 ], [ -90.019478, 35.067876 ], [ -90.019386, 35.067952 ], [ -90.01932, 35.068 ], [ -90.019113, 35.068132 ], [ -90.019074, 35.068148 ], [ -90.019004, 35.068189 ], [ -90.018846, 35.068253 ], [ -90.018724, 35.068295 ], [ -90.018598, 35.068324 ], [ -90.018207, 35.06838 ], [ -90.018119, 35.068388 ], [ -90.017941, 35.068387 ], [ -90.016668, 35.068387 ], [ -90.015964, 35.068368 ], [ -90.014996, 35.06833 ], [ -90.014823, 35.068303 ], [ -90.014481, 35.068236 ], [ -90.013879, 35.068135 ], [ -90.013747, 35.068124 ], [ -90.0136, 35.068131 ], [ -90.013381, 35.068151 ], [ -90.012774, 35.068235 ], [ -90.012688, 35.06825 ], [ -90.012601, 35.068257 ], [ -90.012469, 35.068257 ], [ -90.012338, 35.06824 ], [ -90.01221, 35.068215 ], [ -90.012132, 35.068182 ], [ -90.011945, 35.068089 ], [ -90.011629, 35.067961 ], [ -90.011588, 35.067948 ], [ -90.011512, 35.067983 ], [ -90.01147, 35.067992 ], [ -90.011383, 35.068001 ], [ -90.011338, 35.068001 ], [ -90.010948, 35.06796 ], [ -90.01069, 35.067916 ], [ -90.010482, 35.067858 ], [ -90.010401, 35.067831 ], [ -90.01021, 35.067743 ], [ -90.010167, 35.067736 ], [ -90.010035, 35.067735 ], [ -90.009764, 35.067755 ], [ -90.009639, 35.067765 ], [ -90.009553, 35.067778 ], [ -90.009175, 35.067872 ], [ -90.009137, 35.06789 ], [ -90.00904, 35.067963 ], [ -90.009012, 35.06799 ], [ -90.008916, 35.068262 ], [ -90.008704, 35.068654 ], [ -90.008565, 35.068806 ], [ -90.008504, 35.068856 ], [ -90.008436, 35.068901 ], [ -90.008362, 35.068939 ], [ -90.008327, 35.068962 ], [ -90.008136, 35.069049 ], [ -90.007724, 35.069175 ], [ -90.007306, 35.069281 ], [ -90.007179, 35.069308 ], [ -90.006995, 35.069341 ], [ -90.007018, 35.069444 ], [ -90.007123, 35.069818 ], [ -90.007224, 35.070098 ], [ -90.007403, 35.070493 ], [ -90.007642, 35.070911 ], [ -90.007417, 35.070976 ], [ -90.00727, 35.070665 ], [ -90.007198, 35.07051 ], [ -90.007033, 35.07015 ], [ -90.006933, 35.069878 ], [ -90.006885, 35.069712 ], [ -90.006821, 35.06949 ], [ -90.006815, 35.06947 ], [ -90.006799, 35.06938 ], [ -90.006187, 35.069464 ], [ -90.005582, 35.069554 ], [ -90.005454, 35.06958 ], [ -90.005413, 35.069593 ], [ -90.005302, 35.06965 ], [ -90.005269, 35.069674 ], [ -90.005282, 35.06978 ], [ -90.005294, 35.069815 ], [ -90.005327, 35.069881 ], [ -90.005356, 35.070058 ], [ -90.005346, 35.070085 ], [ -90.005264, 35.070109 ], [ -90.005135, 35.07014 ], [ -90.005091, 35.070142 ], [ -90.005048, 35.070137 ], [ -90.00497, 35.070103 ], [ -90.004885, 35.070124 ], [ -90.004719, 35.070172 ], [ -90.004631, 35.070182 ], [ -90.004507, 35.070219 ], [ -90.00442, 35.070228 ], [ -90.004304, 35.070202 ], [ -90.004078, 35.070153 ], [ -90.003992, 35.070139 ], [ -90.003639, 35.070126 ], [ -90.003551, 35.070133 ], [ -90.003507, 35.070133 ], [ -90.003478, 35.070117 ], [ -90.003456, 35.070011 ], [ -90.003454, 35.06994 ], [ -90.00346, 35.069905 ], [ -90.003515, 35.069807 ], [ -90.003551, 35.069788 ], [ -90.003632, 35.069762 ], [ -90.003674, 35.069753 ], [ -90.003848, 35.069733 ], [ -90.003891, 35.069722 ], [ -90.004011, 35.069679 ], [ -90.004317, 35.069473 ], [ -90.004346, 35.069447 ], [ -90.004409, 35.069373 ], [ -90.004314, 35.06932 ], [ -90.004199, 35.069266 ], [ -90.004119, 35.069235 ], [ -90.00395, 35.069194 ], [ -90.003774, 35.069179 ], [ -90.003333, 35.069178 ], [ -90.003025, 35.069187 ], [ -90.002981, 35.069191 ], [ -90.002852, 35.069215 ], [ -90.002809, 35.069215 ], [ -90.002677, 35.069205 ], [ -90.002545, 35.069203 ], [ -90.002459, 35.069219 ], [ -90.002165, 35.069293 ], [ -90.001993, 35.069324 ], [ -90.001949, 35.069327 ], [ -90.00186, 35.069323 ], [ -90.001729, 35.069308 ], [ -90.001641, 35.069308 ], [ -90.001619, 35.069371 ], [ -90.001601, 35.069404 ], [ -90.001506, 35.069524 ], [ -90.001476, 35.069551 ], [ -90.001439, 35.06957 ], [ -90.001399, 35.069585 ], [ -90.001271, 35.069611 ], [ -90.001143, 35.069627 ], [ -90.000926, 35.069624 ], [ -90.00084, 35.069617 ], [ -90.000491, 35.069575 ], [ -90.000096, 35.069558 ], [ -89.999875, 35.069559 ], [ -89.999832, 35.069565 ], [ -89.999612, 35.069578 ], [ -89.999089, 35.069642 ], [ -89.998769, 35.069704 ], [ -89.998703, 35.069718 ], [ -89.998621, 35.069744 ], [ -89.998427, 35.069828 ], [ -89.998386, 35.069842 ], [ -89.99826, 35.069875 ], [ -89.998217, 35.069881 ], [ -89.997996, 35.069903 ], [ -89.997635, 35.069951 ], [ -89.997604, 35.069956 ], [ -89.997345, 35.069995 ], [ -89.997091, 35.070055 ], [ -89.996933, 35.070119 ], [ -89.996862, 35.070161 ], [ -89.996783, 35.070194 ], [ -89.996605, 35.070298 ], [ -89.996566, 35.070316 ], [ -89.996525, 35.070329 ], [ -89.99631, 35.070366 ], [ -89.996177, 35.070364 ], [ -89.99609, 35.070354 ], [ -89.995965, 35.070318 ], [ -89.995877, 35.070317 ], [ -89.995745, 35.070323 ], [ -89.995572, 35.07035 ], [ -89.995148, 35.07045 ], [ -89.995066, 35.070476 ], [ -89.99498, 35.070494 ], [ -89.994936, 35.070499 ], [ -89.99476, 35.070506 ], [ -89.994672, 35.070496 ], [ -89.994617, 35.070523 ], [ -89.994329, 35.070689 ], [ -89.99421, 35.070795 ], [ -89.994147, 35.070844 ], [ -89.994026, 35.070948 ], [ -89.99394, 35.071006 ], [ -89.993891, 35.071041 ], [ -89.99383, 35.071093 ], [ -89.993822, 35.071145 ], [ -89.993787, 35.071211 ], [ -89.993695, 35.071487 ], [ -89.993676, 35.071519 ], [ -89.993582, 35.071594 ], [ -89.993513, 35.071638 ], [ -89.993362, 35.07171 ], [ -89.993326, 35.071731 ], [ -89.993199, 35.071761 ], [ -89.993156, 35.071767 ], [ -89.993024, 35.071774 ], [ -89.992893, 35.071755 ], [ -89.992851, 35.071744 ], [ -89.992772, 35.071712 ], [ -89.992699, 35.071734 ], [ -89.99262, 35.071765 ], [ -89.992368, 35.071831 ], [ -89.992241, 35.07186 ], [ -89.992069, 35.071892 ], [ -89.991692, 35.071983 ], [ -89.991395, 35.072055 ], [ -89.991268, 35.072082 ], [ -89.991181, 35.072095 ], [ -89.991005, 35.072103 ], [ -89.990812, 35.072069 ], [ -89.990788, 35.072012 ], [ -89.990764, 35.071954 ], [ -89.990756, 35.071936 ], [ -89.990587, 35.071419 ], [ -89.990358, 35.070719 ], [ -89.990189, 35.070185 ], [ -89.990118, 35.069859 ], [ -89.990093, 35.06962 ], [ -89.990072, 35.069429 ], [ -89.990031, 35.069032 ], [ -89.990021, 35.06884 ], [ -89.99002, 35.068745 ], [ -89.98996, 35.068744 ], [ -89.989904, 35.068743 ], [ -89.989497, 35.068737 ], [ -89.98847, 35.068722 ], [ -89.988397, 35.06867 ], [ -89.988134, 35.068662 ], [ -89.987947, 35.06866 ], [ -89.987589, 35.068657 ], [ -89.987665, 35.068551 ], [ -89.987794, 35.068344 ], [ -89.988324, 35.067568 ], [ -89.990049, 35.065027 ], [ -89.990347, 35.064591 ], [ -89.990497, 35.06437 ], [ -89.990772, 35.063958 ], [ -89.991004, 35.063539 ], [ -89.99112, 35.063302 ], [ -89.991287, 35.062899 ], [ -89.991303, 35.062843 ], [ -89.991421, 35.062441 ], [ -89.991496, 35.062148 ], [ -89.991563, 35.061763 ], [ -89.991583, 35.061565 ], [ -89.991606, 35.061109 ], [ -89.991621, 35.060579 ], [ -89.991532, 35.060577 ], [ -89.991441, 35.060575 ], [ -89.99112, 35.060561 ], [ -89.990159, 35.06052 ], [ -89.989953, 35.060512 ], [ -89.989501, 35.060501 ], [ -89.989465, 35.060553 ], [ -89.989243, 35.060435 ], [ -89.988544, 35.061408 ], [ -89.988241, 35.06185 ], [ -89.987714, 35.062579 ], [ -89.987706, 35.062592 ], [ -89.987431, 35.062974 ], [ -89.987104, 35.063429 ], [ -89.98698, 35.0636 ], [ -89.986858, 35.063766 ], [ -89.986749, 35.063918 ], [ -89.986387, 35.064428 ], [ -89.98618, 35.064743 ], [ -89.986097, 35.064898 ], [ -89.98605, 35.064988 ], [ -89.985945, 35.06526 ], [ -89.985848, 35.065546 ], [ -89.985784, 35.065813 ], [ -89.985749, 35.065963 ], [ -89.985698, 35.066354 ], [ -89.985696, 35.066557 ], [ -89.985702, 35.066933 ], [ -89.985757, 35.067534 ], [ -89.985796, 35.067959 ], [ -89.985804, 35.06811 ], [ -89.985813, 35.068235 ], [ -89.985843, 35.068613 ], [ -89.985849, 35.068681 ], [ -89.985855, 35.068739 ], [ -89.985884, 35.069031 ], [ -89.985929, 35.06948 ], [ -89.986079, 35.070992 ], [ -89.986184, 35.07213 ], [ -89.986205, 35.072365 ], [ -89.986197, 35.072728 ], [ -89.986175, 35.073 ], [ -89.986151, 35.073206 ], [ -89.986107, 35.073437 ], [ -89.98602, 35.073829 ], [ -89.985999, 35.07392 ], [ -89.985974, 35.074034 ], [ -89.985959, 35.0741 ], [ -89.985943, 35.074171 ], [ -89.985926, 35.074241 ], [ -89.98591, 35.074311 ], [ -89.985685, 35.075288 ], [ -89.985657, 35.075407 ], [ -89.985574, 35.075768 ], [ -89.985547, 35.075888 ], [ -89.985533, 35.075944 ], [ -89.985492, 35.076114 ], [ -89.985479, 35.076171 ], [ -89.985525, 35.076174 ], [ -89.985583, 35.076179 ], [ -89.985665, 35.076184 ], [ -89.985677, 35.076185 ], [ -89.985712, 35.076188 ], [ -89.986285, 35.076225 ], [ -89.986372, 35.076231 ], [ -89.986612, 35.076246 ], [ -89.98745, 35.076301 ], [ -89.988604, 35.076326 ], [ -89.988806, 35.076322 ], [ -89.989319, 35.076309 ], [ -89.989578, 35.076303 ], [ -89.990221, 35.076264 ], [ -89.990419, 35.076246 ], [ -89.990841, 35.07621 ], [ -89.991014, 35.076189 ], [ -89.991213, 35.076167 ], [ -89.991601, 35.076122 ], [ -89.992486, 35.075987 ], [ -89.992781, 35.075934 ], [ -89.997464, 35.0751 ], [ -89.998281, 35.074955 ], [ -89.998374, 35.074939 ], [ -89.999026, 35.074823 ], [ -89.999322, 35.07477 ], [ -89.999683, 35.074706 ], [ -90.000817, 35.074505 ], [ -90.001402, 35.074402 ], [ -90.001655, 35.074356 ], [ -90.002313, 35.074238 ], [ -90.002344, 35.074231 ], [ -90.00244, 35.074214 ], [ -90.002473, 35.074209 ], [ -90.002505, 35.074202 ], [ -90.002601, 35.074185 ], [ -90.002634, 35.07418 ], [ -90.002667, 35.074173 ], [ -90.002767, 35.074156 ], [ -90.002801, 35.07415 ], [ -90.003773, 35.073974 ], [ -90.004133, 35.073909 ], [ -90.005756, 35.07362 ], [ -90.00669, 35.07345 ], [ -90.007663, 35.073274 ], [ -90.007855, 35.073239 ], [ -90.009044, 35.073022 ], [ -90.009485, 35.072951 ], [ -90.00963, 35.072927 ], [ -90.010599, 35.072753 ], [ -90.01185, 35.072529 ], [ -90.012282, 35.07245 ], [ -90.013505, 35.072228 ], [ -90.01374, 35.072186 ], [ -90.014472, 35.072042 ], [ -90.014516, 35.072033 ], [ -90.014652, 35.072009 ], [ -90.014697, 35.072001 ], [ -90.01528, 35.071894 ], [ -90.015982, 35.071768 ], [ -90.016692, 35.071641 ], [ -90.018404, 35.071385 ], [ -90.01921, 35.071303 ], [ -90.019737, 35.071278 ], [ -90.019866, 35.071276 ], [ -90.020156, 35.071273 ], [ -90.020827, 35.071297 ], [ -90.02105, 35.071315 ], [ -90.021172, 35.071326 ], [ -90.0212, 35.071206 ], [ -90.021288, 35.070836 ], [ -90.021318, 35.070714 ], [ -90.021444, 35.070197 ], [ -90.021823, 35.068649 ], [ -90.02195, 35.068133 ], [ -90.022074, 35.067627 ], [ -90.022447, 35.066112 ], [ -90.022526, 35.065792 ], [ -90.022549, 35.0657 ] ] ] } },
{ "type": "Feature", "properties": { "GEOID": "38141", "ZCTA5": "38141", "AREALAND": 20223759 }, "geometry": { "type": "Polygon", "coordinates": [ [ [ -89.886162, 35.034996 ], [ -89.886157, 35.034891 ], [ -89.886155, 35.034611 ], [ -89.886159, 35.034576 ], [ -89.88616, 35.034368 ], [ -89.886151, 35.034299 ], [ -89.886151, 35.034126 ], [ -89.886155, 35.034057 ], [ -89.886151, 35.033954 ], [ -89.886144, 35.03392 ], [ -89.886146, 35.033851 ], [ -89.886142, 35.033817 ], [ -89.886141, 35.033714 ], [ -89.886145, 35.033679 ], [ -89.886131, 35.033472 ], [ -89.886131, 35.033403 ], [ -89.886123, 35.033369 ], [ -89.886115, 35.033126 ], [ -89.886109, 35.033056 ], [ -89.886113, 35.033021 ], [ -89.886111, 35.032917 ], [ -89.886101, 35.032848 ], [ -89.886103, 35.032779 ], [ -89.886098, 35.032744 ], [ -89.886095, 35.03257 ], [ -89.886104, 35.03222 ], [ -89.886102, 35.032195 ], [ -89.886099, 35.03215 ], [ -89.886103, 35.03208 ], [ -89.886096, 35.031729 ], [ -89.886118, 35.031552 ], [ -89.886131, 35.031497 ], [ -89.886072, 35.031445 ], [ -89.886054, 35.031412 ], [ -89.886032, 35.031344 ], [ -89.886023, 35.031094 ], [ -89.886011, 35.030988 ], [ -89.885944, 35.030747 ], [ -89.88593, 35.030677 ], [ -89.885783, 35.030198 ], [ -89.885708, 35.029994 ], [ -89.885595, 35.029724 ], [ -89.885483, 35.029383 ], [ -89.885432, 35.029248 ], [ -89.885427, 35.029234 ], [ -89.885363, 35.029045 ], [ -89.885347, 35.028977 ], [ -89.885251, 35.02871 ], [ -89.885189, 35.02858 ], [ -89.88515, 35.028481 ], [ -89.885104, 35.028383 ], [ -89.885095, 35.02835 ], [ -89.885037, 35.028218 ], [ -89.88492, 35.027991 ], [ -89.884877, 35.027892 ], [ -89.884816, 35.027722 ], [ -89.884699, 35.027308 ], [ -89.884526, 35.026871 ], [ -89.884491, 35.026806 ], [ -89.884438, 35.026671 ], [ -89.884431, 35.026636 ], [ -89.884409, 35.026606 ], [ -89.884342, 35.026436 ], [ -89.884279, 35.026305 ], [ -89.884256, 35.026237 ], [ -89.884188, 35.026069 ], [ -89.884047, 35.025771 ], [ -89.884021, 35.025703 ], [ -89.883909, 35.025363 ], [ -89.883901, 35.025329 ], [ -89.883692, 35.024724 ], [ -89.883641, 35.024591 ], [ -89.883632, 35.024558 ], [ -89.883589, 35.024455 ], [ -89.883563, 35.024432 ], [ -89.883576, 35.024411 ], [ -89.883568, 35.024367 ], [ -89.883464, 35.024138 ], [ -89.883441, 35.024072 ], [ -89.883411, 35.024006 ], [ -89.883388, 35.023976 ], [ -89.883373, 35.02391 ], [ -89.883299, 35.023781 ], [ -89.883282, 35.023715 ], [ -89.883218, 35.023622 ], [ -89.883195, 35.023555 ], [ -89.883164, 35.023488 ], [ -89.883127, 35.023353 ], [ -89.882952, 35.022881 ], [ -89.882892, 35.02276 ], [ -89.882839, 35.022704 ], [ -89.882791, 35.022596 ], [ -89.882779, 35.022569 ], [ -89.882765, 35.0225 ], [ -89.882687, 35.022261 ], [ -89.88267, 35.022192 ], [ -89.882604, 35.021987 ], [ -89.882408, 35.02155 ], [ -89.882307, 35.02128 ], [ -89.882245, 35.021078 ], [ -89.882239, 35.021045 ], [ -89.88221, 35.020978 ], [ -89.882191, 35.020911 ], [ -89.882159, 35.020846 ], [ -89.882033, 35.020544 ], [ -89.88201, 35.020494 ], [ -89.88194, 35.020494 ], [ -89.880175, 35.0205 ], [ -89.8801, 35.020501 ], [ -89.8801, 35.020437 ], [ -89.880104, 35.020354 ], [ -89.88013, 35.020354 ], [ -89.880174, 35.020354 ], [ -89.880472, 35.020355 ], [ -89.881577, 35.020359 ], [ -89.88187, 35.020361 ], [ -89.881946, 35.020362 ], [ -89.88199, 35.020362 ], [ -89.882023, 35.020362 ], [ -89.882123, 35.020362 ], [ -89.882168, 35.020363 ], [ -89.882213, 35.020363 ], [ -89.882327, 35.020366 ], [ -89.882805, 35.02038 ], [ -89.882965, 35.020385 ], [ -89.883257, 35.020388 ], [ -89.884134, 35.020397 ], [ -89.884192, 35.020398 ], [ -89.884333, 35.020399 ], [ -89.884427, 35.0204 ], [ -89.884094, 35.020116 ], [ -89.883846, 35.019868 ], [ -89.883576, 35.019569 ], [ -89.883393, 35.019308 ], [ -89.883333, 35.019208 ], [ -89.88321, 35.019002 ], [ -89.883169, 35.018907 ], [ -89.882996, 35.018508 ], [ -89.881931, 35.015473 ], [ -89.881175, 35.013347 ], [ -89.880871, 35.012492 ], [ -89.880763, 35.012257 ], [ -89.880728, 35.01218 ], [ -89.880613, 35.012019 ], [ -89.880329, 35.011583 ], [ -89.879343, 35.010421 ], [ -89.878893, 35.00989 ], [ -89.878626, 35.009576 ], [ -89.877962, 35.008867 ], [ -89.877077, 35.007881 ], [ -89.876723, 35.007487 ], [ -89.876301, 35.007013 ], [ -89.87568, 35.006315 ], [ -89.875289, 35.005875 ], [ -89.874662, 35.005153 ], [ -89.874319, 35.004758 ], [ -89.873174, 35.003441 ], [ -89.872781, 35.00299 ], [ -89.872155, 35.002269 ], [ -89.870756, 35.000664 ], [ -89.868682, 34.998283 ], [ -89.867327, 34.996729 ], [ -89.86656, 34.995849 ], [ -89.865946, 34.995143 ], [ -89.865146, 34.994259 ], [ -89.864476, 34.994255 ], [ -89.862468, 34.994245 ], [ -89.861799, 34.994242 ], [ -89.859114, 34.994228 ], [ -89.855609, 34.99421 ], [ -89.851384, 34.994188 ], [ -89.851062, 34.994211 ], [ -89.848385, 34.994409 ], [ -89.847229, 34.994397 ], [ -89.846998, 34.994395 ], [ -89.846829, 34.994392 ], [ -89.846081, 34.994408 ], [ -89.846027, 34.994407 ], [ -89.845868, 34.994405 ], [ -89.845521, 34.994404 ], [ -89.844976, 34.994406 ], [ -89.844435, 34.994411 ], [ -89.843761, 34.994416 ], [ -89.843606, 34.994418 ], [ -89.842728, 34.994416 ], [ -89.842606, 34.994416 ], [ -89.84218, 34.994415 ], [ -89.842118, 34.994415 ], [ -89.840668, 34.994428 ], [ -89.840655, 34.994428 ], [ -89.840467, 34.994437 ], [ -89.840332, 34.994444 ], [ -89.840168, 34.994452 ], [ -89.840111, 34.994453 ], [ -89.839942, 34.994458 ], [ -89.839886, 34.994461 ], [ -89.839767, 34.994465 ], [ -89.839464, 34.994465 ], [ -89.838199, 34.994468 ], [ -89.838079, 34.994469 ], [ -89.837842, 34.994484 ], [ -89.83778, 34.994499 ], [ -89.837761, 34.994478 ], [ -89.837737, 34.994465 ], [ -89.837685, 34.994437 ], [ -89.837581, 34.994425 ], [ -89.837527, 34.994412 ], [ -89.836653, 34.994427 ], [ -89.836238, 34.994437 ], [ -89.836159, 34.994437 ], [ -89.835259, 34.994439 ], [ -89.834689, 34.994451 ], [ -89.834237, 34.994455 ], [ -89.833195, 34.994463 ], [ -89.832548, 34.994492 ], [ -89.832057, 34.9945 ], [ -89.831741, 34.994506 ], [ -89.830807, 34.994507 ], [ -89.83069, 34.994498 ], [ -89.830684, 34.995215 ], [ -89.830684, 34.995231 ], [ -89.830691, 34.996414 ], [ -89.830702, 34.997273 ], [ -89.830703, 34.997431 ], [ -89.830713, 34.998165 ], [ -89.830723, 34.998758 ], [ -89.83073, 34.999102 ], [ -89.830738, 34.999441 ], [ -89.830742, 34.999621 ], [ -89.830743, 34.999706 ], [ -89.830744, 34.999782 ], [ -89.83076, 35.00054 ], [ -89.830773, 35.001134 ], [ -89.830796, 35.002079 ], [ -89.830798, 35.002129 ], [ -89.8308, 35.00218 ], [ -89.830854, 35.004078 ], [ -89.830859, 35.004338 ], [ -89.830875, 35.004914 ], [ -89.830894, 35.005596 ], [ -89.8309, 35.00586 ], [ -89.83066, 35.005858 ], [ -89.830143, 35.005856 ], [ -89.829721, 35.005845 ], [ -89.82946, 35.005831 ], [ -89.82942, 35.006111 ], [ -89.829406, 35.006333 ], [ -89.829403, 35.006446 ], [ -89.829397, 35.006892 ], [ -89.82939, 35.007547 ], [ -89.829389, 35.007931 ], [ -89.829394, 35.008161 ], [ -89.829376, 35.008357 ], [ -89.829354, 35.008656 ], [ -89.82934, 35.009734 ], [ -89.829334, 35.009759 ], [ -89.829314, 35.009862 ], [ -89.829231, 35.010223 ], [ -89.829187, 35.010416 ], [ -89.829175, 35.010466 ], [ -89.829153, 35.010697 ], [ -89.829155, 35.010892 ], [ -89.829161, 35.011478 ], [ -89.829164, 35.011674 ], [ -89.829166, 35.011796 ], [ -89.829175, 35.012165 ], [ -89.829179, 35.012288 ], [ -89.82918, 35.012406 ], [ -89.829183, 35.012763 ], [ -89.829184, 35.012882 ], [ -89.829198, 35.013374 ], [ -89.829218, 35.013635 ], [ -89.829279, 35.013879 ], [ -89.829333, 35.014188 ], [ -89.829376, 35.014425 ], [ -89.829376, 35.014557 ], [ -89.829342, 35.014737 ], [ -89.829301, 35.014837 ], [ -89.829184, 35.015013 ], [ -89.829075, 35.015113 ], [ -89.828921, 35.015221 ], [ -89.826567, 35.016651 ], [ -89.825421, 35.01729 ], [ -89.825137, 35.017432 ], [ -89.825011, 35.017488 ], [ -89.824816, 35.017593 ], [ -89.823924, 35.018078 ], [ -89.823645, 35.01823 ], [ -89.823412, 35.018352 ], [ -89.823032, 35.018563 ], [ -89.822746, 35.018722 ], [ -89.822679, 35.018766 ], [ -89.822594, 35.018822 ], [ -89.822464, 35.018928 ], [ -89.822402, 35.019 ], [ -89.822321, 35.019123 ], [ -89.822305, 35.019155 ], [ -89.822298, 35.019179 ], [ -89.822271, 35.01928 ], [ -89.82226, 35.020088 ], [ -89.822256, 35.020392 ], [ -89.823009, 35.020391 ], [ -89.823485, 35.020391 ], [ -89.823847, 35.02039 ], [ -89.823924, 35.02039 ], [ -89.82527, 35.02039 ], [ -89.825307, 35.02039 ], [ -89.826024, 35.020391 ], [ -89.826166, 35.02039 ], [ -89.826551, 35.020389 ], [ -89.826596, 35.020389 ], [ -89.826739, 35.020389 ], [ -89.826772, 35.020388 ], [ -89.826791, 35.020388 ], [ -89.826949, 35.020388 ], [ -89.827002, 35.020388 ], [ -89.827244, 35.020387 ], [ -89.827834, 35.020386 ], [ -89.829084, 35.020384 ], [ -89.829776, 35.020381 ], [ -89.83033, 35.020384 ], [ -89.831162, 35.020389 ], [ -89.831162, 35.02053 ], [ -89.831166, 35.02107 ], [ -89.831177, 35.022272 ], [ -89.831177, 35.022369 ], [ -89.831183, 35.023114 ], [ -89.831186, 35.023466 ], [ -89.831187, 35.0236 ], [ -89.831188, 35.023796 ], [ -89.831189, 35.02391 ], [ -89.831193, 35.024232 ], [ -89.831195, 35.024342 ], [ -89.831197, 35.024509 ], [ -89.831199, 35.024634 ], [ -89.831202, 35.024887 ], [ -89.831202, 35.02496 ], [ -89.831202, 35.025013 ], [ -89.831203, 35.025181 ], [ -89.831207, 35.02568 ], [ -89.831219, 35.027167 ], [ -89.831219, 35.027179 ], [ -89.831223, 35.027679 ], [ -89.831224, 35.028005 ], [ -89.83123, 35.028903 ], [ -89.83123, 35.028984 ], [ -89.831231, 35.029311 ], [ -89.831233, 35.02964 ], [ -89.831241, 35.030418 ], [ -89.831243, 35.030629 ], [ -89.831247, 35.030959 ], [ -89.831247, 35.031126 ], [ -89.831247, 35.03141 ], [ -89.829693, 35.031381 ], [ -89.829705, 35.032161 ], [ -89.830716, 35.032182 ], [ -89.8308, 35.032232 ], [ -89.831248, 35.032243 ], [ -89.831249, 35.032458 ], [ -89.83125, 35.032624 ], [ -89.83125, 35.032963 ], [ -89.831251, 35.033982 ], [ -89.831252, 35.034322 ], [ -89.831252, 35.034452 ], [ -89.831252, 35.034845 ], [ -89.831252, 35.034976 ], [ -89.831352, 35.034975 ], [ -89.831415, 35.034974 ], [ -89.831958, 35.034969 ], [ -89.832966, 35.03496 ], [ -89.834079, 35.034949 ], [ -89.834786, 35.034943 ], [ -89.835, 35.034941 ], [ -89.835645, 35.034938 ], [ -89.83586, 35.034937 ], [ -89.835921, 35.034935 ], [ -89.836106, 35.034933 ], [ -89.836168, 35.034933 ], [ -89.836849, 35.034923 ], [ -89.836903, 35.034924 ], [ -89.837257, 35.034935 ], [ -89.838365, 35.035014 ], [ -89.838584, 35.03503 ], [ -89.838942, 35.035031 ], [ -89.839108, 35.035021 ], [ -89.839636, 35.034993 ], [ -89.839843, 35.034982 ], [ -89.84012, 35.034966 ], [ -89.840739, 35.034933 ], [ -89.840953, 35.03493 ], [ -89.841232, 35.034927 ], [ -89.841341, 35.034926 ], [ -89.841373, 35.034926 ], [ -89.841799, 35.034932 ], [ -89.841941, 35.034934 ], [ -89.842175, 35.034937 ], [ -89.84288, 35.034946 ], [ -89.843115, 35.034949 ], [ -89.843501, 35.03495 ], [ -89.843527, 35.034951 ], [ -89.844662, 35.034957 ], [ -89.845049, 35.03496 ], [ -89.845487, 35.034962 ], [ -89.845533, 35.034351 ], [ -89.847652, 35.034375 ], [ -89.847641, 35.034472 ], [ -89.847596, 35.034861 ], [ -89.847582, 35.034977 ], [ -89.847675, 35.034977 ], [ -89.84775, 35.034977 ], [ -89.848002, 35.034976 ], [ -89.849264, 35.034976 ], [ -89.849685, 35.034976 ], [ -89.849888, 35.034977 ], [ -89.8505, 35.03498 ], [ -89.850704, 35.034981 ], [ -89.850876, 35.034981 ], [ -89.851391, 35.034981 ], [ -89.851564, 35.034981 ], [ -89.851762, 35.034981 ], [ -89.852356, 35.034981 ], [ -89.852555, 35.034982 ], [ -89.852892, 35.034983 ], [ -89.853794, 35.034988 ], [ -89.853904, 35.034988 ], [ -89.854242, 35.034988 ], [ -89.854588, 35.034985 ], [ -89.855627, 35.03498 ], [ -89.855974, 35.034979 ], [ -89.856053, 35.034978 ], [ -89.856294, 35.034975 ], [ -89.856374, 35.034975 ], [ -89.856848, 35.034969 ], [ -89.858273, 35.034955 ], [ -89.858748, 35.03495 ], [ -89.858948, 35.034947 ], [ -89.859549, 35.034939 ], [ -89.85975, 35.034937 ], [ -89.859946, 35.034933 ], [ -89.860538, 35.034923 ], [ -89.860735, 35.03492 ], [ -89.86117, 35.034915 ], [ -89.862478, 35.034904 ], [ -89.862914, 35.0349 ], [ -89.862982, 35.034899 ], [ -89.863188, 35.034897 ], [ -89.863257, 35.034897 ], [ -89.863514, 35.034892 ], [ -89.864285, 35.03488 ], [ -89.864543, 35.034876 ], [ -89.864918, 35.034872 ], [ -89.865813, 35.034863 ], [ -89.866046, 35.034867 ], [ -89.866422, 35.034874 ], [ -89.866618, 35.034874 ], [ -89.866748, 35.034797 ], [ -89.867176, 35.034797 ], [ -89.868393, 35.0348 ], [ -89.869504, 35.034799 ], [ -89.870281, 35.034799 ], [ -89.870999, 35.034799 ], [ -89.871249, 35.034801 ], [ -89.873778, 35.034832 ], [ -89.873819, 35.034833 ], [ -89.874153, 35.034837 ], [ -89.875121, 35.034851 ], [ -89.875602, 35.034857 ], [ -89.877046, 35.034875 ], [ -89.877528, 35.034881 ], [ -89.87897, 35.034896 ], [ -89.87976, 35.034905 ], [ -89.881986, 35.03493 ], [ -89.883297, 35.034945 ], [ -89.883647, 35.03495 ], [ -89.883718, 35.034952 ], [ -89.884571, 35.034972 ], [ -89.884652, 35.034976 ], [ -89.884739, 35.03498 ], [ -89.885023, 35.034983 ], [ -89.885877, 35.034992 ], [ -89.886084, 35.034995 ], [ -89.886102, 35.034995 ], [ -89.886162, 35.034996 ] ] ] } },
{ "type": "Feature", "properties": { "GEOID": "38112", "ZCTA5": "38112", "AREALAND": 12446640 }, "geometry": { "type": "Polygon", "coordinates": [ [ [ -90.012662, 35.152829 ], [ -90.01267, 35.152781 ], [ -90.012415, 35.152802 ], [ -90.011654, 35.15289 ], [ -90.011646, 35.152758 ], [ -90.011668, 35.152502 ], [ -90.011683, 35.152411 ], [ -90.011126, 35.152364 ], [ -90.011207, 35.151742 ], [ -90.011576, 35.149168 ], [ -90.011545, 35.149087 ], [ -90.01156, 35.149005 ], [ -90.011612, 35.149005 ], [ -90.011755, 35.147977 ], [ -90.011805, 35.147635 ], [ -90.012059, 35.145887 ], [ -90.011898, 35.145856 ], [ -90.011945, 35.145658 ], [ -90.012091, 35.14567 ], [ -90.012363, 35.14401 ], [ -90.012324, 35.144005 ], [ -90.011786, 35.143939 ], [ -90.011833, 35.143605 ], [ -90.011733, 35.143596 ], [ -90.011434, 35.143569 ], [ -90.011335, 35.14356 ], [ -90.011263, 35.143553 ], [ -90.011174, 35.143544 ], [ -90.010691, 35.143499 ], [ -90.010623, 35.143492 ], [ -90.010516, 35.143481 ], [ -90.010475, 35.14348 ], [ -90.009896, 35.143427 ], [ -90.009803, 35.143418 ], [ -90.009648, 35.143404 ], [ -90.009525, 35.143392 ], [ -90.009159, 35.143359 ], [ -90.009037, 35.143349 ], [ -90.008912, 35.143337 ], [ -90.008538, 35.143304 ], [ -90.008414, 35.143293 ], [ -90.007817, 35.143241 ], [ -90.007149, 35.143185 ], [ -90.007095, 35.14318 ], [ -90.007071, 35.143178 ], [ -90.005945, 35.143091 ], [ -90.005599, 35.143065 ], [ -90.005339, 35.143043 ], [ -90.005209, 35.143033 ], [ -90.004559, 35.142981 ], [ -90.004299, 35.142961 ], [ -90.004131, 35.142948 ], [ -90.003628, 35.142909 ], [ -90.003461, 35.142896 ], [ -90.003345, 35.142886 ], [ -90.002998, 35.142858 ], [ -90.002883, 35.142849 ], [ -90.002751, 35.142838 ], [ -90.002356, 35.142805 ], [ -90.002225, 35.142795 ], [ -90.002126, 35.142787 ], [ -90.001831, 35.142763 ], [ -90.001733, 35.142756 ], [ -90.001578, 35.142744 ], [ -90.001113, 35.142708 ], [ -90.000959, 35.142696 ], [ -90.000699, 35.142676 ], [ -90.000632, 35.14267 ], [ -90.000526, 35.143382 ], [ -90.000383, 35.143367 ], [ -90.000364, 35.143504 ], [ -90.000191, 35.143486 ], [ -90.000133, 35.14386 ], [ -89.999352, 35.14378 ], [ -89.999461, 35.143023 ], [ -89.99888, 35.142952 ], [ -89.998944, 35.142532 ], [ -89.99766, 35.142441 ], [ -89.997413, 35.144282 ], [ -89.997188, 35.145728 ], [ -89.997172, 35.146038 ], [ -89.99717, 35.146676 ], [ -89.997137, 35.147053 ], [ -89.997018, 35.147887 ], [ -89.995832, 35.147765 ], [ -89.995778, 35.147759 ], [ -89.995724, 35.147748 ], [ -89.995712, 35.147686 ], [ -89.995736, 35.147432 ], [ -89.99577, 35.147075 ], [ -89.995829, 35.146687 ], [ -89.995869, 35.146433 ], [ -89.996049, 35.145105 ], [ -89.996196, 35.144153 ], [ -89.996291, 35.143458 ], [ -89.996305, 35.143343 ], [ -89.996329, 35.143163 ], [ -89.996373, 35.14282 ], [ -89.99636, 35.142762 ], [ -89.996335, 35.142729 ], [ -89.996226, 35.142639 ], [ -89.99617, 35.14254 ], [ -89.996165, 35.142502 ], [ -89.995978, 35.1427 ], [ -89.995888, 35.142794 ], [ -89.995802, 35.14292 ], [ -89.995722, 35.14306 ], [ -89.995624, 35.143278 ], [ -89.995595, 35.143355 ], [ -89.99554, 35.143573 ], [ -89.99553, 35.143729 ], [ -89.995535, 35.144522 ], [ -89.995519, 35.144863 ], [ -89.995473, 35.145105 ], [ -89.995426, 35.145269 ], [ -89.995374, 35.145398 ], [ -89.995327, 35.145467 ], [ -89.994977, 35.145837 ], [ -89.99463, 35.146136 ], [ -89.994328, 35.146426 ], [ -89.99404, 35.146735 ], [ -89.993968, 35.146756 ], [ -89.993907, 35.14676 ], [ -89.993877, 35.146752 ], [ -89.993828, 35.146722 ], [ -89.993544, 35.146467 ], [ -89.993236, 35.146196 ], [ -89.993023, 35.145927 ], [ -89.992914, 35.145784 ], [ -89.992811, 35.145622 ], [ -89.99273, 35.145457 ], [ -89.9924, 35.14479 ], [ -89.992215, 35.144358 ], [ -89.991822, 35.143202 ], [ -89.991758, 35.142932 ], [ -89.991588, 35.141887 ], [ -89.991563, 35.141884 ], [ -89.991376, 35.141868 ], [ -89.991343, 35.141865 ], [ -89.990987, 35.141833 ], [ -89.98982, 35.141729 ], [ -89.989465, 35.141699 ], [ -89.989432, 35.141696 ], [ -89.988916, 35.141651 ], [ -89.988337, 35.141602 ], [ -89.98759, 35.141525 ], [ -89.98737, 35.141506 ], [ -89.986855, 35.141462 ], [ -89.98676, 35.141453 ], [ -89.986453, 35.141417 ], [ -89.986084, 35.141375 ], [ -89.985251, 35.141269 ], [ -89.985112, 35.141252 ], [ -89.984853, 35.141208 ], [ -89.984713, 35.141177 ], [ -89.984487, 35.141095 ], [ -89.983978, 35.140912 ], [ -89.983682, 35.140792 ], [ -89.983414, 35.140684 ], [ -89.983059, 35.140541 ], [ -89.982663, 35.140386 ], [ -89.982211, 35.140213 ], [ -89.981608, 35.139997 ], [ -89.981244, 35.139867 ], [ -89.981027, 35.139789 ], [ -89.980376, 35.139558 ], [ -89.98016, 35.139481 ], [ -89.979908, 35.139393 ], [ -89.979601, 35.139286 ], [ -89.979757, 35.137406 ], [ -89.979873, 35.135986 ], [ -89.98139, 35.13604 ], [ -89.981528, 35.136045 ], [ -89.983164, 35.136046 ], [ -89.983188, 35.1359 ], [ -89.983208, 35.135764 ], [ -89.98322, 35.135685 ], [ -89.983268, 35.13533 ], [ -89.983303, 35.135104 ], [ -89.983415, 35.134569 ], [ -89.98346, 35.13443 ], [ -89.983558, 35.134231 ], [ -89.983607, 35.134058 ], [ -89.98362, 35.133977 ], [ -89.983638, 35.133588 ], [ -89.98364, 35.133556 ], [ -89.983647, 35.133471 ], [ -89.983658, 35.133032 ], [ -89.983648, 35.132816 ], [ -89.983627, 35.132086 ], [ -89.983639, 35.131845 ], [ -89.983648, 35.13112 ], [ -89.983709, 35.130676 ], [ -89.983726, 35.130603 ], [ -89.983755, 35.129434 ], [ -89.983756, 35.129369 ], [ -89.983793, 35.129355 ], [ -89.983962, 35.12929 ], [ -89.983984, 35.129009 ], [ -89.983996, 35.12895 ], [ -89.98401, 35.128878 ], [ -89.984082, 35.128626 ], [ -89.984124, 35.128484 ], [ -89.98415, 35.128369 ], [ -89.984158, 35.128276 ], [ -89.984173, 35.128073 ], [ -89.984184, 35.127891 ], [ -89.984185, 35.127858 ], [ -89.98421, 35.127392 ], [ -89.984215, 35.126784 ], [ -89.984222, 35.126606 ], [ -89.98423, 35.126441 ], [ -89.984263, 35.125931 ], [ -89.984191, 35.125928 ], [ -89.984053, 35.125922 ], [ -89.984011, 35.12592 ], [ -89.983503, 35.125898 ], [ -89.982469, 35.125865 ], [ -89.981239, 35.125836 ], [ -89.980483, 35.125819 ], [ -89.980331, 35.126583 ], [ -89.97962, 35.126579 ], [ -89.979689, 35.125799 ], [ -89.979109, 35.125786 ], [ -89.97897, 35.125782 ], [ -89.978993, 35.126858 ], [ -89.980273, 35.126876 ], [ -89.980166, 35.127422 ], [ -89.978919, 35.127873 ], [ -89.97741, 35.128587 ], [ -89.97716, 35.128666 ], [ -89.976578, 35.128919 ], [ -89.976523, 35.128774 ], [ -89.976425, 35.128513 ], [ -89.976217, 35.127969 ], [ -89.976077, 35.127602 ], [ -89.974638, 35.127596 ], [ -89.973497, 35.127592 ], [ -89.972308, 35.127545 ], [ -89.971817, 35.127544 ], [ -89.971593, 35.127535 ], [ -89.971517, 35.127679 ], [ -89.97145, 35.127844 ], [ -89.971413, 35.128019 ], [ -89.971405, 35.128415 ], [ -89.971383, 35.129548 ], [ -89.971378, 35.129797 ], [ -89.971374, 35.130105 ], [ -89.971355, 35.130544 ], [ -89.971345, 35.130794 ], [ -89.971191, 35.133257 ], [ -89.971191, 35.133536 ], [ -89.971193, 35.133624 ], [ -89.971219, 35.133704 ], [ -89.97127, 35.133773 ], [ -89.971313, 35.133814 ], [ -89.970114, 35.13435 ], [ -89.97011, 35.13439 ], [ -89.970099, 35.134475 ], [ -89.970065, 35.134731 ], [ -89.970055, 35.134817 ], [ -89.969784, 35.134919 ], [ -89.968971, 35.135228 ], [ -89.968701, 35.135332 ], [ -89.967557, 35.135777 ], [ -89.965912, 35.136418 ], [ -89.965162, 35.136711 ], [ -89.964357, 35.13701 ], [ -89.964114, 35.137084 ], [ -89.963552, 35.137257 ], [ -89.962939, 35.137437 ], [ -89.962687, 35.137491 ], [ -89.962592, 35.137512 ], [ -89.961929, 35.137628 ], [ -89.961677, 35.137673 ], [ -89.960797, 35.13781 ], [ -89.958159, 35.13822 ], [ -89.95728, 35.138358 ], [ -89.957197, 35.13837 ], [ -89.957071, 35.13839 ], [ -89.956171, 35.138528 ], [ -89.952846, 35.13904 ], [ -89.951738, 35.139211 ], [ -89.951737, 35.139254 ], [ -89.95173, 35.139403 ], [ -89.951724, 35.13952 ], [ -89.951684, 35.14045 ], [ -89.951672, 35.14076 ], [ -89.951665, 35.140939 ], [ -89.951643, 35.141476 ], [ -89.951637, 35.141656 ], [ -89.951631, 35.14185 ], [ -89.951615, 35.142432 ], [ -89.951611, 35.142627 ], [ -89.951575, 35.143587 ], [ -89.951541, 35.144581 ], [ -89.951535, 35.144776 ], [ -89.951516, 35.145363 ], [ -89.951511, 35.145559 ], [ -89.951496, 35.146016 ], [ -89.951483, 35.146459 ], [ -89.951453, 35.14739 ], [ -89.951439, 35.147848 ], [ -89.951434, 35.147935 ], [ -89.951426, 35.148097 ], [ -89.951422, 35.148199 ], [ -89.95142, 35.148288 ], [ -89.951419, 35.148322 ], [ -89.951416, 35.148424 ], [ -89.951415, 35.148458 ], [ -89.95141, 35.148638 ], [ -89.951394, 35.149178 ], [ -89.95139, 35.149359 ], [ -89.95138, 35.149672 ], [ -89.951373, 35.149868 ], [ -89.951943, 35.149899 ], [ -89.951877, 35.151775 ], [ -89.951809, 35.154376 ], [ -89.951804, 35.154558 ], [ -89.951808, 35.154608 ], [ -89.951753, 35.154607 ], [ -89.95175, 35.154676 ], [ -89.95166, 35.154677 ], [ -89.951661, 35.154895 ], [ -89.951743, 35.154898 ], [ -89.951718, 35.155643 ], [ -89.951182, 35.155632 ], [ -89.951173, 35.155881 ], [ -89.951168, 35.15602 ], [ -89.951153, 35.156438 ], [ -89.951149, 35.156578 ], [ -89.951146, 35.156656 ], [ -89.951139, 35.15689 ], [ -89.951138, 35.156969 ], [ -89.951134, 35.157054 ], [ -89.951124, 35.15731 ], [ -89.951121, 35.157396 ], [ -89.951105, 35.157924 ], [ -89.951108, 35.158212 ], [ -89.951121, 35.158398 ], [ -89.951117, 35.158511 ], [ -89.951502, 35.158533 ], [ -89.951509, 35.158599 ], [ -89.951653, 35.158596 ], [ -89.95165, 35.158716 ], [ -89.951645, 35.158938 ], [ -89.951103, 35.158924 ], [ -89.951088, 35.159398 ], [ -89.951087, 35.159431 ], [ -89.951061, 35.160275 ], [ -89.951047, 35.160678 ], [ -89.951008, 35.161829 ], [ -89.951123, 35.161929 ], [ -89.951297, 35.162307 ], [ -89.951491, 35.162544 ], [ -89.953317, 35.163779 ], [ -89.953737, 35.164083 ], [ -89.953755, 35.164105 ], [ -89.953199, 35.16446 ], [ -89.953273, 35.164502 ], [ -89.95333, 35.164534 ], [ -89.953871, 35.164187 ], [ -89.955541, 35.163119 ], [ -89.956021, 35.162813 ], [ -89.956425, 35.162565 ], [ -89.956659, 35.162431 ], [ -89.957235, 35.162144 ], [ -89.957566, 35.161999 ], [ -89.957923, 35.161856 ], [ -89.959033, 35.161456 ], [ -89.959868, 35.161156 ], [ -89.961432, 35.160596 ], [ -89.962634, 35.160164 ], [ -89.962692, 35.160144 ], [ -89.962648, 35.160839 ], [ -89.962642, 35.160936 ], [ -89.96261, 35.161494 ], [ -89.96255, 35.163652 ], [ -89.962529, 35.164456 ], [ -89.962527, 35.164558 ], [ -89.962508, 35.165309 ], [ -89.962452, 35.167562 ], [ -89.96245, 35.167644 ], [ -89.962431, 35.168314 ], [ -89.96243, 35.168334 ], [ -89.962428, 35.168395 ], [ -89.962428, 35.168416 ], [ -89.963168, 35.168199 ], [ -89.964536, 35.167799 ], [ -89.965385, 35.167534 ], [ -89.966122, 35.167306 ], [ -89.966154, 35.16693 ], [ -89.966251, 35.165805 ], [ -89.966284, 35.16543 ], [ -89.966338, 35.164959 ], [ -89.966432, 35.16415 ], [ -89.96688, 35.160313 ], [ -89.967013, 35.159172 ], [ -89.967022, 35.159101 ], [ -89.967029, 35.159034 ], [ -89.967257, 35.15898 ], [ -89.967944, 35.15882 ], [ -89.968173, 35.158767 ], [ -89.968348, 35.158727 ], [ -89.968429, 35.158709 ], [ -89.968875, 35.158607 ], [ -89.969051, 35.158567 ], [ -89.969402, 35.158486 ], [ -89.969446, 35.158476 ], [ -89.970782, 35.158164 ], [ -89.971355, 35.158026 ], [ -89.971555, 35.15798 ], [ -89.97165, 35.157962 ], [ -89.971914, 35.157933 ], [ -89.972376, 35.157923 ], [ -89.972664, 35.157919 ], [ -89.972928, 35.157916 ], [ -89.973723, 35.15791 ], [ -89.973988, 35.157909 ], [ -89.974191, 35.157908 ], [ -89.974802, 35.157906 ], [ -89.975006, 35.157906 ], [ -89.975204, 35.157904 ], [ -89.975798, 35.157901 ], [ -89.975997, 35.1579 ], [ -89.976083, 35.157899 ], [ -89.976341, 35.157899 ], [ -89.976428, 35.157899 ], [ -89.976551, 35.157898 ], [ -89.976922, 35.157896 ], [ -89.977046, 35.157896 ], [ -89.977126, 35.157895 ], [ -89.977369, 35.157894 ], [ -89.97745, 35.157894 ], [ -89.977449, 35.157941 ], [ -89.977448, 35.157983 ], [ -89.97804, 35.157981 ], [ -89.978478, 35.157979 ], [ -89.979028, 35.157976 ], [ -89.97907, 35.157976 ], [ -89.979301, 35.157974 ], [ -89.979579, 35.157995 ], [ -89.979879, 35.158026 ], [ -89.980204, 35.158089 ], [ -89.980577, 35.158171 ], [ -89.981552, 35.158388 ], [ -89.981548, 35.158485 ], [ -89.981547, 35.158536 ], [ -89.981535, 35.158893 ], [ -89.982082, 35.159028 ], [ -89.982042, 35.159579 ], [ -89.982015, 35.159946 ], [ -89.98198, 35.159974 ], [ -89.981954, 35.16021 ], [ -89.982104, 35.160226 ], [ -89.983233, 35.159874 ], [ -89.983367, 35.159976 ], [ -89.983482, 35.160034 ], [ -89.983653, 35.160116 ], [ -89.983864, 35.160218 ], [ -89.98392, 35.16022 ], [ -89.983953, 35.160222 ], [ -89.984088, 35.160243 ], [ -89.984144, 35.160253 ], [ -89.984136, 35.160465 ], [ -89.984112, 35.1611 ], [ -89.984105, 35.161313 ], [ -89.984101, 35.161401 ], [ -89.984092, 35.161664 ], [ -89.984089, 35.161753 ], [ -89.984257, 35.161703 ], [ -89.984765, 35.161555 ], [ -89.984934, 35.161506 ], [ -89.985077, 35.161465 ], [ -89.985506, 35.161346 ], [ -89.98565, 35.161307 ], [ -89.986179, 35.161145 ], [ -89.988164, 35.160494 ], [ -89.990708, 35.159773 ], [ -89.990929, 35.15971 ], [ -89.991009, 35.159688 ], [ -89.990996, 35.15964 ], [ -89.990991, 35.159526 ], [ -89.99103, 35.159058 ], [ -89.991113, 35.158497 ], [ -89.991261, 35.157498 ], [ -89.99129, 35.157297 ], [ -89.991342, 35.156945 ], [ -89.991379, 35.156694 ], [ -89.991409, 35.156494 ], [ -89.991437, 35.156294 ], [ -89.991525, 35.155695 ], [ -89.991555, 35.155496 ], [ -89.991584, 35.15529 ], [ -89.991675, 35.154673 ], [ -89.991706, 35.154468 ], [ -89.991854, 35.154482 ], [ -89.991949, 35.154491 ], [ -89.992039, 35.154447 ], [ -89.992257, 35.154468 ], [ -89.992605, 35.154503 ], [ -89.993817, 35.154626 ], [ -89.993939, 35.154637 ], [ -89.9945, 35.15469 ], [ -89.995176, 35.154753 ], [ -89.996852, 35.154914 ], [ -89.99703, 35.154932 ], [ -89.997181, 35.154948 ], [ -89.997184, 35.154925 ], [ -89.997192, 35.154854 ], [ -89.997208, 35.154735 ], [ -89.997295, 35.154098 ], [ -89.997324, 35.153886 ], [ -89.997727, 35.153926 ], [ -89.997783, 35.153931 ], [ -89.997704, 35.154471 ], [ -89.999271, 35.154627 ], [ -89.999314, 35.154617 ], [ -90.001717, 35.154882 ], [ -90.003547, 35.155056 ], [ -90.003507, 35.155369 ], [ -90.00348, 35.155585 ], [ -90.003471, 35.155663 ], [ -90.00375, 35.155699 ], [ -90.003845, 35.15567 ], [ -90.003888, 35.155674 ], [ -90.003995, 35.155687 ], [ -90.004241, 35.155708 ], [ -90.004978, 35.155774 ], [ -90.005225, 35.155796 ], [ -90.005238, 35.155693 ], [ -90.005277, 35.155388 ], [ -90.005291, 35.155286 ], [ -90.006007, 35.155083 ], [ -90.006471, 35.154952 ], [ -90.00814, 35.154422 ], [ -90.00885, 35.154197 ], [ -90.008868, 35.154088 ], [ -90.008898, 35.153908 ], [ -90.008914, 35.153762 ], [ -90.008926, 35.153653 ], [ -90.008934, 35.153593 ], [ -90.009225, 35.153545 ], [ -90.010102, 35.153404 ], [ -90.010394, 35.153357 ], [ -90.010526, 35.153336 ], [ -90.010542, 35.153334 ], [ -90.010813, 35.15331 ], [ -90.01099, 35.153309 ], [ -90.01114, 35.153309 ], [ -90.011251, 35.153312 ], [ -90.011309, 35.153317 ], [ -90.011506, 35.153353 ], [ -90.011656, 35.153385 ], [ -90.012089, 35.153486 ], [ -90.012532, 35.1536 ], [ -90.012541, 35.153554 ], [ -90.012548, 35.153522 ], [ -90.012552, 35.153501 ], [ -90.012558, 35.153472 ], [ -90.012566, 35.153434 ], [ -90.012593, 35.15326 ], [ -90.012601, 35.153204 ], [ -90.012617, 35.153105 ], [ -90.01262, 35.153087 ], [ -90.012627, 35.15304 ], [ -90.01263, 35.153024 ], [ -90.012638, 35.152975 ], [ -90.012662, 35.152829 ] ] ] } },
{ "type": "Feature", "properties": { "GEOID": "38152", "ZCTA5": "38152", "AREALAND": 255858 }, "geometry": { "type": "Polygon", "coordinates": [ [ [ -89.940755, 35.116719 ], [ -89.940768, 35.116476 ], [ -89.939975, 35.116459 ], [ -89.937597, 35.116408 ], [ -89.936805, 35.116392 ], [ -89.936219, 35.116379 ], [ -89.934462, 35.116342 ], [ -89.934204, 35.116337 ], [ -89.93408, 35.116362 ], [ -89.933976, 35.116412 ], [ -89.933919, 35.116476 ], [ -89.933881, 35.116576 ], [ -89.933876, 35.116694 ], [ -89.933861, 35.117105 ], [ -89.933793, 35.119014 ], [ -89.933771, 35.119651 ], [ -89.934068, 35.119656 ], [ -89.934959, 35.119674 ], [ -89.935257, 35.11968 ], [ -89.935419, 35.119683 ], [ -89.935556, 35.119684 ], [ -89.936205, 35.119691 ], [ -89.936454, 35.119698 ], [ -89.936666, 35.119705 ], [ -89.936751, 35.119728 ], [ -89.936889, 35.119792 ], [ -89.936932, 35.119793 ], [ -89.93752, 35.119814 ], [ -89.937717, 35.119821 ], [ -89.937717, 35.119962 ], [ -89.937718, 35.120388 ], [ -89.937719, 35.120472 ], [ -89.937729, 35.12053 ], [ -89.937746, 35.120554 ], [ -89.937787, 35.120571 ], [ -89.938015, 35.120577 ], [ -89.938922, 35.120601 ], [ -89.939225, 35.12061 ], [ -89.939501, 35.120613 ], [ -89.939585, 35.120615 ], [ -89.94033, 35.120634 ], [ -89.940607, 35.120642 ], [ -89.94061, 35.120538 ], [ -89.940619, 35.120226 ], [ -89.940623, 35.120123 ], [ -89.940626, 35.120043 ], [ -89.940635, 35.119806 ], [ -89.940639, 35.119727 ], [ -89.940644, 35.119592 ], [ -89.940659, 35.119186 ], [ -89.940665, 35.119052 ], [ -89.940667, 35.11894 ], [ -89.940675, 35.118607 ], [ -89.940678, 35.118496 ], [ -89.940684, 35.118335 ], [ -89.940701, 35.117853 ], [ -89.940708, 35.117693 ], [ -89.94072, 35.117449 ], [ -89.940755, 35.116719 ] ] ] } },
{ "type": "Feature", "properties": { "GEOID": "38115", "ZCTA5": "38115", "AREALAND": 22229894 }, "geometry": { "type": "Polygon", "coordinates": [ [ [ -89.906978, 35.078254 ], [ -89.906888, 35.077907 ], [ -89.90685, 35.077759 ], [ -89.906608, 35.076816 ], [ -89.906605, 35.076804 ], [ -89.906581, 35.076714 ], [ -89.906569, 35.076698 ], [ -89.906568, 35.076665 ], [ -89.906557, 35.076622 ], [ -89.90655, 35.076596 ], [ -89.906542, 35.076565 ], [ -89.906393, 35.076594 ], [ -89.906273, 35.076639 ], [ -89.906189, 35.076661 ], [ -89.906071, 35.076709 ], [ -89.905774, 35.07686 ], [ -89.90562, 35.076929 ], [ -89.905585, 35.076951 ], [ -89.905437, 35.077028 ], [ -89.905358, 35.07706 ], [ -89.905075, 35.077161 ], [ -89.90492, 35.077183 ], [ -89.904796, 35.077221 ], [ -89.904627, 35.077262 ], [ -89.904503, 35.0773 ], [ -89.904309, 35.077382 ], [ -89.904228, 35.077409 ], [ -89.903978, 35.077479 ], [ -89.90394, 35.077497 ], [ -89.903819, 35.077538 ], [ -89.903611, 35.077595 ], [ -89.903482, 35.077647 ], [ -89.903182, 35.077795 ], [ -89.902458, 35.078053 ], [ -89.902436, 35.078063 ], [ -89.902341, 35.078103 ], [ -89.90222, 35.078144 ], [ -89.902052, 35.078187 ], [ -89.901886, 35.078205 ], [ -89.901834, 35.078211 ], [ -89.901746, 35.078217 ], [ -89.901571, 35.078217 ], [ -89.901484, 35.078229 ], [ -89.901357, 35.078254 ], [ -89.900948, 35.07839 ], [ -89.900873, 35.078423 ], [ -89.9008, 35.078464 ], [ -89.900644, 35.07853 ], [ -89.900428, 35.078652 ], [ -89.900289, 35.078741 ], [ -89.900258, 35.078762 ], [ -89.90018, 35.078794 ], [ -89.899936, 35.078944 ], [ -89.899871, 35.078991 ], [ -89.899832, 35.079009 ], [ -89.899801, 35.079033 ], [ -89.899748, 35.078981 ], [ -89.899568, 35.078844 ], [ -89.8992, 35.078706 ], [ -89.8989, 35.078646 ], [ -89.898492, 35.078514 ], [ -89.898318, 35.078388 ], [ -89.898277, 35.078367 ], [ -89.898132, 35.078294 ], [ -89.897798, 35.078206 ], [ -89.897584, 35.078041 ], [ -89.897443, 35.077959 ], [ -89.897303, 35.07786 ], [ -89.897116, 35.077789 ], [ -89.896682, 35.077744 ], [ -89.896495, 35.077629 ], [ -89.896462, 35.077574 ], [ -89.896214, 35.077398 ], [ -89.896041, 35.077365 ], [ -89.895807, 35.07736 ], [ -89.895526, 35.077332 ], [ -89.895052, 35.077162 ], [ -89.894798, 35.077002 ], [ -89.894638, 35.076871 ], [ -89.894418, 35.076783 ], [ -89.894144, 35.076717 ], [ -89.893803, 35.076744 ], [ -89.893641, 35.076769 ], [ -89.893529, 35.076788 ], [ -89.893353, 35.076796 ], [ -89.892964, 35.076855 ], [ -89.892836, 35.07683 ], [ -89.892752, 35.076809 ], [ -89.892623, 35.076784 ], [ -89.891967, 35.076782 ], [ -89.891919, 35.076782 ], [ -89.891743, 35.076771 ], [ -89.891611, 35.076767 ], [ -89.891349, 35.076744 ], [ -89.891085, 35.076731 ], [ -89.890866, 35.076713 ], [ -89.890611, 35.07666 ], [ -89.890589, 35.076653 ], [ -89.890528, 35.076636 ], [ -89.890373, 35.076569 ], [ -89.890263, 35.076509 ], [ -89.8902, 35.076459 ], [ -89.89009, 35.076348 ], [ -89.890019, 35.076258 ], [ -89.889995, 35.07619 ], [ -89.889842, 35.075894 ], [ -89.889815, 35.075826 ], [ -89.889645, 35.075498 ], [ -89.889486, 35.075287 ], [ -89.889391, 35.075127 ], [ -89.889357, 35.075062 ], [ -89.889316, 35.075 ], [ -89.889288, 35.074933 ], [ -89.889134, 35.074562 ], [ -89.889083, 35.07439 ], [ -89.888984, 35.074153 ], [ -89.888889, 35.073954 ], [ -89.888808, 35.073827 ], [ -89.888739, 35.073736 ], [ -89.888708, 35.073711 ], [ -89.88866, 35.073651 ], [ -89.888558, 35.073582 ], [ -89.888501, 35.073528 ], [ -89.888371, 35.073434 ], [ -89.888259, 35.073371 ], [ -89.888227, 35.073354 ], [ -89.888161, 35.073307 ], [ -89.888082, 35.073276 ], [ -89.887971, 35.073217 ], [ -89.887838, 35.073123 ], [ -89.887748, 35.073046 ], [ -89.887623, 35.0729 ], [ -89.887604, 35.072868 ], [ -89.887552, 35.07281 ], [ -89.88744, 35.072661 ], [ -89.887384, 35.072565 ], [ -89.887372, 35.072531 ], [ -89.887304, 35.072414 ], [ -89.887256, 35.07231 ], [ -89.887191, 35.072167 ], [ -89.887129, 35.071998 ], [ -89.887124, 35.071963 ], [ -89.887097, 35.071888 ], [ -89.887075, 35.071827 ], [ -89.887037, 35.071699 ], [ -89.887035, 35.07169 ], [ -89.887018, 35.071477 ], [ -89.887021, 35.071156 ], [ -89.887026, 35.071109 ], [ -89.887048, 35.070944 ], [ -89.88705, 35.070913 ], [ -89.887062, 35.070768 ], [ -89.887116, 35.070489 ], [ -89.887133, 35.07042 ], [ -89.887172, 35.070212 ], [ -89.887169, 35.070177 ], [ -89.887192, 35.070041 ], [ -89.887188, 35.070007 ], [ -89.887192, 35.069972 ], [ -89.887266, 35.069733 ], [ -89.887357, 35.069572 ], [ -89.887435, 35.069446 ], [ -89.887528, 35.069326 ], [ -89.887542, 35.069299 ], [ -89.88762, 35.069165 ], [ -89.887648, 35.069138 ], [ -89.887713, 35.069046 ], [ -89.887757, 35.068955 ], [ -89.887772, 35.068939 ], [ -89.88768, 35.068937 ], [ -89.88764, 35.068936 ], [ -89.887244, 35.068926 ], [ -89.887113, 35.068923 ], [ -89.886794, 35.068915 ], [ -89.886557, 35.06891 ], [ -89.885837, 35.06889 ], [ -89.885519, 35.068882 ], [ -89.885533, 35.068495 ], [ -89.885573, 35.067434 ], [ -89.885576, 35.067335 ], [ -89.885592, 35.066949 ], [ -89.885818, 35.066955 ], [ -89.885946, 35.066958 ], [ -89.886111, 35.066962 ], [ -89.886117, 35.066743 ], [ -89.886122, 35.066577 ], [ -89.886181, 35.066572 ], [ -89.886191, 35.06638 ], [ -89.886229, 35.066377 ], [ -89.886246, 35.066375 ], [ -89.886279, 35.065694 ], [ -89.886406, 35.064936 ], [ -89.886232, 35.064821 ], [ -89.886258, 35.06444 ], [ -89.886279, 35.063994 ], [ -89.887084, 35.064017 ], [ -89.887681, 35.063102 ], [ -89.88774, 35.062085 ], [ -89.887619, 35.062061 ], [ -89.887465, 35.062058 ], [ -89.886505, 35.062047 ], [ -89.886486, 35.062448 ], [ -89.885797, 35.062435 ], [ -89.885822, 35.061909 ], [ -89.886641, 35.061932 ], [ -89.886875, 35.061937 ], [ -89.88691, 35.061938 ], [ -89.886912, 35.061871 ], [ -89.886918, 35.061478 ], [ -89.88692, 35.061376 ], [ -89.886922, 35.061334 ], [ -89.886985, 35.061313 ], [ -89.887133, 35.061313 ], [ -89.887444, 35.061314 ], [ -89.88749, 35.061247 ], [ -89.887491, 35.061217 ], [ -89.887506, 35.060932 ], [ -89.887494, 35.060888 ], [ -89.887488, 35.060862 ], [ -89.887435, 35.060798 ], [ -89.887476, 35.0608 ], [ -89.8876, 35.060806 ], [ -89.887642, 35.060808 ], [ -89.887769, 35.060809 ], [ -89.887812, 35.060781 ], [ -89.887827, 35.060733 ], [ -89.887827, 35.060713 ], [ -89.88786, 35.05997 ], [ -89.88787, 35.059748 ], [ -89.887864, 35.059724 ], [ -89.887833, 35.059685 ], [ -89.8878, 35.059672 ], [ -89.887788, 35.059667 ], [ -89.887548, 35.059659 ], [ -89.887464, 35.059657 ], [ -89.887322, 35.059654 ], [ -89.886896, 35.059647 ], [ -89.886755, 35.059645 ], [ -89.88601, 35.059637 ], [ -89.885917, 35.059637 ], [ -89.885921, 35.059543 ], [ -89.885921, 35.059527 ], [ -89.885935, 35.059198 ], [ -89.885941, 35.059089 ], [ -89.885952, 35.058741 ], [ -89.885988, 35.0577 ], [ -89.885989, 35.057688 ], [ -89.885996, 35.057353 ], [ -89.88609, 35.057351 ], [ -89.886223, 35.057348 ], [ -89.886278, 35.057348 ], [ -89.886544, 35.057359 ], [ -89.886606, 35.057275 ], [ -89.886653, 35.054745 ], [ -89.887168, 35.054777 ], [ -89.888084, 35.054778 ], [ -89.888101, 35.054636 ], [ -89.888089, 35.054541 ], [ -89.888067, 35.054362 ], [ -89.888193, 35.053877 ], [ -89.889035, 35.052928 ], [ -89.889166, 35.052495 ], [ -89.889339, 35.052205 ], [ -89.887824, 35.052232 ], [ -89.887842, 35.0515 ], [ -89.887104, 35.051474 ], [ -89.887117, 35.051097 ], [ -89.886196, 35.051091 ], [ -89.886199, 35.050999 ], [ -89.886201, 35.050887 ], [ -89.886208, 35.050643 ], [ -89.886209, 35.050601 ], [ -89.88621, 35.050539 ], [ -89.886684, 35.050546 ], [ -89.886714, 35.050547 ], [ -89.886978, 35.050552 ], [ -89.888109, 35.050572 ], [ -89.888334, 35.050576 ], [ -89.888584, 35.050581 ], [ -89.888755, 35.050585 ], [ -89.889267, 35.050599 ], [ -89.889356, 35.050602 ], [ -89.889404, 35.050603 ], [ -89.889439, 35.050604 ], [ -89.889452, 35.050462 ], [ -89.889464, 35.050342 ], [ -89.88947, 35.050236 ], [ -89.889464, 35.050166 ], [ -89.889461, 35.050038 ], [ -89.88946, 35.049953 ], [ -89.889466, 35.049897 ], [ -89.889497, 35.049635 ], [ -89.889568, 35.049284 ], [ -89.889589, 35.049215 ], [ -89.889594, 35.04918 ], [ -89.889614, 35.049111 ], [ -89.889657, 35.048933 ], [ -89.889784, 35.048416 ], [ -89.889879, 35.047997 ], [ -89.88997, 35.047396 ], [ -89.890006, 35.047114 ], [ -89.890056, 35.046868 ], [ -89.890127, 35.046552 ], [ -89.89023, 35.046133 ], [ -89.890247, 35.046045 ], [ -89.890371, 35.045428 ], [ -89.890375, 35.045322 ], [ -89.890371, 35.045251 ], [ -89.890376, 35.04511 ], [ -89.890373, 35.045074 ], [ -89.89038, 35.044661 ], [ -89.890374, 35.044555 ], [ -89.890321, 35.04424 ], [ -89.890259, 35.043952 ], [ -89.890253, 35.043925 ], [ -89.890198, 35.043715 ], [ -89.890178, 35.043684 ], [ -89.890039, 35.043348 ], [ -89.889861, 35.042988 ], [ -89.889844, 35.042957 ], [ -89.889825, 35.042923 ], [ -89.8898, 35.042877 ], [ -89.889787, 35.042843 ], [ -89.889694, 35.042665 ], [ -89.889634, 35.042551 ], [ -89.889596, 35.042488 ], [ -89.889224, 35.041772 ], [ -89.889181, 35.041698 ], [ -89.88915, 35.041632 ], [ -89.888466, 35.040369 ], [ -89.888435, 35.040304 ], [ -89.888154, 35.039787 ], [ -89.887868, 35.039235 ], [ -89.887839, 35.039169 ], [ -89.887381, 35.03829 ], [ -89.88735, 35.038224 ], [ -89.887123, 35.037802 ], [ -89.886989, 35.037541 ], [ -89.886723, 35.037094 ], [ -89.886685, 35.03703 ], [ -89.886424, 35.036542 ], [ -89.886287, 35.036166 ], [ -89.8862, 35.03589 ], [ -89.886195, 35.035836 ], [ -89.886198, 35.035766 ], [ -89.886188, 35.035521 ], [ -89.886191, 35.035486 ], [ -89.886189, 35.035275 ], [ -89.886174, 35.035106 ], [ -89.88617, 35.035066 ], [ -89.886163, 35.035031 ], [ -89.886162, 35.034996 ], [ -89.886102, 35.034995 ], [ -89.886084, 35.034995 ], [ -89.885877, 35.034992 ], [ -89.885023, 35.034983 ], [ -89.884739, 35.03498 ], [ -89.884652, 35.034976 ], [ -89.884571, 35.034972 ], [ -89.883718, 35.034952 ], [ -89.883647, 35.03495 ], [ -89.883297, 35.034945 ], [ -89.881986, 35.03493 ], [ -89.87976, 35.034905 ], [ -89.87897, 35.034896 ], [ -89.877528, 35.034881 ], [ -89.877046, 35.034875 ], [ -89.875602, 35.034857 ], [ -89.875121, 35.034851 ], [ -89.874153, 35.034837 ], [ -89.873819, 35.034833 ], [ -89.873778, 35.034832 ], [ -89.871249, 35.034801 ], [ -89.870999, 35.034799 ], [ -89.870281, 35.034799 ], [ -89.869504, 35.034799 ], [ -89.868393, 35.0348 ], [ -89.867176, 35.034797 ], [ -89.866748, 35.034797 ], [ -89.866618, 35.034874 ], [ -89.866422, 35.034874 ], [ -89.866046, 35.034867 ], [ -89.865813, 35.034863 ], [ -89.864918, 35.034872 ], [ -89.864543, 35.034876 ], [ -89.864285, 35.03488 ], [ -89.863514, 35.034892 ], [ -89.863257, 35.034897 ], [ -89.863188, 35.034897 ], [ -89.862982, 35.034899 ], [ -89.862914, 35.0349 ], [ -89.862478, 35.034904 ], [ -89.86117, 35.034915 ], [ -89.860735, 35.03492 ], [ -89.860538, 35.034923 ], [ -89.859946, 35.034933 ], [ -89.85975, 35.034937 ], [ -89.859549, 35.034939 ], [ -89.858948, 35.034947 ], [ -89.858748, 35.03495 ], [ -89.858273, 35.034955 ], [ -89.856848, 35.034969 ], [ -89.856374, 35.034975 ], [ -89.856294, 35.034975 ], [ -89.856053, 35.034978 ], [ -89.855974, 35.034979 ], [ -89.855627, 35.03498 ], [ -89.854588, 35.034985 ], [ -89.854242, 35.034988 ], [ -89.853904, 35.034988 ], [ -89.853794, 35.034988 ], [ -89.852892, 35.034983 ], [ -89.852555, 35.034982 ], [ -89.852356, 35.034981 ], [ -89.851762, 35.034981 ], [ -89.851564, 35.034981 ], [ -89.851391, 35.034981 ], [ -89.850876, 35.034981 ], [ -89.850704, 35.034981 ], [ -89.8505, 35.03498 ], [ -89.849888, 35.034977 ], [ -89.849685, 35.034976 ], [ -89.849264, 35.034976 ], [ -89.848002, 35.034976 ], [ -89.84775, 35.034977 ], [ -89.847675, 35.034977 ], [ -89.847582, 35.034977 ], [ -89.847596, 35.034861 ], [ -89.847641, 35.034472 ], [ -89.847652, 35.034375 ], [ -89.845533, 35.034351 ], [ -89.845487, 35.034962 ], [ -89.845049, 35.03496 ], [ -89.844662, 35.034957 ], [ -89.843527, 35.034951 ], [ -89.843501, 35.03495 ], [ -89.843115, 35.034949 ], [ -89.84288, 35.034946 ], [ -89.842175, 35.034937 ], [ -89.841941, 35.034934 ], [ -89.841799, 35.034932 ], [ -89.841373, 35.034926 ], [ -89.841341, 35.034926 ], [ -89.841232, 35.034927 ], [ -89.840953, 35.03493 ], [ -89.840739, 35.034933 ], [ -89.84012, 35.034966 ], [ -89.839843, 35.034982 ], [ -89.839636, 35.034993 ], [ -89.839108, 35.035021 ], [ -89.838942, 35.035031 ], [ -89.838584, 35.03503 ], [ -89.838365, 35.035014 ], [ -89.837257, 35.034935 ], [ -89.836903, 35.034924 ], [ -89.836849, 35.034923 ], [ -89.836168, 35.034933 ], [ -89.836106, 35.034933 ], [ -89.835921, 35.034935 ], [ -89.83586, 35.034937 ], [ -89.835645, 35.034938 ], [ -89.835, 35.034941 ], [ -89.834786, 35.034943 ], [ -89.834079, 35.034949 ], [ -89.832966, 35.03496 ], [ -89.831958, 35.034969 ], [ -89.831415, 35.034974 ], [ -89.831352, 35.034975 ], [ -89.831252, 35.034976 ], [ -89.831252, 35.035471 ], [ -89.831252, 35.036081 ], [ -89.831251, 35.036956 ], [ -89.831251, 35.037452 ], [ -89.831251, 35.037663 ], [ -89.831251, 35.038296 ], [ -89.831251, 35.038507 ], [ -89.83125, 35.039055 ], [ -89.831249, 35.039859 ], [ -89.831234, 35.040414 ], [ -89.831211, 35.040668 ], [ -89.831208, 35.040701 ], [ -89.831159, 35.041248 ], [ -89.831141, 35.041398 ], [ -89.831025, 35.042133 ], [ -89.830698, 35.044218 ], [ -89.830607, 35.044786 ], [ -89.830468, 35.045671 ], [ -89.830461, 35.045724 ], [ -89.830421, 35.045976 ], [ -89.830276, 35.046892 ], [ -89.830228, 35.047198 ], [ -89.830165, 35.047593 ], [ -89.829977, 35.048781 ], [ -89.829934, 35.049055 ], [ -89.829915, 35.049177 ], [ -89.830011, 35.04918 ], [ -89.830092, 35.049182 ], [ -89.830072, 35.049305 ], [ -89.829819, 35.050878 ], [ -89.829723, 35.051494 ], [ -89.829623, 35.052225 ], [ -89.829446, 35.053437 ], [ -89.829303, 35.054319 ], [ -89.829267, 35.054506 ], [ -89.82923, 35.054634 ], [ -89.829195, 35.054723 ], [ -89.829176, 35.054804 ], [ -89.829155, 35.054882 ], [ -89.829069, 35.05518 ], [ -89.828951, 35.055485 ], [ -89.82886, 35.055691 ], [ -89.828827, 35.055766 ], [ -89.828671, 35.056036 ], [ -89.828514, 35.056275 ], [ -89.828467, 35.056338 ], [ -89.828758, 35.056522 ], [ -89.828818, 35.056573 ], [ -89.829092, 35.056751 ], [ -89.829372, 35.056925 ], [ -89.829529, 35.057049 ], [ -89.829582, 35.057108 ], [ -89.829823, 35.057196 ], [ -89.830152, 35.057383 ], [ -89.830508, 35.057585 ], [ -89.830642, 35.057677 ], [ -89.830962, 35.057865 ], [ -89.831483, 35.058189 ], [ -89.831555, 35.05823 ], [ -89.831687, 35.058295 ], [ -89.831758, 35.058337 ], [ -89.831787, 35.058364 ], [ -89.831827, 35.058428 ], [ -89.831856, 35.058452 ], [ -89.831896, 35.058467 ], [ -89.832009, 35.058523 ], [ -89.832296, 35.058686 ], [ -89.832326, 35.058713 ], [ -89.832356, 35.058753 ], [ -89.832395, 35.05877 ], [ -89.832607, 35.058899 ], [ -89.832752, 35.058979 ], [ -89.832819, 35.059025 ], [ -89.832947, 35.059122 ], [ -89.833475, 35.059441 ], [ -89.833711, 35.0596 ], [ -89.83382, 35.05966 ], [ -89.83399, 35.059772 ], [ -89.83417, 35.059875 ], [ -89.834274, 35.059941 ], [ -89.834316, 35.059982 ], [ -89.83436, 35.059985 ], [ -89.834403, 35.059994 ], [ -89.834443, 35.060009 ], [ -89.834479, 35.06003 ], [ -89.834507, 35.060058 ], [ -89.834634, 35.060156 ], [ -89.834734, 35.060224 ], [ -89.834943, 35.060356 ], [ -89.835062, 35.060401 ], [ -89.835095, 35.060424 ], [ -89.83521, 35.060538 ], [ -89.835251, 35.060552 ], [ -89.835319, 35.060597 ], [ -89.835511, 35.060684 ], [ -89.835643, 35.060763 ], [ -89.835653, 35.060769 ], [ -89.836054, 35.06099 ], [ -89.836187, 35.061084 ], [ -89.836222, 35.061128 ], [ -89.836266, 35.061133 ], [ -89.836308, 35.061145 ], [ -89.836346, 35.061163 ], [ -89.836543, 35.061304 ], [ -89.836644, 35.061371 ], [ -89.83668, 35.061391 ], [ -89.836903, 35.061565 ], [ -89.837037, 35.06165 ], [ -89.837178, 35.06174 ], [ -89.837275, 35.061812 ], [ -89.83733, 35.061868 ], [ -89.837368, 35.061886 ], [ -89.837441, 35.061938 ], [ -89.837607, 35.062056 ], [ -89.837697, 35.062121 ], [ -89.837767, 35.062163 ], [ -89.837799, 35.062187 ], [ -89.837849, 35.062215 ], [ -89.837907, 35.062248 ], [ -89.838134, 35.062366 ], [ -89.838167, 35.062383 ], [ -89.8382, 35.062406 ], [ -89.83823, 35.062433 ], [ -89.838302, 35.062482 ], [ -89.838464, 35.062594 ], [ -89.838589, 35.062694 ], [ -89.838656, 35.06274 ], [ -89.838881, 35.062852 ], [ -89.839058, 35.062957 ], [ -89.83924, 35.063057 ], [ -89.839308, 35.063101 ], [ -89.839337, 35.063122 ], [ -89.839469, 35.06322 ], [ -89.839614, 35.063301 ], [ -89.839717, 35.063366 ], [ -89.839793, 35.063402 ], [ -89.839851, 35.063447 ], [ -89.840142, 35.063608 ], [ -89.840278, 35.063698 ], [ -89.840406, 35.063776 ], [ -89.84047, 35.063823 ], [ -89.840543, 35.063863 ], [ -89.840645, 35.06393 ], [ -89.840684, 35.063947 ], [ -89.840719, 35.063968 ], [ -89.840747, 35.063995 ], [ -89.840939, 35.064084 ], [ -89.841049, 35.064143 ], [ -89.841112, 35.064192 ], [ -89.84119, 35.064225 ], [ -89.84157, 35.064463 ], [ -89.841701, 35.064558 ], [ -89.841844, 35.064638 ], [ -89.841947, 35.064704 ], [ -89.841985, 35.064721 ], [ -89.842056, 35.064761 ], [ -89.842168, 35.064817 ], [ -89.842343, 35.064924 ], [ -89.84242, 35.064959 ], [ -89.842473, 35.064996 ], [ -89.842485, 35.065005 ], [ -89.84264, 35.065071 ], [ -89.842788, 35.065146 ], [ -89.842905, 35.065195 ], [ -89.843181, 35.065302 ], [ -89.843257, 35.065337 ], [ -89.843376, 35.065383 ], [ -89.843602, 35.065459 ], [ -89.843701, 35.065493 ], [ -89.843739, 35.065511 ], [ -89.84378, 35.065524 ], [ -89.843812, 35.065533 ], [ -89.843986, 35.065585 ], [ -89.844148, 35.065639 ], [ -89.844271, 35.065675 ], [ -89.84435, 35.065704 ], [ -89.844504, 35.065771 ], [ -89.844539, 35.065792 ], [ -89.8451, 35.066001 ], [ -89.845306, 35.066061 ], [ -89.845419, 35.066116 ], [ -89.845655, 35.066211 ], [ -89.845731, 35.066245 ], [ -89.845892, 35.066303 ], [ -89.846188, 35.066393 ], [ -89.846302, 35.066428 ], [ -89.846581, 35.066531 ], [ -89.846733, 35.066601 ], [ -89.846881, 35.066677 ], [ -89.847145, 35.066802 ], [ -89.847302, 35.066868 ], [ -89.847502, 35.066943 ], [ -89.847691, 35.067032 ], [ -89.848294, 35.067249 ], [ -89.848411, 35.067298 ], [ -89.848491, 35.067327 ], [ -89.848534, 35.067334 ], [ -89.848657, 35.067372 ], [ -89.848754, 35.067418 ], [ -89.848958, 35.067487 ], [ -89.849037, 35.067518 ], [ -89.849298, 35.067647 ], [ -89.849376, 35.067678 ], [ -89.8495, 35.067715 ], [ -89.849877, 35.067811 ], [ -89.849957, 35.06784 ], [ -89.850086, 35.067908 ], [ -89.850367, 35.068011 ], [ -89.851245, 35.068344 ], [ -89.851486, 35.068432 ], [ -89.851728, 35.068515 ], [ -89.851804, 35.068549 ], [ -89.852249, 35.068703 ], [ -89.852409, 35.068765 ], [ -89.852518, 35.068801 ], [ -89.852678, 35.068856 ], [ -89.852791, 35.06891 ], [ -89.853063, 35.069031 ], [ -89.853286, 35.069143 ], [ -89.853354, 35.069186 ], [ -89.853506, 35.069257 ], [ -89.853576, 35.069298 ], [ -89.853802, 35.069407 ], [ -89.853853, 35.069428 ], [ -89.853999, 35.069488 ], [ -89.854112, 35.069542 ], [ -89.854147, 35.069563 ], [ -89.854428, 35.069667 ], [ -89.854542, 35.069719 ], [ -89.854576, 35.069741 ], [ -89.854853, 35.06985 ], [ -89.854964, 35.069906 ], [ -89.855042, 35.069938 ], [ -89.855115, 35.069977 ], [ -89.855278, 35.070027 ], [ -89.855689, 35.070143 ], [ -89.855889, 35.070214 ], [ -89.855998, 35.070264 ], [ -89.856068, 35.070306 ], [ -89.856348, 35.070539 ], [ -89.856437, 35.070613 ], [ -89.856529, 35.07069 ], [ -89.856609, 35.070775 ], [ -89.856641, 35.070799 ], [ -89.856712, 35.070841 ], [ -89.8568, 35.070907 ], [ -89.856905, 35.070986 ], [ -89.857017, 35.071044 ], [ -89.85708, 35.071094 ], [ -89.857216, 35.071183 ], [ -89.857399, 35.071337 ], [ -89.857463, 35.071386 ], [ -89.857535, 35.071427 ], [ -89.857612, 35.071514 ], [ -89.857716, 35.07158 ], [ -89.857825, 35.07166 ], [ -89.857978, 35.071772 ], [ -89.858171, 35.071858 ], [ -89.858369, 35.071937 ], [ -89.858492, 35.071976 ], [ -89.85893, 35.072146 ], [ -89.859087, 35.072212 ], [ -89.859197, 35.072271 ], [ -89.859374, 35.072378 ], [ -89.85968, 35.07252 ], [ -89.859786, 35.072556 ], [ -89.859829, 35.072565 ], [ -89.859909, 35.072593 ], [ -89.859992, 35.072616 ], [ -89.860078, 35.072631 ], [ -89.860162, 35.072652 ], [ -89.860448, 35.07274 ], [ -89.860574, 35.072772 ], [ -89.860614, 35.072787 ], [ -89.860658, 35.072791 ], [ -89.860743, 35.072807 ], [ -89.861036, 35.072879 ], [ -89.861122, 35.07289 ], [ -89.861409, 35.072951 ], [ -89.861674, 35.073008 ], [ -89.861798, 35.073045 ], [ -89.862115, 35.073167 ], [ -89.862266, 35.073239 ], [ -89.862306, 35.073253 ], [ -89.862418, 35.073308 ], [ -89.862452, 35.073331 ], [ -89.862568, 35.07338 ], [ -89.862604, 35.07339 ], [ -89.862688, 35.073423 ], [ -89.862771, 35.073455 ], [ -89.862925, 35.073514 ], [ -89.863008, 35.073537 ], [ -89.863261, 35.073595 ], [ -89.863539, 35.073668 ], [ -89.864183, 35.073838 ], [ -89.864469, 35.073929 ], [ -89.864752, 35.074027 ], [ -89.865, 35.074101 ], [ -89.865376, 35.074206 ], [ -89.865698, 35.07432 ], [ -89.865812, 35.074372 ], [ -89.865905, 35.074428 ], [ -89.865999, 35.074503 ], [ -89.86605, 35.074561 ], [ -89.866115, 35.074609 ], [ -89.866254, 35.074696 ], [ -89.866288, 35.074718 ], [ -89.866475, 35.074812 ], [ -89.866756, 35.074982 ], [ -89.86683, 35.07502 ], [ -89.866882, 35.075034 ], [ -89.867056, 35.075058 ], [ -89.86714, 35.075082 ], [ -89.86718, 35.075093 ], [ -89.8673, 35.075138 ], [ -89.867407, 35.075198 ], [ -89.867508, 35.075266 ], [ -89.867648, 35.075352 ], [ -89.867782, 35.075444 ], [ -89.867846, 35.075493 ], [ -89.867874, 35.07552 ], [ -89.868008, 35.075584 ], [ -89.868026, 35.075593 ], [ -89.868175, 35.075652 ], [ -89.868457, 35.075754 ], [ -89.868786, 35.075854 ], [ -89.868866, 35.075884 ], [ -89.868979, 35.075938 ], [ -89.869118, 35.076026 ], [ -89.869183, 35.076074 ], [ -89.869249, 35.076167 ], [ -89.869336, 35.076246 ], [ -89.86943, 35.07632 ], [ -89.869495, 35.076366 ], [ -89.869601, 35.07643 ], [ -89.869623, 35.076461 ], [ -89.869655, 35.076485 ], [ -89.86973, 35.076523 ], [ -89.869838, 35.076585 ], [ -89.869876, 35.076602 ], [ -89.869999, 35.076642 ], [ -89.870036, 35.076661 ], [ -89.870076, 35.076676 ], [ -89.870501, 35.07677 ], [ -89.870702, 35.076849 ], [ -89.870778, 35.076879 ], [ -89.870849, 35.076921 ], [ -89.870915, 35.076968 ], [ -89.870953, 35.076986 ], [ -89.871055, 35.077054 ], [ -89.871124, 35.077145 ], [ -89.871289, 35.077312 ], [ -89.871319, 35.077338 ], [ -89.871386, 35.077384 ], [ -89.871415, 35.07741 ], [ -89.871494, 35.077455 ], [ -89.871523, 35.077472 ], [ -89.871676, 35.077542 ], [ -89.872073, 35.077697 ], [ -89.872146, 35.077736 ], [ -89.872262, 35.077788 ], [ -89.872297, 35.077808 ], [ -89.872323, 35.077838 ], [ -89.872389, 35.077884 ], [ -89.872474, 35.077964 ], [ -89.872511, 35.077984 ], [ -89.872544, 35.078008 ], [ -89.872674, 35.07815 ], [ -89.872708, 35.078172 ], [ -89.872786, 35.078206 ], [ -89.872996, 35.07826 ], [ -89.873216, 35.07826 ], [ -89.873435, 35.078237 ], [ -89.873566, 35.07825 ], [ -89.873738, 35.078278 ], [ -89.873822, 35.0783 ], [ -89.874023, 35.078372 ], [ -89.8741, 35.078406 ], [ -89.874162, 35.078457 ], [ -89.874214, 35.078514 ], [ -89.874347, 35.07874 ], [ -89.874376, 35.078807 ], [ -89.874395, 35.078839 ], [ -89.874508, 35.078948 ], [ -89.874601, 35.079024 ], [ -89.874678, 35.079059 ], [ -89.874707, 35.079086 ], [ -89.874777, 35.079129 ], [ -89.874851, 35.079167 ], [ -89.874883, 35.079191 ], [ -89.874999, 35.079244 ], [ -89.875122, 35.07931 ], [ -89.875182, 35.079342 ], [ -89.875411, 35.079448 ], [ -89.875522, 35.079507 ], [ -89.87579, 35.079628 ], [ -89.875831, 35.079641 ], [ -89.875909, 35.079675 ], [ -89.876131, 35.07979 ], [ -89.876272, 35.079875 ], [ -89.876497, 35.079988 ], [ -89.876632, 35.080079 ], [ -89.876662, 35.080105 ], [ -89.876828, 35.080221 ], [ -89.876923, 35.080295 ], [ -89.877163, 35.080451 ], [ -89.877241, 35.080485 ], [ -89.877442, 35.080559 ], [ -89.877766, 35.080671 ], [ -89.878114, 35.080821 ], [ -89.878296, 35.080922 ], [ -89.878434, 35.08101 ], [ -89.878498, 35.081059 ], [ -89.878668, 35.081172 ], [ -89.878818, 35.081302 ], [ -89.878979, 35.081424 ], [ -89.879054, 35.081462 ], [ -89.879197, 35.081544 ], [ -89.879744, 35.081777 ], [ -89.879946, 35.081847 ], [ -89.880024, 35.081881 ], [ -89.880249, 35.081993 ], [ -89.88047, 35.08211 ], [ -89.880614, 35.082191 ], [ -89.880798, 35.082288 ], [ -89.880911, 35.082342 ], [ -89.881298, 35.082508 ], [ -89.881379, 35.082535 ], [ -89.881463, 35.082553 ], [ -89.881961, 35.082688 ], [ -89.88233, 35.082798 ], [ -89.882452, 35.082838 ], [ -89.88249, 35.082857 ], [ -89.88261, 35.082901 ], [ -89.882652, 35.082908 ], [ -89.882812, 35.082966 ], [ -89.88291, 35.082996 ], [ -89.883279, 35.083112 ], [ -89.883321, 35.083122 ], [ -89.883886, 35.083173 ], [ -89.884276, 35.083236 ], [ -89.884583, 35.083257 ], [ -89.884759, 35.083261 ], [ -89.88497, 35.08331 ], [ -89.885056, 35.083326 ], [ -89.885144, 35.083332 ], [ -89.885187, 35.083325 ], [ -89.885274, 35.083323 ], [ -89.885318, 35.083318 ], [ -89.88536, 35.083308 ], [ -89.885552, 35.083227 ], [ -89.885586, 35.083204 ], [ -89.885644, 35.083154 ], [ -89.885832, 35.083063 ], [ -89.886, 35.083019 ], [ -89.886044, 35.083016 ], [ -89.886175, 35.083024 ], [ -89.886393, 35.083051 ], [ -89.886653, 35.083092 ], [ -89.886829, 35.083102 ], [ -89.88693, 35.08309 ], [ -89.887441, 35.083033 ], [ -89.887706, 35.083034 ], [ -89.888133, 35.082942 ], [ -89.88822, 35.082935 ], [ -89.88848, 35.082895 ], [ -89.88865, 35.082858 ], [ -89.888741, 35.082844 ], [ -89.889037, 35.082772 ], [ -89.889189, 35.082742 ], [ -89.889231, 35.082732 ], [ -89.889477, 35.082652 ], [ -89.889594, 35.082602 ], [ -89.889761, 35.082555 ], [ -89.890021, 35.082513 ], [ -89.890108, 35.082502 ], [ -89.890325, 35.082466 ], [ -89.890367, 35.082456 ], [ -89.890525, 35.082393 ], [ -89.890686, 35.082334 ], [ -89.890724, 35.082315 ], [ -89.890853, 35.082218 ], [ -89.890992, 35.082145 ], [ -89.891045, 35.082124 ], [ -89.891077, 35.082144 ], [ -89.891227, 35.082239 ], [ -89.89141, 35.082355 ], [ -89.891962, 35.082703 ], [ -89.892146, 35.082819 ], [ -89.892311, 35.082924 ], [ -89.892808, 35.083241 ], [ -89.892974, 35.083347 ], [ -89.893341, 35.083262 ], [ -89.893436, 35.083235 ], [ -89.894247, 35.083009 ], [ -89.894806, 35.082835 ], [ -89.89491, 35.082804 ], [ -89.895258, 35.082686 ], [ -89.895475, 35.082613 ], [ -89.895695, 35.082538 ], [ -89.89621, 35.082364 ], [ -89.896997, 35.082064 ], [ -89.897429, 35.0819 ], [ -89.898584, 35.081452 ], [ -89.90205, 35.080108 ], [ -89.902534, 35.079921 ], [ -89.902731, 35.079845 ], [ -89.902887, 35.079784 ], [ -89.903206, 35.07966 ], [ -89.903285, 35.079629 ], [ -89.903524, 35.079535 ], [ -89.903604, 35.079505 ], [ -89.904273, 35.079237 ], [ -89.90442, 35.079179 ], [ -89.905088, 35.078914 ], [ -89.90619, 35.0785 ], [ -89.90629, 35.078467 ], [ -89.906805, 35.078297 ], [ -89.906978, 35.078254 ] ] ] } },
{ "type": "Feature", "properties": { "GEOID": "38120", "ZCTA5": "38120", "AREALAND": 24930827 }, "geometry": { "type": "Polygon", "coordinates": [ [ [ -89.888402, 35.141643 ], [ -89.888405, 35.141525 ], [ -89.888377, 35.141389 ], [ -89.888315, 35.141262 ], [ -89.88823, 35.141166 ], [ -89.888092, 35.141053 ], [ -89.887909, 35.140958 ], [ -89.887861, 35.140931 ], [ -89.887581, 35.140775 ], [ -89.887469, 35.140692 ], [ -89.887424, 35.140645 ], [ -89.88736, 35.140579 ], [ -89.887322, 35.140532 ], [ -89.887162, 35.140545 ], [ -89.886733, 35.140542 ], [ -89.886636, 35.140481 ], [ -89.886529, 35.140414 ], [ -89.885742, 35.140393 ], [ -89.885747, 35.139972 ], [ -89.885751, 35.139651 ], [ -89.885779, 35.139206 ], [ -89.886047, 35.138835 ], [ -89.885991, 35.138835 ], [ -89.885773, 35.138633 ], [ -89.886456, 35.13865 ], [ -89.887035, 35.138664 ], [ -89.887042, 35.138489 ], [ -89.887053, 35.138221 ], [ -89.886711, 35.138217 ], [ -89.886447, 35.138214 ], [ -89.885688, 35.138202 ], [ -89.885459, 35.138199 ], [ -89.885564, 35.135527 ], [ -89.886226, 35.135531 ], [ -89.88654, 35.135533 ], [ -89.887151, 35.135537 ], [ -89.887163, 35.135246 ], [ -89.887192, 35.134588 ], [ -89.887197, 35.134373 ], [ -89.887205, 35.134083 ], [ -89.887209, 35.133983 ], [ -89.887222, 35.133685 ], [ -89.887227, 35.133586 ], [ -89.887235, 35.133356 ], [ -89.887261, 35.132667 ], [ -89.88727, 35.132438 ], [ -89.887275, 35.1323 ], [ -89.887294, 35.131889 ], [ -89.8873, 35.131752 ], [ -89.887311, 35.131493 ], [ -89.887317, 35.13135 ], [ -89.887348, 35.130719 ], [ -89.887361, 35.130461 ], [ -89.887369, 35.130237 ], [ -89.887395, 35.129565 ], [ -89.887405, 35.129342 ], [ -89.887415, 35.129092 ], [ -89.887444, 35.128409 ], [ -89.887446, 35.128342 ], [ -89.887457, 35.128093 ], [ -89.887474, 35.127676 ], [ -89.887484, 35.127436 ], [ -89.887525, 35.126427 ], [ -89.887543, 35.126011 ], [ -89.887549, 35.125823 ], [ -89.887562, 35.125488 ], [ -89.88711, 35.125493 ], [ -89.884369, 35.125009 ], [ -89.884377, 35.1249 ], [ -89.884404, 35.12451 ], [ -89.884426, 35.124206 ], [ -89.88444, 35.12401 ], [ -89.88473, 35.124059 ], [ -89.886823, 35.12441 ], [ -89.886837, 35.124184 ], [ -89.886862, 35.123791 ], [ -89.887052, 35.123828 ], [ -89.887175, 35.123852 ], [ -89.887626, 35.123927 ], [ -89.887636, 35.123642 ], [ -89.887668, 35.12279 ], [ -89.88768, 35.122506 ], [ -89.887688, 35.122305 ], [ -89.887711, 35.121705 ], [ -89.88772, 35.121506 ], [ -89.887722, 35.121436 ], [ -89.88773, 35.121229 ], [ -89.887734, 35.121161 ], [ -89.887758, 35.120599 ], [ -89.887787, 35.119903 ], [ -89.887794, 35.119731 ], [ -89.887828, 35.118899 ], [ -89.88783, 35.118837 ], [ -89.887838, 35.118653 ], [ -89.887841, 35.118592 ], [ -89.887852, 35.118309 ], [ -89.887885, 35.117459 ], [ -89.887897, 35.117177 ], [ -89.887899, 35.117124 ], [ -89.887906, 35.116968 ], [ -89.887909, 35.116916 ], [ -89.887912, 35.116848 ], [ -89.887922, 35.116646 ], [ -89.887926, 35.116579 ], [ -89.887931, 35.116454 ], [ -89.887946, 35.116081 ], [ -89.887952, 35.115957 ], [ -89.88796, 35.115752 ], [ -89.887964, 35.115639 ], [ -89.886914, 35.115242 ], [ -89.886883, 35.11523 ], [ -89.887056, 35.110884 ], [ -89.88745, 35.110243 ], [ -89.887122, 35.110106 ], [ -89.887056, 35.110079 ], [ -89.886864, 35.109987 ], [ -89.886689, 35.109876 ], [ -89.886527, 35.109744 ], [ -89.886371, 35.10958 ], [ -89.886305, 35.109482 ], [ -89.886262, 35.109361 ], [ -89.886238, 35.109177 ], [ -89.88624, 35.109127 ], [ -89.886259, 35.108989 ], [ -89.886301, 35.108864 ], [ -89.886434, 35.108646 ], [ -89.886442, 35.108635 ], [ -89.886689, 35.1083 ], [ -89.886205, 35.108101 ], [ -89.886128, 35.108069 ], [ -89.885752, 35.107928 ], [ -89.885027, 35.107692 ], [ -89.88472, 35.107602 ], [ -89.884686, 35.107593 ], [ -89.884214, 35.107474 ], [ -89.884092, 35.107443 ], [ -89.883824, 35.107376 ], [ -89.883749, 35.107357 ], [ -89.883726, 35.107351 ], [ -89.883604, 35.107321 ], [ -89.883483, 35.107643 ], [ -89.883417, 35.10782 ], [ -89.883321, 35.108183 ], [ -89.883268, 35.108649 ], [ -89.883254, 35.108991 ], [ -89.882834, 35.108985 ], [ -89.881834, 35.108973 ], [ -89.881575, 35.108961 ], [ -89.881156, 35.108944 ], [ -89.881164, 35.108883 ], [ -89.881188, 35.108703 ], [ -89.881197, 35.108644 ], [ -89.881289, 35.108352 ], [ -89.881478, 35.107813 ], [ -89.88182, 35.106875 ], [ -89.880015, 35.106423 ], [ -89.879897, 35.106394 ], [ -89.879619, 35.106325 ], [ -89.879567, 35.107204 ], [ -89.879441, 35.107202 ], [ -89.879136, 35.107196 ], [ -89.8787, 35.107188 ], [ -89.878662, 35.108105 ], [ -89.878251, 35.108102 ], [ -89.878284, 35.106878 ], [ -89.877717, 35.106748 ], [ -89.877717, 35.10629 ], [ -89.87717, 35.106286 ], [ -89.877185, 35.10609 ], [ -89.877207, 35.105822 ], [ -89.877227, 35.105725 ], [ -89.877012, 35.105672 ], [ -89.87637, 35.105513 ], [ -89.876156, 35.10546 ], [ -89.87595, 35.105408 ], [ -89.875913, 35.105398 ], [ -89.875705, 35.105346 ], [ -89.875187, 35.105215 ], [ -89.874946, 35.105154 ], [ -89.874806, 35.105152 ], [ -89.874689, 35.105135 ], [ -89.873926, 35.104956 ], [ -89.873673, 35.104897 ], [ -89.873451, 35.104855 ], [ -89.8733, 35.104827 ], [ -89.872876, 35.104734 ], [ -89.872793, 35.10471 ], [ -89.872577, 35.104649 ], [ -89.871879, 35.104491 ], [ -89.870709, 35.104229 ], [ -89.870585, 35.104201 ], [ -89.870485, 35.104178 ], [ -89.870221, 35.104117 ], [ -89.870018, 35.10407 ], [ -89.869899, 35.104047 ], [ -89.869346, 35.103929 ], [ -89.868787, 35.103828 ], [ -89.866915, 35.103426 ], [ -89.866106, 35.103225 ], [ -89.865292, 35.103036 ], [ -89.864643, 35.102907 ], [ -89.864195, 35.102814 ], [ -89.863651, 35.102727 ], [ -89.863536, 35.103306 ], [ -89.863516, 35.103574 ], [ -89.863515, 35.103742 ], [ -89.863536, 35.103901 ], [ -89.863594, 35.104083 ], [ -89.863666, 35.104258 ], [ -89.863845, 35.104694 ], [ -89.863909, 35.104875 ], [ -89.864062, 35.105239 ], [ -89.864114, 35.105426 ], [ -89.864139, 35.105595 ], [ -89.864134, 35.106148 ], [ -89.864143, 35.106503 ], [ -89.863749, 35.106523 ], [ -89.862955, 35.106564 ], [ -89.862904, 35.106567 ], [ -89.862115, 35.10656 ], [ -89.861132, 35.106552 ], [ -89.860806, 35.10654 ], [ -89.86049, 35.106493 ], [ -89.859776, 35.106308 ], [ -89.859638, 35.106273 ], [ -89.859387, 35.106235 ], [ -89.859184, 35.106217 ], [ -89.859117, 35.106211 ], [ -89.858997, 35.106217 ], [ -89.858722, 35.106248 ], [ -89.858334, 35.106292 ], [ -89.857799, 35.106371 ], [ -89.85711, 35.106473 ], [ -89.856929, 35.1065 ], [ -89.856645, 35.106529 ], [ -89.856462, 35.106538 ], [ -89.856146, 35.106519 ], [ -89.85594, 35.106489 ], [ -89.855621, 35.10641 ], [ -89.855335, 35.1063 ], [ -89.855122, 35.106186 ], [ -89.854905, 35.106049 ], [ -89.854788, 35.105947 ], [ -89.854645, 35.105823 ], [ -89.854465, 35.105617 ], [ -89.854447, 35.105596 ], [ -89.854289, 35.105339 ], [ -89.854202, 35.105132 ], [ -89.854138, 35.104886 ], [ -89.854118, 35.104487 ], [ -89.854128, 35.104325 ], [ -89.854201, 35.104114 ], [ -89.85429, 35.103912 ], [ -89.854351, 35.103797 ], [ -89.854391, 35.103724 ], [ -89.854947, 35.102898 ], [ -89.855227, 35.102482 ], [ -89.855372, 35.102202 ], [ -89.855466, 35.101904 ], [ -89.855493, 35.101821 ], [ -89.855532, 35.101679 ], [ -89.855643, 35.101295 ], [ -89.855671, 35.101197 ], [ -89.854916, 35.101054 ], [ -89.852651, 35.100627 ], [ -89.852087, 35.100521 ], [ -89.851897, 35.100482 ], [ -89.851232, 35.100355 ], [ -89.851103, 35.10033 ], [ -89.850685, 35.100254 ], [ -89.850466, 35.100215 ], [ -89.849232, 35.099987 ], [ -89.848565, 35.099865 ], [ -89.848275, 35.099811 ], [ -89.847406, 35.099654 ], [ -89.847116, 35.099601 ], [ -89.846976, 35.099576 ], [ -89.846556, 35.099502 ], [ -89.846417, 35.099478 ], [ -89.845572, 35.099319 ], [ -89.845466, 35.099294 ], [ -89.845464, 35.099325 ], [ -89.84546, 35.099417 ], [ -89.845449, 35.09954 ], [ -89.845457, 35.099768 ], [ -89.845493, 35.099926 ], [ -89.845507, 35.099965 ], [ -89.845595, 35.100216 ], [ -89.845639, 35.100405 ], [ -89.845636, 35.100508 ], [ -89.845636, 35.100543 ], [ -89.845615, 35.100675 ], [ -89.845554, 35.101062 ], [ -89.845554, 35.101229 ], [ -89.8456, 35.101497 ], [ -89.845625, 35.101667 ], [ -89.845623, 35.101814 ], [ -89.845613, 35.101855 ], [ -89.845547, 35.102136 ], [ -89.845502, 35.102328 ], [ -89.844248, 35.10225 ], [ -89.842611, 35.102149 ], [ -89.842599, 35.101789 ], [ -89.842626, 35.101686 ], [ -89.842639, 35.101427 ], [ -89.842639, 35.100599 ], [ -89.842641, 35.099502 ], [ -89.842642, 35.098796 ], [ -89.842355, 35.098749 ], [ -89.842224, 35.098725 ], [ -89.841924, 35.098657 ], [ -89.841906, 35.09882 ], [ -89.841893, 35.099079 ], [ -89.841874, 35.099464 ], [ -89.841855, 35.099857 ], [ -89.841843, 35.100117 ], [ -89.841301, 35.100106 ], [ -89.840787, 35.100096 ], [ -89.839678, 35.100098 ], [ -89.839137, 35.100099 ], [ -89.839144, 35.100221 ], [ -89.839157, 35.100291 ], [ -89.83922, 35.100626 ], [ -89.839291, 35.100857 ], [ -89.839349, 35.101043 ], [ -89.839213, 35.101085 ], [ -89.838804, 35.101211 ], [ -89.838669, 35.101254 ], [ -89.838512, 35.101298 ], [ -89.838323, 35.101352 ], [ -89.838087, 35.101409 ], [ -89.83804, 35.101416 ], [ -89.837966, 35.101429 ], [ -89.837879, 35.101433 ], [ -89.837772, 35.101434 ], [ -89.837451, 35.101437 ], [ -89.837345, 35.101439 ], [ -89.837254, 35.101439 ], [ -89.837009, 35.101442 ], [ -89.836983, 35.101442 ], [ -89.836893, 35.101444 ], [ -89.836721, 35.101444 ], [ -89.836449, 35.101446 ], [ -89.836205, 35.101432 ], [ -89.836068, 35.101425 ], [ -89.836065, 35.101791 ], [ -89.836046, 35.102455 ], [ -89.836044, 35.102554 ], [ -89.836034, 35.102971 ], [ -89.836031, 35.103106 ], [ -89.836023, 35.103413 ], [ -89.836016, 35.103727 ], [ -89.836009, 35.104009 ], [ -89.836002, 35.104284 ], [ -89.836002, 35.104309 ], [ -89.835995, 35.104562 ], [ -89.835995, 35.104587 ], [ -89.835992, 35.104789 ], [ -89.835988, 35.104847 ], [ -89.83534, 35.104843 ], [ -89.834419, 35.10484 ], [ -89.83441, 35.105141 ], [ -89.834385, 35.105848 ], [ -89.834387, 35.105881 ], [ -89.83438, 35.106177 ], [ -89.834375, 35.106254 ], [ -89.834357, 35.10665 ], [ -89.834355, 35.10671 ], [ -89.834354, 35.106731 ], [ -89.834346, 35.106998 ], [ -89.834344, 35.107086 ], [ -89.834336, 35.107361 ], [ -89.834334, 35.107402 ], [ -89.834333, 35.107448 ], [ -89.834323, 35.107784 ], [ -89.834325, 35.107853 ], [ -89.834315, 35.108113 ], [ -89.83431, 35.108368 ], [ -89.834301, 35.108557 ], [ -89.834297, 35.108779 ], [ -89.834288, 35.109067 ], [ -89.834277, 35.109473 ], [ -89.834266, 35.109823 ], [ -89.834255, 35.110168 ], [ -89.834243, 35.110503 ], [ -89.834229, 35.111013 ], [ -89.83422, 35.111285 ], [ -89.834205, 35.11185 ], [ -89.8342, 35.111978 ], [ -89.834148, 35.112006 ], [ -89.834142, 35.112362 ], [ -89.834131, 35.112988 ], [ -89.83411, 35.114222 ], [ -89.834107, 35.11439 ], [ -89.83413, 35.114393 ], [ -89.834219, 35.114391 ], [ -89.834182, 35.115777 ], [ -89.834233, 35.11603 ], [ -89.834247, 35.116162 ], [ -89.834421, 35.116195 ], [ -89.834381, 35.116338 ], [ -89.834274, 35.11642 ], [ -89.834177, 35.116431 ], [ -89.83408, 35.116442 ], [ -89.834, 35.116442 ], [ -89.833919, 35.116514 ], [ -89.833866, 35.116629 ], [ -89.833866, 35.116728 ], [ -89.833906, 35.116766 ], [ -89.834073, 35.11683 ], [ -89.834172, 35.116869 ], [ -89.834234, 35.116893 ], [ -89.834254, 35.116947 ], [ -89.834207, 35.116991 ], [ -89.83417, 35.117016 ], [ -89.83406, 35.11709 ], [ -89.833946, 35.117167 ], [ -89.833839, 35.117382 ], [ -89.833839, 35.117442 ], [ -89.833886, 35.117491 ], [ -89.833987, 35.117519 ], [ -89.834053, 35.117497 ], [ -89.834154, 35.117387 ], [ -89.834171, 35.117378 ], [ -89.834274, 35.117326 ], [ -89.834388, 35.117343 ], [ -89.834434, 35.117392 ], [ -89.834434, 35.117513 ], [ -89.834388, 35.117716 ], [ -89.834421, 35.117738 ], [ -89.834662, 35.117705 ], [ -89.834856, 35.117771 ], [ -89.834929, 35.117777 ], [ -89.835076, 35.117722 ], [ -89.83515, 35.117744 ], [ -89.83521, 35.117837 ], [ -89.835257, 35.117892 ], [ -89.835504, 35.117985 ], [ -89.835544, 35.11804 ], [ -89.835567, 35.118163 ], [ -89.835584, 35.118249 ], [ -89.835732, 35.118343 ], [ -89.835602, 35.118759 ], [ -89.835558, 35.118899 ], [ -89.835462, 35.1191 ], [ -89.835374, 35.119301 ], [ -89.835345, 35.119369 ], [ -89.835292, 35.11962 ], [ -89.835286, 35.119746 ], [ -89.835281, 35.119869 ], [ -89.835271, 35.119984 ], [ -89.835253, 35.120194 ], [ -89.83524, 35.120302 ], [ -89.835155, 35.120382 ], [ -89.835037, 35.120485 ], [ -89.83497, 35.120565 ], [ -89.834902, 35.12065 ], [ -89.834823, 35.120744 ], [ -89.834759, 35.120822 ], [ -89.834688, 35.120937 ], [ -89.834616, 35.121127 ], [ -89.834556, 35.121117 ], [ -89.834461, 35.121103 ], [ -89.834269, 35.121072 ], [ -89.834195, 35.121061 ], [ -89.834063, 35.121013 ], [ -89.833912, 35.120987 ], [ -89.833335, 35.120948 ], [ -89.8332, 35.120936 ], [ -89.832681, 35.120888 ], [ -89.83194, 35.120723 ], [ -89.831706, 35.120624 ], [ -89.83158, 35.12057 ], [ -89.831416, 35.120502 ], [ -89.831294, 35.120451 ], [ -89.83083, 35.120334 ], [ -89.830512, 35.120308 ], [ -89.830358, 35.120266 ], [ -89.829881, 35.120183 ], [ -89.829409, 35.120088 ], [ -89.829281, 35.120067 ], [ -89.828415, 35.119668 ], [ -89.827757, 35.119502 ], [ -89.827338, 35.119503 ], [ -89.826954, 35.119556 ], [ -89.82637, 35.119566 ], [ -89.825997, 35.11956 ], [ -89.825163, 35.119429 ], [ -89.824705, 35.119283 ], [ -89.824183, 35.119039 ], [ -89.823515, 35.118792 ], [ -89.823198, 35.118712 ], [ -89.822748, 35.118598 ], [ -89.822136, 35.118561 ], [ -89.821171, 35.118537 ], [ -89.820597, 35.11844 ], [ -89.820186, 35.11831 ], [ -89.819834, 35.118196 ], [ -89.819327, 35.118041 ], [ -89.819152, 35.117984 ], [ -89.818433, 35.11782 ], [ -89.817876, 35.1178 ], [ -89.817369, 35.117705 ], [ -89.816423, 35.117507 ], [ -89.815894, 35.117415 ], [ -89.815211, 35.117429 ], [ -89.814701, 35.117375 ], [ -89.814283, 35.117222 ], [ -89.813611, 35.117024 ], [ -89.812841, 35.116862 ], [ -89.81224, 35.116839 ], [ -89.811826, 35.116781 ], [ -89.811607, 35.116755 ], [ -89.811265, 35.116682 ], [ -89.810438, 35.116358 ], [ -89.80956, 35.116086 ], [ -89.808084, 35.115656 ], [ -89.807481, 35.115652 ], [ -89.806977, 35.115837 ], [ -89.806681, 35.116087 ], [ -89.806328, 35.116516 ], [ -89.806102, 35.116722 ], [ -89.805456, 35.116928 ], [ -89.804704, 35.117157 ], [ -89.8037, 35.117241 ], [ -89.803218, 35.117264 ], [ -89.803003, 35.117276 ], [ -89.802958, 35.11727 ], [ -89.802259, 35.117178 ], [ -89.801632, 35.117094 ], [ -89.801243, 35.117023 ], [ -89.801131, 35.116996 ], [ -89.800957, 35.116964 ], [ -89.800954, 35.116977 ], [ -89.800928, 35.117072 ], [ -89.800817, 35.117475 ], [ -89.800744, 35.117742 ], [ -89.800717, 35.117839 ], [ -89.800691, 35.117935 ], [ -89.800666, 35.118031 ], [ -89.800641, 35.118127 ], [ -89.800368, 35.119181 ], [ -89.800235, 35.119695 ], [ -89.80022, 35.11975 ], [ -89.800118, 35.120119 ], [ -89.799816, 35.121228 ], [ -89.799716, 35.121598 ], [ -89.7995, 35.122399 ], [ -89.798854, 35.124805 ], [ -89.798639, 35.125607 ], [ -89.79855, 35.125903 ], [ -89.79854, 35.12594 ], [ -89.798487, 35.126138 ], [ -89.798309, 35.126799 ], [ -89.798229, 35.127098 ], [ -89.798134, 35.127446 ], [ -89.798035, 35.127815 ], [ -89.79785, 35.128493 ], [ -89.797794, 35.128703 ], [ -89.797772, 35.128779 ], [ -89.797754, 35.128842 ], [ -89.797588, 35.129464 ], [ -89.797196, 35.130938 ], [ -89.797159, 35.131082 ], [ -89.797103, 35.131336 ], [ -89.797086, 35.131419 ], [ -89.797042, 35.131617 ], [ -89.797029, 35.13166 ], [ -89.797, 35.131848 ], [ -89.796985, 35.131913 ], [ -89.796981, 35.131927 ], [ -89.796971, 35.131967 ], [ -89.797074, 35.131989 ], [ -89.797127, 35.131996 ], [ -89.797135, 35.131942 ], [ -89.797152, 35.131879 ], [ -89.7972, 35.131888 ], [ -89.797234, 35.131895 ], [ -89.797709, 35.131978 ], [ -89.798013, 35.132034 ], [ -89.799578, 35.13232 ], [ -89.800807, 35.132531 ], [ -89.801161, 35.132585 ], [ -89.801766, 35.132639 ], [ -89.801945, 35.132655 ], [ -89.803709, 35.132747 ], [ -89.804463, 35.132787 ], [ -89.80505, 35.132814 ], [ -89.807064, 35.132917 ], [ -89.809593, 35.133046 ], [ -89.818728, 35.133511 ], [ -89.818872, 35.133518 ], [ -89.823585, 35.133757 ], [ -89.824685, 35.133812 ], [ -89.826691, 35.133914 ], [ -89.827771, 35.133973 ], [ -89.829703, 35.134105 ], [ -89.830235, 35.134129 ], [ -89.83032, 35.134133 ], [ -89.834598, 35.134354 ], [ -89.836108, 35.134429 ], [ -89.840282, 35.134637 ], [ -89.844525, 35.134854 ], [ -89.847143, 35.134984 ], [ -89.848849, 35.135071 ], [ -89.849816, 35.135115 ], [ -89.850168, 35.135116 ], [ -89.850562, 35.1351 ], [ -89.850913, 35.135071 ], [ -89.851172, 35.13503 ], [ -89.851446, 35.13498 ], [ -89.85173, 35.13491 ], [ -89.851995, 35.134828 ], [ -89.852385, 35.134671 ], [ -89.852688, 35.134519 ], [ -89.853067, 35.134292 ], [ -89.853528, 35.133989 ], [ -89.854279, 35.133439 ], [ -89.854656, 35.133124 ], [ -89.855095, 35.132807 ], [ -89.855164, 35.132871 ], [ -89.855229, 35.132931 ], [ -89.855273, 35.132972 ], [ -89.855304, 35.133 ], [ -89.855382, 35.133072 ], [ -89.855445, 35.133129 ], [ -89.855475, 35.133155 ], [ -89.855821, 35.133379 ], [ -89.855894, 35.133419 ], [ -89.855956, 35.13347 ], [ -89.856274, 35.133766 ], [ -89.856323, 35.133826 ], [ -89.856412, 35.133949 ], [ -89.85657, 35.134122 ], [ -89.856657, 35.134202 ], [ -89.856785, 35.1343 ], [ -89.856833, 35.134331 ], [ -89.856923, 35.13439 ], [ -89.857915, 35.135114 ], [ -89.858995, 35.135902 ], [ -89.860214, 35.136833 ], [ -89.860623, 35.137159 ], [ -89.860986, 35.137471 ], [ -89.861238, 35.137673 ], [ -89.861866, 35.138067 ], [ -89.862395, 35.138391 ], [ -89.862611, 35.138515 ], [ -89.863348, 35.138909 ], [ -89.863487, 35.139006 ], [ -89.863585, 35.139078 ], [ -89.863987, 35.13932 ], [ -89.86416, 35.139431 ], [ -89.864353, 35.139518 ], [ -89.865294, 35.140052 ], [ -89.865559, 35.14018 ], [ -89.86563, 35.140222 ], [ -89.865801, 35.140335 ], [ -89.865957, 35.140461 ], [ -89.866162, 35.140596 ], [ -89.866237, 35.140634 ], [ -89.866307, 35.140677 ], [ -89.866607, 35.140828 ], [ -89.866919, 35.140993 ], [ -89.867027, 35.141045 ], [ -89.867155, 35.141071 ], [ -89.867357, 35.141143 ], [ -89.867483, 35.141178 ], [ -89.867756, 35.141293 ], [ -89.867793, 35.141314 ], [ -89.867997, 35.14145 ], [ -89.868274, 35.141679 ], [ -89.86841, 35.141763 ], [ -89.868659, 35.141917 ], [ -89.869002, 35.14208 ], [ -89.869188, 35.142177 ], [ -89.869341, 35.142248 ], [ -89.869543, 35.14232 ], [ -89.869776, 35.142423 ], [ -89.870066, 35.142586 ], [ -89.870222, 35.142652 ], [ -89.870365, 35.142736 ], [ -89.871397, 35.143288 ], [ -89.871761, 35.143491 ], [ -89.871995, 35.143592 ], [ -89.872242, 35.143667 ], [ -89.872412, 35.143706 ], [ -89.872499, 35.14372 ], [ -89.872541, 35.143731 ], [ -89.872582, 35.143748 ], [ -89.872618, 35.143769 ], [ -89.87265, 35.143794 ], [ -89.87272, 35.143884 ], [ -89.872805, 35.144049 ], [ -89.872844, 35.144115 ], [ -89.872919, 35.144241 ], [ -89.873027, 35.144437 ], [ -89.873075, 35.144574 ], [ -89.873236, 35.144827 ], [ -89.873288, 35.144884 ], [ -89.873345, 35.144938 ], [ -89.873616, 35.145219 ], [ -89.873734, 35.145325 ], [ -89.87387, 35.145443 ], [ -89.87448, 35.145971 ], [ -89.875242, 35.146632 ], [ -89.876317, 35.147549 ], [ -89.876932, 35.148074 ], [ -89.877387, 35.148463 ], [ -89.878176, 35.149139 ], [ -89.878262, 35.149221 ], [ -89.878285, 35.149251 ], [ -89.878377, 35.149452 ], [ -89.878411, 35.149555 ], [ -89.878429, 35.149625 ], [ -89.878455, 35.149823 ], [ -89.878534, 35.150417 ], [ -89.878594, 35.150872 ], [ -89.878774, 35.152239 ], [ -89.878835, 35.152695 ], [ -89.878872, 35.152979 ], [ -89.878921, 35.153348 ], [ -89.878989, 35.153834 ], [ -89.879029, 35.154119 ], [ -89.879069, 35.154411 ], [ -89.879191, 35.155288 ], [ -89.879208, 35.155404 ], [ -89.879205, 35.155475 ], [ -89.879209, 35.15551 ], [ -89.879233, 35.155578 ], [ -89.879244, 35.155661 ], [ -89.879247, 35.155685 ], [ -89.879257, 35.155756 ], [ -89.879275, 35.155826 ], [ -89.879328, 35.155998 ], [ -89.879361, 35.156102 ], [ -89.879383, 35.156171 ], [ -89.879387, 35.156182 ], [ -89.879419, 35.156258 ], [ -89.87942, 35.156279 ], [ -89.879611, 35.156101 ], [ -89.879706, 35.156012 ], [ -89.880372, 35.155425 ], [ -89.880747, 35.155108 ], [ -89.880897, 35.154977 ], [ -89.881058, 35.154822 ], [ -89.881898, 35.15402 ], [ -89.883172, 35.152847 ], [ -89.883372, 35.152644 ], [ -89.883444, 35.152572 ], [ -89.883499, 35.152516 ], [ -89.883605, 35.152412 ], [ -89.883772, 35.152262 ], [ -89.884649, 35.151463 ], [ -89.884741, 35.151379 ], [ -89.884778, 35.151344 ], [ -89.884789, 35.151333 ], [ -89.884818, 35.151309 ], [ -89.884833, 35.151295 ], [ -89.884845, 35.151284 ], [ -89.88486, 35.15127 ], [ -89.885811, 35.150399 ], [ -89.8862, 35.150063 ], [ -89.88634, 35.149943 ], [ -89.88678, 35.149616 ], [ -89.887128, 35.149382 ], [ -89.887226, 35.149317 ], [ -89.887264, 35.149292 ], [ -89.887312, 35.14926 ], [ -89.887616, 35.149106 ], [ -89.88778, 35.149033 ], [ -89.888165, 35.148885 ], [ -89.888171, 35.148653 ], [ -89.888174, 35.14854 ], [ -89.888186, 35.148207 ], [ -89.888187, 35.148176 ], [ -89.888226, 35.147085 ], [ -89.888239, 35.146722 ], [ -89.888245, 35.146513 ], [ -89.888246, 35.146478 ], [ -89.888252, 35.146284 ], [ -89.88786, 35.146286 ], [ -89.88775, 35.146226 ], [ -89.887682, 35.146189 ], [ -89.887699, 35.144515 ], [ -89.887835, 35.144338 ], [ -89.887832, 35.144036 ], [ -89.887985, 35.14404 ], [ -89.888104, 35.144043 ], [ -89.888328, 35.144048 ], [ -89.88834, 35.143668 ], [ -89.888362, 35.143016 ], [ -89.888377, 35.142528 ], [ -89.888382, 35.1424 ], [ -89.88839, 35.142148 ], [ -89.88839, 35.142111 ], [ -89.888393, 35.142001 ], [ -89.888395, 35.141965 ], [ -89.888402, 35.141643 ] ] ] } },
{ "type": "Feature", "properties": { "GEOID": "38133", "ZCTA5": "38133", "AREALAND": 33674131 }, "geometry": { "type": "Polygon", "coordinates": [ [ [ -89.844775, 35.194283 ], [ -89.84488, 35.194166 ], [ -89.839778, 35.194084 ], [ -89.839776, 35.194178 ], [ -89.839767, 35.194546 ], [ -89.839761, 35.194767 ], [ -89.83928, 35.194765 ], [ -89.838978, 35.194777 ], [ -89.838738, 35.194813 ], [ -89.838358, 35.194906 ], [ -89.83816, 35.19497 ], [ -89.837696, 35.195139 ], [ -89.837495, 35.195181 ], [ -89.837208, 35.195206 ], [ -89.836411, 35.195224 ], [ -89.836363, 35.194164 ], [ -89.836337, 35.193577 ], [ -89.836219, 35.190985 ], [ -89.836171, 35.189926 ], [ -89.836147, 35.189601 ], [ -89.836076, 35.188626 ], [ -89.836053, 35.188302 ], [ -89.836045, 35.18821 ], [ -89.836023, 35.187935 ], [ -89.83602, 35.187888 ], [ -89.836014, 35.187844 ], [ -89.836502, 35.187565 ], [ -89.836603, 35.187508 ], [ -89.837405, 35.186937 ], [ -89.837746, 35.186564 ], [ -89.837799, 35.186499 ], [ -89.838101, 35.186135 ], [ -89.83816, 35.186067 ], [ -89.838823, 35.1853 ], [ -89.839104, 35.184844 ], [ -89.839358, 35.184157 ], [ -89.83939, 35.183955 ], [ -89.839425, 35.18374 ], [ -89.839745, 35.182795 ], [ -89.840059, 35.181543 ], [ -89.840433, 35.180258 ], [ -89.840801, 35.179082 ], [ -89.840867, 35.178483 ], [ -89.840941, 35.178286 ], [ -89.841115, 35.177934 ], [ -89.841182, 35.17772 ], [ -89.841192, 35.177638 ], [ -89.840192, 35.177692 ], [ -89.839636, 35.177798 ], [ -89.839132, 35.17793 ], [ -89.838603, 35.178116 ], [ -89.83806, 35.178341 ], [ -89.83749, 35.1785 ], [ -89.837013, 35.178579 ], [ -89.836274, 35.17858 ], [ -89.836286, 35.178262 ], [ -89.836294, 35.178062 ], [ -89.836304, 35.177792 ], [ -89.83632, 35.177338 ], [ -89.836327, 35.177152 ], [ -89.836347, 35.176779 ], [ -89.836362, 35.176494 ], [ -89.836379, 35.176186 ], [ -89.836424, 35.17534 ], [ -89.836429, 35.175253 ], [ -89.836436, 35.175116 ], [ -89.833133, 35.176596 ], [ -89.832434, 35.17691 ], [ -89.828437, 35.178706 ], [ -89.828082, 35.178866 ], [ -89.817804, 35.18348 ], [ -89.817349, 35.183684 ], [ -89.815529, 35.184503 ], [ -89.815284, 35.184614 ], [ -89.814995, 35.184746 ], [ -89.814835, 35.184813 ], [ -89.813386, 35.185478 ], [ -89.813292, 35.185521 ], [ -89.813148, 35.185588 ], [ -89.813056, 35.185627 ], [ -89.812753, 35.185759 ], [ -89.812158, 35.186018 ], [ -89.80943, 35.187241 ], [ -89.80868, 35.187576 ], [ -89.808044, 35.187863 ], [ -89.806665, 35.188485 ], [ -89.80407, 35.189649 ], [ -89.804007, 35.189677 ], [ -89.802767, 35.190233 ], [ -89.800263, 35.191325 ], [ -89.799285, 35.19185 ], [ -89.797802, 35.19251 ], [ -89.797673, 35.192531 ], [ -89.797631, 35.192537 ], [ -89.797062, 35.192633 ], [ -89.796665, 35.192634 ], [ -89.796517, 35.192677 ], [ -89.796398, 35.192713 ], [ -89.796079, 35.192826 ], [ -89.795934, 35.192878 ], [ -89.795236, 35.193125 ], [ -89.794828, 35.19327 ], [ -89.794112, 35.193512 ], [ -89.793864, 35.193557 ], [ -89.793568, 35.193585 ], [ -89.793203, 35.193568 ], [ -89.793086, 35.193552 ], [ -89.792997, 35.19354 ], [ -89.792537, 35.193473 ], [ -89.792448, 35.193469 ], [ -89.792352, 35.19346 ], [ -89.792344, 35.193682 ], [ -89.79232, 35.194351 ], [ -89.792313, 35.194574 ], [ -89.792308, 35.194695 ], [ -89.792305, 35.194794 ], [ -89.792301, 35.194892 ], [ -89.792297, 35.194991 ], [ -89.792292, 35.195113 ], [ -89.792264, 35.195125 ], [ -89.792181, 35.195161 ], [ -89.792154, 35.195174 ], [ -89.791481, 35.195469 ], [ -89.7911, 35.195636 ], [ -89.791079, 35.195646 ], [ -89.790772, 35.195781 ], [ -89.78958, 35.196319 ], [ -89.788957, 35.196602 ], [ -89.788809, 35.196666 ], [ -89.788366, 35.196862 ], [ -89.788219, 35.196928 ], [ -89.787365, 35.197308 ], [ -89.785741, 35.198063 ], [ -89.785627, 35.198113 ], [ -89.785519, 35.19816 ], [ -89.783727, 35.198992 ], [ -89.782807, 35.199407 ], [ -89.780299, 35.200534 ], [ -89.778873, 35.201194 ], [ -89.777936, 35.201649 ], [ -89.777572, 35.201827 ], [ -89.775414, 35.202919 ], [ -89.774829, 35.203215 ], [ -89.774109, 35.20358 ], [ -89.773227, 35.204024 ], [ -89.773209, 35.204034 ], [ -89.773073, 35.204102 ], [ -89.772794, 35.204243 ], [ -89.772587, 35.204344 ], [ -89.772488, 35.204396 ], [ -89.772467, 35.204409 ], [ -89.772435, 35.204422 ], [ -89.772406, 35.204434 ], [ -89.772386, 35.204444 ], [ -89.772324, 35.204474 ], [ -89.771953, 35.204653 ], [ -89.771841, 35.204709 ], [ -89.770217, 35.205529 ], [ -89.769677, 35.205803 ], [ -89.76927, 35.206028 ], [ -89.769254, 35.206038 ], [ -89.76871, 35.206309 ], [ -89.768017, 35.20664 ], [ -89.767981, 35.206658 ], [ -89.767603, 35.20685 ], [ -89.764605, 35.208371 ], [ -89.76356, 35.208904 ], [ -89.761934, 35.209736 ], [ -89.761583, 35.209914 ], [ -89.759224, 35.211108 ], [ -89.758307, 35.211582 ], [ -89.758037, 35.211727 ], [ -89.756787, 35.212356 ], [ -89.755577, 35.212968 ], [ -89.75143, 35.215063 ], [ -89.750096, 35.215738 ], [ -89.749271, 35.216174 ], [ -89.747981, 35.216903 ], [ -89.747435, 35.217206 ], [ -89.747544, 35.217437 ], [ -89.747596, 35.217546 ], [ -89.747613, 35.217582 ], [ -89.747664, 35.217677 ], [ -89.747899, 35.21812 ], [ -89.74802, 35.218347 ], [ -89.74771, 35.218421 ], [ -89.747361, 35.218468 ], [ -89.747228, 35.21848 ], [ -89.747199, 35.218483 ], [ -89.746491, 35.21856 ], [ -89.746207, 35.218619 ], [ -89.745962, 35.218696 ], [ -89.745635, 35.21884 ], [ -89.745275, 35.219041 ], [ -89.744868, 35.219279 ], [ -89.74415, 35.219701 ], [ -89.743406, 35.220149 ], [ -89.742879, 35.220467 ], [ -89.742751, 35.220544 ], [ -89.742715, 35.220566 ], [ -89.744042, 35.220612 ], [ -89.744239, 35.220612 ], [ -89.744071, 35.226093 ], [ -89.744082, 35.226097 ], [ -89.744234, 35.226149 ], [ -89.744369, 35.226193 ], [ -89.74482, 35.226397 ], [ -89.746243, 35.227039 ], [ -89.746243, 35.227898 ], [ -89.746229, 35.232807 ], [ -89.746229, 35.232826 ], [ -89.746882, 35.232861 ], [ -89.747045, 35.23287 ], [ -89.747393, 35.232888 ], [ -89.747372, 35.233556 ], [ -89.747359, 35.234138 ], [ -89.747356, 35.23423 ], [ -89.747355, 35.234297 ], [ -89.747352, 35.234387 ], [ -89.74735, 35.234477 ], [ -89.747349, 35.23454 ], [ -89.747339, 35.234987 ], [ -89.749072, 35.235039 ], [ -89.749168, 35.235718 ], [ -89.749215, 35.236044 ], [ -89.752993, 35.23608 ], [ -89.754029, 35.236088 ], [ -89.754097, 35.236089 ], [ -89.754068, 35.236486 ], [ -89.754056, 35.236636 ], [ -89.754081, 35.236637 ], [ -89.754193, 35.236641 ], [ -89.75445, 35.236651 ], [ -89.754488, 35.236652 ], [ -89.754784, 35.236663 ], [ -89.75553, 35.236679 ], [ -89.755635, 35.236685 ], [ -89.755743, 35.23669 ], [ -89.755793, 35.236692 ], [ -89.756098, 35.236705 ], [ -89.757258, 35.236755 ], [ -89.757401, 35.23676 ], [ -89.75799, 35.236782 ], [ -89.758274, 35.236793 ], [ -89.758659, 35.236808 ], [ -89.759105, 35.236824 ], [ -89.75934, 35.236833 ], [ -89.759897, 35.236854 ], [ -89.759916, 35.236855 ], [ -89.760323, 35.23687 ], [ -89.760377, 35.236872 ], [ -89.761139, 35.236901 ], [ -89.761214, 35.236901 ], [ -89.76123, 35.236902 ], [ -89.761228, 35.237514 ], [ -89.761227, 35.237821 ], [ -89.761226, 35.238238 ], [ -89.761226, 35.238308 ], [ -89.761225, 35.238547 ], [ -89.761224, 35.23904 ], [ -89.761224, 35.239139 ], [ -89.761224, 35.239163 ], [ -89.761223, 35.239367 ], [ -89.761187, 35.240076 ], [ -89.761183, 35.240303 ], [ -89.76101, 35.240382 ], [ -89.760743, 35.240564 ], [ -89.760773, 35.240593 ], [ -89.760813, 35.240631 ], [ -89.76098, 35.240523 ], [ -89.761177, 35.240396 ], [ -89.761263, 35.240341 ], [ -89.761477, 35.240192 ], [ -89.761641, 35.240079 ], [ -89.761875, 35.23992 ], [ -89.762147, 35.239737 ], [ -89.76227, 35.239672 ], [ -89.762406, 35.239627 ], [ -89.762552, 35.239618 ], [ -89.762641, 35.23963 ], [ -89.762724, 35.239654 ], [ -89.762822, 35.239696 ], [ -89.762896, 35.239748 ], [ -89.763082, 35.239896 ], [ -89.763312, 35.240089 ], [ -89.763522, 35.240246 ], [ -89.76368, 35.240323 ], [ -89.763842, 35.240369 ], [ -89.764042, 35.240397 ], [ -89.764114, 35.240398 ], [ -89.764847, 35.240414 ], [ -89.767255, 35.24046 ], [ -89.767791, 35.240469 ], [ -89.767934, 35.240471 ], [ -89.768372, 35.240479 ], [ -89.769692, 35.240506 ], [ -89.769791, 35.24051 ], [ -89.770318, 35.240531 ], [ -89.770669, 35.240546 ], [ -89.770807, 35.240563 ], [ -89.770897, 35.240583 ], [ -89.771069, 35.24065 ], [ -89.771228, 35.240769 ], [ -89.771619, 35.24111 ], [ -89.771696, 35.241175 ], [ -89.7721, 35.241517 ], [ -89.772089, 35.241841 ], [ -89.772098, 35.242022 ], [ -89.77212, 35.242477 ], [ -89.772185, 35.243306 ], [ -89.774155, 35.242956 ], [ -89.774313, 35.242657 ], [ -89.777558, 35.24139 ], [ -89.777719, 35.241601 ], [ -89.781908, 35.23995 ], [ -89.784711, 35.238846 ], [ -89.786015, 35.239063 ], [ -89.78596, 35.239877 ], [ -89.785923, 35.240415 ], [ -89.786321, 35.240257 ], [ -89.787092, 35.239954 ], [ -89.787348, 35.239852 ], [ -89.788319, 35.239473 ], [ -89.788393, 35.239444 ], [ -89.788613, 35.239361 ], [ -89.788687, 35.239333 ], [ -89.788867, 35.239259 ], [ -89.78947, 35.239011 ], [ -89.789539, 35.238985 ], [ -89.789639, 35.238944 ], [ -89.791221, 35.238325 ], [ -89.791862, 35.238076 ], [ -89.792502, 35.237824 ], [ -89.793456, 35.237451 ], [ -89.793516, 35.237423 ], [ -89.793701, 35.237345 ], [ -89.793762, 35.237318 ], [ -89.793814, 35.237297 ], [ -89.794021, 35.237215 ], [ -89.796067, 35.236402 ], [ -89.79657, 35.236204 ], [ -89.796631, 35.236179 ], [ -89.797189, 35.235958 ], [ -89.797335, 35.235901 ], [ -89.798545, 35.235421 ], [ -89.801117, 35.234402 ], [ -89.801287, 35.234335 ], [ -89.802023, 35.234036 ], [ -89.802422, 35.233885 ], [ -89.802729, 35.23405 ], [ -89.802983, 35.234234 ], [ -89.803346, 35.234001 ], [ -89.803512, 35.234092 ], [ -89.804083, 35.233962 ], [ -89.804261, 35.233875 ], [ -89.804788, 35.233968 ], [ -89.805466, 35.234034 ], [ -89.805499, 35.233947 ], [ -89.8063, 35.233903 ], [ -89.806344, 35.23356 ], [ -89.807139, 35.233602 ], [ -89.807206, 35.233307 ], [ -89.808034, 35.233354 ], [ -89.808105, 35.232809 ], [ -89.808776, 35.232841 ], [ -89.808788, 35.232042 ], [ -89.809282, 35.232048 ], [ -89.809398, 35.231201 ], [ -89.809292, 35.23094 ], [ -89.810714, 35.230427 ], [ -89.810695, 35.230317 ], [ -89.810694, 35.230301 ], [ -89.810686, 35.230181 ], [ -89.810692, 35.229712 ], [ -89.810682, 35.229419 ], [ -89.810657, 35.229331 ], [ -89.810634, 35.229291 ], [ -89.81062, 35.229265 ], [ -89.810394, 35.229053 ], [ -89.810597, 35.228858 ], [ -89.810993, 35.228476 ], [ -89.811355, 35.228121 ], [ -89.811401, 35.228077 ], [ -89.811461, 35.228019 ], [ -89.816174, 35.228094 ], [ -89.816264, 35.225427 ], [ -89.817147, 35.225433 ], [ -89.817285, 35.225434 ], [ -89.81936, 35.22545 ], [ -89.819362, 35.225361 ], [ -89.819368, 35.224779 ], [ -89.819382, 35.22404 ], [ -89.819388, 35.223814 ], [ -89.819409, 35.222973 ], [ -89.819414, 35.22268 ], [ -89.819438, 35.221467 ], [ -89.819414, 35.221167 ], [ -89.819368, 35.220962 ], [ -89.819242, 35.220616 ], [ -89.819157, 35.22047 ], [ -89.819316, 35.220312 ], [ -89.819447, 35.220184 ], [ -89.819602, 35.220031 ], [ -89.820151, 35.219493 ], [ -89.820272, 35.219567 ], [ -89.820503, 35.219694 ], [ -89.820652, 35.219776 ], [ -89.820842, 35.21988 ], [ -89.821302, 35.219414 ], [ -89.821891, 35.219704 ], [ -89.82247, 35.219208 ], [ -89.82295, 35.219447 ], [ -89.823166, 35.219162 ], [ -89.822769, 35.218871 ], [ -89.824508, 35.217181 ], [ -89.825696, 35.214913 ], [ -89.825174, 35.214556 ], [ -89.825556, 35.214182 ], [ -89.825958, 35.213786 ], [ -89.82608, 35.213666 ], [ -89.826134, 35.213612 ], [ -89.8263, 35.213452 ], [ -89.82657, 35.213184 ], [ -89.827049, 35.212712 ], [ -89.827757, 35.212015 ], [ -89.82849, 35.211296 ], [ -89.82897, 35.210825 ], [ -89.82937, 35.210431 ], [ -89.830056, 35.209756 ], [ -89.831102, 35.208728 ], [ -89.831483, 35.208352 ], [ -89.832245, 35.2076 ], [ -89.832358, 35.207655 ], [ -89.832476, 35.207733 ], [ -89.832545, 35.20779 ], [ -89.83263, 35.207814 ], [ -89.832868, 35.207797 ], [ -89.833184, 35.207733 ], [ -89.833465, 35.207606 ], [ -89.833597, 35.207522 ], [ -89.833641, 35.207466 ], [ -89.833728, 35.207314 ], [ -89.833752, 35.20718 ], [ -89.833736, 35.20703 ], [ -89.833687, 35.206887 ], [ -89.83363, 35.206778 ], [ -89.833533, 35.206611 ], [ -89.833417, 35.20645 ], [ -89.833598, 35.206273 ], [ -89.834084, 35.205797 ], [ -89.834406, 35.205482 ], [ -89.834113, 35.205432 ], [ -89.833872, 35.205392 ], [ -89.833478, 35.205346 ], [ -89.833522, 35.205236 ], [ -89.833553, 35.205155 ], [ -89.833591, 35.20512 ], [ -89.833601, 35.205111 ], [ -89.834148, 35.20461 ], [ -89.834258, 35.204509 ], [ -89.834472, 35.2043 ], [ -89.834892, 35.203888 ], [ -89.834907, 35.203875 ], [ -89.834937, 35.203845 ], [ -89.834889, 35.203812 ], [ -89.835113, 35.203593 ], [ -89.835141, 35.203566 ], [ -89.835207, 35.203611 ], [ -89.83539, 35.203432 ], [ -89.835423, 35.2034 ], [ -89.835334, 35.203339 ], [ -89.835547, 35.203135 ], [ -89.835654, 35.203212 ], [ -89.836071, 35.202814 ], [ -89.836314, 35.202582 ], [ -89.836399, 35.202501 ], [ -89.836595, 35.202314 ], [ -89.836607, 35.202303 ], [ -89.836688, 35.202225 ], [ -89.836767, 35.20215 ], [ -89.836764, 35.20208 ], [ -89.836763, 35.202066 ], [ -89.836762, 35.202041 ], [ -89.836788, 35.202041 ], [ -89.836797, 35.202032 ], [ -89.836973, 35.201859 ], [ -89.837191, 35.201645 ], [ -89.837246, 35.201602 ], [ -89.837331, 35.201537 ], [ -89.8375, 35.201345 ], [ -89.838136, 35.200743 ], [ -89.838411, 35.200476 ], [ -89.838546, 35.200346 ], [ -89.838826, 35.200075 ], [ -89.838955, 35.199947 ], [ -89.839073, 35.199825 ], [ -89.839511, 35.199412 ], [ -89.839832, 35.199101 ], [ -89.840157, 35.198787 ], [ -89.84057, 35.198387 ], [ -89.840649, 35.198312 ], [ -89.843033, 35.1961 ], [ -89.843436, 35.195726 ], [ -89.843736, 35.195446 ], [ -89.843842, 35.195328 ], [ -89.844775, 35.194283 ] ] ] } },
{ "type": "Feature", "properties": { "GEOID": "38016", "ZCTA5": "38016", "AREALAND": 46915681 }, "geometry": { "type": "Polygon", "coordinates": [ [ [ -89.835306, 35.171501 ], [ -89.83528, 35.171396 ], [ -89.835202, 35.171084 ], [ -89.835177, 35.17098 ], [ -89.83504, 35.17043 ], [ -89.835024, 35.17036 ], [ -89.835017, 35.170328 ], [ -89.834935, 35.169967 ], [ -89.834931, 35.16995 ], [ -89.834867, 35.169672 ], [ -89.834731, 35.169278 ], [ -89.834568, 35.168954 ], [ -89.834256, 35.168472 ], [ -89.83392, 35.167992 ], [ -89.833778, 35.167808 ], [ -89.833486, 35.167511 ], [ -89.833261, 35.167311 ], [ -89.832743, 35.16685 ], [ -89.832461, 35.16662 ], [ -89.832306, 35.166627 ], [ -89.832263, 35.166629 ], [ -89.831852, 35.166719 ], [ -89.831702, 35.166753 ], [ -89.831277, 35.166847 ], [ -89.830004, 35.167129 ], [ -89.82958, 35.167224 ], [ -89.829465, 35.16725 ], [ -89.829122, 35.167327 ], [ -89.829008, 35.167354 ], [ -89.82881, 35.167401 ], [ -89.828409, 35.167499 ], [ -89.828275, 35.167556 ], [ -89.828233, 35.167583 ], [ -89.828157, 35.167633 ], [ -89.82808, 35.167714 ], [ -89.827899, 35.167954 ], [ -89.827701, 35.168203 ], [ -89.827646, 35.168259 ], [ -89.827347, 35.168574 ], [ -89.827159, 35.16873 ], [ -89.827012, 35.168813 ], [ -89.826474, 35.16902 ], [ -89.826075, 35.169158 ], [ -89.825791, 35.169224 ], [ -89.825457, 35.169277 ], [ -89.82476, 35.169355 ], [ -89.824595, 35.169384 ], [ -89.824514, 35.169406 ], [ -89.824272, 35.169491 ], [ -89.823971, 35.169643 ], [ -89.823277, 35.170049 ], [ -89.82325, 35.170062 ], [ -89.823199, 35.170097 ], [ -89.822261, 35.170679 ], [ -89.821527, 35.171186 ], [ -89.820847, 35.171676 ], [ -89.820586, 35.171838 ], [ -89.820134, 35.172075 ], [ -89.819805, 35.172218 ], [ -89.819476, 35.172322 ], [ -89.819143, 35.172384 ], [ -89.818648, 35.172415 ], [ -89.818289, 35.172422 ], [ -89.817716, 35.172403 ], [ -89.817151, 35.172369 ], [ -89.816619, 35.172337 ], [ -89.816735, 35.169832 ], [ -89.816783, 35.16844 ], [ -89.816774, 35.167778 ], [ -89.816775, 35.167736 ], [ -89.816945, 35.161611 ], [ -89.816916, 35.160889 ], [ -89.816883, 35.159181 ], [ -89.816861, 35.159348 ], [ -89.816799, 35.159588 ], [ -89.816674, 35.160009 ], [ -89.815384, 35.159575 ], [ -89.814942, 35.159426 ], [ -89.814549, 35.158496 ], [ -89.807717, 35.160417 ], [ -89.807658, 35.160348 ], [ -89.807505, 35.160167 ], [ -89.807151, 35.159909 ], [ -89.807072, 35.159857 ], [ -89.806764, 35.159656 ], [ -89.806397, 35.159487 ], [ -89.806238, 35.15942 ], [ -89.805886, 35.159324 ], [ -89.805599, 35.159246 ], [ -89.80552, 35.159224 ], [ -89.80514, 35.159176 ], [ -89.804453, 35.159083 ], [ -89.804299, 35.159062 ], [ -89.804221, 35.159051 ], [ -89.804077, 35.159033 ], [ -89.803968, 35.159019 ], [ -89.803768, 35.158983 ], [ -89.803681, 35.158979 ], [ -89.803598, 35.15897 ], [ -89.802922, 35.158861 ], [ -89.802938, 35.158808 ], [ -89.802973, 35.158697 ], [ -89.803005, 35.158595 ], [ -89.803032, 35.15851 ], [ -89.803052, 35.158446 ], [ -89.803078, 35.158368 ], [ -89.8031, 35.158305 ], [ -89.803123, 35.158238 ], [ -89.80315, 35.15816 ], [ -89.803173, 35.158095 ], [ -89.803196, 35.15803 ], [ -89.803223, 35.157952 ], [ -89.803245, 35.157889 ], [ -89.803271, 35.157812 ], [ -89.803352, 35.157579 ], [ -89.803397, 35.157456 ], [ -89.803282, 35.157339 ], [ -89.803201, 35.157335 ], [ -89.802078, 35.157075 ], [ -89.801894, 35.156993 ], [ -89.801704, 35.156839 ], [ -89.801587, 35.156656 ], [ -89.801559, 35.156571 ], [ -89.801538, 35.156475 ], [ -89.801503, 35.156318 ], [ -89.801599, 35.156101 ], [ -89.801546, 35.155856 ], [ -89.801182, 35.156001 ], [ -89.800941, 35.155597 ], [ -89.800768, 35.15566 ], [ -89.800742, 35.155672 ], [ -89.800613, 35.155737 ], [ -89.800396, 35.155848 ], [ -89.800317, 35.155896 ], [ -89.8002, 35.155841 ], [ -89.797979, 35.155753 ], [ -89.797954, 35.15582 ], [ -89.797893, 35.156492 ], [ -89.795502, 35.156364 ], [ -89.795491, 35.155748 ], [ -89.795468, 35.15529 ], [ -89.795448, 35.155024 ], [ -89.795409, 35.154509 ], [ -89.795388, 35.15423 ], [ -89.795374, 35.154229 ], [ -89.795204, 35.15422 ], [ -89.7952, 35.15417 ], [ -89.795188, 35.154021 ], [ -89.795184, 35.153972 ], [ -89.794556, 35.153956 ], [ -89.794194, 35.153948 ], [ -89.792714, 35.153906 ], [ -89.792672, 35.153905 ], [ -89.792045, 35.153893 ], [ -89.792015, 35.154563 ], [ -89.792012, 35.154637 ], [ -89.791962, 35.155797 ], [ -89.791949, 35.156416 ], [ -89.79194, 35.156575 ], [ -89.791928, 35.156801 ], [ -89.791912, 35.157092 ], [ -89.791882, 35.157243 ], [ -89.791864, 35.157332 ], [ -89.791841, 35.157416 ], [ -89.791681, 35.157382 ], [ -89.79152, 35.157348 ], [ -89.790813, 35.157198 ], [ -89.789592, 35.156938 ], [ -89.788619, 35.156732 ], [ -89.788536, 35.156714 ], [ -89.788453, 35.156697 ], [ -89.788283, 35.156661 ], [ -89.788284, 35.156987 ], [ -89.788284, 35.15706 ], [ -89.788285, 35.157134 ], [ -89.788269, 35.157133 ], [ -89.788125, 35.157134 ], [ -89.788043, 35.157134 ], [ -89.787809, 35.157137 ], [ -89.78732, 35.157177 ], [ -89.787199, 35.157188 ], [ -89.78708, 35.157203 ], [ -89.786695, 35.157286 ], [ -89.786666, 35.157295 ], [ -89.786151, 35.157474 ], [ -89.785726, 35.157655 ], [ -89.785492, 35.157782 ], [ -89.785333, 35.15787 ], [ -89.785134, 35.158008 ], [ -89.78517, 35.158042 ], [ -89.78496, 35.158226 ], [ -89.784652, 35.158498 ], [ -89.784647, 35.158956 ], [ -89.784605, 35.158957 ], [ -89.783523, 35.15898 ], [ -89.783493, 35.158187 ], [ -89.781495, 35.15805 ], [ -89.780208, 35.157962 ], [ -89.780223, 35.157632 ], [ -89.780225, 35.157559 ], [ -89.78023, 35.157437 ], [ -89.780259, 35.156527 ], [ -89.780265, 35.15635 ], [ -89.780279, 35.155948 ], [ -89.780073, 35.155943 ], [ -89.779659, 35.155932 ], [ -89.779323, 35.155923 ], [ -89.779174, 35.15592 ], [ -89.778315, 35.155904 ], [ -89.77798, 35.155898 ], [ -89.777874, 35.155896 ], [ -89.777556, 35.155891 ], [ -89.77745, 35.15589 ], [ -89.77744, 35.155998 ], [ -89.777436, 35.156347 ], [ -89.777436, 35.156384 ], [ -89.777462, 35.156457 ], [ -89.777388, 35.156551 ], [ -89.777167, 35.156835 ], [ -89.777094, 35.15693 ], [ -89.777076, 35.156953 ], [ -89.777022, 35.157022 ], [ -89.777004, 35.157045 ], [ -89.776712, 35.156928 ], [ -89.776626, 35.15691 ], [ -89.776458, 35.156876 ], [ -89.776037, 35.1569 ], [ -89.775809, 35.156953 ], [ -89.775736, 35.157232 ], [ -89.775732, 35.157346 ], [ -89.774011, 35.157313 ], [ -89.774017, 35.157064 ], [ -89.77393, 35.157085 ], [ -89.773898, 35.157037 ], [ -89.773548, 35.157173 ], [ -89.773507, 35.157067 ], [ -89.773485, 35.157008 ], [ -89.773342, 35.156863 ], [ -89.773219, 35.156924 ], [ -89.772612, 35.157195 ], [ -89.772024, 35.157397 ], [ -89.77135, 35.157446 ], [ -89.771367, 35.157003 ], [ -89.770576, 35.157236 ], [ -89.768773, 35.15777 ], [ -89.767, 35.158297 ], [ -89.765028, 35.158844 ], [ -89.763353, 35.159326 ], [ -89.762691, 35.159517 ], [ -89.762104, 35.159682 ], [ -89.761842, 35.159756 ], [ -89.761628, 35.159816 ], [ -89.761545, 35.159839 ], [ -89.761372, 35.159885 ], [ -89.761012, 35.159982 ], [ -89.760509, 35.160118 ], [ -89.759915, 35.160273 ], [ -89.759412, 35.160412 ], [ -89.758881, 35.16056 ], [ -89.758255, 35.160748 ], [ -89.757375, 35.161012 ], [ -89.75682, 35.161179 ], [ -89.755942, 35.161444 ], [ -89.754853, 35.161836 ], [ -89.754157, 35.162155 ], [ -89.753025, 35.162782 ], [ -89.752955, 35.162822 ], [ -89.752573, 35.163053 ], [ -89.752193, 35.163338 ], [ -89.751736, 35.163678 ], [ -89.751646, 35.163675 ], [ -89.751376, 35.163669 ], [ -89.751286, 35.163667 ], [ -89.751502, 35.162604 ], [ -89.751602, 35.162142 ], [ -89.751617, 35.16201 ], [ -89.751733, 35.159819 ], [ -89.751469, 35.159868 ], [ -89.750914, 35.159931 ], [ -89.750681, 35.159945 ], [ -89.749983, 35.159926 ], [ -89.749629, 35.159911 ], [ -89.749044, 35.159888 ], [ -89.748466, 35.159877 ], [ -89.747288, 35.159827 ], [ -89.746695, 35.159815 ], [ -89.746127, 35.159804 ], [ -89.745694, 35.159817 ], [ -89.745281, 35.159841 ], [ -89.74492, 35.159856 ], [ -89.744907, 35.159857 ], [ -89.744513, 35.159822 ], [ -89.744333, 35.159785 ], [ -89.744186, 35.160427 ], [ -89.744149, 35.160558 ], [ -89.744092, 35.160765 ], [ -89.744003, 35.160958 ], [ -89.743831, 35.161243 ], [ -89.743611, 35.16153 ], [ -89.743435, 35.161776 ], [ -89.743309, 35.161969 ], [ -89.743222, 35.162141 ], [ -89.743147, 35.162338 ], [ -89.743081, 35.162657 ], [ -89.743071, 35.16271 ], [ -89.742972, 35.163445 ], [ -89.742439, 35.163427 ], [ -89.741973, 35.163413 ], [ -89.741548, 35.163371 ], [ -89.741077, 35.163283 ], [ -89.74086, 35.163221 ], [ -89.740618, 35.163152 ], [ -89.740351, 35.163067 ], [ -89.740334, 35.163061 ], [ -89.739746, 35.162872 ], [ -89.738606, 35.162507 ], [ -89.737954, 35.162236 ], [ -89.737894, 35.162211 ], [ -89.737376, 35.161975 ], [ -89.737008, 35.161811 ], [ -89.736358, 35.161522 ], [ -89.735908, 35.161316 ], [ -89.735731, 35.161235 ], [ -89.735545, 35.161145 ], [ -89.735314, 35.161043 ], [ -89.735047, 35.160925 ], [ -89.734884, 35.160854 ], [ -89.734344, 35.160617 ], [ -89.733947, 35.160483 ], [ -89.733608, 35.160386 ], [ -89.733519, 35.160367 ], [ -89.733266, 35.160314 ], [ -89.732984, 35.160276 ], [ -89.732822, 35.160256 ], [ -89.732779, 35.160251 ], [ -89.732334, 35.16023 ], [ -89.732172, 35.160223 ], [ -89.732107, 35.16022 ], [ -89.731913, 35.160211 ], [ -89.731849, 35.160209 ], [ -89.730982, 35.160178 ], [ -89.729309, 35.160119 ], [ -89.728382, 35.160106 ], [ -89.727805, 35.160098 ], [ -89.727516, 35.160088 ], [ -89.727096, 35.160081 ], [ -89.726552, 35.160072 ], [ -89.725991, 35.160056 ], [ -89.723934, 35.159998 ], [ -89.723163, 35.159977 ], [ -89.722951, 35.159971 ], [ -89.722737, 35.159966 ], [ -89.722671, 35.159964 ], [ -89.722369, 35.159958 ], [ -89.721821, 35.159949 ], [ -89.721629, 35.159948 ], [ -89.721418, 35.159944 ], [ -89.721142, 35.15994 ], [ -89.721042, 35.159938 ], [ -89.720927, 35.159937 ], [ -89.720257, 35.159918 ], [ -89.719894, 35.159909 ], [ -89.719632, 35.159903 ], [ -89.719404, 35.159898 ], [ -89.718847, 35.159883 ], [ -89.718721, 35.15988 ], [ -89.718586, 35.159867 ], [ -89.718478, 35.159856 ], [ -89.71844, 35.159853 ], [ -89.718301, 35.15984 ], [ -89.718158, 35.159814 ], [ -89.718052, 35.159796 ], [ -89.717819, 35.159742 ], [ -89.717778, 35.15973 ], [ -89.71733, 35.159601 ], [ -89.717057, 35.159511 ], [ -89.716969, 35.159482 ], [ -89.716702, 35.159395 ], [ -89.716254, 35.159296 ], [ -89.716069, 35.159277 ], [ -89.715937, 35.159265 ], [ -89.715447, 35.159254 ], [ -89.714523, 35.159269 ], [ -89.714503, 35.159269 ], [ -89.714138, 35.159277 ], [ -89.713495, 35.159292 ], [ -89.712715, 35.159312 ], [ -89.710896, 35.159362 ], [ -89.710641, 35.159346 ], [ -89.71045, 35.159299 ], [ -89.710388, 35.159269 ], [ -89.71028, 35.159218 ], [ -89.709965, 35.159009 ], [ -89.709741, 35.158839 ], [ -89.709832, 35.159315 ], [ -89.709858, 35.159389 ], [ -89.709901, 35.15951 ], [ -89.71002, 35.159709 ], [ -89.710224, 35.159942 ], [ -89.710546, 35.160259 ], [ -89.710679, 35.160431 ], [ -89.7108, 35.160644 ], [ -89.710877, 35.160861 ], [ -89.710917, 35.161077 ], [ -89.71093, 35.161291 ], [ -89.710926, 35.161482 ], [ -89.71088, 35.162329 ], [ -89.71085, 35.163086 ], [ -89.710827, 35.163725 ], [ -89.710824, 35.163793 ], [ -89.710822, 35.163837 ], [ -89.710819, 35.163917 ], [ -89.710797, 35.164427 ], [ -89.710793, 35.164519 ], [ -89.710777, 35.16491 ], [ -89.710775, 35.164974 ], [ -89.710789, 35.165389 ], [ -89.710808, 35.165501 ], [ -89.710887, 35.165772 ], [ -89.710942, 35.165893 ], [ -89.710978, 35.165966 ], [ -89.711015, 35.166031 ], [ -89.711266, 35.166473 ], [ -89.711366, 35.166641 ], [ -89.711447, 35.166776 ], [ -89.712004, 35.167709 ], [ -89.712052, 35.167789 ], [ -89.712128, 35.167916 ], [ -89.712187, 35.168007 ], [ -89.709564, 35.167979 ], [ -89.70933, 35.168209 ], [ -89.70544, 35.172357 ], [ -89.704804, 35.173058 ], [ -89.698982, 35.180245 ], [ -89.698668, 35.179865 ], [ -89.698492, 35.179653 ], [ -89.698286, 35.179386 ], [ -89.698268, 35.179357 ], [ -89.698177, 35.179205 ], [ -89.698139, 35.179102 ], [ -89.698114, 35.178887 ], [ -89.698131, 35.178492 ], [ -89.698137, 35.178003 ], [ -89.69766, 35.177995 ], [ -89.697003, 35.177986 ], [ -89.6969, 35.177983 ], [ -89.69623, 35.177966 ], [ -89.695754, 35.177955 ], [ -89.695685, 35.178945 ], [ -89.695715, 35.179385 ], [ -89.69572, 35.179453 ], [ -89.695745, 35.180161 ], [ -89.695949, 35.189048 ], [ -89.696118, 35.191853 ], [ -89.699514, 35.191897 ], [ -89.69957, 35.192989 ], [ -89.701821, 35.192667 ], [ -89.701787, 35.195866 ], [ -89.701783, 35.196239 ], [ -89.7047, 35.195566 ], [ -89.706592, 35.19513 ], [ -89.709398, 35.194483 ], [ -89.709782, 35.194315 ], [ -89.710048, 35.194199 ], [ -89.710052, 35.194099 ], [ -89.715999, 35.19194 ], [ -89.717733, 35.19123 ], [ -89.719231, 35.190616 ], [ -89.719285, 35.190585 ], [ -89.719385, 35.190512 ], [ -89.71946, 35.19044 ], [ -89.719541, 35.190335 ], [ -89.719594, 35.190234 ], [ -89.719628, 35.190128 ], [ -89.719641, 35.190036 ], [ -89.719642, 35.189946 ], [ -89.719487, 35.189291 ], [ -89.720884, 35.188936 ], [ -89.720878, 35.189173 ], [ -89.720839, 35.189936 ], [ -89.720769, 35.19128 ], [ -89.720717, 35.192299 ], [ -89.720712, 35.192389 ], [ -89.72071, 35.192475 ], [ -89.720704, 35.192633 ], [ -89.720702, 35.192701 ], [ -89.720697, 35.192856 ], [ -89.720692, 35.193021 ], [ -89.720687, 35.193186 ], [ -89.720681, 35.193351 ], [ -89.720676, 35.193515 ], [ -89.720671, 35.19368 ], [ -89.720666, 35.193845 ], [ -89.720658, 35.19407 ], [ -89.720658, 35.194139 ], [ -89.720648, 35.194381 ], [ -89.720643, 35.194546 ], [ -89.720638, 35.194711 ], [ -89.720632, 35.194875 ], [ -89.720627, 35.19504 ], [ -89.720622, 35.195205 ], [ -89.720617, 35.19537 ], [ -89.720611, 35.195535 ], [ -89.720606, 35.195699 ], [ -89.720601, 35.195864 ], [ -89.720595, 35.196038 ], [ -89.720582, 35.196458 ], [ -89.720583, 35.196484 ], [ -89.720541, 35.197274 ], [ -89.720544, 35.197355 ], [ -89.72054, 35.197434 ], [ -89.720523, 35.197798 ], [ -89.720469, 35.198894 ], [ -89.720462, 35.199101 ], [ -89.720499, 35.199347 ], [ -89.720546, 35.199663 ], [ -89.720529, 35.200585 ], [ -89.720494, 35.201213 ], [ -89.720458, 35.201853 ], [ -89.720384, 35.202371 ], [ -89.720334, 35.202717 ], [ -89.720334, 35.202735 ], [ -89.720336, 35.202792 ], [ -89.720337, 35.202811 ], [ -89.720334, 35.203 ], [ -89.72033, 35.203232 ], [ -89.720327, 35.203262 ], [ -89.720295, 35.203709 ], [ -89.720279, 35.204201 ], [ -89.720258, 35.204615 ], [ -89.720247, 35.204841 ], [ -89.72028, 35.205064 ], [ -89.720356, 35.205072 ], [ -89.72047, 35.205084 ], [ -89.720586, 35.205099 ], [ -89.720663, 35.20511 ], [ -89.721, 35.205155 ], [ -89.721591, 35.20526 ], [ -89.72305, 35.205588 ], [ -89.723154, 35.205612 ], [ -89.723573, 35.20568 ], [ -89.723992, 35.205728 ], [ -89.724305, 35.205743 ], [ -89.725534, 35.205766 ], [ -89.725668, 35.205769 ], [ -89.726545, 35.205786 ], [ -89.726776, 35.205791 ], [ -89.7282, 35.205819 ], [ -89.729133, 35.205838 ], [ -89.729987, 35.205846 ], [ -89.730346, 35.205837 ], [ -89.730685, 35.20583 ], [ -89.731437, 35.205787 ], [ -89.73229, 35.205719 ], [ -89.732775, 35.205659 ], [ -89.732664, 35.205004 ], [ -89.732624, 35.204713 ], [ -89.733796, 35.204557 ], [ -89.733784, 35.204214 ], [ -89.734834, 35.204221 ], [ -89.734791, 35.199693 ], [ -89.738087, 35.199756 ], [ -89.738538, 35.199716 ], [ -89.738517, 35.199329 ], [ -89.738979, 35.199299 ], [ -89.739964, 35.199233 ], [ -89.740008, 35.203469 ], [ -89.739445, 35.203479 ], [ -89.739402, 35.204936 ], [ -89.739583, 35.204919 ], [ -89.74062, 35.204818 ], [ -89.740842, 35.204796 ], [ -89.740966, 35.204785 ], [ -89.741923, 35.204691 ], [ -89.742022, 35.204682 ], [ -89.742917, 35.204604 ], [ -89.744019, 35.204551 ], [ -89.74501, 35.204551 ], [ -89.745203, 35.204555 ], [ -89.746265, 35.204578 ], [ -89.746978, 35.204593 ], [ -89.747503, 35.204603 ], [ -89.748536, 35.204625 ], [ -89.748784, 35.204631 ], [ -89.749117, 35.204639 ], [ -89.749738, 35.204652 ], [ -89.749831, 35.204655 ], [ -89.750469, 35.204668 ], [ -89.751144, 35.20468 ], [ -89.75182, 35.204657 ], [ -89.752083, 35.204645 ], [ -89.752763, 35.204629 ], [ -89.753946, 35.204572 ], [ -89.754478, 35.204546 ], [ -89.754683, 35.204536 ], [ -89.75495, 35.204524 ], [ -89.7553, 35.204515 ], [ -89.755506, 35.204511 ], [ -89.755558, 35.20451 ], [ -89.755607, 35.204509 ], [ -89.755828, 35.204505 ], [ -89.756115, 35.204503 ], [ -89.756955, 35.2045 ], [ -89.757943, 35.204499 ], [ -89.758225, 35.204499 ], [ -89.758553, 35.2045 ], [ -89.758856, 35.2045 ], [ -89.758933, 35.2045 ], [ -89.759351, 35.2045 ], [ -89.759918, 35.204502 ], [ -89.760076, 35.204502 ], [ -89.760457, 35.204503 ], [ -89.76053, 35.204504 ], [ -89.760606, 35.204503 ], [ -89.761182, 35.204501 ], [ -89.762447, 35.204496 ], [ -89.762511, 35.204496 ], [ -89.763337, 35.2045 ], [ -89.763358, 35.204499 ], [ -89.764002, 35.204483 ], [ -89.764083, 35.204479 ], [ -89.764118, 35.204477 ], [ -89.764173, 35.204475 ], [ -89.765081, 35.204429 ], [ -89.765424, 35.204412 ], [ -89.7655, 35.204409 ], [ -89.7661, 35.20442 ], [ -89.76682, 35.204432 ], [ -89.767996, 35.204417 ], [ -89.768069, 35.204417 ], [ -89.76907, 35.204417 ], [ -89.769513, 35.204413 ], [ -89.769538, 35.204413 ], [ -89.770301, 35.204427 ], [ -89.770914, 35.204425 ], [ -89.770944, 35.204425 ], [ -89.771063, 35.204425 ], [ -89.771413, 35.204411 ], [ -89.771628, 35.20441 ], [ -89.771654, 35.20441 ], [ -89.771719, 35.204409 ], [ -89.772084, 35.204403 ], [ -89.772273, 35.204399 ], [ -89.772299, 35.204399 ], [ -89.772488, 35.204396 ], [ -89.772587, 35.204344 ], [ -89.772794, 35.204243 ], [ -89.773073, 35.204102 ], [ -89.773209, 35.204034 ], [ -89.773227, 35.204024 ], [ -89.774109, 35.20358 ], [ -89.774829, 35.203215 ], [ -89.775414, 35.202919 ], [ -89.777572, 35.201827 ], [ -89.777936, 35.201649 ], [ -89.778873, 35.201194 ], [ -89.780299, 35.200534 ], [ -89.782807, 35.199407 ], [ -89.783727, 35.198992 ], [ -89.785519, 35.19816 ], [ -89.785627, 35.198113 ], [ -89.785741, 35.198063 ], [ -89.787365, 35.197308 ], [ -89.788219, 35.196928 ], [ -89.788366, 35.196862 ], [ -89.788809, 35.196666 ], [ -89.788957, 35.196602 ], [ -89.78958, 35.196319 ], [ -89.790772, 35.195781 ], [ -89.791079, 35.195646 ], [ -89.7911, 35.195636 ], [ -89.791481, 35.195469 ], [ -89.792154, 35.195174 ], [ -89.792181, 35.195161 ], [ -89.792264, 35.195125 ], [ -89.792292, 35.195113 ], [ -89.792297, 35.194991 ], [ -89.792301, 35.194892 ], [ -89.792305, 35.194794 ], [ -89.792308, 35.194695 ], [ -89.792313, 35.194574 ], [ -89.79232, 35.194351 ], [ -89.792344, 35.193682 ], [ -89.792352, 35.19346 ], [ -89.792448, 35.193469 ], [ -89.792537, 35.193473 ], [ -89.792997, 35.19354 ], [ -89.793086, 35.193552 ], [ -89.793203, 35.193568 ], [ -89.793568, 35.193585 ], [ -89.793864, 35.193557 ], [ -89.794112, 35.193512 ], [ -89.794828, 35.19327 ], [ -89.795236, 35.193125 ], [ -89.795934, 35.192878 ], [ -89.796079, 35.192826 ], [ -89.796398, 35.192713 ], [ -89.796517, 35.192677 ], [ -89.796665, 35.192634 ], [ -89.797062, 35.192633 ], [ -89.797631, 35.192537 ], [ -89.797673, 35.192531 ], [ -89.797802, 35.19251 ], [ -89.799285, 35.19185 ], [ -89.800263, 35.191325 ], [ -89.802767, 35.190233 ], [ -89.804007, 35.189677 ], [ -89.80407, 35.189649 ], [ -89.806665, 35.188485 ], [ -89.808044, 35.187863 ], [ -89.80868, 35.187576 ], [ -89.80943, 35.187241 ], [ -89.812158, 35.186018 ], [ -89.812753, 35.185759 ], [ -89.813056, 35.185627 ], [ -89.813148, 35.185588 ], [ -89.813292, 35.185521 ], [ -89.813386, 35.185478 ], [ -89.814835, 35.184813 ], [ -89.814995, 35.184746 ], [ -89.815284, 35.184614 ], [ -89.815529, 35.184503 ], [ -89.817349, 35.183684 ], [ -89.817804, 35.18348 ], [ -89.828082, 35.178866 ], [ -89.828035, 35.178431 ], [ -89.828381, 35.177604 ], [ -89.82836, 35.177507 ], [ -89.828405, 35.176711 ], [ -89.828488, 35.175341 ], [ -89.828472, 35.175202 ], [ -89.82829, 35.174711 ], [ -89.828156, 35.174347 ], [ -89.828346, 35.174297 ], [ -89.828746, 35.174192 ], [ -89.828999, 35.174099 ], [ -89.829281, 35.173964 ], [ -89.829569, 35.173779 ], [ -89.829805, 35.173585 ], [ -89.830089, 35.173352 ], [ -89.830192, 35.173281 ], [ -89.830381, 35.173151 ], [ -89.830556, 35.173062 ], [ -89.830817, 35.172952 ], [ -89.831108, 35.172855 ], [ -89.831619, 35.172742 ], [ -89.832111, 35.17264 ], [ -89.832319, 35.172607 ], [ -89.832388, 35.172588 ], [ -89.832484, 35.172563 ], [ -89.832638, 35.172533 ], [ -89.832914, 35.17249 ], [ -89.833177, 35.172433 ], [ -89.833311, 35.17239 ], [ -89.83353, 35.172308 ], [ -89.833798, 35.172183 ], [ -89.834099, 35.171999 ], [ -89.834422, 35.171808 ], [ -89.83456, 35.171742 ], [ -89.834646, 35.171703 ], [ -89.834914, 35.171603 ], [ -89.835306, 35.171501 ] ] ] } },
{ "type": "Feature", "properties": { "GEOID": "38131", "ZCTA5": "38131", "AREALAND": 582526 }, "geometry": { "type": "Polygon", "coordinates": [ [ [ -89.99586, 35.062107 ], [ -89.995956, 35.060704 ], [ -89.995432, 35.060689 ], [ -89.994985, 35.060677 ], [ -89.994805, 35.060671 ], [ -89.994564, 35.060664 ], [ -89.994268, 35.060654 ], [ -89.994089, 35.060648 ], [ -89.993929, 35.060642 ], [ -89.993559, 35.060631 ], [ -89.992823, 35.060611 ], [ -89.992575, 35.060604 ], [ -89.992397, 35.060599 ], [ -89.99197, 35.060588 ], [ -89.991621, 35.060579 ], [ -89.991606, 35.061109 ], [ -89.991583, 35.061565 ], [ -89.991563, 35.061763 ], [ -89.991496, 35.062148 ], [ -89.991421, 35.062441 ], [ -89.991303, 35.062843 ], [ -89.991287, 35.062899 ], [ -89.99112, 35.063302 ], [ -89.991004, 35.063539 ], [ -89.990772, 35.063958 ], [ -89.990497, 35.06437 ], [ -89.990347, 35.064591 ], [ -89.990049, 35.065027 ], [ -89.988324, 35.067568 ], [ -89.987794, 35.068344 ], [ -89.987665, 35.068551 ], [ -89.987589, 35.068657 ], [ -89.987947, 35.06866 ], [ -89.988134, 35.068662 ], [ -89.988397, 35.06867 ], [ -89.98847, 35.068722 ], [ -89.989497, 35.068737 ], [ -89.989904, 35.068743 ], [ -89.98996, 35.068744 ], [ -89.99002, 35.068745 ], [ -89.990021, 35.06884 ], [ -89.990031, 35.069032 ], [ -89.990072, 35.069429 ], [ -89.990093, 35.06962 ], [ -89.990118, 35.069859 ], [ -89.990189, 35.070185 ], [ -89.990358, 35.070719 ], [ -89.990587, 35.071419 ], [ -89.990756, 35.071936 ], [ -89.990764, 35.071954 ], [ -89.990788, 35.072012 ], [ -89.990812, 35.072069 ], [ -89.991005, 35.072103 ], [ -89.991181, 35.072095 ], [ -89.991268, 35.072082 ], [ -89.991395, 35.072055 ], [ -89.991692, 35.071983 ], [ -89.992069, 35.071892 ], [ -89.992241, 35.07186 ], [ -89.992368, 35.071831 ], [ -89.99262, 35.071765 ], [ -89.992699, 35.071734 ], [ -89.992772, 35.071712 ], [ -89.992851, 35.071744 ], [ -89.992893, 35.071755 ], [ -89.993024, 35.071774 ], [ -89.993156, 35.071767 ], [ -89.993199, 35.071761 ], [ -89.993326, 35.071731 ], [ -89.993362, 35.07171 ], [ -89.993513, 35.071638 ], [ -89.993582, 35.071594 ], [ -89.993676, 35.071519 ], [ -89.993695, 35.071487 ], [ -89.993787, 35.071211 ], [ -89.993822, 35.071145 ], [ -89.99383, 35.071093 ], [ -89.993891, 35.071041 ], [ -89.99394, 35.071006 ], [ -89.994026, 35.070948 ], [ -89.994147, 35.070844 ], [ -89.99421, 35.070795 ], [ -89.994329, 35.070689 ], [ -89.994617, 35.070523 ], [ -89.994672, 35.070496 ], [ -89.994658, 35.070416 ], [ -89.994654, 35.070344 ], [ -89.994658, 35.070309 ], [ -89.994689, 35.070186 ], [ -89.994703, 35.070134 ], [ -89.994701, 35.070027 ], [ -89.994722, 35.069886 ], [ -89.994701, 35.069637 ], [ -89.994677, 35.069532 ], [ -89.994615, 35.069362 ], [ -89.994583, 35.069263 ], [ -89.994571, 35.069225 ], [ -89.994535, 35.069203 ], [ -89.994523, 35.069133 ], [ -89.994502, 35.068973 ], [ -89.994489, 35.068875 ], [ -89.994309, 35.068688 ], [ -89.994135, 35.068595 ], [ -89.993721, 35.068474 ], [ -89.993554, 35.068463 ], [ -89.993066, 35.068354 ], [ -89.993026, 35.068337 ], [ -89.992839, 35.068079 ], [ -89.992809, 35.068018 ], [ -89.995732, 35.068063 ], [ -89.99586, 35.062107 ] ] ] } },
{ "type": "Feature", "properties": { "GEOID": "38127", "ZCTA5": "38127", "AREALAND": 97808023 }, "geometry": { "type": "Polygon", "coordinates": [ [ [ -90.071744, 35.277896 ], [ -90.071687, 35.277754 ], [ -90.071199, 35.276833 ], [ -90.071183, 35.276802 ], [ -90.070862, 35.276085 ], [ -90.070503, 35.275387 ], [ -90.069985, 35.274545 ], [ -90.069426, 35.273794 ], [ -90.069121, 35.273355 ], [ -90.0686, 35.272528 ], [ -90.067998, 35.271497 ], [ -90.067729, 35.271102 ], [ -90.067367, 35.270707 ], [ -90.067224, 35.270536 ], [ -90.067058, 35.270294 ], [ -90.066678, 35.269586 ], [ -90.066439, 35.269024 ], [ -90.066232, 35.268711 ], [ -90.065539, 35.267762 ], [ -90.065344, 35.267442 ], [ -90.065225, 35.267177 ], [ -90.065178, 35.26699 ], [ -90.065168, 35.266657 ], [ -90.065191, 35.26627 ], [ -90.065172, 35.266182 ], [ -90.065139, 35.266154 ], [ -90.065071, 35.266132 ], [ -90.064927, 35.266129 ], [ -90.064576, 35.26612 ], [ -90.064396, 35.266092 ], [ -90.064232, 35.266032 ], [ -90.064172, 35.265989 ], [ -90.064078, 35.265871 ], [ -90.064052, 35.2658 ], [ -90.064035, 35.265634 ], [ -90.064043, 35.265377 ], [ -90.064033, 35.265054 ], [ -90.063789, 35.263727 ], [ -90.063468, 35.262184 ], [ -90.063359, 35.261631 ], [ -90.063334, 35.261304 ], [ -90.06335, 35.260815 ], [ -90.063345, 35.26047 ], [ -90.063311, 35.260293 ], [ -90.063271, 35.260009 ], [ -90.063243, 35.260001 ], [ -90.063114, 35.260047 ], [ -90.063096, 35.259971 ], [ -90.063097, 35.259837 ], [ -90.063224, 35.259663 ], [ -90.063242, 35.259315 ], [ -90.063345, 35.257947 ], [ -90.06335, 35.257883 ], [ -90.063396, 35.256924 ], [ -90.06342, 35.256568 ], [ -90.063442, 35.256228 ], [ -90.063488, 35.255789 ], [ -90.063535, 35.255566 ], [ -90.063748, 35.254566 ], [ -90.063781, 35.254283 ], [ -90.063813, 35.254203 ], [ -90.063864, 35.254156 ], [ -90.063962, 35.254135 ], [ -90.064256, 35.254185 ], [ -90.064451, 35.254199 ], [ -90.064766, 35.254168 ], [ -90.065721, 35.25401 ], [ -90.066724, 35.253867 ], [ -90.068612, 35.253638 ], [ -90.068764, 35.25361 ], [ -90.068949, 35.25353 ], [ -90.069056, 35.25345 ], [ -90.069177, 35.253311 ], [ -90.069274, 35.253117 ], [ -90.069318, 35.252952 ], [ -90.069349, 35.252187 ], [ -90.069361, 35.250524 ], [ -90.069295, 35.249325 ], [ -90.069208, 35.24861 ], [ -90.069237, 35.248455 ], [ -90.069279, 35.24839 ], [ -90.06935, 35.248323 ], [ -90.069602, 35.248154 ], [ -90.069727, 35.24809 ], [ -90.069804, 35.248091 ], [ -90.069893, 35.248163 ], [ -90.069971, 35.248297 ], [ -90.06983, 35.247683 ], [ -90.069844, 35.247436 ], [ -90.070185, 35.246772 ], [ -90.070252, 35.246629 ], [ -90.0704, 35.246387 ], [ -90.07046, 35.246277 ], [ -90.070507, 35.246233 ], [ -90.070701, 35.245975 ], [ -90.070995, 35.245563 ], [ -90.071049, 35.245459 ], [ -90.07123, 35.245234 ], [ -90.071364, 35.244992 ], [ -90.071437, 35.244772 ], [ -90.071464, 35.244382 ], [ -90.071404, 35.244245 ], [ -90.071196, 35.243998 ], [ -90.070828, 35.243592 ], [ -90.070453, 35.243339 ], [ -90.070266, 35.24324 ], [ -90.070125, 35.243174 ], [ -90.069804, 35.243075 ], [ -90.069362, 35.242993 ], [ -90.069188, 35.242861 ], [ -90.069071, 35.242708 ], [ -90.06894, 35.242537 ], [ -90.068759, 35.242241 ], [ -90.068539, 35.241916 ], [ -90.068197, 35.241296 ], [ -90.067709, 35.240434 ], [ -90.067153, 35.239544 ], [ -90.067046, 35.239269 ], [ -90.067066, 35.238901 ], [ -90.067126, 35.238451 ], [ -90.067079, 35.238083 ], [ -90.066932, 35.237748 ], [ -90.066638, 35.237358 ], [ -90.066417, 35.236913 ], [ -90.066357, 35.236556 ], [ -90.066383, 35.235919 ], [ -90.066377, 35.23565 ], [ -90.066297, 35.235258 ], [ -90.066223, 35.234898 ], [ -90.066229, 35.234639 ], [ -90.066403, 35.234293 ], [ -90.066477, 35.234068 ], [ -90.066571, 35.233876 ], [ -90.066624, 35.233805 ], [ -90.066725, 35.233629 ], [ -90.066772, 35.233393 ], [ -90.066792, 35.233157 ], [ -90.066758, 35.232492 ], [ -90.066752, 35.232212 ], [ -90.066752, 35.231432 ], [ -90.066718, 35.231026 ], [ -90.066598, 35.230301 ], [ -90.066457, 35.22979 ], [ -90.06625, 35.228851 ], [ -90.066069, 35.228247 ], [ -90.065741, 35.227022 ], [ -90.065574, 35.226594 ], [ -90.065393, 35.226182 ], [ -90.065253, 35.225654 ], [ -90.064992, 35.224935 ], [ -90.064798, 35.22432 ], [ -90.064784, 35.224259 ], [ -90.06459, 35.223924 ], [ -90.064436, 35.223502 ], [ -90.064169, 35.222804 ], [ -90.064042, 35.222535 ], [ -90.063908, 35.222085 ], [ -90.063603, 35.220727 ], [ -90.063413, 35.219882 ], [ -90.063205, 35.219141 ], [ -90.062984, 35.218257 ], [ -90.062924, 35.217801 ], [ -90.062804, 35.217213 ], [ -90.06267, 35.216911 ], [ -90.062523, 35.216625 ], [ -90.062499, 35.216548 ], [ -90.062476, 35.216472 ], [ -90.062443, 35.216257 ], [ -90.062409, 35.215604 ], [ -90.062141, 35.214731 ], [ -90.062028, 35.214489 ], [ -90.061994, 35.214297 ], [ -90.062101, 35.214022 ], [ -90.061913, 35.213595 ], [ -90.061781, 35.212778 ], [ -90.061686, 35.212495 ], [ -90.06157, 35.212458 ], [ -90.06144, 35.212358 ], [ -90.061308, 35.212259 ], [ -90.061193, 35.212171 ], [ -90.061239, 35.212137 ], [ -90.063225, 35.210761 ], [ -90.063723, 35.210209 ], [ -90.063891, 35.210088 ], [ -90.06396, 35.210013 ], [ -90.065383, 35.208447 ], [ -90.066806, 35.206881 ], [ -90.066891, 35.206788 ], [ -90.06577, 35.204866 ], [ -90.065491, 35.204388 ], [ -90.065289, 35.2039 ], [ -90.064132, 35.201094 ], [ -90.063672, 35.196609 ], [ -90.063408, 35.191354 ], [ -90.06356, 35.189469 ], [ -90.063881, 35.185513 ], [ -90.063987, 35.184211 ], [ -90.064414, 35.178953 ], [ -90.063088, 35.17991 ], [ -90.062979, 35.17999 ], [ -90.062475, 35.180308 ], [ -90.061158, 35.18114 ], [ -90.06078, 35.181379 ], [ -90.058856, 35.182385 ], [ -90.058025, 35.182821 ], [ -90.057455, 35.183222 ], [ -90.057485, 35.183141 ], [ -90.057543, 35.182989 ], [ -90.057479, 35.182919 ], [ -90.057421, 35.182857 ], [ -90.05731, 35.182878 ], [ -90.0572, 35.182899 ], [ -90.056842, 35.182968 ], [ -90.056042, 35.183182 ], [ -90.055539, 35.183317 ], [ -90.055451, 35.183356 ], [ -90.054007, 35.183993 ], [ -90.052246, 35.185055 ], [ -90.051862, 35.185287 ], [ -90.051481, 35.185377 ], [ -90.0512, 35.185443 ], [ -90.050919, 35.185509 ], [ -90.050401, 35.186021 ], [ -90.048197, 35.187441 ], [ -90.046229, 35.18833 ], [ -90.046012, 35.188455 ], [ -90.04412, 35.189549 ], [ -90.044243, 35.189734 ], [ -90.044417, 35.189871 ], [ -90.044974, 35.190312 ], [ -90.045686, 35.190977 ], [ -90.045985, 35.191635 ], [ -90.046025, 35.192374 ], [ -90.045959, 35.192992 ], [ -90.045832, 35.193305 ], [ -90.045666, 35.193471 ], [ -90.045373, 35.193744 ], [ -90.044921, 35.193896 ], [ -90.044482, 35.193803 ], [ -90.043026, 35.193398 ], [ -90.042195, 35.192839 ], [ -90.04141, 35.192161 ], [ -90.041011, 35.191868 ], [ -90.040782, 35.191643 ], [ -90.040359, 35.19123 ], [ -90.04005, 35.190976 ], [ -90.039599, 35.190952 ], [ -90.038768, 35.190575 ], [ -90.037889, 35.189908 ], [ -90.037352, 35.189658 ], [ -90.037297, 35.189718 ], [ -90.036695, 35.189827 ], [ -90.036407, 35.189827 ], [ -90.03616, 35.189797 ], [ -90.035649, 35.189735 ], [ -90.035419, 35.189724 ], [ -90.035172, 35.189713 ], [ -90.03447, 35.189983 ], [ -90.033566, 35.191316 ], [ -90.032476, 35.191845 ], [ -90.031054, 35.191504 ], [ -90.030008, 35.190413 ], [ -90.02841, 35.188617 ], [ -90.027956, 35.18831 ], [ -90.027483, 35.18799 ], [ -90.026918, 35.187979 ], [ -90.025899, 35.188059 ], [ -90.025382, 35.188043 ], [ -90.025001, 35.188032 ], [ -90.024343, 35.187943 ], [ -90.023894, 35.187862 ], [ -90.02337, 35.187868 ], [ -90.022996, 35.187818 ], [ -90.022784, 35.187723 ], [ -90.021276, 35.18755 ], [ -90.019753, 35.187348 ], [ -90.019663, 35.187337 ], [ -90.017952, 35.186761 ], [ -90.01793, 35.186756 ], [ -90.017866, 35.186742 ], [ -90.017845, 35.186738 ], [ -90.017016, 35.186748 ], [ -90.015771, 35.186736 ], [ -90.01529, 35.186738 ], [ -90.015038, 35.186739 ], [ -90.013926, 35.186344 ], [ -90.013256, 35.186355 ], [ -90.01191, 35.18686 ], [ -90.010036, 35.187248 ], [ -90.009313, 35.187399 ], [ -90.008514, 35.187623 ], [ -90.008091, 35.187723 ], [ -90.00796, 35.187736 ], [ -90.007911, 35.187741 ], [ -90.007829, 35.18775 ], [ -90.007602, 35.187766 ], [ -90.007373, 35.18779 ], [ -90.007194, 35.18781 ], [ -90.006921, 35.18789 ], [ -90.006668, 35.187867 ], [ -90.006414, 35.187844 ], [ -90.006071, 35.187813 ], [ -90.005346, 35.187974 ], [ -90.004, 35.188179 ], [ -90.002778, 35.188478 ], [ -90.001388, 35.18877 ], [ -90.0003, 35.189055 ], [ -89.998053, 35.189421 ], [ -89.99783, 35.18929 ], [ -89.996963, 35.189442 ], [ -89.996153, 35.189856 ], [ -89.996097, 35.189869 ], [ -89.995885, 35.189907 ], [ -89.995715, 35.189927 ], [ -89.995284, 35.189962 ], [ -89.995074, 35.190003 ], [ -89.994861, 35.190036 ], [ -89.99482, 35.190045 ], [ -89.994578, 35.190122 ], [ -89.994501, 35.190154 ], [ -89.99443, 35.190195 ], [ -89.994301, 35.190287 ], [ -89.994265, 35.190306 ], [ -89.994138, 35.19033 ], [ -89.993926, 35.190363 ], [ -89.993721, 35.19042 ], [ -89.993642, 35.190451 ], [ -89.99353, 35.190502 ], [ -89.993405, 35.190529 ], [ -89.993192, 35.190562 ], [ -89.992784, 35.190481 ], [ -89.992712, 35.190473 ], [ -89.991291, 35.19032 ], [ -89.991157, 35.190284 ], [ -89.9909, 35.190232 ], [ -89.990565, 35.190139 ], [ -89.990542, 35.19013 ], [ -89.990484, 35.19011 ], [ -89.990401, 35.190086 ], [ -89.989884, 35.189987 ], [ -89.989753, 35.18997 ], [ -89.989664, 35.189968 ], [ -89.989541, 35.190008 ], [ -89.989455, 35.190027 ], [ -89.989235, 35.190045 ], [ -89.989103, 35.190049 ], [ -89.988908, 35.190084 ], [ -89.988578, 35.190439 ], [ -89.988354, 35.190755 ], [ -89.987921, 35.191179 ], [ -89.987281, 35.191495 ], [ -89.986782, 35.191578 ], [ -89.985718, 35.191578 ], [ -89.985303, 35.191429 ], [ -89.985144, 35.191064 ], [ -89.984937, 35.190589 ], [ -89.984671, 35.189541 ], [ -89.984421, 35.188976 ], [ -89.983972, 35.188436 ], [ -89.983406, 35.188168 ], [ -89.982708, 35.188013 ], [ -89.982579, 35.187985 ], [ -89.981593, 35.188012 ], [ -89.981085, 35.188375 ], [ -89.980712, 35.188523 ], [ -89.980444, 35.18863 ], [ -89.980019, 35.188607 ], [ -89.979874, 35.188654 ], [ -89.979706, 35.188698 ], [ -89.979542, 35.188751 ], [ -89.979456, 35.188769 ], [ -89.979173, 35.188806 ], [ -89.979019, 35.188827 ], [ -89.978762, 35.188882 ], [ -89.978687, 35.188869 ], [ -89.978643, 35.188865 ], [ -89.97851, 35.188864 ], [ -89.978378, 35.188854 ], [ -89.978334, 35.188855 ], [ -89.978246, 35.188865 ], [ -89.978114, 35.188873 ], [ -89.977937, 35.188873 ], [ -89.977893, 35.188868 ], [ -89.977809, 35.188845 ], [ -89.977439, 35.188726 ], [ -89.976891, 35.188493 ], [ -89.976702, 35.188401 ], [ -89.976663, 35.188385 ], [ -89.976583, 35.188352 ], [ -89.976472, 35.188294 ], [ -89.976048, 35.188101 ], [ -89.976008, 35.188086 ], [ -89.975862, 35.188052 ], [ -89.975795, 35.188036 ], [ -89.97574, 35.18803 ], [ -89.975708, 35.188026 ], [ -89.975177, 35.188037 ], [ -89.97451, 35.188113 ], [ -89.974432, 35.188123 ], [ -89.974344, 35.18813 ], [ -89.974212, 35.188131 ], [ -89.973858, 35.188145 ], [ -89.973593, 35.188139 ], [ -89.972904, 35.188081 ], [ -89.972773, 35.188064 ], [ -89.972644, 35.188038 ], [ -89.972389, 35.187963 ], [ -89.971942, 35.187807 ], [ -89.971722, 35.187756 ], [ -89.971681, 35.187743 ], [ -89.971404, 35.187631 ], [ -89.971102, 35.187481 ], [ -89.970882, 35.187363 ], [ -89.970639, 35.187208 ], [ -89.970622, 35.187199 ], [ -89.970529, 35.187148 ], [ -89.970428, 35.187078 ], [ -89.970301, 35.186979 ], [ -89.970094, 35.186845 ], [ -89.969936, 35.18672 ], [ -89.969849, 35.186639 ], [ -89.969539, 35.186385 ], [ -89.969481, 35.186333 ], [ -89.969403, 35.186246 ], [ -89.96926, 35.18611 ], [ -89.969195, 35.186062 ], [ -89.968879, 35.185875 ], [ -89.96874, 35.185778 ], [ -89.96868, 35.185726 ], [ -89.968629, 35.185668 ], [ -89.96856, 35.185576 ], [ -89.968449, 35.185465 ], [ -89.968362, 35.185341 ], [ -89.968248, 35.185231 ], [ -89.968154, 35.185155 ], [ -89.968033, 35.185006 ], [ -89.967923, 35.184894 ], [ -89.967903, 35.184862 ], [ -89.96778, 35.184713 ], [ -89.967725, 35.184657 ], [ -89.967607, 35.184551 ], [ -89.96744, 35.184384 ], [ -89.967346, 35.184308 ], [ -89.967178, 35.184192 ], [ -89.967105, 35.184152 ], [ -89.967081, 35.184141 ], [ -89.966912, 35.184064 ], [ -89.966885, 35.184039 ], [ -89.966847, 35.183974 ], [ -89.966804, 35.183911 ], [ -89.966777, 35.183843 ], [ -89.966691, 35.183679 ], [ -89.966646, 35.183617 ], [ -89.966562, 35.183518 ], [ -89.966521, 35.18347 ], [ -89.966492, 35.183443 ], [ -89.966391, 35.183373 ], [ -89.966204, 35.183278 ], [ -89.966181, 35.183271 ], [ -89.96558, 35.183095 ], [ -89.965412, 35.183052 ], [ -89.965329, 35.183026 ], [ -89.965244, 35.183006 ], [ -89.96507, 35.182983 ], [ -89.964844, 35.182967 ], [ -89.964673, 35.182955 ], [ -89.964496, 35.182961 ], [ -89.964408, 35.18297 ], [ -89.964388, 35.182964 ], [ -89.964373, 35.183055 ], [ -89.964358, 35.183147 ], [ -89.9643, 35.183509 ], [ -89.964257, 35.183934 ], [ -89.964178, 35.184593 ], [ -89.964066, 35.18554 ], [ -89.963959, 35.186434 ], [ -89.963874, 35.187224 ], [ -89.963874, 35.187849 ], [ -89.963968, 35.188865 ], [ -89.964045, 35.189498 ], [ -89.964081, 35.189791 ], [ -89.964125, 35.190178 ], [ -89.964202, 35.190854 ], [ -89.964206, 35.190887 ], [ -89.964232, 35.191131 ], [ -89.964235, 35.191165 ], [ -89.964271, 35.191531 ], [ -89.964304, 35.191869 ], [ -89.964357, 35.192422 ], [ -89.964512, 35.194021 ], [ -89.96477, 35.196292 ], [ -89.964918, 35.197581 ], [ -89.964972, 35.198099 ], [ -89.965135, 35.199653 ], [ -89.96519, 35.200172 ], [ -89.965348, 35.201578 ], [ -89.965459, 35.20265 ], [ -89.965636, 35.204354 ], [ -89.965663, 35.204585 ], [ -89.965852, 35.206229 ], [ -89.966249, 35.210001 ], [ -89.966258, 35.210085 ], [ -89.966528, 35.212563 ], [ -89.966616, 35.213371 ], [ -89.966753, 35.214623 ], [ -89.966807, 35.21576 ], [ -89.966802, 35.215802 ], [ -89.966753, 35.216313 ], [ -89.966699, 35.216609 ], [ -89.966627, 35.217022 ], [ -89.966486, 35.21751 ], [ -89.966438, 35.21768 ], [ -89.966141, 35.218536 ], [ -89.965862, 35.219408 ], [ -89.965623, 35.220156 ], [ -89.965342, 35.22104 ], [ -89.965321, 35.221105 ], [ -89.965318, 35.221115 ], [ -89.964856, 35.222535 ], [ -89.964299, 35.224251 ], [ -89.96367, 35.226173 ], [ -89.963393, 35.227018 ], [ -89.963166, 35.227714 ], [ -89.962964, 35.22853 ], [ -89.962867, 35.229049 ], [ -89.962811, 35.229598 ], [ -89.96281, 35.229631 ], [ -89.962801, 35.230094 ], [ -89.962829, 35.230499 ], [ -89.962885, 35.230964 ], [ -89.963062, 35.231743 ], [ -89.963276, 35.232376 ], [ -89.963509, 35.232856 ], [ -89.963644, 35.233134 ], [ -89.963976, 35.233867 ], [ -89.964009, 35.233928 ], [ -89.964111, 35.234111 ], [ -89.964145, 35.234172 ], [ -89.964173, 35.23423 ], [ -89.964208, 35.2343 ], [ -89.964399, 35.234687 ], [ -89.964463, 35.234816 ], [ -89.964545, 35.234998 ], [ -89.964792, 35.235546 ], [ -89.964875, 35.235729 ], [ -89.964946, 35.235867 ], [ -89.965113, 35.236192 ], [ -89.965159, 35.236281 ], [ -89.965231, 35.23642 ], [ -89.965273, 35.236508 ], [ -89.965402, 35.236774 ], [ -89.965445, 35.236863 ], [ -89.965987, 35.237984 ], [ -89.966049, 35.238114 ], [ -89.966259, 35.238551 ], [ -89.966902, 35.239856 ], [ -89.967041, 35.240139 ], [ -89.967356, 35.240777 ], [ -89.967627, 35.241382 ], [ -89.967755, 35.241732 ], [ -89.967892, 35.242153 ], [ -89.967953, 35.242431 ], [ -89.968027, 35.242792 ], [ -89.968088, 35.243252 ], [ -89.968152, 35.245922 ], [ -89.968166, 35.246537 ], [ -89.96817, 35.246688 ], [ -89.968219, 35.250135 ], [ -89.968232, 35.250878 ], [ -89.968246, 35.251584 ], [ -89.96828, 35.252062 ], [ -89.968314, 35.252395 ], [ -89.968403, 35.252877 ], [ -89.968714, 35.254261 ], [ -89.968738, 35.254366 ], [ -89.968757, 35.254453 ], [ -89.968761, 35.254472 ], [ -89.968784, 35.254557 ], [ -89.968806, 35.254642 ], [ -89.968828, 35.254729 ], [ -89.969058, 35.255656 ], [ -89.969214, 35.256327 ], [ -89.969236, 35.256424 ], [ -89.969254, 35.256504 ], [ -89.969273, 35.256584 ], [ -89.969403, 35.257143 ], [ -89.969472, 35.257455 ], [ -89.969934, 35.259519 ], [ -89.9706, 35.262462 ], [ -89.970761, 35.263554 ], [ -89.970748, 35.264404 ], [ -89.970613, 35.265233 ], [ -89.970403, 35.265931 ], [ -89.97022, 35.266449 ], [ -89.969885, 35.267114 ], [ -89.969601, 35.267599 ], [ -89.969218, 35.268115 ], [ -89.968885, 35.268509 ], [ -89.968515, 35.268985 ], [ -89.967705, 35.269627 ], [ -89.967212, 35.270019 ], [ -89.966482, 35.270581 ], [ -89.965245, 35.271511 ], [ -89.964724, 35.271902 ], [ -89.96442, 35.272132 ], [ -89.964532, 35.272148 ], [ -89.964617, 35.272146 ], [ -89.964704, 35.272125 ], [ -89.964857, 35.272055 ], [ -89.965513, 35.27159 ], [ -89.965663, 35.271521 ], [ -89.965719, 35.271511 ], [ -89.965839, 35.27149 ], [ -89.966868, 35.271494 ], [ -89.970163, 35.271518 ], [ -89.971111, 35.271526 ], [ -89.971645, 35.271509 ], [ -89.972089, 35.27151 ], [ -89.974, 35.271615 ], [ -89.974303, 35.271632 ], [ -89.974683, 35.271668 ], [ -89.97568, 35.271796 ], [ -89.976199, 35.271861 ], [ -89.976997, 35.27194 ], [ -89.977999, 35.272048 ], [ -89.979964, 35.272241 ], [ -89.980451, 35.272285 ], [ -89.981037, 35.272338 ], [ -89.981521, 35.272382 ], [ -89.981816, 35.272417 ], [ -89.981914, 35.27243 ], [ -89.982088, 35.272481 ], [ -89.982213, 35.272544 ], [ -89.982577, 35.27276 ], [ -89.982161, 35.273246 ], [ -89.981856, 35.273609 ], [ -89.981926, 35.273662 ], [ -89.981993, 35.273702 ], [ -89.98179, 35.273933 ], [ -89.980921, 35.27489 ], [ -89.980661, 35.275173 ], [ -89.980102, 35.275786 ], [ -89.979732, 35.276163 ], [ -89.979129, 35.276779 ], [ -89.97717, 35.278645 ], [ -89.976735, 35.279058 ], [ -89.976112, 35.279645 ], [ -89.974061, 35.281577 ], [ -89.973441, 35.282161 ], [ -89.973106, 35.282476 ], [ -89.972335, 35.283204 ], [ -89.972046, 35.28349 ], [ -89.971173, 35.284311 ], [ -89.971094, 35.284386 ], [ -89.970897, 35.284546 ], [ -89.970551, 35.284875 ], [ -89.970806, 35.284896 ], [ -89.97103, 35.284922 ], [ -89.971126, 35.284934 ], [ -89.972466, 35.285088 ], [ -89.972945, 35.285144 ], [ -89.973145, 35.285167 ], [ -89.973747, 35.285236 ], [ -89.973948, 35.28526 ], [ -89.974292, 35.285298 ], [ -89.975261, 35.285395 ], [ -89.975381, 35.285407 ], [ -89.976416, 35.285502 ], [ -89.976274, 35.286418 ], [ -89.978256, 35.286642 ], [ -89.978062, 35.286862 ], [ -89.978426, 35.287302 ], [ -89.978989, 35.287814 ], [ -89.97803, 35.288305 ], [ -89.978048, 35.288347 ], [ -89.978533, 35.289185 ], [ -89.979279, 35.289023 ], [ -89.979205, 35.289441 ], [ -89.979911, 35.28927 ], [ -89.979842, 35.28964 ], [ -89.979707, 35.290346 ], [ -89.984965, 35.290779 ], [ -89.985668, 35.289899 ], [ -89.986068, 35.289399 ], [ -89.98726, 35.289568 ], [ -89.987978, 35.288441 ], [ -89.988187, 35.287046 ], [ -89.988525, 35.284978 ], [ -89.99575, 35.285452 ], [ -89.998705, 35.28563 ], [ -90.007886, 35.28619 ], [ -90.018952, 35.287287 ], [ -90.018987, 35.286864 ], [ -90.02108, 35.286969 ], [ -90.021141, 35.286617 ], [ -90.021193, 35.286317 ], [ -90.021249, 35.286092 ], [ -90.021341, 35.285843 ], [ -90.02152, 35.285435 ], [ -90.021677, 35.285496 ], [ -90.021999, 35.285598 ], [ -90.022091, 35.285628 ], [ -90.022424, 35.285698 ], [ -90.022799, 35.285738 ], [ -90.023503, 35.285785 ], [ -90.024009, 35.285819 ], [ -90.024091, 35.285825 ], [ -90.024233, 35.285836 ], [ -90.024415, 35.284742 ], [ -90.026141, 35.284913 ], [ -90.026528, 35.283747 ], [ -90.027002, 35.280706 ], [ -90.027526, 35.280752 ], [ -90.034158, 35.281341 ], [ -90.033295, 35.287332 ], [ -90.033501, 35.287382 ], [ -90.033608, 35.287393 ], [ -90.033765, 35.287386 ], [ -90.033883, 35.287346 ], [ -90.033786, 35.287756 ], [ -90.033569, 35.287749 ], [ -90.033445, 35.288465 ], [ -90.032987, 35.291106 ], [ -90.030472, 35.29083 ], [ -90.029793, 35.2912 ], [ -90.029169, 35.295505 ], [ -90.028805, 35.298018 ], [ -90.030386, 35.298248 ], [ -90.031974, 35.29848 ], [ -90.031719, 35.300351 ], [ -90.031711, 35.300407 ], [ -90.038226, 35.301091 ], [ -90.039341, 35.298779 ], [ -90.039638, 35.298133 ], [ -90.03983, 35.297715 ], [ -90.040364, 35.29777 ], [ -90.040511, 35.297786 ], [ -90.040769, 35.297816 ], [ -90.041405, 35.297891 ], [ -90.041556, 35.297921 ], [ -90.042189, 35.298067 ], [ -90.04255, 35.298098 ], [ -90.043315, 35.298118 ], [ -90.043516, 35.298124 ], [ -90.043786, 35.298135 ], [ -90.044239, 35.298155 ], [ -90.045241, 35.298191 ], [ -90.045363, 35.298195 ], [ -90.046105, 35.29825 ], [ -90.046999, 35.298359 ], [ -90.047484, 35.298413 ], [ -90.047643, 35.298431 ], [ -90.047882, 35.298457 ], [ -90.048468, 35.298528 ], [ -90.048713, 35.298559 ], [ -90.049652, 35.298689 ], [ -90.049748, 35.2987 ], [ -90.050779, 35.298829 ], [ -90.051348, 35.298877 ], [ -90.051483, 35.298867 ], [ -90.051568, 35.298833 ], [ -90.051683, 35.298726 ], [ -90.051891, 35.298451 ], [ -90.052019, 35.298223 ], [ -90.052079, 35.29804 ], [ -90.052118, 35.2977 ], [ -90.052192, 35.297069 ], [ -90.05223, 35.296916 ], [ -90.052275, 35.296835 ], [ -90.052306, 35.296791 ], [ -90.052383, 35.29672 ], [ -90.052452, 35.296657 ], [ -90.052522, 35.296622 ], [ -90.052726, 35.296552 ], [ -90.052885, 35.296522 ], [ -90.053408, 35.296445 ], [ -90.053513, 35.29643 ], [ -90.054471, 35.296255 ], [ -90.054892, 35.296184 ], [ -90.055601, 35.296112 ], [ -90.05615, 35.296071 ], [ -90.05641, 35.296079 ], [ -90.056548, 35.296098 ], [ -90.056611, 35.296112 ], [ -90.056863, 35.29617 ], [ -90.057215, 35.296298 ], [ -90.057474, 35.296382 ], [ -90.057562, 35.296386 ], [ -90.057639, 35.296351 ], [ -90.057652, 35.29634 ], [ -90.05771, 35.296259 ], [ -90.057825, 35.295708 ], [ -90.057831, 35.295671 ], [ -90.05803, 35.294466 ], [ -90.05819, 35.29355 ], [ -90.058272, 35.293089 ], [ -90.058278, 35.293055 ], [ -90.058285, 35.292893 ], [ -90.058268, 35.292844 ], [ -90.058256, 35.292808 ], [ -90.058212, 35.292754 ], [ -90.058176, 35.292726 ], [ -90.05809, 35.292688 ], [ -90.057905, 35.292664 ], [ -90.055968, 35.2926 ], [ -90.055691, 35.292585 ], [ -90.055613, 35.292566 ], [ -90.05555, 35.292552 ], [ -90.055485, 35.292521 ], [ -90.055405, 35.29244 ], [ -90.055368, 35.292356 ], [ -90.055357, 35.292194 ], [ -90.055379, 35.291641 ], [ -90.055379, 35.290819 ], [ -90.055317, 35.290204 ], [ -90.05526, 35.289298 ], [ -90.055098, 35.288215 ], [ -90.055046, 35.287879 ], [ -90.055002, 35.287431 ], [ -90.055009, 35.287203 ], [ -90.055093, 35.28658 ], [ -90.055209, 35.28593 ], [ -90.055252, 35.285663 ], [ -90.055295, 35.285447 ], [ -90.055334, 35.285356 ], [ -90.055419, 35.285244 ], [ -90.055881, 35.284792 ], [ -90.056156, 35.284524 ], [ -90.056345, 35.284363 ], [ -90.057046, 35.283845 ], [ -90.057102, 35.283788 ], [ -90.057174, 35.283678 ], [ -90.057268, 35.28345 ], [ -90.057372, 35.283201 ], [ -90.057635, 35.28278 ], [ -90.057897, 35.282993 ], [ -90.058159, 35.283166 ], [ -90.05837, 35.283305 ], [ -90.058403, 35.283352 ], [ -90.058421, 35.283432 ], [ -90.058413, 35.283723 ], [ -90.058443, 35.283837 ], [ -90.058494, 35.283926 ], [ -90.058587, 35.284008 ], [ -90.058717, 35.284086 ], [ -90.059292, 35.284283 ], [ -90.059567, 35.28436 ], [ -90.059879, 35.284386 ], [ -90.059972, 35.284374 ], [ -90.060038, 35.284351 ], [ -90.060078, 35.284329 ], [ -90.060203, 35.284263 ], [ -90.060362, 35.284137 ], [ -90.060445, 35.28406 ], [ -90.060575, 35.283914 ], [ -90.06093, 35.283464 ], [ -90.06107, 35.283314 ], [ -90.061274, 35.283138 ], [ -90.061365, 35.283024 ], [ -90.061408, 35.282919 ], [ -90.061469, 35.282598 ], [ -90.061511, 35.282467 ], [ -90.061577, 35.282348 ], [ -90.061793, 35.282076 ], [ -90.062076, 35.281752 ], [ -90.06217, 35.281673 ], [ -90.062356, 35.281545 ], [ -90.062788, 35.281322 ], [ -90.063011, 35.281168 ], [ -90.063164, 35.281012 ], [ -90.063265, 35.280868 ], [ -90.063382, 35.280642 ], [ -90.063507, 35.280442 ], [ -90.063612, 35.280347 ], [ -90.063729, 35.280283 ], [ -90.063904, 35.280224 ], [ -90.064072, 35.280197 ], [ -90.064607, 35.28017 ], [ -90.065036, 35.280178 ], [ -90.065848, 35.280232 ], [ -90.066152, 35.280237 ], [ -90.066688, 35.280189 ], [ -90.066889, 35.280202 ], [ -90.067007, 35.280236 ], [ -90.067539, 35.280518 ], [ -90.067762, 35.280592 ], [ -90.067779, 35.280598 ], [ -90.067929, 35.28063 ], [ -90.068038, 35.28063 ], [ -90.06817, 35.280608 ], [ -90.068275, 35.280569 ], [ -90.068367, 35.280513 ], [ -90.06856, 35.280322 ], [ -90.068883, 35.279928 ], [ -90.069053, 35.279711 ], [ -90.069204, 35.279592 ], [ -90.069381, 35.279504 ], [ -90.069754, 35.279372 ], [ -90.070049, 35.279244 ], [ -90.070266, 35.279113 ], [ -90.070411, 35.27898 ], [ -90.070474, 35.2789 ], [ -90.070564, 35.278678 ], [ -90.070613, 35.278607 ], [ -90.070814, 35.278424 ], [ -90.071187, 35.27802 ], [ -90.071288, 35.277953 ], [ -90.071402, 35.277907 ], [ -90.071564, 35.277885 ], [ -90.071744, 35.277896 ] ] ] } },
{ "type": "Feature", "properties": { "GEOID": "38108", "ZCTA5": "38108", "AREALAND": 19672513 }, "geometry": { "type": "Polygon", "coordinates": [ [ [ -90.018015, 35.181028 ], [ -90.018039, 35.180662 ], [ -90.017934, 35.180656 ], [ -90.01789, 35.180653 ], [ -90.017864, 35.180652 ], [ -90.017845, 35.180651 ], [ -90.017722, 35.180645 ], [ -90.017651, 35.180621 ], [ -90.017581, 35.180579 ], [ -90.017531, 35.180531 ], [ -90.017475, 35.180461 ], [ -90.017416, 35.180364 ], [ -90.017383, 35.180293 ], [ -90.01734, 35.180173 ], [ -90.017328, 35.180428 ], [ -90.017319, 35.180715 ], [ -90.017312, 35.180777 ], [ -90.017293, 35.180814 ], [ -90.017262, 35.180857 ], [ -90.017221, 35.180896 ], [ -90.017058, 35.180855 ], [ -90.016438, 35.18078 ], [ -90.016418, 35.180778 ], [ -90.016333, 35.180775 ], [ -90.016308, 35.180776 ], [ -90.016486, 35.180144 ], [ -90.016507, 35.17993 ], [ -90.016461, 35.179553 ], [ -90.016384, 35.179275 ], [ -90.01617, 35.178979 ], [ -90.015691, 35.178537 ], [ -90.015632, 35.178493 ], [ -90.012649, 35.176303 ], [ -90.011492, 35.17482 ], [ -90.011291, 35.174547 ], [ -90.011268, 35.174517 ], [ -90.011103, 35.174291 ], [ -90.010923, 35.174153 ], [ -90.010615, 35.174027 ], [ -90.010562, 35.173967 ], [ -90.01046, 35.173659 ], [ -90.010382, 35.173423 ], [ -90.010378, 35.172981 ], [ -90.01023, 35.172995 ], [ -90.010133, 35.173003 ], [ -90.00964, 35.173045 ], [ -90.0094, 35.173053 ], [ -90.009155, 35.173063 ], [ -90.009014, 35.173061 ], [ -90.00864, 35.173057 ], [ -90.008594, 35.173054 ], [ -90.008455, 35.173048 ], [ -90.008459, 35.172974 ], [ -90.008467, 35.172785 ], [ -90.008471, 35.17272 ], [ -90.008474, 35.172663 ], [ -90.008489, 35.172304 ], [ -90.008501, 35.172052 ], [ -90.008558, 35.171766 ], [ -90.008676, 35.171384 ], [ -90.008794, 35.171104 ], [ -90.008982, 35.170733 ], [ -90.008765, 35.170577 ], [ -90.008332, 35.170312 ], [ -90.00829, 35.170286 ], [ -90.007909, 35.170006 ], [ -90.007267, 35.169648 ], [ -90.007121, 35.169544 ], [ -90.006833, 35.169341 ], [ -90.006652, 35.169154 ], [ -90.006499, 35.169044 ], [ -90.00642, 35.169011 ], [ -90.006091, 35.168873 ], [ -90.005897, 35.168846 ], [ -90.005676, 35.168838 ], [ -90.005596, 35.168835 ], [ -90.005553, 35.168837 ], [ -90.005282, 35.168857 ], [ -90.005191, 35.168883 ], [ -90.005074, 35.168917 ], [ -90.004771, 35.168924 ], [ -90.004412, 35.168933 ], [ -90.004191, 35.168938 ], [ -90.003866, 35.168958 ], [ -90.003565, 35.168977 ], [ -90.002912, 35.169017 ], [ -90.0028, 35.169025 ], [ -90.00183, 35.169025 ], [ -90.000981, 35.168986 ], [ -90.000952, 35.168986 ], [ -90.000653, 35.168991 ], [ -90.000302, 35.168941 ], [ -90.000088, 35.168911 ], [ -89.999499, 35.16886 ], [ -89.99937, 35.168847 ], [ -89.999045, 35.168816 ], [ -89.998436, 35.168816 ], [ -89.998056, 35.168822 ], [ -89.99758, 35.168792 ], [ -89.997205, 35.168788 ], [ -89.996803, 35.168736 ], [ -89.99659, 35.16868 ], [ -89.996126, 35.168512 ], [ -89.995847, 35.168401 ], [ -89.995689, 35.168348 ], [ -89.995184, 35.168157 ], [ -89.994693, 35.167979 ], [ -89.994356, 35.167863 ], [ -89.993486, 35.167748 ], [ -89.992115, 35.167556 ], [ -89.991809, 35.167542 ], [ -89.991438, 35.167527 ], [ -89.990981, 35.167568 ], [ -89.990816, 35.167603 ], [ -89.990818, 35.167562 ], [ -89.990819, 35.16752 ], [ -89.99082, 35.167413 ], [ -89.990825, 35.167093 ], [ -89.990827, 35.166987 ], [ -89.990834, 35.166615 ], [ -89.990843, 35.166236 ], [ -89.989508, 35.16621 ], [ -89.989432, 35.166209 ], [ -89.988837, 35.166197 ], [ -89.987263, 35.166166 ], [ -89.987104, 35.166186 ], [ -89.987002, 35.166184 ], [ -89.986965, 35.166 ], [ -89.986933, 35.165854 ], [ -89.987055, 35.164477 ], [ -89.987076, 35.163802 ], [ -89.98709, 35.16372 ], [ -89.98705, 35.16361 ], [ -89.987043, 35.163453 ], [ -89.987009, 35.163258 ], [ -89.986909, 35.163057 ], [ -89.986889, 35.163017 ], [ -89.986788, 35.162907 ], [ -89.986641, 35.162775 ], [ -89.986588, 35.162698 ], [ -89.986447, 35.162402 ], [ -89.986313, 35.162281 ], [ -89.986283, 35.162234 ], [ -89.986213, 35.162127 ], [ -89.986106, 35.162012 ], [ -89.986012, 35.16182 ], [ -89.985885, 35.16171 ], [ -89.985671, 35.161419 ], [ -89.98565, 35.161307 ], [ -89.985506, 35.161346 ], [ -89.985077, 35.161465 ], [ -89.984934, 35.161506 ], [ -89.984765, 35.161555 ], [ -89.984257, 35.161703 ], [ -89.984089, 35.161753 ], [ -89.984092, 35.161664 ], [ -89.984101, 35.161401 ], [ -89.984105, 35.161313 ], [ -89.984112, 35.1611 ], [ -89.984136, 35.160465 ], [ -89.984144, 35.160253 ], [ -89.984088, 35.160243 ], [ -89.983953, 35.160222 ], [ -89.98392, 35.16022 ], [ -89.983864, 35.160218 ], [ -89.983653, 35.160116 ], [ -89.983482, 35.160034 ], [ -89.983367, 35.159976 ], [ -89.983233, 35.159874 ], [ -89.982104, 35.160226 ], [ -89.981954, 35.16021 ], [ -89.98198, 35.159974 ], [ -89.982015, 35.159946 ], [ -89.982042, 35.159579 ], [ -89.982082, 35.159028 ], [ -89.981535, 35.158893 ], [ -89.981547, 35.158536 ], [ -89.981548, 35.158485 ], [ -89.981552, 35.158388 ], [ -89.980577, 35.158171 ], [ -89.980204, 35.158089 ], [ -89.979879, 35.158026 ], [ -89.979579, 35.157995 ], [ -89.979301, 35.157974 ], [ -89.97907, 35.157976 ], [ -89.979028, 35.157976 ], [ -89.978478, 35.157979 ], [ -89.97804, 35.157981 ], [ -89.977448, 35.157983 ], [ -89.977449, 35.157941 ], [ -89.97745, 35.157894 ], [ -89.977369, 35.157894 ], [ -89.977126, 35.157895 ], [ -89.977046, 35.157896 ], [ -89.976922, 35.157896 ], [ -89.976551, 35.157898 ], [ -89.976428, 35.157899 ], [ -89.976341, 35.157899 ], [ -89.976083, 35.157899 ], [ -89.975997, 35.1579 ], [ -89.975798, 35.157901 ], [ -89.975204, 35.157904 ], [ -89.975006, 35.157906 ], [ -89.974802, 35.157906 ], [ -89.974191, 35.157908 ], [ -89.973988, 35.157909 ], [ -89.973723, 35.15791 ], [ -89.972928, 35.157916 ], [ -89.972664, 35.157919 ], [ -89.972376, 35.157923 ], [ -89.971914, 35.157933 ], [ -89.97165, 35.157962 ], [ -89.971555, 35.15798 ], [ -89.971355, 35.158026 ], [ -89.970782, 35.158164 ], [ -89.969446, 35.158476 ], [ -89.969402, 35.158486 ], [ -89.969051, 35.158567 ], [ -89.968875, 35.158607 ], [ -89.968429, 35.158709 ], [ -89.968348, 35.158727 ], [ -89.968173, 35.158767 ], [ -89.967944, 35.15882 ], [ -89.967257, 35.15898 ], [ -89.967029, 35.159034 ], [ -89.967022, 35.159101 ], [ -89.967013, 35.159172 ], [ -89.96688, 35.160313 ], [ -89.966432, 35.16415 ], [ -89.966338, 35.164959 ], [ -89.966284, 35.16543 ], [ -89.966251, 35.165805 ], [ -89.966154, 35.16693 ], [ -89.966122, 35.167306 ], [ -89.965385, 35.167534 ], [ -89.964536, 35.167799 ], [ -89.963168, 35.168199 ], [ -89.962428, 35.168416 ], [ -89.962428, 35.168395 ], [ -89.96243, 35.168334 ], [ -89.962431, 35.168314 ], [ -89.96245, 35.167644 ], [ -89.962452, 35.167562 ], [ -89.962508, 35.165309 ], [ -89.962527, 35.164558 ], [ -89.962529, 35.164456 ], [ -89.96255, 35.163652 ], [ -89.96261, 35.161494 ], [ -89.962642, 35.160936 ], [ -89.962648, 35.160839 ], [ -89.962692, 35.160144 ], [ -89.962634, 35.160164 ], [ -89.961432, 35.160596 ], [ -89.959868, 35.161156 ], [ -89.959033, 35.161456 ], [ -89.957923, 35.161856 ], [ -89.957566, 35.161999 ], [ -89.957235, 35.162144 ], [ -89.956659, 35.162431 ], [ -89.956425, 35.162565 ], [ -89.956021, 35.162813 ], [ -89.955541, 35.163119 ], [ -89.953871, 35.164187 ], [ -89.953897, 35.164199 ], [ -89.954574, 35.164691 ], [ -89.954781, 35.165022 ], [ -89.954976, 35.165333 ], [ -89.956421, 35.16737 ], [ -89.956467, 35.167524 ], [ -89.956468, 35.167694 ], [ -89.956447, 35.167793 ], [ -89.956401, 35.168062 ], [ -89.956408, 35.168584 ], [ -89.956425, 35.16869 ], [ -89.956548, 35.169424 ], [ -89.956749, 35.169726 ], [ -89.956875, 35.169991 ], [ -89.956191, 35.170197 ], [ -89.954142, 35.170817 ], [ -89.953459, 35.171024 ], [ -89.95282, 35.171225 ], [ -89.95179, 35.171551 ], [ -89.951262, 35.171764 ], [ -89.950934, 35.171915 ], [ -89.950327, 35.172197 ], [ -89.949994, 35.172284 ], [ -89.949976, 35.172289 ], [ -89.948932, 35.172594 ], [ -89.948585, 35.172697 ], [ -89.94768, 35.172954 ], [ -89.946694, 35.173235 ], [ -89.945475, 35.173628 ], [ -89.944983, 35.173785 ], [ -89.944088, 35.174073 ], [ -89.943668, 35.174186 ], [ -89.943377, 35.174279 ], [ -89.942028, 35.174717 ], [ -89.941261, 35.174949 ], [ -89.940553, 35.175164 ], [ -89.94043, 35.175202 ], [ -89.940063, 35.175316 ], [ -89.939941, 35.175355 ], [ -89.939634, 35.175445 ], [ -89.938715, 35.175717 ], [ -89.938409, 35.175808 ], [ -89.938396, 35.175789 ], [ -89.938359, 35.175734 ], [ -89.938347, 35.175716 ], [ -89.938265, 35.175623 ], [ -89.938016, 35.175465 ], [ -89.936955, 35.174792 ], [ -89.936799, 35.174693 ], [ -89.936599, 35.174572 ], [ -89.936352, 35.174409 ], [ -89.935613, 35.173921 ], [ -89.935364, 35.173763 ], [ -89.935108, 35.173599 ], [ -89.934344, 35.17311 ], [ -89.934169, 35.173025 ], [ -89.934067, 35.172985 ], [ -89.93389, 35.172953 ], [ -89.933565, 35.172942 ], [ -89.933575, 35.172408 ], [ -89.932314, 35.17239 ], [ -89.932314, 35.171779 ], [ -89.932198, 35.171775 ], [ -89.931654, 35.171761 ], [ -89.931655, 35.171714 ], [ -89.931093, 35.171695 ], [ -89.93106, 35.172024 ], [ -89.930483, 35.172007 ], [ -89.930478, 35.172206 ], [ -89.930472, 35.172418 ], [ -89.930462, 35.172802 ], [ -89.930466, 35.17284 ], [ -89.930237, 35.172834 ], [ -89.929552, 35.172817 ], [ -89.929527, 35.172817 ], [ -89.929324, 35.172817 ], [ -89.929089, 35.172813 ], [ -89.928983, 35.172811 ], [ -89.928809, 35.172808 ], [ -89.92882, 35.172468 ], [ -89.928631, 35.172466 ], [ -89.928673, 35.170335 ], [ -89.928686, 35.169657 ], [ -89.92862, 35.169657 ], [ -89.928299, 35.169655 ], [ -89.928239, 35.169654 ], [ -89.927575, 35.170333 ], [ -89.92598, 35.170147 ], [ -89.926122, 35.169774 ], [ -89.926124, 35.169765 ], [ -89.92617, 35.169601 ], [ -89.926014, 35.169581 ], [ -89.925796, 35.169573 ], [ -89.925445, 35.169561 ], [ -89.924673, 35.169541 ], [ -89.924431, 35.169535 ], [ -89.924299, 35.169531 ], [ -89.924232, 35.169386 ], [ -89.924203, 35.169322 ], [ -89.923965, 35.16899 ], [ -89.923872, 35.168861 ], [ -89.922897, 35.167501 ], [ -89.922243, 35.166588 ], [ -89.921879, 35.166574 ], [ -89.921721, 35.166568 ], [ -89.921719, 35.166777 ], [ -89.921715, 35.167114 ], [ -89.921639, 35.167082 ], [ -89.921573, 35.167055 ], [ -89.921511, 35.167039 ], [ -89.921435, 35.167019 ], [ -89.921187, 35.167005 ], [ -89.920764, 35.166988 ], [ -89.92078, 35.166694 ], [ -89.920587, 35.166536 ], [ -89.918787, 35.166485 ], [ -89.918778, 35.166929 ], [ -89.918452, 35.166921 ], [ -89.918191, 35.166914 ], [ -89.91741, 35.166894 ], [ -89.91715, 35.166888 ], [ -89.917144, 35.167028 ], [ -89.916602, 35.166983 ], [ -89.91662, 35.166368 ], [ -89.915739, 35.166335 ], [ -89.915717, 35.166709 ], [ -89.915559, 35.166706 ], [ -89.915485, 35.166702 ], [ -89.91531, 35.166693 ], [ -89.915323, 35.166794 ], [ -89.915341, 35.166862 ], [ -89.915358, 35.166925 ], [ -89.915366, 35.167063 ], [ -89.915355, 35.167378 ], [ -89.915349, 35.167551 ], [ -89.915087, 35.167543 ], [ -89.914302, 35.167522 ], [ -89.914159, 35.167519 ], [ -89.914046, 35.167483 ], [ -89.91405, 35.167464 ], [ -89.914091, 35.167365 ], [ -89.914195, 35.16718 ], [ -89.914195, 35.167162 ], [ -89.914203, 35.166949 ], [ -89.914206, 35.166869 ], [ -89.913648, 35.16686 ], [ -89.913637, 35.167067 ], [ -89.913125, 35.167058 ], [ -89.912968, 35.167067 ], [ -89.912458, 35.167062 ], [ -89.905874, 35.167061 ], [ -89.905868, 35.166957 ], [ -89.904807, 35.16695 ], [ -89.904635, 35.167126 ], [ -89.904219, 35.167509 ], [ -89.903814, 35.167881 ], [ -89.903127, 35.168511 ], [ -89.902529, 35.169062 ], [ -89.902486, 35.169005 ], [ -89.902449, 35.168957 ], [ -89.902421, 35.16898 ], [ -89.902366, 35.169028 ], [ -89.902272, 35.16911 ], [ -89.90198, 35.169348 ], [ -89.901852, 35.169453 ], [ -89.901673, 35.169621 ], [ -89.901179, 35.170065 ], [ -89.901134, 35.170098 ], [ -89.901012, 35.170193 ], [ -89.900852, 35.170347 ], [ -89.900583, 35.170606 ], [ -89.900084, 35.171088 ], [ -89.899774, 35.171381 ], [ -89.899503, 35.171638 ], [ -89.899418, 35.171719 ], [ -89.899285, 35.17186 ], [ -89.899002, 35.172162 ], [ -89.898845, 35.172344 ], [ -89.898669, 35.172563 ], [ -89.898618, 35.172628 ], [ -89.898547, 35.172718 ], [ -89.898475, 35.172807 ], [ -89.898518, 35.172859 ], [ -89.898562, 35.17291 ], [ -89.899021, 35.173451 ], [ -89.900662, 35.175382 ], [ -89.900696, 35.175423 ], [ -89.901227, 35.176011 ], [ -89.901333, 35.1761 ], [ -89.901444, 35.176185 ], [ -89.901509, 35.176219 ], [ -89.901554, 35.176235 ], [ -89.901588, 35.176292 ], [ -89.901609, 35.176317 ], [ -89.901663, 35.176362 ], [ -89.901806, 35.176465 ], [ -89.902507, 35.176991 ], [ -89.903187, 35.177489 ], [ -89.903318, 35.177646 ], [ -89.90349, 35.177868 ], [ -89.905269, 35.180456 ], [ -89.905348, 35.180591 ], [ -89.905482, 35.180743 ], [ -89.905526, 35.180809 ], [ -89.905626, 35.180978 ], [ -89.905763, 35.181173 ], [ -89.905842, 35.181267 ], [ -89.905989, 35.181411 ], [ -89.906024, 35.181451 ], [ -89.906427, 35.18191 ], [ -89.906569, 35.182058 ], [ -89.906602, 35.182085 ], [ -89.906676, 35.182129 ], [ -89.906786, 35.18217 ], [ -89.90684, 35.182313 ], [ -89.906886, 35.182378 ], [ -89.907094, 35.18258 ], [ -89.908606, 35.184102 ], [ -89.908659, 35.184164 ], [ -89.908693, 35.184216 ], [ -89.908944, 35.184552 ], [ -89.90905, 35.184708 ], [ -89.909081, 35.184791 ], [ -89.90918, 35.184762 ], [ -89.909279, 35.184734 ], [ -89.909889, 35.184557 ], [ -89.911069, 35.184195 ], [ -89.913182, 35.183537 ], [ -89.913427, 35.183464 ], [ -89.913558, 35.183425 ], [ -89.913743, 35.183371 ], [ -89.913998, 35.183292 ], [ -89.916444, 35.182542 ], [ -89.91726, 35.182293 ], [ -89.917981, 35.182066 ], [ -89.920145, 35.181386 ], [ -89.920867, 35.18116 ], [ -89.921555, 35.180952 ], [ -89.922039, 35.180804 ], [ -89.92369, 35.180301 ], [ -89.923918, 35.180796 ], [ -89.923967, 35.180856 ], [ -89.923846, 35.180892 ], [ -89.923752, 35.180923 ], [ -89.923561, 35.180987 ], [ -89.923707, 35.181311 ], [ -89.924147, 35.182283 ], [ -89.924212, 35.182427 ], [ -89.924297, 35.182606 ], [ -89.924449, 35.182946 ], [ -89.924738, 35.18359 ], [ -89.924785, 35.18376 ], [ -89.924799, 35.183919 ], [ -89.924797, 35.183997 ], [ -89.924788, 35.184371 ], [ -89.924999, 35.184374 ], [ -89.925634, 35.184385 ], [ -89.925846, 35.184389 ], [ -89.925839, 35.18456 ], [ -89.92582, 35.185074 ], [ -89.925814, 35.185246 ], [ -89.925747, 35.185314 ], [ -89.925741, 35.185829 ], [ -89.929404, 35.185925 ], [ -89.929405, 35.185974 ], [ -89.929819, 35.185987 ], [ -89.929846, 35.185341 ], [ -89.930201, 35.185348 ], [ -89.930347, 35.185354 ], [ -89.930711, 35.185372 ], [ -89.930784, 35.185383 ], [ -89.930929, 35.185407 ], [ -89.931155, 35.185129 ], [ -89.931425, 35.184801 ], [ -89.931834, 35.184297 ], [ -89.931992, 35.184104 ], [ -89.932061, 35.18402 ], [ -89.932135, 35.18393 ], [ -89.932236, 35.184068 ], [ -89.93243, 35.18409 ], [ -89.932519, 35.184108 ], [ -89.933893, 35.184387 ], [ -89.934352, 35.18448 ], [ -89.934682, 35.184547 ], [ -89.934758, 35.184563 ], [ -89.935677, 35.184734 ], [ -89.936009, 35.184797 ], [ -89.936283, 35.184848 ], [ -89.936363, 35.184859 ], [ -89.93645, 35.184887 ], [ -89.936611, 35.184982 ], [ -89.936691, 35.185029 ], [ -89.936885, 35.18509 ], [ -89.9373, 35.18515 ], [ -89.93746, 35.1852 ], [ -89.937661, 35.185244 ], [ -89.937735, 35.185282 ], [ -89.937975, 35.185513 ], [ -89.938203, 35.185853 ], [ -89.93841, 35.186161 ], [ -89.938571, 35.186375 ], [ -89.938544, 35.186463 ], [ -89.939019, 35.187243 ], [ -89.939026, 35.187325 ], [ -89.938932, 35.187528 ], [ -89.938732, 35.187786 ], [ -89.938665, 35.18783 ], [ -89.93843, 35.188083 ], [ -89.937902, 35.188456 ], [ -89.93716, 35.189335 ], [ -89.937146, 35.189429 ], [ -89.937186, 35.189472 ], [ -89.937273, 35.189516 ], [ -89.938571, 35.189544 ], [ -89.939635, 35.189417 ], [ -89.939782, 35.189368 ], [ -89.94007, 35.189236 ], [ -89.940177, 35.189137 ], [ -89.940223, 35.189115 ], [ -89.940419, 35.188878 ], [ -89.942941, 35.188142 ], [ -89.942964, 35.188112 ], [ -89.944149, 35.186608 ], [ -89.944349, 35.18661 ], [ -89.944615, 35.186616 ], [ -89.944689, 35.1866 ], [ -89.944792, 35.186578 ], [ -89.944821, 35.186564 ], [ -89.945355, 35.186312 ], [ -89.946097, 35.186043 ], [ -89.946471, 35.186034 ], [ -89.946562, 35.186047 ], [ -89.946536, 35.186032 ], [ -89.94829, 35.185934 ], [ -89.948462, 35.185984 ], [ -89.948694, 35.185994 ], [ -89.948991, 35.186052 ], [ -89.949189, 35.18614 ], [ -89.949325, 35.186178 ], [ -89.949597, 35.186185 ], [ -89.950055, 35.186218 ], [ -89.950286, 35.186214 ], [ -89.9504, 35.186196 ], [ -89.950465, 35.186166 ], [ -89.950582, 35.186085 ], [ -89.950613, 35.186068 ], [ -89.950648, 35.186055 ], [ -89.950904, 35.185989 ], [ -89.951282, 35.185937 ], [ -89.951499, 35.185894 ], [ -89.951984, 35.185841 ], [ -89.952351, 35.185842 ], [ -89.952868, 35.185848 ], [ -89.953527, 35.18579 ], [ -89.954422, 35.18567 ], [ -89.955033, 35.185577 ], [ -89.955261, 35.185572 ], [ -89.955543, 35.185525 ], [ -89.955559, 35.185523 ], [ -89.955572, 35.18552 ], [ -89.955936, 35.185469 ], [ -89.956088, 35.185415 ], [ -89.956489, 35.185389 ], [ -89.956609, 35.185368 ], [ -89.957484, 35.185213 ], [ -89.957606, 35.185146 ], [ -89.95769, 35.185126 ], [ -89.957773, 35.185106 ], [ -89.957887, 35.185078 ], [ -89.958179, 35.184994 ], [ -89.958218, 35.184981 ], [ -89.95851, 35.184892 ], [ -89.958831, 35.184774 ], [ -89.95922, 35.184604 ], [ -89.95934, 35.184557 ], [ -89.959562, 35.18444 ], [ -89.959703, 35.184354 ], [ -89.959813, 35.184293 ], [ -89.959958, 35.184225 ], [ -89.960235, 35.184098 ], [ -89.960314, 35.184066 ], [ -89.960535, 35.183962 ], [ -89.960811, 35.183833 ], [ -89.961115, 35.183688 ], [ -89.961287, 35.183623 ], [ -89.961596, 35.183507 ], [ -89.961908, 35.183371 ], [ -89.962108, 35.183296 ], [ -89.962377, 35.183172 ], [ -89.962543, 35.183122 ], [ -89.962827, 35.183023 ], [ -89.962993, 35.182974 ], [ -89.963036, 35.182967 ], [ -89.963213, 35.18296 ], [ -89.963432, 35.182936 ], [ -89.963562, 35.182915 ], [ -89.963599, 35.18291 ], [ -89.96365, 35.182905 ], [ -89.963862, 35.182854 ], [ -89.963904, 35.182847 ], [ -89.964035, 35.182866 ], [ -89.964119, 35.182888 ], [ -89.964207, 35.182898 ], [ -89.964249, 35.182908 ], [ -89.964366, 35.182958 ], [ -89.964388, 35.182964 ], [ -89.964408, 35.18297 ], [ -89.964496, 35.182961 ], [ -89.964673, 35.182955 ], [ -89.964844, 35.182967 ], [ -89.96507, 35.182983 ], [ -89.965244, 35.183006 ], [ -89.965329, 35.183026 ], [ -89.965412, 35.183052 ], [ -89.96558, 35.183095 ], [ -89.966181, 35.183271 ], [ -89.966204, 35.183278 ], [ -89.966391, 35.183373 ], [ -89.966492, 35.183443 ], [ -89.966521, 35.18347 ], [ -89.966562, 35.183518 ], [ -89.966646, 35.183617 ], [ -89.966691, 35.183679 ], [ -89.966777, 35.183843 ], [ -89.966804, 35.183911 ], [ -89.966847, 35.183974 ], [ -89.966885, 35.184039 ], [ -89.966912, 35.184064 ], [ -89.967081, 35.184141 ], [ -89.967105, 35.184152 ], [ -89.967178, 35.184192 ], [ -89.967346, 35.184308 ], [ -89.96744, 35.184384 ], [ -89.967607, 35.184551 ], [ -89.967725, 35.184657 ], [ -89.96778, 35.184713 ], [ -89.967903, 35.184862 ], [ -89.967923, 35.184894 ], [ -89.968033, 35.185006 ], [ -89.968154, 35.185155 ], [ -89.968248, 35.185231 ], [ -89.968362, 35.185341 ], [ -89.968449, 35.185465 ], [ -89.96856, 35.185576 ], [ -89.968629, 35.185668 ], [ -89.96868, 35.185726 ], [ -89.96874, 35.185778 ], [ -89.968879, 35.185875 ], [ -89.969195, 35.186062 ], [ -89.96926, 35.18611 ], [ -89.969403, 35.186246 ], [ -89.969481, 35.186333 ], [ -89.969539, 35.186385 ], [ -89.969849, 35.186639 ], [ -89.969936, 35.18672 ], [ -89.970094, 35.186845 ], [ -89.970301, 35.186979 ], [ -89.970428, 35.187078 ], [ -89.970529, 35.187148 ], [ -89.970622, 35.187199 ], [ -89.970639, 35.187208 ], [ -89.970882, 35.187363 ], [ -89.971102, 35.187481 ], [ -89.971404, 35.187631 ], [ -89.971681, 35.187743 ], [ -89.971722, 35.187756 ], [ -89.971942, 35.187807 ], [ -89.972389, 35.187963 ], [ -89.972644, 35.188038 ], [ -89.972773, 35.188064 ], [ -89.972904, 35.188081 ], [ -89.973593, 35.188139 ], [ -89.973858, 35.188145 ], [ -89.974212, 35.188131 ], [ -89.974344, 35.18813 ], [ -89.974432, 35.188123 ], [ -89.97451, 35.188113 ], [ -89.975177, 35.188037 ], [ -89.975708, 35.188026 ], [ -89.97574, 35.18803 ], [ -89.975795, 35.188036 ], [ -89.975862, 35.188052 ], [ -89.976008, 35.188086 ], [ -89.976048, 35.188101 ], [ -89.976472, 35.188294 ], [ -89.976583, 35.188352 ], [ -89.976663, 35.188385 ], [ -89.976702, 35.188401 ], [ -89.976891, 35.188493 ], [ -89.977439, 35.188726 ], [ -89.977809, 35.188845 ], [ -89.977893, 35.188868 ], [ -89.977937, 35.188873 ], [ -89.978114, 35.188873 ], [ -89.978246, 35.188865 ], [ -89.978334, 35.188855 ], [ -89.978378, 35.188854 ], [ -89.97851, 35.188864 ], [ -89.978643, 35.188865 ], [ -89.978687, 35.188869 ], [ -89.978762, 35.188882 ], [ -89.979019, 35.188827 ], [ -89.979173, 35.188806 ], [ -89.979456, 35.188769 ], [ -89.979542, 35.188751 ], [ -89.979706, 35.188698 ], [ -89.979874, 35.188654 ], [ -89.980019, 35.188607 ], [ -89.980444, 35.18863 ], [ -89.980712, 35.188523 ], [ -89.981085, 35.188375 ], [ -89.981593, 35.188012 ], [ -89.982579, 35.187985 ], [ -89.982708, 35.188013 ], [ -89.983406, 35.188168 ], [ -89.983972, 35.188436 ], [ -89.984421, 35.188976 ], [ -89.984671, 35.189541 ], [ -89.984937, 35.190589 ], [ -89.985144, 35.191064 ], [ -89.985303, 35.191429 ], [ -89.985718, 35.191578 ], [ -89.986782, 35.191578 ], [ -89.987281, 35.191495 ], [ -89.987921, 35.191179 ], [ -89.988354, 35.190755 ], [ -89.988578, 35.190439 ], [ -89.988908, 35.190084 ], [ -89.989103, 35.190049 ], [ -89.989235, 35.190045 ], [ -89.989455, 35.190027 ], [ -89.989541, 35.190008 ], [ -89.989664, 35.189968 ], [ -89.989753, 35.18997 ], [ -89.989884, 35.189987 ], [ -89.990401, 35.190086 ], [ -89.990484, 35.19011 ], [ -89.990542, 35.19013 ], [ -89.990565, 35.190139 ], [ -89.9909, 35.190232 ], [ -89.991157, 35.190284 ], [ -89.991291, 35.19032 ], [ -89.992712, 35.190473 ], [ -89.992784, 35.190481 ], [ -89.993192, 35.190562 ], [ -89.993405, 35.190529 ], [ -89.99353, 35.190502 ], [ -89.993642, 35.190451 ], [ -89.993721, 35.19042 ], [ -89.993926, 35.190363 ], [ -89.994138, 35.19033 ], [ -89.994265, 35.190306 ], [ -89.994301, 35.190287 ], [ -89.99443, 35.190195 ], [ -89.994501, 35.190154 ], [ -89.994578, 35.190122 ], [ -89.99482, 35.190045 ], [ -89.994861, 35.190036 ], [ -89.995074, 35.190003 ], [ -89.995284, 35.189962 ], [ -89.995715, 35.189927 ], [ -89.995885, 35.189907 ], [ -89.996097, 35.189869 ], [ -89.996153, 35.189856 ], [ -89.996963, 35.189442 ], [ -89.99783, 35.18929 ], [ -89.998053, 35.189421 ], [ -90.0003, 35.189055 ], [ -90.001388, 35.18877 ], [ -90.002778, 35.188478 ], [ -90.004, 35.188179 ], [ -90.005346, 35.187974 ], [ -90.006071, 35.187813 ], [ -90.006414, 35.187844 ], [ -90.006668, 35.187867 ], [ -90.006921, 35.18789 ], [ -90.007194, 35.18781 ], [ -90.007373, 35.18779 ], [ -90.007602, 35.187766 ], [ -90.007829, 35.18775 ], [ -90.007911, 35.187741 ], [ -90.00796, 35.187736 ], [ -90.008091, 35.187723 ], [ -90.008514, 35.187623 ], [ -90.009313, 35.187399 ], [ -90.010036, 35.187248 ], [ -90.01191, 35.18686 ], [ -90.013256, 35.186355 ], [ -90.013926, 35.186344 ], [ -90.015038, 35.186739 ], [ -90.01529, 35.186738 ], [ -90.015771, 35.186736 ], [ -90.017016, 35.186748 ], [ -90.017845, 35.186738 ], [ -90.017866, 35.186742 ], [ -90.01793, 35.186756 ], [ -90.017952, 35.186761 ], [ -90.017952, 35.18674 ], [ -90.017952, 35.186679 ], [ -90.017953, 35.186659 ], [ -90.017954, 35.18634 ], [ -90.017956, 35.186053 ], [ -90.017959, 35.185384 ], [ -90.017961, 35.185116 ], [ -90.017961, 35.185066 ], [ -90.017959, 35.184947 ], [ -90.017956, 35.184592 ], [ -90.017955, 35.184474 ], [ -90.017952, 35.184183 ], [ -90.017952, 35.184078 ], [ -90.017956, 35.182892 ], [ -90.017958, 35.182562 ], [ -90.017958, 35.182497 ], [ -90.017957, 35.182305 ], [ -90.017961, 35.182129 ], [ -90.017974, 35.181684 ], [ -90.018015, 35.181028 ] ], [ [ -89.932135, 35.18393 ], [ -89.931989, 35.18386 ], [ -89.931804, 35.183703 ], [ -89.931738, 35.183596 ], [ -89.931699, 35.183445 ], [ -89.93164, 35.183249 ], [ -89.931594, 35.18307 ], [ -89.931588, 35.182822 ], [ -89.931582, 35.182574 ], [ -89.931554, 35.182331 ], [ -89.931548, 35.181901 ], [ -89.931537, 35.18152 ], [ -89.931504, 35.181149 ], [ -89.931512, 35.18071 ], [ -89.931524, 35.180399 ], [ -89.931527, 35.180269 ], [ -89.931531, 35.180139 ], [ -89.931485, 35.179934 ], [ -89.93144, 35.179822 ], [ -89.931376, 35.179712 ], [ -89.931333, 35.179625 ], [ -89.930972, 35.179313 ], [ -89.930836, 35.179195 ], [ -89.930523, 35.178926 ], [ -89.930406, 35.178825 ], [ -89.930057, 35.178524 ], [ -89.930028, 35.178499 ], [ -89.929962, 35.178417 ], [ -89.92996, 35.178407 ], [ -89.930581, 35.178197 ], [ -89.931049, 35.178058 ], [ -89.931927, 35.177799 ], [ -89.933462, 35.177317 ], [ -89.93433, 35.177054 ], [ -89.935425, 35.176723 ], [ -89.935488, 35.176767 ], [ -89.93568, 35.1769 ], [ -89.935745, 35.176945 ], [ -89.93535, 35.177362 ], [ -89.93523, 35.177449 ], [ -89.935092, 35.177513 ], [ -89.933731, 35.177923 ], [ -89.933678, 35.17794 ], [ -89.933186, 35.178102 ], [ -89.933219, 35.178264 ], [ -89.933239, 35.17831 ], [ -89.933282, 35.178411 ], [ -89.933286, 35.178498 ], [ -89.933133, 35.178923 ], [ -89.93306, 35.179127 ], [ -89.933576, 35.179251 ], [ -89.933846, 35.179317 ], [ -89.935125, 35.179635 ], [ -89.935455, 35.179718 ], [ -89.935639, 35.179774 ], [ -89.935377, 35.180053 ], [ -89.935001, 35.180456 ], [ -89.934615, 35.180909 ], [ -89.934445, 35.18111 ], [ -89.93437, 35.181202 ], [ -89.934285, 35.181305 ], [ -89.93424, 35.18136 ], [ -89.933908, 35.181765 ], [ -89.932522, 35.183456 ], [ -89.932275, 35.183758 ], [ -89.932152, 35.183909 ], [ -89.932135, 35.18393 ] ] ] } },
{ "type": "Feature", "properties": { "GEOID": "38126", "ZCTA5": "38126", "AREALAND": 4811948 }, "geometry": { "type": "Polygon", "coordinates": [ [ [ -90.059082, 35.129814 ], [ -90.059079, 35.129534 ], [ -90.059077, 35.129307 ], [ -90.058582, 35.129289 ], [ -90.058091, 35.129272 ], [ -90.058014, 35.129269 ], [ -90.0571, 35.129233 ], [ -90.056606, 35.129214 ], [ -90.056611, 35.128993 ], [ -90.056628, 35.12833 ], [ -90.056635, 35.12811 ], [ -90.056859, 35.128116 ], [ -90.057533, 35.128134 ], [ -90.057758, 35.128141 ], [ -90.057698, 35.127876 ], [ -90.057635, 35.127595 ], [ -90.057254, 35.127232 ], [ -90.057058, 35.127046 ], [ -90.057061, 35.126997 ], [ -90.057071, 35.12685 ], [ -90.057075, 35.126802 ], [ -90.05685, 35.126801 ], [ -90.056175, 35.126799 ], [ -90.055951, 35.126799 ], [ -90.055729, 35.126793 ], [ -90.055401, 35.126786 ], [ -90.055065, 35.126781 ], [ -90.054844, 35.126778 ], [ -90.054859, 35.126262 ], [ -90.054861, 35.126201 ], [ -90.054084, 35.12618 ], [ -90.054088, 35.125648 ], [ -90.054089, 35.125544 ], [ -90.053879, 35.125528 ], [ -90.053867, 35.12499 ], [ -90.053886, 35.124546 ], [ -90.05482, 35.124571 ], [ -90.054917, 35.124574 ], [ -90.054948, 35.123659 ], [ -90.054954, 35.123488 ], [ -90.054973, 35.122974 ], [ -90.05498, 35.122804 ], [ -90.054984, 35.122663 ], [ -90.054998, 35.122242 ], [ -90.055004, 35.122102 ], [ -90.055006, 35.122018 ], [ -90.055015, 35.121765 ], [ -90.055019, 35.121682 ], [ -90.055031, 35.121312 ], [ -90.05507, 35.120203 ], [ -90.055084, 35.119834 ], [ -90.05503, 35.119833 ], [ -90.054788, 35.119827 ], [ -90.053902, 35.119806 ], [ -90.053607, 35.1198 ], [ -90.053359, 35.119794 ], [ -90.052617, 35.119776 ], [ -90.05237, 35.119771 ], [ -90.052355, 35.119687 ], [ -90.052361, 35.119392 ], [ -90.052362, 35.119325 ], [ -90.051823, 35.119307 ], [ -90.051816, 35.119277 ], [ -90.051699, 35.119265 ], [ -90.051785, 35.117869 ], [ -90.051812, 35.116464 ], [ -90.051492, 35.116459 ], [ -90.051467, 35.115965 ], [ -90.051234, 35.11596 ], [ -90.051226, 35.116147 ], [ -90.051215, 35.116464 ], [ -90.04813, 35.116367 ], [ -90.048145, 35.116135 ], [ -90.047928, 35.116117 ], [ -90.047898, 35.115887 ], [ -90.047756, 35.115883 ], [ -90.047638, 35.11588 ], [ -90.047524, 35.115877 ], [ -90.047442, 35.115875 ], [ -90.047185, 35.115871 ], [ -90.047072, 35.11587 ], [ -90.047146, 35.116049 ], [ -90.047185, 35.116141 ], [ -90.04717, 35.116185 ], [ -90.047177, 35.11622 ], [ -90.047215, 35.116338 ], [ -90.047151, 35.11629 ], [ -90.046471, 35.11628 ], [ -90.046469, 35.116337 ], [ -90.046467, 35.116423 ], [ -90.043543, 35.11637 ], [ -90.043534, 35.116331 ], [ -90.043486, 35.116129 ], [ -90.043283, 35.116149 ], [ -90.043278, 35.116331 ], [ -90.043267, 35.116742 ], [ -90.042101, 35.116716 ], [ -90.041873, 35.116711 ], [ -90.041281, 35.1167 ], [ -90.041192, 35.116698 ], [ -90.040965, 35.116693 ], [ -90.040983, 35.116047 ], [ -90.040378, 35.116032 ], [ -90.040371, 35.116183 ], [ -90.037876, 35.116131 ], [ -90.037826, 35.11595 ], [ -90.037262, 35.115959 ], [ -90.037322, 35.116172 ], [ -90.037189, 35.116183 ], [ -90.03645, 35.116171 ], [ -90.036218, 35.116168 ], [ -90.03565, 35.116151 ], [ -90.034908, 35.116141 ], [ -90.034829, 35.116149 ], [ -90.034736, 35.116161 ], [ -90.033835, 35.116134 ], [ -90.032964, 35.116109 ], [ -90.032952, 35.116462 ], [ -90.032946, 35.116651 ], [ -90.032739, 35.116644 ], [ -90.032119, 35.116625 ], [ -90.032002, 35.116622 ], [ -90.031941, 35.116636 ], [ -90.031919, 35.116651 ], [ -90.031911, 35.116661 ], [ -90.031905, 35.116791 ], [ -90.031888, 35.117221 ], [ -90.031883, 35.117365 ], [ -90.031776, 35.117362 ], [ -90.031455, 35.117354 ], [ -90.031349, 35.117352 ], [ -90.031349, 35.117417 ], [ -90.031349, 35.117612 ], [ -90.03135, 35.117677 ], [ -90.031348, 35.118227 ], [ -90.031843, 35.118265 ], [ -90.031841, 35.118293 ], [ -90.03183, 35.118526 ], [ -90.031999, 35.118516 ], [ -90.03204, 35.118517 ], [ -90.032673, 35.118537 ], [ -90.032884, 35.118544 ], [ -90.032878, 35.1187 ], [ -90.032863, 35.119171 ], [ -90.032858, 35.119328 ], [ -90.0328, 35.119326 ], [ -90.032629, 35.119322 ], [ -90.032572, 35.119321 ], [ -90.032539, 35.120209 ], [ -90.032483, 35.12173 ], [ -90.03247, 35.122105 ], [ -90.032457, 35.122427 ], [ -90.032441, 35.122874 ], [ -90.032408, 35.123763 ], [ -90.032403, 35.123915 ], [ -90.032391, 35.124371 ], [ -90.032389, 35.124461 ], [ -90.032388, 35.124524 ], [ -90.032388, 35.124569 ], [ -90.032388, 35.124642 ], [ -90.032386, 35.124852 ], [ -90.032386, 35.124923 ], [ -90.032378, 35.125128 ], [ -90.032356, 35.125745 ], [ -90.032349, 35.125951 ], [ -90.032493, 35.125953 ], [ -90.032927, 35.125962 ], [ -90.033072, 35.125965 ], [ -90.033071, 35.126048 ], [ -90.03307, 35.126298 ], [ -90.03307, 35.126382 ], [ -90.033066, 35.126517 ], [ -90.032744, 35.126521 ], [ -90.032731, 35.126935 ], [ -90.03232, 35.12693 ], [ -90.032304, 35.127359 ], [ -90.032303, 35.127382 ], [ -90.032286, 35.127873 ], [ -90.032259, 35.129022 ], [ -90.03196, 35.129014 ], [ -90.031065, 35.128993 ], [ -90.03098, 35.128991 ], [ -90.030768, 35.128978 ], [ -90.030762, 35.129151 ], [ -90.030747, 35.129672 ], [ -90.030743, 35.129846 ], [ -90.031052, 35.130109 ], [ -90.031875, 35.130809 ], [ -90.031981, 35.130897 ], [ -90.032294, 35.131157 ], [ -90.032566, 35.131428 ], [ -90.032464, 35.131492 ], [ -90.032258, 35.131587 ], [ -90.031883, 35.131711 ], [ -90.031673, 35.131762 ], [ -90.031371, 35.131812 ], [ -90.031071, 35.131834 ], [ -90.031069, 35.131947 ], [ -90.031067, 35.132288 ], [ -90.031066, 35.132402 ], [ -90.031061, 35.132518 ], [ -90.031048, 35.132868 ], [ -90.031045, 35.132954 ], [ -90.031043, 35.132985 ], [ -90.031039, 35.133084 ], [ -90.031031, 35.133382 ], [ -90.031028, 35.133482 ], [ -90.03101, 35.133824 ], [ -90.031017, 35.134793 ], [ -90.031015, 35.134853 ], [ -90.031007, 35.135197 ], [ -90.031328, 35.135276 ], [ -90.031492, 35.135317 ], [ -90.031937, 35.135382 ], [ -90.032307, 35.135433 ], [ -90.032635, 35.135479 ], [ -90.032768, 35.135497 ], [ -90.033168, 35.135553 ], [ -90.033302, 35.135572 ], [ -90.033292, 35.135807 ], [ -90.033286, 35.135951 ], [ -90.033248, 35.137018 ], [ -90.033247, 35.13709 ], [ -90.033244, 35.13747 ], [ -90.033569, 35.137501 ], [ -90.034233, 35.137565 ], [ -90.034547, 35.13759 ], [ -90.034874, 35.137616 ], [ -90.035071, 35.137623 ], [ -90.035091, 35.137624 ], [ -90.035178, 35.13762 ], [ -90.03533, 35.137583 ], [ -90.035454, 35.137528 ], [ -90.035609, 35.137413 ], [ -90.035754, 35.137278 ], [ -90.035774, 35.137258 ], [ -90.035835, 35.137202 ], [ -90.035856, 35.137183 ], [ -90.035642, 35.137002 ], [ -90.035222, 35.136648 ], [ -90.035137, 35.136562 ], [ -90.035036, 35.136426 ], [ -90.034981, 35.136353 ], [ -90.034953, 35.136286 ], [ -90.034927, 35.136174 ], [ -90.034916, 35.136097 ], [ -90.034897, 35.13595 ], [ -90.034893, 35.135867 ], [ -90.034891, 35.13579 ], [ -90.035364, 35.135843 ], [ -90.035436, 35.135851 ], [ -90.036368, 35.135921 ], [ -90.03679, 35.135959 ], [ -90.037266, 35.136002 ], [ -90.037815, 35.13605 ], [ -90.037984, 35.136065 ], [ -90.038152, 35.13608 ], [ -90.039458, 35.136231 ], [ -90.040006, 35.136295 ], [ -90.039989, 35.13646 ], [ -90.039988, 35.136504 ], [ -90.039979, 35.137134 ], [ -90.039976, 35.137344 ], [ -90.040621, 35.137403 ], [ -90.040886, 35.137428 ], [ -90.042556, 35.137598 ], [ -90.043202, 35.137665 ], [ -90.043236, 35.137447 ], [ -90.043307, 35.137004 ], [ -90.043332, 35.136792 ], [ -90.043359, 35.136574 ], [ -90.043931, 35.13663 ], [ -90.044485, 35.136685 ], [ -90.044528, 35.136689 ], [ -90.044445, 35.137275 ], [ -90.044451, 35.137389 ], [ -90.044498, 35.137433 ], [ -90.045653, 35.137544 ], [ -90.045767, 35.137566 ], [ -90.045948, 35.137617 ], [ -90.046056, 35.137366 ], [ -90.046091, 35.137288 ], [ -90.046151, 35.137161 ], [ -90.046203, 35.136978 ], [ -90.046218, 35.136884 ], [ -90.04626, 35.13689 ], [ -90.046343, 35.136902 ], [ -90.046505, 35.136924 ], [ -90.046895, 35.136978 ], [ -90.04737, 35.137025 ], [ -90.04766, 35.137055 ], [ -90.048068, 35.13709 ], [ -90.048949, 35.137169 ], [ -90.049293, 35.137203 ], [ -90.049701, 35.137244 ], [ -90.050096, 35.137282 ], [ -90.05035, 35.137273 ], [ -90.050593, 35.137241 ], [ -90.050985, 35.13717 ], [ -90.051466, 35.137072 ], [ -90.051717, 35.137061 ], [ -90.051935, 35.137061 ], [ -90.052102, 35.13709 ], [ -90.052323, 35.137157 ], [ -90.052506, 35.137237 ], [ -90.053064, 35.137529 ], [ -90.053187, 35.137366 ], [ -90.053338, 35.137168 ], [ -90.053568, 35.136886 ], [ -90.053698, 35.136729 ], [ -90.054339, 35.13589 ], [ -90.054418, 35.135773 ], [ -90.054757, 35.135137 ], [ -90.054925, 35.134826 ], [ -90.054995, 35.134674 ], [ -90.055061, 35.134434 ], [ -90.055079, 35.134228 ], [ -90.055085, 35.134012 ], [ -90.055075, 35.133871 ], [ -90.055027, 35.133698 ], [ -90.054981, 35.133608 ], [ -90.054803, 35.133341 ], [ -90.054724, 35.133207 ], [ -90.05466, 35.133044 ], [ -90.054626, 35.132873 ], [ -90.05462, 35.132739 ], [ -90.055184, 35.132745 ], [ -90.055818, 35.132751 ], [ -90.056506, 35.132771 ], [ -90.056514, 35.132534 ], [ -90.056537, 35.131826 ], [ -90.056546, 35.13159 ], [ -90.057043, 35.131598 ], [ -90.057159, 35.131599 ], [ -90.057152, 35.1322 ], [ -90.057801, 35.132217 ], [ -90.057816, 35.132095 ], [ -90.05833, 35.132105 ], [ -90.058343, 35.13162 ], [ -90.058368, 35.130431 ], [ -90.058565, 35.130434 ], [ -90.059063, 35.130445 ], [ -90.059069, 35.130217 ], [ -90.059082, 35.129814 ] ] ] } },
{ "type": "Feature", "properties": { "GEOID": "38135", "ZCTA5": "38135", "AREALAND": 33377345 }, "geometry": { "type": "Polygon", "coordinates": [ [ [ -89.897327, 35.22728 ], [ -89.897682, 35.226931 ], [ -89.89617, 35.226225 ], [ -89.895178, 35.227208 ], [ -89.894289, 35.227093 ], [ -89.893072, 35.226935 ], [ -89.893114, 35.226768 ], [ -89.893142, 35.22668 ], [ -89.893195, 35.226522 ], [ -89.893279, 35.226321 ], [ -89.893315, 35.226248 ], [ -89.893429, 35.226019 ], [ -89.893717, 35.225446 ], [ -89.893834, 35.225171 ], [ -89.893882, 35.225029 ], [ -89.89397, 35.224773 ], [ -89.89401, 35.224598 ], [ -89.894044, 35.224453 ], [ -89.894084, 35.224146 ], [ -89.894093, 35.22406 ], [ -89.894095, 35.223994 ], [ -89.894128, 35.223148 ], [ -89.894145, 35.222611 ], [ -89.894155, 35.222319 ], [ -89.89416, 35.222189 ], [ -89.894161, 35.22215 ], [ -89.894166, 35.221988 ], [ -89.894182, 35.221539 ], [ -89.894183, 35.221502 ], [ -89.894186, 35.221404 ], [ -89.894187, 35.22134 ], [ -89.894142, 35.221339 ], [ -89.893687, 35.221323 ], [ -89.893547, 35.221302 ], [ -89.893437, 35.221287 ], [ -89.893085, 35.221198 ], [ -89.892697, 35.221079 ], [ -89.892467, 35.221034 ], [ -89.892205, 35.221004 ], [ -89.891661, 35.220992 ], [ -89.891021, 35.220978 ], [ -89.890602, 35.220971 ], [ -89.889347, 35.220951 ], [ -89.888931, 35.220918 ], [ -89.888718, 35.220896 ], [ -89.888433, 35.220881 ], [ -89.888078, 35.220878 ], [ -89.887865, 35.220877 ], [ -89.8874, 35.220875 ], [ -89.886005, 35.220869 ], [ -89.885541, 35.220867 ], [ -89.885165, 35.220865 ], [ -89.885155, 35.221312 ], [ -89.883452, 35.221322 ], [ -89.883449, 35.221283 ], [ -89.882854, 35.221216 ], [ -89.882921, 35.220911 ], [ -89.882938, 35.220846 ], [ -89.882916, 35.220845 ], [ -89.882671, 35.220757 ], [ -89.882447, 35.220724 ], [ -89.881626, 35.220606 ], [ -89.880943, 35.220466 ], [ -89.880596, 35.220396 ], [ -89.880523, 35.220382 ], [ -89.880445, 35.220366 ], [ -89.880103, 35.220305 ], [ -89.879923, 35.220274 ], [ -89.879513, 35.220237 ], [ -89.879069, 35.220231 ], [ -89.878723, 35.220228 ], [ -89.878555, 35.220226 ], [ -89.878186, 35.220221 ], [ -89.878054, 35.22022 ], [ -89.877985, 35.22022 ], [ -89.877888, 35.220213 ], [ -89.87775, 35.220204 ], [ -89.877403, 35.220162 ], [ -89.877309, 35.220142 ], [ -89.877012, 35.220081 ], [ -89.876849, 35.220042 ], [ -89.876333, 35.219867 ], [ -89.875669, 35.219549 ], [ -89.8755, 35.219468 ], [ -89.875253, 35.219349 ], [ -89.875203, 35.219324 ], [ -89.875145, 35.219294 ], [ -89.874841, 35.219139 ], [ -89.874504, 35.218982 ], [ -89.874035, 35.218797 ], [ -89.873977, 35.218778 ], [ -89.873559, 35.218646 ], [ -89.872976, 35.218511 ], [ -89.872592, 35.218447 ], [ -89.872134, 35.218394 ], [ -89.871875, 35.218379 ], [ -89.871386, 35.218372 ], [ -89.871178, 35.218378 ], [ -89.871045, 35.218381 ], [ -89.870693, 35.218415 ], [ -89.870305, 35.21847 ], [ -89.870197, 35.218487 ], [ -89.869117, 35.218661 ], [ -89.868935, 35.218684 ], [ -89.868748, 35.218707 ], [ -89.868702, 35.218714 ], [ -89.868311, 35.218733 ], [ -89.868186, 35.218734 ], [ -89.868094, 35.218735 ], [ -89.867999, 35.218737 ], [ -89.86798, 35.218826 ], [ -89.867972, 35.218866 ], [ -89.867397, 35.218844 ], [ -89.866919, 35.218823 ], [ -89.866511, 35.218788 ], [ -89.866097, 35.218728 ], [ -89.865239, 35.218579 ], [ -89.865022, 35.21855 ], [ -89.864929, 35.218537 ], [ -89.864376, 35.218492 ], [ -89.863313, 35.218454 ], [ -89.863236, 35.218396 ], [ -89.86313, 35.218391 ], [ -89.862971, 35.21839 ], [ -89.8626, 35.218378 ], [ -89.862104, 35.218364 ], [ -89.861487, 35.218349 ], [ -89.861116, 35.21834 ], [ -89.860744, 35.218326 ], [ -89.859629, 35.218286 ], [ -89.859258, 35.218273 ], [ -89.859042, 35.218264 ], [ -89.858394, 35.218239 ], [ -89.858179, 35.218231 ], [ -89.857931, 35.218212 ], [ -89.857578, 35.218186 ], [ -89.857239, 35.21814 ], [ -89.857192, 35.218131 ], [ -89.856949, 35.218087 ], [ -89.856465, 35.217976 ], [ -89.856353, 35.217951 ], [ -89.855929, 35.217826 ], [ -89.855482, 35.217661 ], [ -89.855066, 35.217481 ], [ -89.854978, 35.217443 ], [ -89.854862, 35.217387 ], [ -89.854621, 35.217265 ], [ -89.854477, 35.2174 ], [ -89.854235, 35.217627 ], [ -89.852575, 35.217141 ], [ -89.850103, 35.217242 ], [ -89.848119, 35.217235 ], [ -89.847114, 35.217158 ], [ -89.846635, 35.21707 ], [ -89.846729, 35.216811 ], [ -89.846787, 35.216649 ], [ -89.846272, 35.216609 ], [ -89.846113, 35.216597 ], [ -89.845804, 35.216598 ], [ -89.845434, 35.216628 ], [ -89.845065, 35.216693 ], [ -89.844742, 35.216782 ], [ -89.844696, 35.216795 ], [ -89.84425, 35.216936 ], [ -89.844129, 35.21697 ], [ -89.843969, 35.217017 ], [ -89.843766, 35.217062 ], [ -89.843643, 35.217081 ], [ -89.843336, 35.217119 ], [ -89.843109, 35.217134 ], [ -89.842405, 35.217117 ], [ -89.842095, 35.21711 ], [ -89.841436, 35.217094 ], [ -89.84128, 35.217089 ], [ -89.840967, 35.217079 ], [ -89.838837, 35.217028 ], [ -89.838739, 35.217026 ], [ -89.838023, 35.217008 ], [ -89.837644, 35.217 ], [ -89.837433, 35.216997 ], [ -89.836894, 35.216997 ], [ -89.836509, 35.216984 ], [ -89.836345, 35.216979 ], [ -89.836131, 35.21698 ], [ -89.836195, 35.216607 ], [ -89.836218, 35.21652 ], [ -89.836355, 35.216011 ], [ -89.836512, 35.21556 ], [ -89.836628, 35.215275 ], [ -89.836668, 35.215193 ], [ -89.836877, 35.214774 ], [ -89.837096, 35.214391 ], [ -89.837198, 35.214237 ], [ -89.837398, 35.213939 ], [ -89.837536, 35.21376 ], [ -89.83833, 35.212739 ], [ -89.838714, 35.212249 ], [ -89.838868, 35.21205 ], [ -89.839212, 35.211607 ], [ -89.839324, 35.211449 ], [ -89.839471, 35.211245 ], [ -89.839528, 35.211156 ], [ -89.839634, 35.210989 ], [ -89.839786, 35.210719 ], [ -89.839861, 35.210589 ], [ -89.840033, 35.21025 ], [ -89.840186, 35.209886 ], [ -89.840324, 35.20951 ], [ -89.840458, 35.209049 ], [ -89.840465, 35.209015 ], [ -89.840562, 35.208564 ], [ -89.840581, 35.208413 ], [ -89.839161, 35.208282 ], [ -89.838518, 35.208229 ], [ -89.838352, 35.208087 ], [ -89.838246, 35.207526 ], [ -89.837607, 35.207311 ], [ -89.837433, 35.206833 ], [ -89.837427, 35.206388 ], [ -89.837293, 35.206232 ], [ -89.83696, 35.206289 ], [ -89.836878, 35.206303 ], [ -89.83682, 35.206311 ], [ -89.835148, 35.206125 ], [ -89.835163, 35.205991 ], [ -89.834776, 35.205961 ], [ -89.834904, 35.205532 ], [ -89.834406, 35.205482 ], [ -89.834084, 35.205797 ], [ -89.833598, 35.206273 ], [ -89.833417, 35.20645 ], [ -89.833533, 35.206611 ], [ -89.83363, 35.206778 ], [ -89.833687, 35.206887 ], [ -89.833736, 35.20703 ], [ -89.833752, 35.20718 ], [ -89.833728, 35.207314 ], [ -89.833641, 35.207466 ], [ -89.833597, 35.207522 ], [ -89.833465, 35.207606 ], [ -89.833184, 35.207733 ], [ -89.832868, 35.207797 ], [ -89.83263, 35.207814 ], [ -89.832545, 35.20779 ], [ -89.832476, 35.207733 ], [ -89.832358, 35.207655 ], [ -89.832245, 35.2076 ], [ -89.831483, 35.208352 ], [ -89.831102, 35.208728 ], [ -89.830056, 35.209756 ], [ -89.82937, 35.210431 ], [ -89.82897, 35.210825 ], [ -89.82849, 35.211296 ], [ -89.827757, 35.212015 ], [ -89.827049, 35.212712 ], [ -89.82657, 35.213184 ], [ -89.8263, 35.213452 ], [ -89.826134, 35.213612 ], [ -89.82608, 35.213666 ], [ -89.825958, 35.213786 ], [ -89.825556, 35.214182 ], [ -89.825174, 35.214556 ], [ -89.825696, 35.214913 ], [ -89.824508, 35.217181 ], [ -89.822769, 35.218871 ], [ -89.823166, 35.219162 ], [ -89.82295, 35.219447 ], [ -89.82247, 35.219208 ], [ -89.821891, 35.219704 ], [ -89.821302, 35.219414 ], [ -89.820842, 35.21988 ], [ -89.820652, 35.219776 ], [ -89.820503, 35.219694 ], [ -89.820272, 35.219567 ], [ -89.820151, 35.219493 ], [ -89.819602, 35.220031 ], [ -89.819447, 35.220184 ], [ -89.819316, 35.220312 ], [ -89.819157, 35.22047 ], [ -89.819242, 35.220616 ], [ -89.819368, 35.220962 ], [ -89.819414, 35.221167 ], [ -89.819438, 35.221467 ], [ -89.819414, 35.22268 ], [ -89.819409, 35.222973 ], [ -89.819388, 35.223814 ], [ -89.819382, 35.22404 ], [ -89.819368, 35.224779 ], [ -89.819362, 35.225361 ], [ -89.81936, 35.22545 ], [ -89.817285, 35.225434 ], [ -89.817147, 35.225433 ], [ -89.816264, 35.225427 ], [ -89.816174, 35.228094 ], [ -89.811461, 35.228019 ], [ -89.811401, 35.228077 ], [ -89.811355, 35.228121 ], [ -89.810993, 35.228476 ], [ -89.810597, 35.228858 ], [ -89.810394, 35.229053 ], [ -89.81062, 35.229265 ], [ -89.810634, 35.229291 ], [ -89.810657, 35.229331 ], [ -89.810682, 35.229419 ], [ -89.810692, 35.229712 ], [ -89.810686, 35.230181 ], [ -89.810694, 35.230301 ], [ -89.810695, 35.230317 ], [ -89.810714, 35.230427 ], [ -89.809292, 35.23094 ], [ -89.809398, 35.231201 ], [ -89.809282, 35.232048 ], [ -89.808788, 35.232042 ], [ -89.808776, 35.232841 ], [ -89.808105, 35.232809 ], [ -89.808034, 35.233354 ], [ -89.807206, 35.233307 ], [ -89.807139, 35.233602 ], [ -89.806344, 35.23356 ], [ -89.8063, 35.233903 ], [ -89.805499, 35.233947 ], [ -89.805466, 35.234034 ], [ -89.804788, 35.233968 ], [ -89.804261, 35.233875 ], [ -89.804083, 35.233962 ], [ -89.803512, 35.234092 ], [ -89.803346, 35.234001 ], [ -89.802983, 35.234234 ], [ -89.802729, 35.23405 ], [ -89.802422, 35.233885 ], [ -89.802023, 35.234036 ], [ -89.801287, 35.234335 ], [ -89.801117, 35.234402 ], [ -89.798545, 35.235421 ], [ -89.797335, 35.235901 ], [ -89.797189, 35.235958 ], [ -89.796631, 35.236179 ], [ -89.79657, 35.236204 ], [ -89.796067, 35.236402 ], [ -89.794021, 35.237215 ], [ -89.793814, 35.237297 ], [ -89.793762, 35.237318 ], [ -89.793701, 35.237345 ], [ -89.793516, 35.237423 ], [ -89.793456, 35.237451 ], [ -89.793455, 35.237668 ], [ -89.79345, 35.238256 ], [ -89.793449, 35.238452 ], [ -89.793447, 35.238612 ], [ -89.793446, 35.238755 ], [ -89.793443, 35.239079 ], [ -89.793438, 35.239723 ], [ -89.793435, 35.239789 ], [ -89.793349, 35.241754 ], [ -89.79329, 35.243677 ], [ -89.793284, 35.243797 ], [ -89.793248, 35.244603 ], [ -89.793228, 35.245134 ], [ -89.793367, 35.245144 ], [ -89.793501, 35.245171 ], [ -89.793681, 35.245281 ], [ -89.793872, 35.245432 ], [ -89.793896, 35.245451 ], [ -89.794036, 35.245528 ], [ -89.794224, 35.245539 ], [ -89.794384, 35.245572 ], [ -89.794552, 35.245709 ], [ -89.794853, 35.245748 ], [ -89.795054, 35.245858 ], [ -89.795141, 35.246039 ], [ -89.795409, 35.246006 ], [ -89.795509, 35.246061 ], [ -89.795714, 35.246301 ], [ -89.795763, 35.246358 ], [ -89.795837, 35.24638 ], [ -89.796158, 35.246352 ], [ -89.796225, 35.24638 ], [ -89.796306, 35.246391 ], [ -89.796388, 35.246453 ], [ -89.796461, 35.246508 ], [ -89.79653, 35.24656 ], [ -89.796641, 35.246643 ], [ -89.796674, 35.246681 ], [ -89.796734, 35.246751 ], [ -89.796821, 35.246852 ], [ -89.796841, 35.246995 ], [ -89.796881, 35.247066 ], [ -89.797042, 35.247061 ], [ -89.797131, 35.247122 ], [ -89.797196, 35.24728 ], [ -89.797169, 35.247418 ], [ -89.797189, 35.247473 ], [ -89.797283, 35.247473 ], [ -89.797417, 35.247423 ], [ -89.797558, 35.247401 ], [ -89.797852, 35.247616 ], [ -89.797953, 35.247621 ], [ -89.798241, 35.247484 ], [ -89.798395, 35.247451 ], [ -89.798594, 35.247439 ], [ -89.798689, 35.247434 ], [ -89.798723, 35.247451 ], [ -89.798703, 35.247726 ], [ -89.798677, 35.247946 ], [ -89.798429, 35.247947 ], [ -89.797687, 35.247964 ], [ -89.79744, 35.24797 ], [ -89.797291, 35.247966 ], [ -89.796844, 35.247957 ], [ -89.796695, 35.247954 ], [ -89.796197, 35.247943 ], [ -89.794703, 35.24791 ], [ -89.794206, 35.2479 ], [ -89.793445, 35.247894 ], [ -89.793271, 35.247923 ], [ -89.793339, 35.248748 ], [ -89.793346, 35.249115 ], [ -89.793308, 35.250457 ], [ -89.793304, 35.250559 ], [ -89.794922, 35.250607 ], [ -89.799775, 35.250753 ], [ -89.800219, 35.250767 ], [ -89.801394, 35.250802 ], [ -89.801474, 35.250988 ], [ -89.801483, 35.251069 ], [ -89.801488, 35.251109 ], [ -89.801561, 35.251214 ], [ -89.801648, 35.251351 ], [ -89.801621, 35.251411 ], [ -89.801481, 35.251466 ], [ -89.801434, 35.251571 ], [ -89.801494, 35.251631 ], [ -89.801608, 35.251647 ], [ -89.801688, 35.251691 ], [ -89.801812, 35.25183 ], [ -89.802031, 35.251625 ], [ -89.80269, 35.251012 ], [ -89.80291, 35.250808 ], [ -89.802965, 35.250762 ], [ -89.80313, 35.250627 ], [ -89.803186, 35.250582 ], [ -89.803717, 35.250111 ], [ -89.803874, 35.249972 ], [ -89.805313, 35.248701 ], [ -89.805393, 35.248631 ], [ -89.80585, 35.248237 ], [ -89.806462, 35.247689 ], [ -89.806478, 35.247673 ], [ -89.806849, 35.247342 ], [ -89.807843, 35.246455 ], [ -89.8083, 35.24605 ], [ -89.808915, 35.245506 ], [ -89.809775, 35.244736 ], [ -89.81026, 35.244302 ], [ -89.812358, 35.242428 ], [ -89.812414, 35.242377 ], [ -89.813219, 35.241659 ], [ -89.814244, 35.240765 ], [ -89.814396, 35.24063 ], [ -89.815027, 35.240076 ], [ -89.815589, 35.239571 ], [ -89.816527, 35.238729 ], [ -89.817349, 35.238009 ], [ -89.817901, 35.237515 ], [ -89.8182, 35.237249 ], [ -89.819076, 35.236485 ], [ -89.819109, 35.236479 ], [ -89.819144, 35.236522 ], [ -89.819156, 35.236537 ], [ -89.819228, 35.236575 ], [ -89.819537, 35.236681 ], [ -89.819939, 35.23682 ], [ -89.820695, 35.237082 ], [ -89.821082, 35.237217 ], [ -89.821127, 35.237231 ], [ -89.821262, 35.237276 ], [ -89.821308, 35.237292 ], [ -89.821613, 35.237393 ], [ -89.821671, 35.237413 ], [ -89.822264, 35.237625 ], [ -89.822758, 35.237789 ], [ -89.823122, 35.23791 ], [ -89.8236, 35.238076 ], [ -89.824548, 35.238405 ], [ -89.825038, 35.23857 ], [ -89.825053, 35.238575 ], [ -89.825268, 35.238648 ], [ -89.825524, 35.238713 ], [ -89.825509, 35.238866 ], [ -89.825502, 35.239318 ], [ -89.8255, 35.239616 ], [ -89.825481, 35.240831 ], [ -89.825479, 35.241153 ], [ -89.825478, 35.241651 ], [ -89.825514, 35.241726 ], [ -89.825534, 35.241748 ], [ -89.825639, 35.241808 ], [ -89.8257, 35.24182 ], [ -89.826139, 35.241834 ], [ -89.826103, 35.245941 ], [ -89.826094, 35.246866 ], [ -89.826089, 35.247505 ], [ -89.827444, 35.247538 ], [ -89.827539, 35.247021 ], [ -89.828122, 35.24705 ], [ -89.829715, 35.24713 ], [ -89.829715, 35.249829 ], [ -89.829684, 35.2509 ], [ -89.828122, 35.250878 ], [ -89.827874, 35.250875 ], [ -89.827868, 35.251791 ], [ -89.828122, 35.251805 ], [ -89.829981, 35.251911 ], [ -89.829972, 35.252458 ], [ -89.829957, 35.253381 ], [ -89.834763, 35.253496 ], [ -89.834328, 35.253885 ], [ -89.834016, 35.254208 ], [ -89.833715, 35.254587 ], [ -89.833493, 35.254932 ], [ -89.833337, 35.255311 ], [ -89.833225, 35.255668 ], [ -89.833147, 35.256002 ], [ -89.833114, 35.256247 ], [ -89.833122, 35.256539 ], [ -89.83319, 35.257288 ], [ -89.833204, 35.257282 ], [ -89.833254, 35.257263 ], [ -89.833306, 35.257249 ], [ -89.833326, 35.256715 ], [ -89.833326, 35.256314 ], [ -89.833382, 35.255913 ], [ -89.833471, 35.255545 ], [ -89.833638, 35.255133 ], [ -89.833883, 35.254699 ], [ -89.834095, 35.25442 ], [ -89.834329, 35.254142 ], [ -89.834785, 35.253741 ], [ -89.835141, 35.253438 ], [ -89.837266, 35.253472 ], [ -89.83718, 35.254918 ], [ -89.839838, 35.255125 ], [ -89.842353, 35.25532 ], [ -89.842498, 35.255417 ], [ -89.842713, 35.25546 ], [ -89.842515, 35.255825 ], [ -89.84248, 35.255891 ], [ -89.842337, 35.256167 ], [ -89.84267, 35.2562 ], [ -89.842646, 35.256498 ], [ -89.841054, 35.256979 ], [ -89.840994, 35.257173 ], [ -89.841628, 35.258599 ], [ -89.842292, 35.259654 ], [ -89.842941, 35.259758 ], [ -89.842611, 35.261886 ], [ -89.842764, 35.262623 ], [ -89.844764, 35.262838 ], [ -89.847597, 35.263055 ], [ -89.847566, 35.263451 ], [ -89.847557, 35.263565 ], [ -89.847422, 35.264369 ], [ -89.847625, 35.264378 ], [ -89.847666, 35.264379 ], [ -89.847693, 35.26438 ], [ -89.84773, 35.264382 ], [ -89.847887, 35.264393 ], [ -89.847814, 35.264813 ], [ -89.847301, 35.264737 ], [ -89.846705, 35.268216 ], [ -89.846693, 35.268267 ], [ -89.846631, 35.268656 ], [ -89.846441, 35.269835 ], [ -89.846456, 35.269834 ], [ -89.846523, 35.269883 ], [ -89.846543, 35.269976 ], [ -89.846354, 35.270872 ], [ -89.846336, 35.27096 ], [ -89.846269, 35.27114 ], [ -89.846241, 35.271153 ], [ -89.846162, 35.27119 ], [ -89.846055, 35.271264 ], [ -89.846028, 35.271284 ], [ -89.846021, 35.271366 ], [ -89.846129, 35.271514 ], [ -89.846175, 35.271591 ], [ -89.84617, 35.271623 ], [ -89.846159, 35.271699 ], [ -89.846151, 35.27175 ], [ -89.846222, 35.271736 ], [ -89.846259, 35.271723 ], [ -89.846315, 35.271723 ], [ -89.846385, 35.271723 ], [ -89.846557, 35.271729 ], [ -89.846581, 35.27173 ], [ -89.846619, 35.271732 ], [ -89.846662, 35.271736 ], [ -89.846711, 35.27174 ], [ -89.846754, 35.271744 ], [ -89.846785, 35.271747 ], [ -89.846817, 35.27175 ], [ -89.84685, 35.271754 ], [ -89.846887, 35.271758 ], [ -89.84692, 35.271762 ], [ -89.846947, 35.271787 ], [ -89.846973, 35.271805 ], [ -89.847003, 35.271827 ], [ -89.847038, 35.271856 ], [ -89.847064, 35.271881 ], [ -89.847085, 35.271903 ], [ -89.847114, 35.271937 ], [ -89.847152, 35.271988 ], [ -89.847172, 35.272021 ], [ -89.847192, 35.27206 ], [ -89.847222, 35.272139 ], [ -89.847236, 35.272198 ], [ -89.847242, 35.272239 ], [ -89.847244, 35.272285 ], [ -89.847237, 35.272378 ], [ -89.84722, 35.27245 ], [ -89.847197, 35.272512 ], [ -89.847161, 35.27258 ], [ -89.847113, 35.272648 ], [ -89.847094, 35.272671 ], [ -89.847073, 35.272693 ], [ -89.847021, 35.272741 ], [ -89.846967, 35.272782 ], [ -89.846932, 35.272805 ], [ -89.846885, 35.272832 ], [ -89.846852, 35.272848 ], [ -89.84671, 35.272913 ], [ -89.84658, 35.272937 ], [ -89.84653, 35.272943 ], [ -89.84648, 35.27295 ], [ -89.846437, 35.272963 ], [ -89.846401, 35.272975 ], [ -89.84633, 35.273004 ], [ -89.846268, 35.273036 ], [ -89.846213, 35.273069 ], [ -89.846183, 35.273089 ], [ -89.846158, 35.273108 ], [ -89.846134, 35.273127 ], [ -89.846103, 35.273154 ], [ -89.84607, 35.273186 ], [ -89.846047, 35.273212 ], [ -89.846024, 35.273239 ], [ -89.846001, 35.27327 ], [ -89.845976, 35.273307 ], [ -89.845957, 35.27334 ], [ -89.845942, 35.27337 ], [ -89.845926, 35.273405 ], [ -89.845913, 35.27344 ], [ -89.845905, 35.273467 ], [ -89.845898, 35.273494 ], [ -89.845891, 35.273526 ], [ -89.845886, 35.273558 ], [ -89.845883, 35.273595 ], [ -89.845883, 35.273674 ], [ -89.845889, 35.273729 ], [ -89.845895, 35.273761 ], [ -89.845906, 35.273802 ], [ -89.845919, 35.273842 ], [ -89.845935, 35.273881 ], [ -89.845954, 35.27392 ], [ -89.845994, 35.273986 ], [ -89.846036, 35.274041 ], [ -89.846084, 35.274093 ], [ -89.846145, 35.274147 ], [ -89.846195, 35.274184 ], [ -89.846248, 35.274218 ], [ -89.846305, 35.274249 ], [ -89.846453, 35.27431 ], [ -89.846492, 35.274314 ], [ -89.846566, 35.27432 ], [ -89.846632, 35.274325 ], [ -89.846685, 35.274328 ], [ -89.84675, 35.274331 ], [ -89.846803, 35.274333 ], [ -89.846868, 35.274334 ], [ -89.84691, 35.274334 ], [ -89.846952, 35.274334 ], [ -89.847008, 35.274333 ], [ -89.847062, 35.274332 ], [ -89.847102, 35.274331 ], [ -89.847177, 35.274327 ], [ -89.847239, 35.274323 ], [ -89.847305, 35.274318 ], [ -89.847349, 35.274314 ], [ -89.847393, 35.27431 ], [ -89.847476, 35.274301 ], [ -89.84754, 35.274292 ], [ -89.847608, 35.274283 ], [ -89.847716, 35.274265 ], [ -89.847778, 35.274253 ], [ -89.847847, 35.27424 ], [ -89.847915, 35.274225 ], [ -89.847991, 35.274207 ], [ -89.848065, 35.274189 ], [ -89.848123, 35.274173 ], [ -89.848182, 35.274156 ], [ -89.848242, 35.274138 ], [ -89.848302, 35.274119 ], [ -89.848372, 35.274096 ], [ -89.848439, 35.274073 ], [ -89.848553, 35.274058 ], [ -89.848925, 35.274011 ], [ -89.848867, 35.274501 ], [ -89.84869, 35.276034 ], [ -89.848645, 35.276411 ], [ -89.848527, 35.276698 ], [ -89.84857, 35.27669 ], [ -89.848614, 35.276692 ], [ -89.848699, 35.276681 ], [ -89.849044, 35.276657 ], [ -89.84913, 35.276655 ], [ -89.849216, 35.276646 ], [ -89.849475, 35.276629 ], [ -89.84956, 35.276617 ], [ -89.849646, 35.276614 ], [ -89.849689, 35.276608 ], [ -89.849704, 35.276606 ], [ -89.850033, 35.276583 ], [ -89.850466, 35.276562 ], [ -89.850551, 35.276551 ], [ -89.85129, 35.276512 ], [ -89.851466, 35.276517 ], [ -89.851683, 35.276504 ], [ -89.851727, 35.276505 ], [ -89.851813, 35.276496 ], [ -89.852334, 35.276474 ], [ -89.852725, 35.276469 ], [ -89.852811, 35.276459 ], [ -89.852898, 35.276457 ], [ -89.85294, 35.276452 ], [ -89.853245, 35.276438 ], [ -89.853586, 35.276419 ], [ -89.853671, 35.276408 ], [ -89.853975, 35.276395 ], [ -89.854018, 35.276389 ], [ -89.854104, 35.27639 ], [ -89.854319, 35.276379 ], [ -89.854404, 35.276367 ], [ -89.854425, 35.276365 ], [ -89.854483, 35.276307 ], [ -89.854515, 35.276274 ], [ -89.854534, 35.276255 ], [ -89.854787, 35.276001 ], [ -89.854878, 35.275911 ], [ -89.85524, 35.275548 ], [ -89.85568, 35.275105 ], [ -89.858089, 35.27269 ], [ -89.858734, 35.272044 ], [ -89.858892, 35.271885 ], [ -89.859037, 35.271737 ], [ -89.859315, 35.271454 ], [ -89.860587, 35.270165 ], [ -89.861012, 35.269736 ], [ -89.861354, 35.269394 ], [ -89.862176, 35.268576 ], [ -89.862381, 35.26837 ], [ -89.862723, 35.268028 ], [ -89.863317, 35.267433 ], [ -89.863778, 35.266971 ], [ -89.864094, 35.266655 ], [ -89.864844, 35.265904 ], [ -89.864952, 35.265798 ], [ -89.865353, 35.265397 ], [ -89.865815, 35.264935 ], [ -89.86595, 35.2648 ], [ -89.868204, 35.262546 ], [ -89.86887, 35.261881 ], [ -89.869173, 35.261574 ], [ -89.869566, 35.261168 ], [ -89.869814, 35.260907 ], [ -89.86999, 35.260713 ], [ -89.870885, 35.259733 ], [ -89.871262, 35.259346 ], [ -89.871697, 35.258901 ], [ -89.871862, 35.258906 ], [ -89.872463, 35.258962 ], [ -89.872981, 35.259011 ], [ -89.874449, 35.259149 ], [ -89.87476, 35.259179 ], [ -89.875526, 35.259254 ], [ -89.876564, 35.259362 ], [ -89.877824, 35.259485 ], [ -89.877942, 35.259495 ], [ -89.878744, 35.25957 ], [ -89.879368, 35.259638 ], [ -89.879541, 35.259657 ], [ -89.880109, 35.259719 ], [ -89.882234, 35.259919 ], [ -89.882127, 35.25938 ], [ -89.882098, 35.259109 ], [ -89.88211, 35.258832 ], [ -89.882288, 35.257837 ], [ -89.882342, 35.256939 ], [ -89.882442, 35.256015 ], [ -89.882467, 35.255551 ], [ -89.882496, 35.255348 ], [ -89.882526, 35.25528 ], [ -89.882635, 35.255193 ], [ -89.882661, 35.255148 ], [ -89.882703, 35.25489 ], [ -89.882734, 35.254769 ], [ -89.882795, 35.254698 ], [ -89.882924, 35.254622 ], [ -89.882982, 35.254566 ], [ -89.883016, 35.254491 ], [ -89.883026, 35.25417 ], [ -89.883058, 35.253508 ], [ -89.883053, 35.253401 ], [ -89.883027, 35.25333 ], [ -89.88293, 35.253222 ], [ -89.882873, 35.253193 ], [ -89.882809, 35.253175 ], [ -89.880588, 35.253106 ], [ -89.879924, 35.253086 ], [ -89.879255, 35.253083 ], [ -89.878048, 35.253118 ], [ -89.877843, 35.25311 ], [ -89.877697, 35.253066 ], [ -89.877613, 35.252993 ], [ -89.878894, 35.25169 ], [ -89.879655, 35.250918 ], [ -89.879758, 35.250816 ], [ -89.880116, 35.250462 ], [ -89.880809, 35.249778 ], [ -89.881326, 35.249258 ], [ -89.882568, 35.248014 ], [ -89.883233, 35.247341 ], [ -89.88353, 35.24704 ], [ -89.88556, 35.245001 ], [ -89.886092, 35.244468 ], [ -89.886309, 35.244247 ], [ -89.88777, 35.242773 ], [ -89.887967, 35.242575 ], [ -89.888038, 35.2425 ], [ -89.888251, 35.242277 ], [ -89.888323, 35.242202 ], [ -89.888649, 35.241874 ], [ -89.889329, 35.241199 ], [ -89.890466, 35.240073 ], [ -89.891272, 35.239273 ], [ -89.89146, 35.239087 ], [ -89.892131, 35.238412 ], [ -89.89235, 35.238192 ], [ -89.892942, 35.237597 ], [ -89.893276, 35.237259 ], [ -89.89335, 35.237183 ], [ -89.893137, 35.237074 ], [ -89.89227, 35.236628 ], [ -89.891417, 35.23619 ], [ -89.889034, 35.234966 ], [ -89.887955, 35.234412 ], [ -89.888195, 35.234177 ], [ -89.888646, 35.233734 ], [ -89.888708, 35.233664 ], [ -89.888917, 35.233432 ], [ -89.889385, 35.232874 ], [ -89.889937, 35.232197 ], [ -89.890101, 35.231995 ], [ -89.89073, 35.231201 ], [ -89.890778, 35.231142 ], [ -89.891075, 35.230759 ], [ -89.891253, 35.230531 ], [ -89.891383, 35.230364 ], [ -89.891416, 35.230321 ], [ -89.891452, 35.230276 ], [ -89.891515, 35.230193 ], [ -89.891549, 35.230151 ], [ -89.891785, 35.229844 ], [ -89.891903, 35.229692 ], [ -89.892072, 35.229442 ], [ -89.892187, 35.229274 ], [ -89.892434, 35.228957 ], [ -89.892466, 35.228903 ], [ -89.892666, 35.228571 ], [ -89.89266, 35.228605 ], [ -89.892635, 35.228705 ], [ -89.892628, 35.228739 ], [ -89.892657, 35.228747 ], [ -89.892715, 35.228763 ], [ -89.893076, 35.228854 ], [ -89.89313, 35.228853 ], [ -89.893177, 35.228833 ], [ -89.893192, 35.228813 ], [ -89.89322, 35.228779 ], [ -89.893289, 35.228612 ], [ -89.893335, 35.228574 ], [ -89.893522, 35.22856 ], [ -89.893608, 35.22853 ], [ -89.893847, 35.228592 ], [ -89.893985, 35.228639 ], [ -89.894135, 35.22871 ], [ -89.89437, 35.228858 ], [ -89.894621, 35.229044 ], [ -89.894668, 35.229091 ], [ -89.894747, 35.229212 ], [ -89.89492, 35.229628 ], [ -89.894938, 35.229662 ], [ -89.896183, 35.228536 ], [ -89.897335, 35.227419 ], [ -89.897327, 35.22728 ] ] ] } },
{ "type": "Feature", "properties": { "GEOID": "38004", "ZCTA5": "38004", "AREALAND": 70838526 }, "geometry": { "type": "Polygon", "coordinates": [ [ [ -89.849046, 35.409213 ], [ -89.849019, 35.408904 ], [ -89.848974, 35.408683 ], [ -89.848932, 35.40857 ], [ -89.848907, 35.408502 ], [ -89.848801, 35.408322 ], [ -89.848662, 35.408146 ], [ -89.848599, 35.408066 ], [ -89.848567, 35.408021 ], [ -89.846506, 35.407849 ], [ -89.846339, 35.407826 ], [ -89.843642, 35.407383 ], [ -89.843588, 35.405353 ], [ -89.844267, 35.405222 ], [ -89.845538, 35.404987 ], [ -89.84566, 35.404964 ], [ -89.845233, 35.404648 ], [ -89.844983, 35.404448 ], [ -89.844134, 35.403768 ], [ -89.843191, 35.402992 ], [ -89.843109, 35.402924 ], [ -89.842923, 35.402793 ], [ -89.843297, 35.402451 ], [ -89.843654, 35.402126 ], [ -89.843711, 35.40207 ], [ -89.843939, 35.401848 ], [ -89.843964, 35.401824 ], [ -89.844147, 35.40197 ], [ -89.844215, 35.402026 ], [ -89.845359, 35.402964 ], [ -89.845446, 35.403035 ], [ -89.845487, 35.402757 ], [ -89.845581, 35.402139 ], [ -89.845326, 35.401941 ], [ -89.845383, 35.401875 ], [ -89.845824, 35.401364 ], [ -89.845862, 35.401331 ], [ -89.845518, 35.401074 ], [ -89.845429, 35.401007 ], [ -89.845417, 35.400998 ], [ -89.845166, 35.400805 ], [ -89.845079, 35.400738 ], [ -89.845036, 35.400703 ], [ -89.844907, 35.400599 ], [ -89.844864, 35.400565 ], [ -89.845199, 35.400265 ], [ -89.846207, 35.399367 ], [ -89.846324, 35.399264 ], [ -89.846544, 35.399069 ], [ -89.846484, 35.399041 ], [ -89.84622, 35.398916 ], [ -89.845965, 35.398773 ], [ -89.844939, 35.398211 ], [ -89.844913, 35.398245 ], [ -89.844582, 35.39865 ], [ -89.844175, 35.399118 ], [ -89.843908, 35.399406 ], [ -89.843856, 35.399458 ], [ -89.843682, 35.399303 ], [ -89.841947, 35.40093 ], [ -89.840319, 35.402065 ], [ -89.835909, 35.404641 ], [ -89.833308, 35.406154 ], [ -89.832701, 35.406496 ], [ -89.832565, 35.406572 ], [ -89.828854, 35.408764 ], [ -89.82883, 35.40872 ], [ -89.82881, 35.408616 ], [ -89.828722, 35.408459 ], [ -89.828528, 35.40811 ], [ -89.828374, 35.407929 ], [ -89.828265, 35.407464 ], [ -89.827932, 35.407112 ], [ -89.827619, 35.406632 ], [ -89.827674, 35.406471 ], [ -89.828108, 35.406342 ], [ -89.828189, 35.406084 ], [ -89.827907, 35.405981 ], [ -89.827713, 35.405785 ], [ -89.827588, 35.405721 ], [ -89.82738, 35.405672 ], [ -89.827186, 35.405705 ], [ -89.826844, 35.405694 ], [ -89.826703, 35.405639 ], [ -89.826508, 35.405474 ], [ -89.826233, 35.405447 ], [ -89.826086, 35.405469 ], [ -89.825898, 35.405535 ], [ -89.825717, 35.405513 ], [ -89.825556, 35.405436 ], [ -89.82528, 35.405403 ], [ -89.824972, 35.405376 ], [ -89.824616, 35.405304 ], [ -89.824207, 35.405156 ], [ -89.823939, 35.405024 ], [ -89.823731, 35.40497 ], [ -89.823302, 35.404794 ], [ -89.822933, 35.404728 ], [ -89.822537, 35.404602 ], [ -89.822356, 35.404519 ], [ -89.822195, 35.404426 ], [ -89.821611, 35.404184 ], [ -89.821557, 35.404157 ], [ -89.821443, 35.404118 ], [ -89.821249, 35.403954 ], [ -89.820853, 35.403652 ], [ -89.820537, 35.403393 ], [ -89.820323, 35.403267 ], [ -89.820148, 35.403207 ], [ -89.819974, 35.403168 ], [ -89.819793, 35.403113 ], [ -89.819632, 35.403092 ], [ -89.819531, 35.403064 ], [ -89.819478, 35.40307 ], [ -89.819404, 35.403053 ], [ -89.819337, 35.403009 ], [ -89.819068, 35.402916 ], [ -89.818283, 35.402746 ], [ -89.818089, 35.402735 ], [ -89.81778, 35.402779 ], [ -89.817338, 35.402735 ], [ -89.817022, 35.402674 ], [ -89.816539, 35.40263 ], [ -89.816405, 35.402559 ], [ -89.816385, 35.402526 ], [ -89.816329, 35.402458 ], [ -89.816322, 35.402364 ], [ -89.816317, 35.402351 ], [ -89.816213, 35.402234 ], [ -89.815971, 35.401815 ], [ -89.815892, 35.401544 ], [ -89.815892, 35.401446 ], [ -89.815933, 35.40127 ], [ -89.81586, 35.400824 ], [ -89.815895, 35.40062 ], [ -89.815949, 35.400416 ], [ -89.815789, 35.400059 ], [ -89.815783, 35.399942 ], [ -89.815851, 35.39981 ], [ -89.815958, 35.399706 ], [ -89.816133, 35.399592 ], [ -89.816316, 35.399372 ], [ -89.81639, 35.399213 ], [ -89.816748, 35.39885 ], [ -89.816984, 35.398625 ], [ -89.817017, 35.398504 ], [ -89.817005, 35.398444 ], [ -89.816824, 35.398261 ], [ -89.816428, 35.398001 ], [ -89.816347, 35.397874 ], [ -89.816374, 35.397775 ], [ -89.816649, 35.397462 ], [ -89.816725, 35.397375 ], [ -89.816793, 35.397259 ], [ -89.816739, 35.397083 ], [ -89.816685, 35.396987 ], [ -89.816624, 35.396884 ], [ -89.816573, 35.396849 ], [ -89.816479, 35.396868 ], [ -89.816411, 35.396926 ], [ -89.815827, 35.397228 ], [ -89.815622, 35.397213 ], [ -89.815478, 35.397168 ], [ -89.815378, 35.39717 ], [ -89.815255, 35.397206 ], [ -89.81519, 35.397175 ], [ -89.815162, 35.397078 ], [ -89.81519, 35.396983 ], [ -89.815253, 35.396909 ], [ -89.815547, 35.396751 ], [ -89.815942, 35.396632 ], [ -89.816025, 35.396569 ], [ -89.816024, 35.39652 ], [ -89.815967, 35.39644 ], [ -89.815881, 35.396361 ], [ -89.815742, 35.396173 ], [ -89.815691, 35.396089 ], [ -89.815625, 35.396041 ], [ -89.81553, 35.396027 ], [ -89.815297, 35.396054 ], [ -89.815013, 35.396023 ], [ -89.814903, 35.395977 ], [ -89.814781, 35.395862 ], [ -89.814666, 35.395829 ], [ -89.814566, 35.395806 ], [ -89.814099, 35.395606 ], [ -89.813894, 35.395545 ], [ -89.813798, 35.395482 ], [ -89.813745, 35.395374 ], [ -89.813769, 35.395296 ], [ -89.813826, 35.395234 ], [ -89.813955, 35.395186 ], [ -89.814178, 35.395173 ], [ -89.814417, 35.395191 ], [ -89.814502, 35.395181 ], [ -89.814668, 35.39506 ], [ -89.814818, 35.394734 ], [ -89.814918, 35.394329 ], [ -89.814923, 35.394109 ], [ -89.814896, 35.394029 ], [ -89.81484, 35.393981 ], [ -89.81466, 35.393929 ], [ -89.814488, 35.393973 ], [ -89.814365, 35.394053 ], [ -89.814158, 35.394343 ], [ -89.814075, 35.394418 ], [ -89.813996, 35.394441 ], [ -89.813902, 35.394422 ], [ -89.813837, 35.394387 ], [ -89.813789, 35.394263 ], [ -89.81377, 35.394092 ], [ -89.813731, 35.393951 ], [ -89.81365, 35.393863 ], [ -89.813429, 35.393759 ], [ -89.813347, 35.393675 ], [ -89.813323, 35.393513 ], [ -89.81332, 35.393394 ], [ -89.81328, 35.393327 ], [ -89.813001, 35.393109 ], [ -89.812884, 35.392994 ], [ -89.812883, 35.392957 ], [ -89.812961, 35.392903 ], [ -89.813257, 35.392806 ], [ -89.813321, 35.392752 ], [ -89.81332, 35.392731 ], [ -89.813294, 35.3927 ], [ -89.813119, 35.392635 ], [ -89.813022, 35.392539 ], [ -89.812947, 35.392505 ], [ -89.812842, 35.392487 ], [ -89.812721, 35.392421 ], [ -89.812652, 35.392398 ], [ -89.812615, 35.392305 ], [ -89.812633, 35.392268 ], [ -89.812829, 35.392149 ], [ -89.812878, 35.392099 ], [ -89.812852, 35.392059 ], [ -89.812632, 35.392 ], [ -89.81222, 35.392029 ], [ -89.811962, 35.392011 ], [ -89.81167, 35.392103 ], [ -89.811347, 35.392087 ], [ -89.811262, 35.392052 ], [ -89.811221, 35.392001 ], [ -89.811104, 35.391458 ], [ -89.811125, 35.391319 ], [ -89.811197, 35.391175 ], [ -89.811728, 35.390548 ], [ -89.81177, 35.390425 ], [ -89.811728, 35.390365 ], [ -89.81165, 35.390319 ], [ -89.811703, 35.390267 ], [ -89.811669, 35.390212 ], [ -89.811374, 35.390125 ], [ -89.810817, 35.390152 ], [ -89.810469, 35.390119 ], [ -89.810073, 35.390234 ], [ -89.809637, 35.390201 ], [ -89.809523, 35.390152 ], [ -89.809469, 35.390081 ], [ -89.809329, 35.389345 ], [ -89.809362, 35.389158 ], [ -89.809463, 35.388966 ], [ -89.8102, 35.388136 ], [ -89.810261, 35.387972 ], [ -89.810207, 35.387889 ], [ -89.809805, 35.387642 ], [ -89.809644, 35.387461 ], [ -89.809523, 35.387274 ], [ -89.809496, 35.387104 ], [ -89.809396, 35.387032 ], [ -89.809295, 35.387006 ], [ -89.809228, 35.386988 ], [ -89.809141, 35.387021 ], [ -89.808765, 35.387065 ], [ -89.808705, 35.387065 ], [ -89.808645, 35.387016 ], [ -89.808846, 35.386516 ], [ -89.808832, 35.386439 ], [ -89.808631, 35.386247 ], [ -89.808531, 35.386055 ], [ -89.808531, 35.385901 ], [ -89.808765, 35.38572 ], [ -89.808852, 35.385692 ], [ -89.808928, 35.385654 ], [ -89.809134, 35.385555 ], [ -89.809329, 35.385346 ], [ -89.809362, 35.38522 ], [ -89.809242, 35.384912 ], [ -89.809228, 35.384616 ], [ -89.809107, 35.384341 ], [ -89.80906, 35.384286 ], [ -89.808551, 35.383078 ], [ -89.808423, 35.382842 ], [ -89.808296, 35.382496 ], [ -89.808142, 35.382227 ], [ -89.807981, 35.381754 ], [ -89.807934, 35.381551 ], [ -89.807726, 35.381172 ], [ -89.807612, 35.380864 ], [ -89.807584, 35.380792 ], [ -89.807465, 35.38048 ], [ -89.807404, 35.380381 ], [ -89.806898, 35.379113 ], [ -89.806844, 35.379124 ], [ -89.80436, 35.379619 ], [ -89.803881, 35.379693 ], [ -89.803716, 35.379708 ], [ -89.803494, 35.379729 ], [ -89.803173, 35.379726 ], [ -89.802144, 35.379626 ], [ -89.801815, 35.379593 ], [ -89.799433, 35.379356 ], [ -89.798787, 35.379288 ], [ -89.798041, 35.379214 ], [ -89.797426, 35.379152 ], [ -89.796955, 35.379109 ], [ -89.796398, 35.379056 ], [ -89.795025, 35.378924 ], [ -89.794642, 35.378888 ], [ -89.794143, 35.378842 ], [ -89.794048, 35.378832 ], [ -89.793968, 35.378825 ], [ -89.792701, 35.378706 ], [ -89.792486, 35.378686 ], [ -89.790826, 35.378526 ], [ -89.790693, 35.378514 ], [ -89.788713, 35.378329 ], [ -89.787761, 35.378229 ], [ -89.786756, 35.378131 ], [ -89.785828, 35.378042 ], [ -89.784939, 35.377956 ], [ -89.782715, 35.377741 ], [ -89.782742, 35.377585 ], [ -89.782817, 35.377006 ], [ -89.78143, 35.376869 ], [ -89.7815, 35.376234 ], [ -89.780814, 35.37617 ], [ -89.781061, 35.374048 ], [ -89.78108, 35.373884 ], [ -89.773263, 35.373193 ], [ -89.772982, 35.375231 ], [ -89.772302, 35.375554 ], [ -89.771516, 35.375417 ], [ -89.77142, 35.376647 ], [ -89.770863, 35.376601 ], [ -89.770478, 35.376568 ], [ -89.770427, 35.37695 ], [ -89.770355, 35.377619 ], [ -89.770253, 35.378577 ], [ -89.770147, 35.379346 ], [ -89.769822, 35.381718 ], [ -89.769623, 35.383361 ], [ -89.769607, 35.383495 ], [ -89.754194, 35.382232 ], [ -89.753822, 35.38506 ], [ -89.753166, 35.385048 ], [ -89.752637, 35.38905 ], [ -89.750772, 35.388878 ], [ -89.749248, 35.388729 ], [ -89.74856, 35.388627 ], [ -89.748056, 35.388601 ], [ -89.746752, 35.388575 ], [ -89.746546, 35.388566 ], [ -89.746242, 35.388533 ], [ -89.745212, 35.388397 ], [ -89.744427, 35.388311 ], [ -89.743512, 35.388228 ], [ -89.742829, 35.388169 ], [ -89.74268, 35.388134 ], [ -89.742635, 35.388166 ], [ -89.742599, 35.388188 ], [ -89.742543, 35.388223 ], [ -89.742345, 35.388163 ], [ -89.742025, 35.38811 ], [ -89.741222, 35.388022 ], [ -89.740679, 35.387959 ], [ -89.738764, 35.387785 ], [ -89.737723, 35.387712 ], [ -89.737277, 35.387674 ], [ -89.737202, 35.387663 ], [ -89.737051, 35.388712 ], [ -89.737018, 35.38882 ], [ -89.736957, 35.388922 ], [ -89.736836, 35.389048 ], [ -89.735311, 35.390226 ], [ -89.735248, 35.390276 ], [ -89.734072, 35.391179 ], [ -89.733913, 35.391336 ], [ -89.733751, 35.391554 ], [ -89.733268, 35.392342 ], [ -89.731885, 35.394604 ], [ -89.731716, 35.394828 ], [ -89.73155, 35.39498 ], [ -89.73136, 35.395114 ], [ -89.731173, 35.39521 ], [ -89.728391, 35.396282 ], [ -89.728098, 35.39637 ], [ -89.727819, 35.396421 ], [ -89.727559, 35.396448 ], [ -89.726363, 35.39651 ], [ -89.726284, 35.396512 ], [ -89.725757, 35.396528 ], [ -89.725093, 35.396499 ], [ -89.724406, 35.396439 ], [ -89.723639, 35.396356 ], [ -89.723454, 35.396336 ], [ -89.723391, 35.396329 ], [ -89.72285, 35.396272 ], [ -89.721637, 35.396146 ], [ -89.72123, 35.396103 ], [ -89.720973, 35.396077 ], [ -89.720757, 35.396073 ], [ -89.720689, 35.396075 ], [ -89.720211, 35.396097 ], [ -89.719534, 35.396158 ], [ -89.719111, 35.396222 ], [ -89.718576, 35.396332 ], [ -89.718135, 35.39645 ], [ -89.717974, 35.396507 ], [ -89.717782, 35.396577 ], [ -89.716744, 35.397017 ], [ -89.715763, 35.397448 ], [ -89.715691, 35.397472 ], [ -89.715508, 35.397514 ], [ -89.714643, 35.39765 ], [ -89.713653, 35.397821 ], [ -89.71319, 35.397866 ], [ -89.71279, 35.397875 ], [ -89.711373, 35.397856 ], [ -89.710982, 35.397829 ], [ -89.710603, 35.39781 ], [ -89.710015, 35.397817 ], [ -89.709926, 35.397818 ], [ -89.709531, 35.397823 ], [ -89.707167, 35.397845 ], [ -89.70714, 35.399079 ], [ -89.707094, 35.400169 ], [ -89.707057, 35.401065 ], [ -89.706988, 35.40213 ], [ -89.706975, 35.402408 ], [ -89.706947, 35.403098 ], [ -89.706906, 35.403341 ], [ -89.70679, 35.403655 ], [ -89.706413, 35.404495 ], [ -89.70624, 35.404889 ], [ -89.70598, 35.405485 ], [ -89.705903, 35.405663 ], [ -89.705389, 35.406823 ], [ -89.705267, 35.407101 ], [ -89.705086, 35.407456 ], [ -89.704859, 35.407784 ], [ -89.704542, 35.408215 ], [ -89.704145, 35.40878 ], [ -89.704181, 35.408784 ], [ -89.707525, 35.409242 ], [ -89.709085, 35.409456 ], [ -89.70928, 35.409483 ], [ -89.709299, 35.409376 ], [ -89.709387, 35.408878 ], [ -89.709426, 35.40866 ], [ -89.709464, 35.408442 ], [ -89.710057, 35.405079 ], [ -89.71018, 35.404384 ], [ -89.712884, 35.404925 ], [ -89.713402, 35.405028 ], [ -89.716681, 35.405685 ], [ -89.716748, 35.405701 ], [ -89.717463, 35.405861 ], [ -89.718484, 35.406091 ], [ -89.719611, 35.406344 ], [ -89.720327, 35.406505 ], [ -89.720347, 35.406536 ], [ -89.720384, 35.406571 ], [ -89.72043, 35.406604 ], [ -89.720491, 35.40663 ], [ -89.720652, 35.406665 ], [ -89.720876, 35.406709 ], [ -89.72091, 35.406719 ], [ -89.721018, 35.406753 ], [ -89.721037, 35.40676 ], [ -89.721151, 35.406827 ], [ -89.721253, 35.406927 ], [ -89.721309, 35.407024 ], [ -89.721337, 35.407156 ], [ -89.721337, 35.407844 ], [ -89.721321, 35.408421 ], [ -89.721305, 35.409062 ], [ -89.721286, 35.409627 ], [ -89.721232, 35.411322 ], [ -89.721218, 35.411888 ], [ -89.721172, 35.413183 ], [ -89.721142, 35.413445 ], [ -89.721122, 35.413509 ], [ -89.721057, 35.413719 ], [ -89.720887, 35.414111 ], [ -89.720166, 35.415635 ], [ -89.72012, 35.415731 ], [ -89.719683, 35.416698 ], [ -89.719505, 35.417053 ], [ -89.719278, 35.417389 ], [ -89.71906, 35.417645 ], [ -89.718885, 35.417812 ], [ -89.71823, 35.418441 ], [ -89.717968, 35.418648 ], [ -89.717648, 35.418862 ], [ -89.717449, 35.418964 ], [ -89.716954, 35.419126 ], [ -89.716208, 35.419333 ], [ -89.716166, 35.419345 ], [ -89.715836, 35.419458 ], [ -89.7155, 35.419601 ], [ -89.715354, 35.419695 ], [ -89.715192, 35.419866 ], [ -89.71513, 35.419952 ], [ -89.715027, 35.420154 ], [ -89.714285, 35.421806 ], [ -89.713967, 35.422491 ], [ -89.713666, 35.423195 ], [ -89.713138, 35.424376 ], [ -89.712856, 35.424959 ], [ -89.712802, 35.425081 ], [ -89.712719, 35.425263 ], [ -89.712286, 35.4262 ], [ -89.711691, 35.427401 ], [ -89.711266, 35.428233 ], [ -89.711203, 35.428389 ], [ -89.711148, 35.428526 ], [ -89.711074, 35.428802 ], [ -89.711051, 35.429026 ], [ -89.711051, 35.429061 ], [ -89.711157, 35.430078 ], [ -89.711157, 35.430393 ], [ -89.711077, 35.431077 ], [ -89.71101, 35.431375 ], [ -89.710988, 35.431467 ], [ -89.710944, 35.431523 ], [ -89.710793, 35.431647 ], [ -89.709925, 35.432455 ], [ -89.709852, 35.432524 ], [ -89.709173, 35.433169 ], [ -89.709452, 35.435749 ], [ -89.709259, 35.436897 ], [ -89.710887, 35.436898 ], [ -89.711591, 35.438144 ], [ -89.713626, 35.438189 ], [ -89.716693, 35.438258 ], [ -89.716747, 35.441707 ], [ -89.716764, 35.442831 ], [ -89.720693, 35.442876 ], [ -89.720833, 35.436007 ], [ -89.724201, 35.436063 ], [ -89.728113, 35.436127 ], [ -89.728201, 35.435485 ], [ -89.728833, 35.435518 ], [ -89.728835, 35.436139 ], [ -89.731585, 35.436166 ], [ -89.731592, 35.436284 ], [ -89.731613, 35.436653 ], [ -89.731614, 35.437169 ], [ -89.731599, 35.437284 ], [ -89.731579, 35.437445 ], [ -89.731487, 35.437783 ], [ -89.731396, 35.438091 ], [ -89.73132, 35.438599 ], [ -89.731298, 35.438785 ], [ -89.731258, 35.439144 ], [ -89.731249, 35.439227 ], [ -89.731187, 35.4396 ], [ -89.731159, 35.439768 ], [ -89.731009, 35.44101 ], [ -89.730934, 35.441484 ], [ -89.730712, 35.442914 ], [ -89.730599, 35.443686 ], [ -89.730522, 35.443958 ], [ -89.730447, 35.444128 ], [ -89.730327, 35.444311 ], [ -89.730097, 35.444568 ], [ -89.730024, 35.44464 ], [ -89.729832, 35.444852 ], [ -89.729762, 35.444967 ], [ -89.729698, 35.445157 ], [ -89.729692, 35.445197 ], [ -89.729613, 35.445764 ], [ -89.729492, 35.44635 ], [ -89.729431, 35.446647 ], [ -89.729375, 35.446985 ], [ -89.729367, 35.447319 ], [ -89.729417, 35.447885 ], [ -89.729406, 35.448069 ], [ -89.729542, 35.44815 ], [ -89.729627, 35.448201 ], [ -89.729772, 35.44832 ], [ -89.729825, 35.448381 ], [ -89.72985, 35.448458 ], [ -89.729847, 35.448487 ], [ -89.729837, 35.448646 ], [ -89.729822, 35.448844 ], [ -89.729818, 35.448906 ], [ -89.729769, 35.449438 ], [ -89.729751, 35.449636 ], [ -89.729878, 35.449506 ], [ -89.730259, 35.449118 ], [ -89.730387, 35.448989 ], [ -89.73189, 35.448103 ], [ -89.732988, 35.447456 ], [ -89.733653, 35.447066 ], [ -89.733741, 35.447013 ], [ -89.734525, 35.448499 ], [ -89.73395, 35.449799 ], [ -89.734216, 35.452634 ], [ -89.735792, 35.452851 ], [ -89.739136, 35.453236 ], [ -89.738692, 35.45562 ], [ -89.737352, 35.455515 ], [ -89.736611, 35.461359 ], [ -89.735391, 35.461256 ], [ -89.734788, 35.465713 ], [ -89.734419, 35.468447 ], [ -89.734238, 35.469782 ], [ -89.731015, 35.472139 ], [ -89.730496, 35.472518 ], [ -89.727741, 35.475738 ], [ -89.727834, 35.476063 ], [ -89.72804, 35.476482 ], [ -89.728789, 35.476226 ], [ -89.729624, 35.476161 ], [ -89.730517, 35.476534 ], [ -89.732507, 35.478558 ], [ -89.733162, 35.478477 ], [ -89.7343, 35.47772 ], [ -89.736967, 35.475683 ], [ -89.738507, 35.474382 ], [ -89.740772, 35.472469 ], [ -89.740794, 35.47245 ], [ -89.74086, 35.472393 ], [ -89.740883, 35.472375 ], [ -89.741087, 35.472214 ], [ -89.741702, 35.471731 ], [ -89.741827, 35.471634 ], [ -89.743738, 35.469989 ], [ -89.744489, 35.469353 ], [ -89.744749, 35.469139 ], [ -89.745013, 35.469269 ], [ -89.745337, 35.469423 ], [ -89.745446, 35.469475 ], [ -89.746051, 35.469783 ], [ -89.746357, 35.469939 ], [ -89.747289, 35.470414 ], [ -89.747983, 35.47073 ], [ -89.748241, 35.470949 ], [ -89.748943, 35.471545 ], [ -89.749723, 35.472208 ], [ -89.749836, 35.472205 ], [ -89.750076, 35.47234 ], [ -89.750693, 35.471814 ], [ -89.753497, 35.469662 ], [ -89.757159, 35.466894 ], [ -89.757539, 35.466665 ], [ -89.75824, 35.466776 ], [ -89.762566, 35.466606 ], [ -89.763505, 35.466569 ], [ -89.764009, 35.46655 ], [ -89.766049, 35.466484 ], [ -89.769426, 35.466376 ], [ -89.769992, 35.465074 ], [ -89.769949, 35.46502 ], [ -89.764648, 35.464798 ], [ -89.764111, 35.464776 ], [ -89.76106, 35.46465 ], [ -89.761137, 35.464614 ], [ -89.763216, 35.463625 ], [ -89.764312, 35.463087 ], [ -89.764997, 35.462718 ], [ -89.765695, 35.462299 ], [ -89.765827, 35.46222 ], [ -89.76665, 35.461669 ], [ -89.766883, 35.461501 ], [ -89.767906, 35.460726 ], [ -89.771239, 35.458165 ], [ -89.77243, 35.457227 ], [ -89.772551, 35.457127 ], [ -89.773749, 35.456095 ], [ -89.774676, 35.455314 ], [ -89.775394, 35.454755 ], [ -89.777761, 35.452932 ], [ -89.778668, 35.452233 ], [ -89.779942, 35.451258 ], [ -89.782264, 35.449483 ], [ -89.785085, 35.44751 ], [ -89.786626, 35.44614 ], [ -89.786752, 35.446044 ], [ -89.786941, 35.4459 ], [ -89.787961, 35.445119 ], [ -89.788803, 35.444473 ], [ -89.789016, 35.444309 ], [ -89.789523, 35.443938 ], [ -89.789926, 35.443666 ], [ -89.790199, 35.443503 ], [ -89.790331, 35.443427 ], [ -89.790484, 35.443341 ], [ -89.790951, 35.443104 ], [ -89.791384, 35.442897 ], [ -89.791831, 35.442685 ], [ -89.791896, 35.442653 ], [ -89.79243, 35.442393 ], [ -89.793052, 35.442092 ], [ -89.793574, 35.441808 ], [ -89.79407, 35.441493 ], [ -89.794172, 35.441419 ], [ -89.794566, 35.441139 ], [ -89.794713, 35.441029 ], [ -89.795122, 35.440715 ], [ -89.795793, 35.440201 ], [ -89.795822, 35.440179 ], [ -89.79635, 35.439775 ], [ -89.796761, 35.439463 ], [ -89.796836, 35.439405 ], [ -89.796975, 35.439299 ], [ -89.797061, 35.439232 ], [ -89.797137, 35.439175 ], [ -89.797505, 35.438892 ], [ -89.798612, 35.438045 ], [ -89.798981, 35.437763 ], [ -89.799026, 35.43773 ], [ -89.799366, 35.437469 ], [ -89.800519, 35.436586 ], [ -89.800758, 35.436404 ], [ -89.800905, 35.436293 ], [ -89.801419, 35.435898 ], [ -89.801922, 35.435514 ], [ -89.802963, 35.434715 ], [ -89.803478, 35.434321 ], [ -89.80378, 35.434088 ], [ -89.804686, 35.433393 ], [ -89.804989, 35.433162 ], [ -89.805496, 35.432774 ], [ -89.806062, 35.432324 ], [ -89.8066, 35.431869 ], [ -89.807095, 35.431412 ], [ -89.807378, 35.431136 ], [ -89.809623, 35.42882 ], [ -89.809813, 35.428624 ], [ -89.810135, 35.428294 ], [ -89.810392, 35.428044 ], [ -89.810573, 35.42787 ], [ -89.810589, 35.427855 ], [ -89.810643, 35.427806 ], [ -89.810804, 35.42766 ], [ -89.810859, 35.427612 ], [ -89.811027, 35.427468 ], [ -89.811392, 35.427159 ], [ -89.811536, 35.427042 ], [ -89.811625, 35.426971 ], [ -89.81171, 35.426906 ], [ -89.811982, 35.426696 ], [ -89.812799, 35.426069 ], [ -89.813072, 35.42586 ], [ -89.814175, 35.425012 ], [ -89.814509, 35.424757 ], [ -89.815596, 35.423976 ], [ -89.816598, 35.423277 ], [ -89.816762, 35.423149 ], [ -89.816923, 35.423041 ], [ -89.817554, 35.422564 ], [ -89.818201, 35.422076 ], [ -89.818665, 35.421726 ], [ -89.819881, 35.420784 ], [ -89.820163, 35.420567 ], [ -89.821021, 35.419874 ], [ -89.821624, 35.419387 ], [ -89.822081, 35.419013 ], [ -89.82224, 35.418882 ], [ -89.82333, 35.418013 ], [ -89.823482, 35.417896 ], [ -89.824704, 35.416961 ], [ -89.826506, 35.415582 ], [ -89.827132, 35.415104 ], [ -89.827323, 35.414958 ], [ -89.828031, 35.414416 ], [ -89.828296, 35.414212 ], [ -89.829268, 35.41347 ], [ -89.829422, 35.413353 ], [ -89.830991, 35.412153 ], [ -89.831284, 35.411929 ], [ -89.831511, 35.411755 ], [ -89.832192, 35.411235 ], [ -89.83242, 35.411062 ], [ -89.832742, 35.411312 ], [ -89.832782, 35.411394 ], [ -89.832816, 35.411487 ], [ -89.832796, 35.41163 ], [ -89.832708, 35.411795 ], [ -89.832661, 35.411976 ], [ -89.832695, 35.412097 ], [ -89.832754, 35.412147 ], [ -89.832876, 35.412251 ], [ -89.833071, 35.412311 ], [ -89.833171, 35.412306 ], [ -89.833326, 35.412328 ], [ -89.833332, 35.412393 ], [ -89.833145, 35.412531 ], [ -89.833138, 35.412674 ], [ -89.833259, 35.412866 ], [ -89.833279, 35.413003 ], [ -89.833326, 35.413075 ], [ -89.83344, 35.413157 ], [ -89.833755, 35.413135 ], [ -89.833856, 35.413151 ], [ -89.833903, 35.413201 ], [ -89.833903, 35.413437 ], [ -89.833769, 35.413695 ], [ -89.833641, 35.413821 ], [ -89.833521, 35.413964 ], [ -89.833507, 35.414069 ], [ -89.833541, 35.414135 ], [ -89.833863, 35.414178 ], [ -89.833943, 35.414277 ], [ -89.834044, 35.414338 ], [ -89.834158, 35.414365 ], [ -89.834185, 35.41442 ], [ -89.834239, 35.41453 ], [ -89.834232, 35.414618 ], [ -89.834199, 35.414832 ], [ -89.834219, 35.41492 ], [ -89.834306, 35.414942 ], [ -89.83448, 35.414892 ], [ -89.834588, 35.414755 ], [ -89.834675, 35.414678 ], [ -89.834789, 35.414667 ], [ -89.83491, 35.414705 ], [ -89.835765, 35.41336 ], [ -89.835865, 35.413203 ], [ -89.836205, 35.412666 ], [ -89.836306, 35.412507 ], [ -89.836783, 35.411756 ], [ -89.837733, 35.41026 ], [ -89.839102, 35.411302 ], [ -89.840124, 35.410981 ], [ -89.839087, 35.410175 ], [ -89.842332, 35.410461 ], [ -89.842426, 35.409643 ], [ -89.842562, 35.408462 ], [ -89.844455, 35.409026 ], [ -89.845278, 35.409257 ], [ -89.845975, 35.409308 ], [ -89.849017, 35.409531 ], [ -89.849046, 35.409213 ] ] ] } },
{ "type": "Feature", "properties": { "GEOID": "38011", "ZCTA5": "38011", "AREALAND": 147746660 }, "geometry": { "type": "MultiPolygon", "coordinates": [ [ [ [ -89.849072, 35.5073 ], [ -89.849283, 35.50551 ], [ -89.84803, 35.504921 ], [ -89.846302, 35.504342 ], [ -89.84599, 35.501692 ], [ -89.846596, 35.501709 ], [ -89.846308, 35.500868 ], [ -89.845829, 35.499871 ], [ -89.845497, 35.499188 ], [ -89.845466, 35.4987 ], [ -89.84546, 35.498493 ], [ -89.845622, 35.497945 ], [ -89.844536, 35.497869 ], [ -89.844354, 35.497311 ], [ -89.844776, 35.496872 ], [ -89.844287, 35.496715 ], [ -89.843673, 35.496517 ], [ -89.843713, 35.496471 ], [ -89.843818, 35.496299 ], [ -89.84387, 35.496172 ], [ -89.843876, 35.496139 ], [ -89.843897, 35.496034 ], [ -89.84389, 35.495855 ], [ -89.843867, 35.495777 ], [ -89.843824, 35.495696 ], [ -89.843713, 35.495541 ], [ -89.843641, 35.495468 ], [ -89.843395, 35.495281 ], [ -89.843243, 35.495175 ], [ -89.842729, 35.494815 ], [ -89.84261, 35.494716 ], [ -89.842381, 35.494499 ], [ -89.842238, 35.49431 ], [ -89.84198, 35.493843 ], [ -89.841779, 35.493421 ], [ -89.841638, 35.493138 ], [ -89.841528, 35.492975 ], [ -89.841508, 35.492952 ], [ -89.841341, 35.492753 ], [ -89.841135, 35.492545 ], [ -89.840998, 35.492396 ], [ -89.840404, 35.492774 ], [ -89.840327, 35.492726 ], [ -89.839977, 35.49269 ], [ -89.838716, 35.492694 ], [ -89.83867, 35.494327 ], [ -89.83732, 35.494302 ], [ -89.836404, 35.494113 ], [ -89.834336, 35.493526 ], [ -89.829947, 35.491204 ], [ -89.82827, 35.491066 ], [ -89.828256, 35.491467 ], [ -89.82818, 35.493632 ], [ -89.822756, 35.493278 ], [ -89.822787, 35.492882 ], [ -89.822871, 35.491788 ], [ -89.822886, 35.491521 ], [ -89.822929, 35.491226 ], [ -89.822972, 35.491115 ], [ -89.822895, 35.491093 ], [ -89.8227, 35.491077 ], [ -89.822492, 35.491131 ], [ -89.822358, 35.491247 ], [ -89.822331, 35.491401 ], [ -89.822357, 35.491489 ], [ -89.822465, 35.49156 ], [ -89.822593, 35.491604 ], [ -89.822626, 35.491659 ], [ -89.822586, 35.491725 ], [ -89.822431, 35.491719 ], [ -89.822217, 35.49167 ], [ -89.821753, 35.491714 ], [ -89.821673, 35.491692 ], [ -89.821632, 35.491582 ], [ -89.821585, 35.491511 ], [ -89.821478, 35.491445 ], [ -89.821129, 35.491395 ], [ -89.82082, 35.491401 ], [ -89.820706, 35.491434 ], [ -89.820538, 35.4915 ], [ -89.82033, 35.491544 ], [ -89.819812, 35.491494 ], [ -89.819718, 35.491555 ], [ -89.819725, 35.491742 ], [ -89.819725, 35.491895 ], [ -89.819685, 35.491978 ], [ -89.819544, 35.492121 ], [ -89.819208, 35.492302 ], [ -89.818939, 35.492263 ], [ -89.81857, 35.492346 ], [ -89.818375, 35.492434 ], [ -89.818328, 35.492505 ], [ -89.818375, 35.492615 ], [ -89.818328, 35.492664 ], [ -89.818208, 35.492642 ], [ -89.8181, 35.492593 ], [ -89.818075, 35.492603 ], [ -89.818013, 35.492631 ], [ -89.818013, 35.492747 ], [ -89.818067, 35.492868 ], [ -89.818087, 35.49312 ], [ -89.818053, 35.493686 ], [ -89.817953, 35.494081 ], [ -89.817879, 35.494197 ], [ -89.817865, 35.494208 ], [ -89.817765, 35.494131 ], [ -89.817677, 35.494032 ], [ -89.817509, 35.494005 ], [ -89.817409, 35.494038 ], [ -89.817281, 35.494125 ], [ -89.817187, 35.494235 ], [ -89.817046, 35.494263 ], [ -89.816952, 35.494213 ], [ -89.816818, 35.494027 ], [ -89.81667, 35.493955 ], [ -89.816576, 35.493944 ], [ -89.816495, 35.493983 ], [ -89.816388, 35.494153 ], [ -89.816415, 35.494373 ], [ -89.816401, 35.494504 ], [ -89.816314, 35.494537 ], [ -89.81624, 35.49451 ], [ -89.816166, 35.494406 ], [ -89.816079, 35.494345 ], [ -89.816005, 35.494274 ], [ -89.815817, 35.49423 ], [ -89.815535, 35.494235 ], [ -89.815078, 35.494345 ], [ -89.814984, 35.494384 ], [ -89.814917, 35.494483 ], [ -89.814904, 35.49456 ], [ -89.815025, 35.494658 ], [ -89.815125, 35.494713 ], [ -89.815166, 35.49479 ], [ -89.815145, 35.494895 ], [ -89.815025, 35.495043 ], [ -89.814951, 35.495186 ], [ -89.814941, 35.495262 ], [ -89.814937, 35.495296 ], [ -89.81481, 35.495493 ], [ -89.814702, 35.495625 ], [ -89.814716, 35.495735 ], [ -89.814749, 35.495812 ], [ -89.815005, 35.495993 ], [ -89.815105, 35.496136 ], [ -89.815085, 35.496218 ], [ -89.814958, 35.496284 ], [ -89.814615, 35.496383 ], [ -89.814347, 35.496438 ], [ -89.814226, 35.496498 ], [ -89.814185, 35.496586 ], [ -89.814394, 35.496932 ], [ -89.814474, 35.497102 ], [ -89.814488, 35.497317 ], [ -89.814434, 35.497443 ], [ -89.81432, 35.497542 ], [ -89.814145, 35.497619 ], [ -89.814071, 35.497586 ], [ -89.813964, 35.497394 ], [ -89.813816, 35.497278 ], [ -89.813816, 35.497245 ], [ -89.813628, 35.497212 ], [ -89.813386, 35.497207 ], [ -89.813272, 35.497152 ], [ -89.813245, 35.49707 ], [ -89.813198, 35.496883 ], [ -89.813131, 35.496812 ], [ -89.812983, 35.496817 ], [ -89.812916, 35.496779 ], [ -89.812943, 35.496669 ], [ -89.813111, 35.496592 ], [ -89.813245, 35.496487 ], [ -89.813265, 35.496416 ], [ -89.813205, 35.496317 ], [ -89.813097, 35.496262 ], [ -89.812963, 35.496273 ], [ -89.812909, 35.496306 ], [ -89.812815, 35.496427 ], [ -89.812701, 35.496455 ], [ -89.812533, 35.496466 ], [ -89.812426, 35.496526 ], [ -89.812399, 35.496636 ], [ -89.812466, 35.496768 ], [ -89.812513, 35.496811 ], [ -89.81254, 35.496921 ], [ -89.812453, 35.497125 ], [ -89.812298, 35.497344 ], [ -89.812332, 35.497405 ], [ -89.812587, 35.497487 ], [ -89.812661, 35.497542 ], [ -89.812654, 35.497619 ], [ -89.81256, 35.497652 ], [ -89.812379, 35.497674 ], [ -89.812104, 35.497762 ], [ -89.812009, 35.497839 ], [ -89.811989, 35.49791 ], [ -89.812056, 35.498075 ], [ -89.812083, 35.498124 ], [ -89.812164, 35.498168 ], [ -89.812278, 35.4983 ], [ -89.812298, 35.498432 ], [ -89.812218, 35.49847 ], [ -89.81209, 35.498465 ], [ -89.811707, 35.498212 ], [ -89.811553, 35.49819 ], [ -89.811304, 35.4983 ], [ -89.811157, 35.4983 ], [ -89.811069, 35.498262 ], [ -89.810868, 35.498075 ], [ -89.810841, 35.498042 ], [ -89.810707, 35.498025 ], [ -89.810639, 35.498058 ], [ -89.810586, 35.498152 ], [ -89.810566, 35.498256 ], [ -89.810572, 35.498382 ], [ -89.810445, 35.498525 ], [ -89.810344, 35.498575 ], [ -89.810216, 35.498591 ], [ -89.809988, 35.498679 ], [ -89.809921, 35.498866 ], [ -89.80984, 35.498987 ], [ -89.80978, 35.499009 ], [ -89.809612, 35.498976 ], [ -89.809545, 35.498926 ], [ -89.809384, 35.498805 ], [ -89.809216, 35.498756 ], [ -89.809128, 35.498783 ], [ -89.809075, 35.498866 ], [ -89.809088, 35.499003 ], [ -89.809263, 35.499261 ], [ -89.80931, 35.499393 ], [ -89.809276, 35.499563 ], [ -89.8092, 35.499686 ], [ -89.809128, 35.499805 ], [ -89.80882, 35.500096 ], [ -89.808759, 35.500178 ], [ -89.808739, 35.500294 ], [ -89.808873, 35.50048 ], [ -89.808934, 35.500623 ], [ -89.808913, 35.500645 ], [ -89.808826, 35.500689 ], [ -89.808638, 35.500678 ], [ -89.808504, 35.500678 ], [ -89.808235, 35.500706 ], [ -89.808061, 35.500678 ], [ -89.807819, 35.500568 ], [ -89.807597, 35.50042 ], [ -89.80747, 35.500371 ], [ -89.807396, 35.500387 ], [ -89.807322, 35.500486 ], [ -89.807214, 35.500717 ], [ -89.80714, 35.500777 ], [ -89.807033, 35.500777 ], [ -89.806751, 35.500546 ], [ -89.80661, 35.500513 ], [ -89.806529, 35.500541 ], [ -89.806462, 35.500645 ], [ -89.806476, 35.500832 ], [ -89.806596, 35.501041 ], [ -89.806825, 35.501271 ], [ -89.806804, 35.501319 ], [ -89.806778, 35.501381 ], [ -89.806729, 35.501458 ], [ -89.806701, 35.501503 ], [ -89.80552, 35.501054 ], [ -89.805081, 35.500888 ], [ -89.804099, 35.500528 ], [ -89.803269, 35.500256 ], [ -89.80295, 35.500185 ], [ -89.802769, 35.500158 ], [ -89.802557, 35.500141 ], [ -89.802311, 35.500141 ], [ -89.802, 35.500162 ], [ -89.801882, 35.500176 ], [ -89.801553, 35.500216 ], [ -89.800637, 35.50038 ], [ -89.800628, 35.500353 ], [ -89.800611, 35.500296 ], [ -89.800604, 35.500275 ], [ -89.800597, 35.500249 ], [ -89.800394, 35.500124 ], [ -89.799565, 35.499524 ], [ -89.799513, 35.499484 ], [ -89.799206, 35.49925 ], [ -89.798701, 35.498863 ], [ -89.797416, 35.497879 ], [ -89.796346, 35.497074 ], [ -89.796131, 35.496912 ], [ -89.795926, 35.496758 ], [ -89.795852, 35.496688 ], [ -89.795337, 35.496298 ], [ -89.795295, 35.496266 ], [ -89.795273, 35.496284 ], [ -89.795065, 35.496284 ], [ -89.794951, 35.496323 ], [ -89.794917, 35.496389 ], [ -89.794944, 35.496465 ], [ -89.795139, 35.496641 ], [ -89.795152, 35.496713 ], [ -89.795125, 35.496746 ], [ -89.794884, 35.496757 ], [ -89.794635, 35.496872 ], [ -89.794461, 35.496987 ], [ -89.79434, 35.497168 ], [ -89.794333, 35.497317 ], [ -89.79438, 35.497459 ], [ -89.794219, 35.497586 ], [ -89.794185, 35.497707 ], [ -89.794212, 35.497888 ], [ -89.794145, 35.497992 ], [ -89.793936, 35.498151 ], [ -89.793802, 35.498157 ], [ -89.793721, 35.498174 ], [ -89.793533, 35.498217 ], [ -89.793487, 35.4983 ], [ -89.79354, 35.498388 ], [ -89.793607, 35.498426 ], [ -89.79358, 35.498585 ], [ -89.793231, 35.49903 ], [ -89.793144, 35.499189 ], [ -89.793016, 35.499486 ], [ -89.793117, 35.499936 ], [ -89.793009, 35.499986 ], [ -89.792909, 35.499953 ], [ -89.792794, 35.499925 ], [ -89.792721, 35.499958 ], [ -89.792697, 35.500081 ], [ -89.792741, 35.500166 ], [ -89.792687, 35.500303 ], [ -89.7926, 35.500391 ], [ -89.792479, 35.500435 ], [ -89.792365, 35.500501 ], [ -89.792297, 35.5006 ], [ -89.792264, 35.50077 ], [ -89.792351, 35.500924 ], [ -89.792324, 35.500984 ], [ -89.792217, 35.50105 ], [ -89.792015, 35.501028 ], [ -89.791888, 35.501072 ], [ -89.791679, 35.501358 ], [ -89.791478, 35.501572 ], [ -89.791417, 35.501747 ], [ -89.791316, 35.501918 ], [ -89.790819, 35.502247 ], [ -89.790759, 35.502307 ], [ -89.790745, 35.502423 ], [ -89.790806, 35.502483 ], [ -89.790954, 35.50256 ], [ -89.791128, 35.502555 ], [ -89.791195, 35.502566 ], [ -89.791222, 35.502643 ], [ -89.791135, 35.502791 ], [ -89.790987, 35.502906 ], [ -89.790685, 35.50301 ], [ -89.79053, 35.50323 ], [ -89.790362, 35.503384 ], [ -89.789966, 35.503571 ], [ -89.789892, 35.503697 ], [ -89.789919, 35.503889 ], [ -89.789993, 35.503993 ], [ -89.790288, 35.504136 ], [ -89.790308, 35.504191 ], [ -89.790241, 35.50429 ], [ -89.790019, 35.504372 ], [ -89.789972, 35.504444 ], [ -89.789969, 35.504536 ], [ -89.789966, 35.504642 ], [ -89.789898, 35.504735 ], [ -89.789757, 35.504812 ], [ -89.789616, 35.504812 ], [ -89.789482, 35.504828 ], [ -89.789294, 35.505037 ], [ -89.789045, 35.50513 ], [ -89.789018, 35.50518 ], [ -89.789065, 35.505246 ], [ -89.789462, 35.505372 ], [ -89.789656, 35.505482 ], [ -89.78969, 35.505614 ], [ -89.789656, 35.505833 ], [ -89.789582, 35.506119 ], [ -89.789623, 35.506196 ], [ -89.789784, 35.506344 ], [ -89.789864, 35.506465 ], [ -89.789857, 35.506627 ], [ -89.789156, 35.506727 ], [ -89.788823, 35.506775 ], [ -89.787053, 35.507015 ], [ -89.786352, 35.507111 ], [ -89.785708, 35.507201 ], [ -89.784589, 35.507358 ], [ -89.783934, 35.50746 ], [ -89.783782, 35.507493 ], [ -89.783488, 35.507557 ], [ -89.783153, 35.507653 ], [ -89.782826, 35.507765 ], [ -89.782296, 35.507988 ], [ -89.78199, 35.508133 ], [ -89.781001, 35.508622 ], [ -89.780707, 35.508775 ], [ -89.780646, 35.508804 ], [ -89.779631, 35.509304 ], [ -89.777681, 35.51026 ], [ -89.776914, 35.510646 ], [ -89.776119, 35.511024 ], [ -89.775319, 35.511437 ], [ -89.77414, 35.512016 ], [ -89.77381, 35.512188 ], [ -89.773219, 35.512476 ], [ -89.772416, 35.512868 ], [ -89.772166, 35.513007 ], [ -89.771754, 35.51331 ], [ -89.771528, 35.513509 ], [ -89.771273, 35.513812 ], [ -89.771134, 35.51402 ], [ -89.771075, 35.514128 ], [ -89.771032, 35.514208 ], [ -89.770967, 35.514353 ], [ -89.770931, 35.514436 ], [ -89.770726, 35.515062 ], [ -89.770664, 35.515252 ], [ -89.770649, 35.5153 ], [ -89.770451, 35.51521 ], [ -89.769859, 35.514941 ], [ -89.769662, 35.514852 ], [ -89.769671, 35.51464 ], [ -89.769676, 35.51455 ], [ -89.76964, 35.514007 ], [ -89.769636, 35.51394 ], [ -89.769656, 35.513797 ], [ -89.769663, 35.513429 ], [ -89.769724, 35.513292 ], [ -89.76978, 35.513199 ], [ -89.769925, 35.512963 ], [ -89.770046, 35.512628 ], [ -89.770073, 35.512408 ], [ -89.770073, 35.512194 ], [ -89.770013, 35.511908 ], [ -89.769877, 35.511406 ], [ -89.769738, 35.510892 ], [ -89.769772, 35.510804 ], [ -89.770121, 35.510436 ], [ -89.770263, 35.510123 ], [ -89.770444, 35.50992 ], [ -89.770753, 35.509678 ], [ -89.770975, 35.509415 ], [ -89.77164, 35.508602 ], [ -89.771958, 35.508332 ], [ -89.77199, 35.508306 ], [ -89.772104, 35.508201 ], [ -89.772655, 35.507521 ], [ -89.773489, 35.506565 ], [ -89.773885, 35.50606 ], [ -89.773948, 35.505938 ], [ -89.774026, 35.505791 ], [ -89.774383, 35.505275 ], [ -89.774611, 35.504879 ], [ -89.775351, 35.503479 ], [ -89.775808, 35.502727 ], [ -89.775929, 35.502491 ], [ -89.776003, 35.502265 ], [ -89.776171, 35.501996 ], [ -89.776419, 35.501409 ], [ -89.776393, 35.501041 ], [ -89.776514, 35.500673 ], [ -89.776534, 35.500563 ], [ -89.776514, 35.500453 ], [ -89.776595, 35.500321 ], [ -89.776615, 35.500081 ], [ -89.776654, 35.499767 ], [ -89.776675, 35.49961 ], [ -89.776803, 35.498984 ], [ -89.776891, 35.498758 ], [ -89.777104, 35.498358 ], [ -89.771703, 35.498107 ], [ -89.77189, 35.494797 ], [ -89.772079, 35.494739 ], [ -89.772501, 35.491235 ], [ -89.772303, 35.491212 ], [ -89.772126, 35.491192 ], [ -89.772252, 35.4903 ], [ -89.772477, 35.488717 ], [ -89.771539, 35.488388 ], [ -89.77199, 35.487687 ], [ -89.771507, 35.487398 ], [ -89.770836, 35.48699 ], [ -89.770685, 35.486897 ], [ -89.770312, 35.486687 ], [ -89.770184, 35.486635 ], [ -89.770094, 35.486599 ], [ -89.76985, 35.486541 ], [ -89.769701, 35.486531 ], [ -89.769476, 35.48655 ], [ -89.769347, 35.486583 ], [ -89.769096, 35.486666 ], [ -89.769067, 35.486523 ], [ -89.769068, 35.486461 ], [ -89.769074, 35.48629 ], [ -89.769051, 35.486142 ], [ -89.768979, 35.485986 ], [ -89.768934, 35.485888 ], [ -89.768928, 35.485868 ], [ -89.768877, 35.485668 ], [ -89.768843, 35.485766 ], [ -89.768788, 35.48581 ], [ -89.768715, 35.485845 ], [ -89.76867, 35.485837 ], [ -89.768547, 35.485833 ], [ -89.767197, 35.485882 ], [ -89.766947, 35.485892 ], [ -89.765994, 35.485929 ], [ -89.765796, 35.485941 ], [ -89.76466, 35.486042 ], [ -89.763171, 35.48616 ], [ -89.762745, 35.486181 ], [ -89.761925, 35.486186 ], [ -89.761884, 35.486187 ], [ -89.761333, 35.486211 ], [ -89.760426, 35.486303 ], [ -89.760115, 35.486293 ], [ -89.76007, 35.486292 ], [ -89.759896, 35.486279 ], [ -89.759824, 35.486269 ], [ -89.759555, 35.486233 ], [ -89.758967, 35.486103 ], [ -89.758708, 35.486046 ], [ -89.758683, 35.48604 ], [ -89.758865, 35.485148 ], [ -89.759014, 35.484162 ], [ -89.759027, 35.484083 ], [ -89.759114, 35.483786 ], [ -89.759115, 35.483699 ], [ -89.759088, 35.483649 ], [ -89.759074, 35.483583 ], [ -89.759047, 35.483539 ], [ -89.758665, 35.483495 ], [ -89.758564, 35.483457 ], [ -89.758557, 35.483396 ], [ -89.758658, 35.483264 ], [ -89.758618, 35.483188 ], [ -89.758497, 35.483083 ], [ -89.758329, 35.483023 ], [ -89.758276, 35.482946 ], [ -89.758316, 35.482891 ], [ -89.75845, 35.482814 ], [ -89.758605, 35.482787 ], [ -89.758833, 35.482803 ], [ -89.758974, 35.48277 ], [ -89.758987, 35.482732 ], [ -89.758934, 35.482611 ], [ -89.759035, 35.482523 ], [ -89.759035, 35.482457 ], [ -89.758988, 35.482375 ], [ -89.75888, 35.482331 ], [ -89.758827, 35.482259 ], [ -89.75888, 35.482133 ], [ -89.75884, 35.482012 ], [ -89.758827, 35.481847 ], [ -89.758934, 35.481798 ], [ -89.758968, 35.481837 ], [ -89.759055, 35.481974 ], [ -89.759089, 35.481985 ], [ -89.759149, 35.481963 ], [ -89.759223, 35.481853 ], [ -89.75929, 35.481782 ], [ -89.759425, 35.481765 ], [ -89.759552, 35.481804 ], [ -89.759666, 35.48193 ], [ -89.759774, 35.481969 ], [ -89.759908, 35.48198 ], [ -89.759988, 35.481908 ], [ -89.760009, 35.481782 ], [ -89.759962, 35.481678 ], [ -89.759969, 35.481398 ], [ -89.76009, 35.481216 ], [ -89.760096, 35.48115 ], [ -89.76013, 35.481008 ], [ -89.76011, 35.480892 ], [ -89.759855, 35.480843 ], [ -89.759835, 35.480711 ], [ -89.759949, 35.480568 ], [ -89.759983, 35.480431 ], [ -89.759889, 35.480233 ], [ -89.759882, 35.480068 ], [ -89.760016, 35.479887 ], [ -89.76004, 35.479869 ], [ -89.760137, 35.479799 ], [ -89.760205, 35.479712 ], [ -89.760191, 35.479629 ], [ -89.760111, 35.479563 ], [ -89.759997, 35.47953 ], [ -89.759775, 35.479579 ], [ -89.759513, 35.479557 ], [ -89.759466, 35.479519 ], [ -89.759285, 35.47948 ], [ -89.759157, 35.479458 ], [ -89.759198, 35.479349 ], [ -89.759184, 35.479277 ], [ -89.759063, 35.479206 ], [ -89.759037, 35.479145 ], [ -89.759058, 35.479064 ], [ -89.759063, 35.479046 ], [ -89.759218, 35.478937 ], [ -89.759258, 35.478854 ], [ -89.759305, 35.478799 ], [ -89.75946, 35.478805 ], [ -89.759527, 35.478788 ], [ -89.759688, 35.478574 ], [ -89.759749, 35.478448 ], [ -89.759796, 35.478448 ], [ -89.759964, 35.478492 ], [ -89.760105, 35.478487 ], [ -89.760158, 35.478437 ], [ -89.760178, 35.478344 ], [ -89.760125, 35.478228 ], [ -89.760158, 35.478113 ], [ -89.7603, 35.478025 ], [ -89.760313, 35.477965 ], [ -89.760078, 35.477844 ], [ -89.759997, 35.477795 ], [ -89.759998, 35.477718 ], [ -89.760166, 35.477569 ], [ -89.760246, 35.477465 ], [ -89.760199, 35.477267 ], [ -89.760374, 35.477103 ], [ -89.760441, 35.47707 ], [ -89.760475, 35.477004 ], [ -89.760401, 35.476932 ], [ -89.759904, 35.476861 ], [ -89.759877, 35.476817 ], [ -89.759897, 35.476773 ], [ -89.760186, 35.476647 ], [ -89.760227, 35.476592 ], [ -89.76018, 35.47652 ], [ -89.760025, 35.476487 ], [ -89.759985, 35.476421 ], [ -89.760059, 35.476262 ], [ -89.759992, 35.476185 ], [ -89.759898, 35.476117 ], [ -89.760455, 35.476076 ], [ -89.762543, 35.475902 ], [ -89.762821, 35.47379 ], [ -89.763075, 35.471865 ], [ -89.763623, 35.4677 ], [ -89.763355, 35.467684 ], [ -89.76338, 35.467495 ], [ -89.763505, 35.466569 ], [ -89.762566, 35.466606 ], [ -89.75824, 35.466776 ], [ -89.757539, 35.466665 ], [ -89.757159, 35.466894 ], [ -89.753497, 35.469662 ], [ -89.750693, 35.471814 ], [ -89.750076, 35.47234 ], [ -89.749836, 35.472205 ], [ -89.749723, 35.472208 ], [ -89.748943, 35.471545 ], [ -89.748241, 35.470949 ], [ -89.747983, 35.47073 ], [ -89.747289, 35.470414 ], [ -89.746357, 35.469939 ], [ -89.746051, 35.469783 ], [ -89.745446, 35.469475 ], [ -89.745337, 35.469423 ], [ -89.745013, 35.469269 ], [ -89.744749, 35.469139 ], [ -89.744489, 35.469353 ], [ -89.743738, 35.469989 ], [ -89.741827, 35.471634 ], [ -89.741702, 35.471731 ], [ -89.741087, 35.472214 ], [ -89.740883, 35.472375 ], [ -89.74086, 35.472393 ], [ -89.740794, 35.47245 ], [ -89.740772, 35.472469 ], [ -89.738507, 35.474382 ], [ -89.736967, 35.475683 ], [ -89.7343, 35.47772 ], [ -89.733162, 35.478477 ], [ -89.732507, 35.478558 ], [ -89.730517, 35.476534 ], [ -89.729624, 35.476161 ], [ -89.728789, 35.476226 ], [ -89.72804, 35.476482 ], [ -89.727834, 35.476063 ], [ -89.727741, 35.475738 ], [ -89.730496, 35.472518 ], [ -89.731015, 35.472139 ], [ -89.734238, 35.469782 ], [ -89.734419, 35.468447 ], [ -89.734788, 35.465713 ], [ -89.735391, 35.461256 ], [ -89.736611, 35.461359 ], [ -89.737352, 35.455515 ], [ -89.738692, 35.45562 ], [ -89.739136, 35.453236 ], [ -89.735792, 35.452851 ], [ -89.734216, 35.452634 ], [ -89.73395, 35.449799 ], [ -89.734525, 35.448499 ], [ -89.733741, 35.447013 ], [ -89.733653, 35.447066 ], [ -89.732988, 35.447456 ], [ -89.73189, 35.448103 ], [ -89.730387, 35.448989 ], [ -89.730259, 35.449118 ], [ -89.729878, 35.449506 ], [ -89.729751, 35.449636 ], [ -89.729769, 35.449438 ], [ -89.729818, 35.448906 ], [ -89.729822, 35.448844 ], [ -89.729837, 35.448646 ], [ -89.729847, 35.448487 ], [ -89.72985, 35.448458 ], [ -89.729825, 35.448381 ], [ -89.729772, 35.44832 ], [ -89.729627, 35.448201 ], [ -89.729542, 35.44815 ], [ -89.729406, 35.448069 ], [ -89.729417, 35.447885 ], [ -89.729367, 35.447319 ], [ -89.729375, 35.446985 ], [ -89.729431, 35.446647 ], [ -89.729492, 35.44635 ], [ -89.729613, 35.445764 ], [ -89.729692, 35.445197 ], [ -89.729698, 35.445157 ], [ -89.729762, 35.444967 ], [ -89.729832, 35.444852 ], [ -89.730024, 35.44464 ], [ -89.730097, 35.444568 ], [ -89.730327, 35.444311 ], [ -89.730447, 35.444128 ], [ -89.730522, 35.443958 ], [ -89.730599, 35.443686 ], [ -89.730712, 35.442914 ], [ -89.730934, 35.441484 ], [ -89.731009, 35.44101 ], [ -89.731159, 35.439768 ], [ -89.731187, 35.4396 ], [ -89.731249, 35.439227 ], [ -89.731258, 35.439144 ], [ -89.731298, 35.438785 ], [ -89.73132, 35.438599 ], [ -89.731396, 35.438091 ], [ -89.731487, 35.437783 ], [ -89.731579, 35.437445 ], [ -89.731599, 35.437284 ], [ -89.731614, 35.437169 ], [ -89.731613, 35.436653 ], [ -89.731592, 35.436284 ], [ -89.731585, 35.436166 ], [ -89.728835, 35.436139 ], [ -89.728833, 35.435518 ], [ -89.728201, 35.435485 ], [ -89.728113, 35.436127 ], [ -89.724201, 35.436063 ], [ -89.720833, 35.436007 ], [ -89.720693, 35.442876 ], [ -89.716764, 35.442831 ], [ -89.716747, 35.441707 ], [ -89.716693, 35.438258 ], [ -89.713626, 35.438189 ], [ -89.711591, 35.438144 ], [ -89.710887, 35.436898 ], [ -89.709259, 35.436897 ], [ -89.709452, 35.435749 ], [ -89.709173, 35.433169 ], [ -89.709852, 35.432524 ], [ -89.709925, 35.432455 ], [ -89.710793, 35.431647 ], [ -89.710944, 35.431523 ], [ -89.710988, 35.431467 ], [ -89.71101, 35.431375 ], [ -89.711077, 35.431077 ], [ -89.711157, 35.430393 ], [ -89.711157, 35.430078 ], [ -89.711051, 35.429061 ], [ -89.711051, 35.429026 ], [ -89.711074, 35.428802 ], [ -89.711148, 35.428526 ], [ -89.711203, 35.428389 ], [ -89.711266, 35.428233 ], [ -89.711691, 35.427401 ], [ -89.712286, 35.4262 ], [ -89.712719, 35.425263 ], [ -89.712802, 35.425081 ], [ -89.712856, 35.424959 ], [ -89.713138, 35.424376 ], [ -89.713666, 35.423195 ], [ -89.713967, 35.422491 ], [ -89.714285, 35.421806 ], [ -89.715027, 35.420154 ], [ -89.71513, 35.419952 ], [ -89.715192, 35.419866 ], [ -89.715354, 35.419695 ], [ -89.7155, 35.419601 ], [ -89.715836, 35.419458 ], [ -89.716166, 35.419345 ], [ -89.716208, 35.419333 ], [ -89.716954, 35.419126 ], [ -89.717449, 35.418964 ], [ -89.717648, 35.418862 ], [ -89.717968, 35.418648 ], [ -89.71823, 35.418441 ], [ -89.718885, 35.417812 ], [ -89.71906, 35.417645 ], [ -89.719278, 35.417389 ], [ -89.719505, 35.417053 ], [ -89.719683, 35.416698 ], [ -89.72012, 35.415731 ], [ -89.720166, 35.415635 ], [ -89.720887, 35.414111 ], [ -89.721057, 35.413719 ], [ -89.721122, 35.413509 ], [ -89.721142, 35.413445 ], [ -89.721172, 35.413183 ], [ -89.721218, 35.411888 ], [ -89.721232, 35.411322 ], [ -89.721286, 35.409627 ], [ -89.721305, 35.409062 ], [ -89.721321, 35.408421 ], [ -89.721337, 35.407844 ], [ -89.721337, 35.407156 ], [ -89.721309, 35.407024 ], [ -89.721253, 35.406927 ], [ -89.721151, 35.406827 ], [ -89.721037, 35.40676 ], [ -89.721018, 35.406753 ], [ -89.72091, 35.406719 ], [ -89.720876, 35.406709 ], [ -89.720652, 35.406665 ], [ -89.720491, 35.40663 ], [ -89.72043, 35.406604 ], [ -89.720384, 35.406571 ], [ -89.720347, 35.406536 ], [ -89.720327, 35.406505 ], [ -89.719611, 35.406344 ], [ -89.718484, 35.406091 ], [ -89.717463, 35.405861 ], [ -89.716748, 35.405701 ], [ -89.716681, 35.405685 ], [ -89.713402, 35.405028 ], [ -89.712884, 35.404925 ], [ -89.71018, 35.404384 ], [ -89.710057, 35.405079 ], [ -89.709464, 35.408442 ], [ -89.709426, 35.40866 ], [ -89.709387, 35.408878 ], [ -89.709299, 35.409376 ], [ -89.70928, 35.409483 ], [ -89.709085, 35.409456 ], [ -89.707525, 35.409242 ], [ -89.704181, 35.408784 ], [ -89.704145, 35.40878 ], [ -89.704542, 35.408215 ], [ -89.704859, 35.407784 ], [ -89.705086, 35.407456 ], [ -89.705267, 35.407101 ], [ -89.705389, 35.406823 ], [ -89.705903, 35.405663 ], [ -89.70598, 35.405485 ], [ -89.70624, 35.404889 ], [ -89.706413, 35.404495 ], [ -89.70679, 35.403655 ], [ -89.706906, 35.403341 ], [ -89.706947, 35.403098 ], [ -89.706975, 35.402408 ], [ -89.706988, 35.40213 ], [ -89.707057, 35.401065 ], [ -89.707094, 35.400169 ], [ -89.70714, 35.399079 ], [ -89.707167, 35.397845 ], [ -89.709531, 35.397823 ], [ -89.709926, 35.397818 ], [ -89.710015, 35.397817 ], [ -89.710603, 35.39781 ], [ -89.710982, 35.397829 ], [ -89.711373, 35.397856 ], [ -89.71279, 35.397875 ], [ -89.71319, 35.397866 ], [ -89.713653, 35.397821 ], [ -89.714643, 35.39765 ], [ -89.715508, 35.397514 ], [ -89.715691, 35.397472 ], [ -89.715763, 35.397448 ], [ -89.716744, 35.397017 ], [ -89.717782, 35.396577 ], [ -89.717974, 35.396507 ], [ -89.718135, 35.39645 ], [ -89.718576, 35.396332 ], [ -89.719111, 35.396222 ], [ -89.719534, 35.396158 ], [ -89.720211, 35.396097 ], [ -89.720689, 35.396075 ], [ -89.720757, 35.396073 ], [ -89.720973, 35.396077 ], [ -89.72123, 35.396103 ], [ -89.721637, 35.396146 ], [ -89.72285, 35.396272 ], [ -89.723391, 35.396329 ], [ -89.723385, 35.396196 ], [ -89.723378, 35.395081 ], [ -89.723345, 35.394965 ], [ -89.723284, 35.394867 ], [ -89.722478, 35.393707 ], [ -89.721445, 35.39222 ], [ -89.720519, 35.390858 ], [ -89.718526, 35.388013 ], [ -89.717535, 35.38656 ], [ -89.715903, 35.384168 ], [ -89.714251, 35.381747 ], [ -89.714086, 35.381497 ], [ -89.712876, 35.379666 ], [ -89.710997, 35.376848 ], [ -89.710836, 35.376585 ], [ -89.710466, 35.376163 ], [ -89.710132, 35.375783 ], [ -89.709749, 35.375355 ], [ -89.709689, 35.375245 ], [ -89.709534, 35.375085 ], [ -89.708329, 35.373733 ], [ -89.70618, 35.371322 ], [ -89.706066, 35.37141 ], [ -89.705456, 35.371454 ], [ -89.705281, 35.371509 ], [ -89.705201, 35.371564 ], [ -89.705141, 35.371734 ], [ -89.705147, 35.371855 ], [ -89.705261, 35.372031 ], [ -89.705463, 35.372218 ], [ -89.705711, 35.372355 ], [ -89.705966, 35.372459 ], [ -89.706274, 35.372536 ], [ -89.706482, 35.372629 ], [ -89.706542, 35.372695 ], [ -89.706556, 35.372833 ], [ -89.706496, 35.373036 ], [ -89.706388, 35.373228 ], [ -89.705818, 35.373613 ], [ -89.705693, 35.373701 ], [ -89.705617, 35.373756 ], [ -89.705557, 35.373866 ], [ -89.705443, 35.37392 ], [ -89.705114, 35.373921 ], [ -89.704652, 35.373871 ], [ -89.704464, 35.373904 ], [ -89.704363, 35.373976 ], [ -89.704363, 35.374091 ], [ -89.704437, 35.374179 ], [ -89.704571, 35.374261 ], [ -89.704638, 35.374283 ], [ -89.704652, 35.374365 ], [ -89.704545, 35.374613 ], [ -89.704585, 35.374744 ], [ -89.704625, 35.374788 ], [ -89.704732, 35.374772 ], [ -89.70496, 35.374651 ], [ -89.705088, 35.374624 ], [ -89.705262, 35.374634 ], [ -89.705349, 35.374678 ], [ -89.70539, 35.374722 ], [ -89.705383, 35.374832 ], [ -89.705262, 35.375003 ], [ -89.705175, 35.37518 ], [ -89.705041, 35.375383 ], [ -89.704907, 35.375504 ], [ -89.704807, 35.375509 ], [ -89.704552, 35.37541 ], [ -89.704491, 35.375476 ], [ -89.704518, 35.375614 ], [ -89.704579, 35.375844 ], [ -89.704492, 35.376031 ], [ -89.704378, 35.376136 ], [ -89.704223, 35.376201 ], [ -89.703935, 35.37624 ], [ -89.7037, 35.376317 ], [ -89.703137, 35.376581 ], [ -89.703117, 35.376608 ], [ -89.702855, 35.37674 ], [ -89.702654, 35.376888 ], [ -89.702507, 35.377075 ], [ -89.696533, 35.37689 ], [ -89.696485, 35.375854 ], [ -89.694216, 35.375793 ], [ -89.693983, 35.381748 ], [ -89.690556, 35.381736 ], [ -89.690523, 35.381979 ], [ -89.691097, 35.382153 ], [ -89.691992, 35.38245 ], [ -89.692999, 35.382812 ], [ -89.696696, 35.384143 ], [ -89.696916, 35.384224 ], [ -89.697242, 35.384346 ], [ -89.697576, 35.38447 ], [ -89.697797, 35.384552 ], [ -89.697784, 35.384572 ], [ -89.697766, 35.384628 ], [ -89.697692, 35.384891 ], [ -89.697511, 35.385084 ], [ -89.697438, 35.385177 ], [ -89.697592, 35.38532 ], [ -89.697592, 35.385402 ], [ -89.697538, 35.385468 ], [ -89.697364, 35.385503 ], [ -89.697297, 35.385518 ], [ -89.69727, 35.385573 ], [ -89.69725, 35.385754 ], [ -89.697203, 35.386012 ], [ -89.697069, 35.386281 ], [ -89.697042, 35.386397 ], [ -89.697163, 35.386528 ], [ -89.697431, 35.386748 ], [ -89.697458, 35.386819 ], [ -89.697404, 35.386935 ], [ -89.697022, 35.38716 ], [ -89.696982, 35.387237 ], [ -89.696982, 35.387325 ], [ -89.697123, 35.387413 ], [ -89.697237, 35.387512 ], [ -89.697196, 35.387621 ], [ -89.697136, 35.387693 ], [ -89.697056, 35.387742 ], [ -89.696915, 35.387753 ], [ -89.696787, 35.38766 ], [ -89.69672, 35.387654 ], [ -89.696599, 35.387704 ], [ -89.696573, 35.387742 ], [ -89.696606, 35.38783 ], [ -89.696653, 35.388028 ], [ -89.696626, 35.388099 ], [ -89.696593, 35.388193 ], [ -89.696318, 35.388347 ], [ -89.696197, 35.388484 ], [ -89.695915, 35.388594 ], [ -89.695868, 35.388671 ], [ -89.695801, 35.388797 ], [ -89.695671, 35.388882 ], [ -89.691985, 35.388804 ], [ -89.680939, 35.388564 ], [ -89.67728, 35.388485 ], [ -89.677257, 35.388485 ], [ -89.674993, 35.388487 ], [ -89.669598, 35.388492 ], [ -89.668202, 35.388493 ], [ -89.665939, 35.388496 ], [ -89.66456, 35.388442 ], [ -89.662911, 35.388378 ], [ -89.660423, 35.388295 ], [ -89.659044, 35.388249 ], [ -89.657474, 35.388225 ], [ -89.655879, 35.388201 ], [ -89.652767, 35.388153 ], [ -89.651199, 35.388129 ], [ -89.649518, 35.388098 ], [ -89.644476, 35.388011 ], [ -89.64288, 35.387984 ], [ -89.642796, 35.387983 ], [ -89.642725, 35.388394 ], [ -89.642558, 35.389218 ], [ -89.642416, 35.389921 ], [ -89.641871, 35.39254 ], [ -89.641794, 35.392915 ], [ -89.641562, 35.394062 ], [ -89.641543, 35.394149 ], [ -89.64097, 35.396808 ], [ -89.640627, 35.398576 ], [ -89.640713, 35.399653 ], [ -89.640733, 35.399885 ], [ -89.640773, 35.400329 ], [ -89.640887, 35.401482 ], [ -89.641014, 35.402054 ], [ -89.64102, 35.402273 ], [ -89.64106, 35.402537 ], [ -89.641054, 35.402768 ], [ -89.640945, 35.40508 ], [ -89.640844, 35.406069 ], [ -89.640473, 35.409084 ], [ -89.639798, 35.416065 ], [ -89.639731, 35.416812 ], [ -89.639683, 35.417296 ], [ -89.639116, 35.423103 ], [ -89.63911, 35.423167 ], [ -89.639015, 35.423958 ], [ -89.639014, 35.423979 ], [ -89.638995, 35.424974 ], [ -89.639035, 35.425227 ], [ -89.639028, 35.425447 ], [ -89.638967, 35.42565 ], [ -89.638416, 35.426441 ], [ -89.637913, 35.427166 ], [ -89.637973, 35.427286 ], [ -89.638269, 35.42744 ], [ -89.640731, 35.42826 ], [ -89.641127, 35.428396 ], [ -89.644837, 35.429678 ], [ -89.645099, 35.429744 ], [ -89.646394, 35.430146 ], [ -89.64738, 35.430459 ], [ -89.65038, 35.43135 ], [ -89.651079, 35.431569 ], [ -89.654401, 35.432615 ], [ -89.654385, 35.432719 ], [ -89.654135, 35.434208 ], [ -89.654023, 35.434881 ], [ -89.653774, 35.436477 ], [ -89.653696, 35.437196 ], [ -89.653654, 35.438567 ], [ -89.653648, 35.439019 ], [ -89.653647, 35.439165 ], [ -89.653646, 35.439254 ], [ -89.653612, 35.440634 ], [ -89.653601, 35.441059 ], [ -89.653593, 35.441388 ], [ -89.653573, 35.442337 ], [ -89.653568, 35.442607 ], [ -89.653563, 35.442763 ], [ -89.653536, 35.443687 ], [ -89.653528, 35.443981 ], [ -89.653491, 35.4451 ], [ -89.653462, 35.446462 ], [ -89.653458, 35.446661 ], [ -89.653427, 35.446989 ], [ -89.653388, 35.447143 ], [ -89.653311, 35.447251 ], [ -89.653173, 35.447397 ], [ -89.652957, 35.447605 ], [ -89.652818, 35.447752 ], [ -89.652624, 35.447866 ], [ -89.652671, 35.447885 ], [ -89.652771, 35.44798 ], [ -89.652934, 35.448156 ], [ -89.653116, 35.448327 ], [ -89.653181, 35.448402 ], [ -89.653376, 35.448632 ], [ -89.653442, 35.448709 ], [ -89.653605, 35.44863 ], [ -89.653869, 35.448533 ], [ -89.654053, 35.448429 ], [ -89.654193, 35.448338 ], [ -89.654489, 35.448139 ], [ -89.654708, 35.448018 ], [ -89.654976, 35.447948 ], [ -89.655149, 35.447941 ], [ -89.655564, 35.450173 ], [ -89.655918, 35.450194 ], [ -89.656373, 35.455798 ], [ -89.656108, 35.455793 ], [ -89.655226, 35.455799 ], [ -89.65411, 35.455807 ], [ -89.654068, 35.457059 ], [ -89.653847, 35.457053 ], [ -89.653214, 35.457046 ], [ -89.653212, 35.457166 ], [ -89.653205, 35.45725 ], [ -89.653201, 35.457314 ], [ -89.653193, 35.457608 ], [ -89.653177, 35.458355 ], [ -89.653173, 35.458461 ], [ -89.653166, 35.458708 ], [ -89.653138, 35.45943 ], [ -89.653115, 35.459682 ], [ -89.653087, 35.45988 ], [ -89.653045, 35.460103 ], [ -89.652939, 35.460554 ], [ -89.652922, 35.460734 ], [ -89.652906, 35.461582 ], [ -89.652913, 35.462011 ], [ -89.652903, 35.462688 ], [ -89.652886, 35.464027 ], [ -89.652887, 35.464104 ], [ -89.652894, 35.465014 ], [ -89.652924, 35.465242 ], [ -89.652985, 35.465482 ], [ -89.653109, 35.465781 ], [ -89.653243, 35.465978 ], [ -89.653539, 35.466316 ], [ -89.655107, 35.467808 ], [ -89.65566, 35.468335 ], [ -89.655841, 35.468556 ], [ -89.655888, 35.468635 ], [ -89.655973, 35.468811 ], [ -89.656023, 35.468944 ], [ -89.65607, 35.469197 ], [ -89.656124, 35.470001 ], [ -89.656127, 35.470035 ], [ -89.656147, 35.470607 ], [ -89.656147, 35.470894 ], [ -89.656117, 35.471186 ], [ -89.656065, 35.471396 ], [ -89.655969, 35.47162 ], [ -89.655852, 35.471821 ], [ -89.654446, 35.473674 ], [ -89.653626, 35.474756 ], [ -89.653599, 35.474791 ], [ -89.653387, 35.475067 ], [ -89.653328, 35.475145 ], [ -89.653055, 35.475507 ], [ -89.652798, 35.475844 ], [ -89.652755, 35.4759 ], [ -89.652545, 35.476178 ], [ -89.652465, 35.476287 ], [ -89.652224, 35.476616 ], [ -89.652145, 35.476726 ], [ -89.651706, 35.477305 ], [ -89.650614, 35.478747 ], [ -89.650398, 35.479049 ], [ -89.650104, 35.479464 ], [ -89.650009, 35.47966 ], [ -89.649993, 35.479694 ], [ -89.649942, 35.47984 ], [ -89.649892, 35.48007 ], [ -89.649886, 35.480096 ], [ -89.649876, 35.480144 ], [ -89.64985, 35.480327 ], [ -89.649782, 35.480823 ], [ -89.649708, 35.481447 ], [ -89.649596, 35.482378 ], [ -89.649514, 35.483062 ], [ -89.650374, 35.483071 ], [ -89.652954, 35.483098 ], [ -89.653815, 35.483107 ], [ -89.657195, 35.483188 ], [ -89.659862, 35.483252 ], [ -89.660001, 35.483163 ], [ -89.660002, 35.482178 ], [ -89.660085, 35.481971 ], [ -89.661762, 35.4811 ], [ -89.66218, 35.481009 ], [ -89.663326, 35.481032 ], [ -89.665676, 35.481079 ], [ -89.665956, 35.481006 ], [ -89.66612, 35.480964 ], [ -89.667013, 35.48099 ], [ -89.66526, 35.486325 ], [ -89.660228, 35.486186 ], [ -89.660168, 35.484766 ], [ -89.655884, 35.484597 ], [ -89.654088, 35.484526 ], [ -89.654008, 35.485966 ], [ -89.656879, 35.486147 ], [ -89.656741, 35.490928 ], [ -89.652169, 35.490776 ], [ -89.652021, 35.492689 ], [ -89.651406, 35.492715 ], [ -89.651472, 35.493893 ], [ -89.650924, 35.493825 ], [ -89.651107, 35.495167 ], [ -89.651539, 35.495069 ], [ -89.651576, 35.495063 ], [ -89.651846, 35.495022 ], [ -89.652177, 35.494994 ], [ -89.652329, 35.494994 ], [ -89.653313, 35.49504 ], [ -89.653417, 35.495043 ], [ -89.653443, 35.497755 ], [ -89.659531, 35.497851 ], [ -89.659512, 35.498377 ], [ -89.663435, 35.49833 ], [ -89.663917, 35.498324 ], [ -89.663928, 35.499163 ], [ -89.666538, 35.498492 ], [ -89.670254, 35.498665 ], [ -89.670216, 35.49993 ], [ -89.672337, 35.500046 ], [ -89.676934, 35.500297 ], [ -89.677663, 35.492763 ], [ -89.677016, 35.492754 ], [ -89.676903, 35.492777 ], [ -89.676808, 35.492815 ], [ -89.676679, 35.492903 ], [ -89.676432, 35.493132 ], [ -89.676355, 35.493211 ], [ -89.675743, 35.494006 ], [ -89.674596, 35.495553 ], [ -89.674479, 35.495694 ], [ -89.674331, 35.495816 ], [ -89.674166, 35.495896 ], [ -89.674042, 35.495936 ], [ -89.673904, 35.495961 ], [ -89.6737, 35.49594 ], [ -89.673583, 35.495903 ], [ -89.673206, 35.495707 ], [ -89.673028, 35.49564 ], [ -89.672803, 35.49558 ], [ -89.672416, 35.49552 ], [ -89.672024, 35.495505 ], [ -89.671725, 35.495501 ], [ -89.671145, 35.495494 ], [ -89.67097, 35.495501 ], [ -89.669356, 35.495468 ], [ -89.669292, 35.495467 ], [ -89.669028, 35.495455 ], [ -89.669065, 35.492512 ], [ -89.675635, 35.492707 ], [ -89.67648, 35.491826 ], [ -89.677383, 35.491526 ], [ -89.679137, 35.49147 ], [ -89.680174, 35.490683 ], [ -89.680508, 35.490429 ], [ -89.681484, 35.490432 ], [ -89.682398, 35.490434 ], [ -89.682626, 35.488767 ], [ -89.684777, 35.488753 ], [ -89.684539, 35.489579 ], [ -89.684426, 35.489979 ], [ -89.684377, 35.490154 ], [ -89.684266, 35.490451 ], [ -89.684072, 35.49091 ], [ -89.684032, 35.491003 ], [ -89.683915, 35.491281 ], [ -89.683876, 35.491375 ], [ -89.683867, 35.491397 ], [ -89.683758, 35.491682 ], [ -89.683612, 35.49215 ], [ -89.683438, 35.492643 ], [ -89.683185, 35.493362 ], [ -89.68277, 35.494601 ], [ -89.682309, 35.495911 ], [ -89.682125, 35.49645 ], [ -89.681694, 35.497721 ], [ -89.681656, 35.497832 ], [ -89.681356, 35.498665 ], [ -89.681284, 35.498884 ], [ -89.68107, 35.499548 ], [ -89.68091, 35.499995 ], [ -89.680804, 35.500253 ], [ -89.680683, 35.500447 ], [ -89.680544, 35.500599 ], [ -89.680169, 35.500917 ], [ -89.679139, 35.501747 ], [ -89.678376, 35.502363 ], [ -89.678178, 35.50252 ], [ -89.678038, 35.50263 ], [ -89.677618, 35.502963 ], [ -89.677479, 35.503074 ], [ -89.677067, 35.503397 ], [ -89.675832, 35.504367 ], [ -89.675775, 35.504412 ], [ -89.675577, 35.504583 ], [ -89.675458, 35.50473 ], [ -89.675664, 35.50471 ], [ -89.67589, 35.504706 ], [ -89.67668, 35.504737 ], [ -89.677284, 35.504705 ], [ -89.67756, 35.504714 ], [ -89.67792, 35.504749 ], [ -89.678479, 35.504832 ], [ -89.680154, 35.505081 ], [ -89.682579, 35.505412 ], [ -89.683102, 35.505437 ], [ -89.683561, 35.505418 ], [ -89.685431, 35.505286 ], [ -89.685901, 35.505227 ], [ -89.686164, 35.505168 ], [ -89.686619, 35.505027 ], [ -89.686786, 35.504987 ], [ -89.686938, 35.504983 ], [ -89.687016, 35.504991 ], [ -89.6871, 35.505014 ], [ -89.687181, 35.505063 ], [ -89.687215, 35.505105 ], [ -89.687265, 35.505245 ], [ -89.687288, 35.505334 ], [ -89.687627, 35.50661 ], [ -89.687833, 35.507818 ], [ -89.687849, 35.508102 ], [ -89.687834, 35.508259 ], [ -89.68783, 35.508304 ], [ -89.687824, 35.508349 ], [ -89.687788, 35.508612 ], [ -89.687794, 35.508839 ], [ -89.687857, 35.509103 ], [ -89.687869, 35.509142 ], [ -89.687967, 35.509459 ], [ -89.688044, 35.509633 ], [ -89.688118, 35.509733 ], [ -89.688201, 35.509796 ], [ -89.688337, 35.509857 ], [ -89.688517, 35.509888 ], [ -89.68982, 35.509907 ], [ -89.689987, 35.509912 ], [ -89.690218, 35.509921 ], [ -89.690544, 35.509951 ], [ -89.690601, 35.50998 ], [ -89.690654, 35.510038 ], [ -89.690687, 35.510113 ], [ -89.690704, 35.510179 ], [ -89.690707, 35.510584 ], [ -89.690664, 35.511999 ], [ -89.690653, 35.512362 ], [ -89.6906, 35.513307 ], [ -89.690523, 35.516137 ], [ -89.690467, 35.517435 ], [ -89.690466, 35.517459 ], [ -89.690455, 35.518437 ], [ -89.690497, 35.518672 ], [ -89.690595, 35.518928 ], [ -89.690686, 35.519103 ], [ -89.690761, 35.519213 ], [ -89.690821, 35.519276 ], [ -89.69093, 35.519343 ], [ -89.691084, 35.519399 ], [ -89.691325, 35.519439 ], [ -89.691481, 35.519442 ], [ -89.692822, 35.519476 ], [ -89.693085, 35.519492 ], [ -89.693243, 35.51952 ], [ -89.693366, 35.519577 ], [ -89.693457, 35.519648 ], [ -89.693492, 35.519722 ], [ -89.693522, 35.519902 ], [ -89.693522, 35.51996 ], [ -89.693533, 35.520565 ], [ -89.693522, 35.520654 ], [ -89.693511, 35.520739 ], [ -89.693503, 35.520795 ], [ -89.693483, 35.520964 ], [ -89.693482, 35.521021 ], [ -89.693483, 35.52104 ], [ -89.693488, 35.5211 ], [ -89.69349, 35.52112 ], [ -89.693492, 35.521146 ], [ -89.693468, 35.521416 ], [ -89.693391, 35.522303 ], [ -89.693383, 35.522605 ], [ -89.693372, 35.52277 ], [ -89.693364, 35.522911 ], [ -89.690297, 35.525109 ], [ -89.690145, 35.525218 ], [ -89.689438, 35.525726 ], [ -89.689104, 35.525966 ], [ -89.685546, 35.528521 ], [ -89.68546, 35.528583 ], [ -89.685693, 35.528809 ], [ -89.687487, 35.528592 ], [ -89.687347, 35.534664 ], [ -89.687429, 35.534665 ], [ -89.68803, 35.534672 ], [ -89.688094, 35.533916 ], [ -89.688098, 35.534027 ], [ -89.688103, 35.534068 ], [ -89.688155, 35.534143 ], [ -89.688197, 35.534176 ], [ -89.688234, 35.534204 ], [ -89.688293, 35.534229 ], [ -89.68846, 35.534254 ], [ -89.689076, 35.534268 ], [ -89.689375, 35.534276 ], [ -89.68937, 35.534457 ], [ -89.689364, 35.534749 ], [ -89.689351, 35.535 ], [ -89.689342, 35.535182 ], [ -89.689909, 35.535024 ], [ -89.6907, 35.534805 ], [ -89.690933, 35.534727 ], [ -89.691363, 35.534552 ], [ -89.691572, 35.534442 ], [ -89.692095, 35.53417 ], [ -89.692161, 35.534132 ], [ -89.692359, 35.534018 ], [ -89.692425, 35.53398 ], [ -89.693336, 35.533455 ], [ -89.693679, 35.533258 ], [ -89.694687, 35.532678 ], [ -89.696367, 35.531714 ], [ -89.696671, 35.531557 ], [ -89.697036, 35.531368 ], [ -89.697214, 35.531289 ], [ -89.697376, 35.531225 ], [ -89.69749, 35.53119 ], [ -89.697738, 35.531117 ], [ -89.69794, 35.531069 ], [ -89.698394, 35.530983 ], [ -89.698909, 35.530918 ], [ -89.698885, 35.530891 ], [ -89.698891, 35.530809 ], [ -89.698983, 35.530605 ], [ -89.699127, 35.530251 ], [ -89.701419, 35.53031 ], [ -89.708825, 35.5305 ], [ -89.709197, 35.530513 ], [ -89.709171, 35.531427 ], [ -89.714314, 35.531497 ], [ -89.714327, 35.530686 ], [ -89.714423, 35.5266 ], [ -89.71783, 35.526783 ], [ -89.721286, 35.526969 ], [ -89.729358, 35.526925 ], [ -89.730605, 35.526988 ], [ -89.730621, 35.525729 ], [ -89.735344, 35.525909 ], [ -89.73608, 35.525937 ], [ -89.736051, 35.526664 ], [ -89.736022, 35.527408 ], [ -89.736404, 35.527437 ], [ -89.736955, 35.52748 ], [ -89.737309, 35.528712 ], [ -89.737424, 35.529173 ], [ -89.738389, 35.528861 ], [ -89.73856, 35.528856 ], [ -89.738691, 35.529827 ], [ -89.739103, 35.529739 ], [ -89.739256, 35.529715 ], [ -89.739382, 35.529699 ], [ -89.739592, 35.529692 ], [ -89.739623, 35.530335 ], [ -89.740007, 35.530438 ], [ -89.739831, 35.532306 ], [ -89.740496, 35.532391 ], [ -89.741389, 35.532504 ], [ -89.740954, 35.533523 ], [ -89.743225, 35.533654 ], [ -89.744785, 35.533744 ], [ -89.745811, 35.533549 ], [ -89.746524, 35.533832 ], [ -89.74691, 35.534033 ], [ -89.746673, 35.538794 ], [ -89.746901, 35.538858 ], [ -89.747343, 35.539037 ], [ -89.747727, 35.53884 ], [ -89.749289, 35.538907 ], [ -89.748407, 35.548452 ], [ -89.746255, 35.548356 ], [ -89.746392, 35.545224 ], [ -89.742492, 35.545254 ], [ -89.742972, 35.548353 ], [ -89.742994, 35.550229 ], [ -89.742231, 35.550173 ], [ -89.741402, 35.550139 ], [ -89.741341, 35.550147 ], [ -89.741169, 35.550201 ], [ -89.741151, 35.550207 ], [ -89.741005, 35.550293 ], [ -89.740837, 35.550416 ], [ -89.740654, 35.550574 ], [ -89.740429, 35.550806 ], [ -89.740319, 35.55094 ], [ -89.74015, 35.551182 ], [ -89.739721, 35.551726 ], [ -89.739414, 35.552089 ], [ -89.739378, 35.552134 ], [ -89.739286, 35.552253 ], [ -89.739239, 35.55233 ], [ -89.739121, 35.552624 ], [ -89.739103, 35.552672 ], [ -89.73907, 35.55279 ], [ -89.739057, 35.552977 ], [ -89.739057, 35.553364 ], [ -89.739032, 35.553686 ], [ -89.739187, 35.553738 ], [ -89.739482, 35.553865 ], [ -89.739677, 35.55397 ], [ -89.739907, 35.554132 ], [ -89.740072, 35.554269 ], [ -89.740086, 35.554283 ], [ -89.740198, 35.554396 ], [ -89.740265, 35.554466 ], [ -89.741692, 35.555982 ], [ -89.741847, 35.556146 ], [ -89.742644, 35.556912 ], [ -89.742924, 35.557181 ], [ -89.743244, 35.55752 ], [ -89.743353, 35.557684 ], [ -89.743419, 35.557843 ], [ -89.743429, 35.557867 ], [ -89.743461, 35.55801 ], [ -89.743563, 35.558571 ], [ -89.743637, 35.558829 ], [ -89.743663, 35.55892 ], [ -89.74391, 35.559611 ], [ -89.744067, 35.559971 ], [ -89.744205, 35.560216 ], [ -89.744668, 35.56087 ], [ -89.744802, 35.561051 ], [ -89.744873, 35.561146 ], [ -89.744998, 35.561344 ], [ -89.74507, 35.56148 ], [ -89.745197, 35.561719 ], [ -89.745466, 35.562253 ], [ -89.745543, 35.562375 ], [ -89.746095, 35.562066 ], [ -89.747167, 35.56331 ], [ -89.757375, 35.564601 ], [ -89.757321, 35.564177 ], [ -89.757645, 35.564146 ], [ -89.758209, 35.564117 ], [ -89.759244, 35.563893 ], [ -89.759264, 35.563885 ], [ -89.76016, 35.563543 ], [ -89.761302, 35.563033 ], [ -89.762512, 35.562484 ], [ -89.763395, 35.562072 ], [ -89.765174, 35.561265 ], [ -89.765192, 35.561258 ], [ -89.766772, 35.560582 ], [ -89.76686, 35.560545 ], [ -89.766818, 35.560484 ], [ -89.766797, 35.560456 ], [ -89.766545, 35.560206 ], [ -89.76612, 35.559778 ], [ -89.765822, 35.559477 ], [ -89.765644, 35.559299 ], [ -89.765455, 35.559089 ], [ -89.765191, 35.5588 ], [ -89.765173, 35.55878 ], [ -89.764687, 35.558177 ], [ -89.764605, 35.558001 ], [ -89.764534, 35.557825 ], [ -89.764473, 35.557614 ], [ -89.764394, 35.557407 ], [ -89.764341, 35.557252 ], [ -89.76433, 35.557225 ], [ -89.764306, 35.557183 ], [ -89.764158, 35.556959 ], [ -89.764152, 35.556949 ], [ -89.764115, 35.556939 ], [ -89.764005, 35.556916 ], [ -89.763601, 35.556858 ], [ -89.763342, 35.556813 ], [ -89.763276, 35.556801 ], [ -89.762293, 35.556449 ], [ -89.761781, 35.556007 ], [ -89.761076, 35.555398 ], [ -89.760992, 35.555279 ], [ -89.760879, 35.555067 ], [ -89.760789, 35.55488 ], [ -89.760754, 35.554789 ], [ -89.760743, 35.55477 ], [ -89.76073, 35.554751 ], [ -89.760662, 35.554674 ], [ -89.760485, 35.554495 ], [ -89.760356, 35.55435 ], [ -89.760228, 35.554166 ], [ -89.760085, 35.553917 ], [ -89.760029, 35.553782 ], [ -89.759997, 35.553682 ], [ -89.759986, 35.553605 ], [ -89.759969, 35.553491 ], [ -89.761156, 35.553481 ], [ -89.761147, 35.553403 ], [ -89.761146, 35.553371 ], [ -89.761123, 35.552636 ], [ -89.761117, 35.552594 ], [ -89.7611, 35.552467 ], [ -89.761067, 35.55234 ], [ -89.761033, 35.552213 ], [ -89.76091, 35.551839 ], [ -89.760905, 35.551822 ], [ -89.760862, 35.551718 ], [ -89.760844, 35.551675 ], [ -89.760799, 35.551566 ], [ -89.76079, 35.551547 ], [ -89.760771, 35.551506 ], [ -89.760745, 35.551452 ], [ -89.760707, 35.551356 ], [ -89.760613, 35.551118 ], [ -89.760574, 35.551044 ], [ -89.760484, 35.550928 ], [ -89.760467, 35.550906 ], [ -89.760374, 35.550809 ], [ -89.760361, 35.550795 ], [ -89.759946, 35.550406 ], [ -89.759883, 35.550347 ], [ -89.759261, 35.549794 ], [ -89.758774, 35.549384 ], [ -89.758619, 35.549248 ], [ -89.758285, 35.548955 ], [ -89.758197, 35.548844 ], [ -89.758119, 35.548747 ], [ -89.758059, 35.548634 ], [ -89.758, 35.548498 ], [ -89.757939, 35.548305 ], [ -89.757885, 35.548129 ], [ -89.757706, 35.547471 ], [ -89.757624, 35.547115 ], [ -89.757475, 35.546559 ], [ -89.75732, 35.545977 ], [ -89.757316, 35.545963 ], [ -89.757279, 35.545784 ], [ -89.757254, 35.545631 ], [ -89.757233, 35.545328 ], [ -89.757227, 35.545121 ], [ -89.757188, 35.544735 ], [ -89.757111, 35.544398 ], [ -89.757045, 35.544247 ], [ -89.756989, 35.544153 ], [ -89.756982, 35.544141 ], [ -89.756858, 35.543974 ], [ -89.7567, 35.543817 ], [ -89.756397, 35.543591 ], [ -89.756236, 35.543457 ], [ -89.756222, 35.543443 ], [ -89.756155, 35.543339 ], [ -89.756139, 35.543275 ], [ -89.756128, 35.543141 ], [ -89.756144, 35.543071 ], [ -89.756191, 35.542977 ], [ -89.756237, 35.542911 ], [ -89.756282, 35.542867 ], [ -89.756406, 35.542776 ], [ -89.756658, 35.542645 ], [ -89.757632, 35.542283 ], [ -89.757946, 35.542152 ], [ -89.758096, 35.542073 ], [ -89.758239, 35.541984 ], [ -89.758351, 35.5419 ], [ -89.758489, 35.541765 ], [ -89.758567, 35.541665 ], [ -89.758624, 35.541516 ], [ -89.758834, 35.540389 ], [ -89.758845, 35.54026 ], [ -89.758834, 35.539959 ], [ -89.758708, 35.538947 ], [ -89.758698, 35.538534 ], [ -89.758705, 35.538411 ], [ -89.758804, 35.537786 ], [ -89.758875, 35.537339 ], [ -89.759019, 35.536621 ], [ -89.759167, 35.53573 ], [ -89.759203, 35.535555 ], [ -89.759222, 35.535465 ], [ -89.759341, 35.534812 ], [ -89.75934, 35.534767 ], [ -89.759339, 35.534683 ], [ -89.759306, 35.534484 ], [ -89.759264, 35.534367 ], [ -89.759119, 35.534086 ], [ -89.759023, 35.533954 ], [ -89.758846, 35.533763 ], [ -89.75861, 35.53355 ], [ -89.75808, 35.533073 ], [ -89.757477, 35.532541 ], [ -89.7573, 35.532357 ], [ -89.756915, 35.531789 ], [ -89.756431, 35.531056 ], [ -89.756141, 35.530627 ], [ -89.755747, 35.530151 ], [ -89.755711, 35.530097 ], [ -89.755607, 35.529941 ], [ -89.75553, 35.529789 ], [ -89.755488, 35.529663 ], [ -89.756816, 35.529751 ], [ -89.757102, 35.530072 ], [ -89.76047, 35.530364 ], [ -89.760466, 35.531452 ], [ -89.761164, 35.531545 ], [ -89.761238, 35.531997 ], [ -89.764698, 35.532242 ], [ -89.76999, 35.532124 ], [ -89.76978, 35.529603 ], [ -89.768326, 35.529558 ], [ -89.769778, 35.523719 ], [ -89.769879, 35.52373 ], [ -89.772479, 35.524 ], [ -89.774038, 35.524167 ], [ -89.774572, 35.52422 ], [ -89.774863, 35.524267 ], [ -89.775042, 35.524325 ], [ -89.775198, 35.524407 ], [ -89.775641, 35.524721 ], [ -89.77574, 35.524772 ], [ -89.776, 35.524865 ], [ -89.776243, 35.524926 ], [ -89.77654, 35.524974 ], [ -89.776849, 35.525007 ], [ -89.778361, 35.525131 ], [ -89.779111, 35.525213 ], [ -89.780089, 35.52532 ], [ -89.780485, 35.525352 ], [ -89.781278, 35.525441 ], [ -89.781823, 35.525491 ], [ -89.782301, 35.52557 ], [ -89.782536, 35.525642 ], [ -89.782699, 35.525722 ], [ -89.782822, 35.525808 ], [ -89.782917, 35.5259 ], [ -89.782993, 35.526018 ], [ -89.783057, 35.526191 ], [ -89.783079, 35.526295 ], [ -89.783074, 35.526443 ], [ -89.782725, 35.528723 ], [ -89.782723, 35.528734 ], [ -89.78264, 35.529387 ], [ -89.7824, 35.530984 ], [ -89.782363, 35.531229 ], [ -89.78231, 35.531643 ], [ -89.782309, 35.531658 ], [ -89.782197, 35.532401 ], [ -89.782072, 35.533487 ], [ -89.782053, 35.533624 ], [ -89.781963, 35.534284 ], [ -89.781931, 35.534595 ], [ -89.78193, 35.534867 ], [ -89.781968, 35.534961 ], [ -89.782004, 35.535009 ], [ -89.782221, 35.535184 ], [ -89.782317, 35.535249 ], [ -89.782503, 35.535374 ], [ -89.782676, 35.535481 ], [ -89.782819, 35.535612 ], [ -89.783316, 35.536093 ], [ -89.783564, 35.536287 ], [ -89.784133, 35.536564 ], [ -89.784266, 35.536635 ], [ -89.784663, 35.536933 ], [ -89.784819, 35.537076 ], [ -89.784912, 35.537182 ], [ -89.78499, 35.537278 ], [ -89.78501, 35.537311 ], [ -89.785093, 35.537449 ], [ -89.785148, 35.537597 ], [ -89.785173, 35.53779 ], [ -89.785163, 35.538218 ], [ -89.78517, 35.538282 ], [ -89.785216, 35.53841 ], [ -89.785223, 35.538428 ], [ -89.785283, 35.538518 ], [ -89.785409, 35.538626 ], [ -89.785573, 35.538735 ], [ -89.785765, 35.538837 ], [ -89.785831, 35.538873 ], [ -89.786092, 35.538982 ], [ -89.786509, 35.539109 ], [ -89.786898, 35.539213 ], [ -89.787509, 35.539391 ], [ -89.787792, 35.53947 ], [ -89.788059, 35.539545 ], [ -89.788274, 35.539614 ], [ -89.788465, 35.539691 ], [ -89.788797, 35.539747 ], [ -89.788973, 35.539764 ], [ -89.790293, 35.539898 ], [ -89.790506, 35.539923 ], [ -89.791017, 35.539983 ], [ -89.792288, 35.540113 ], [ -89.792706, 35.540157 ], [ -89.794783, 35.540331 ], [ -89.796107, 35.54046 ], [ -89.796331, 35.540482 ], [ -89.797382, 35.540551 ], [ -89.797594, 35.53908 ], [ -89.797942, 35.536681 ], [ -89.798238, 35.534669 ], [ -89.798282, 35.534377 ], [ -89.798348, 35.534013 ], [ -89.798452, 35.533608 ], [ -89.798591, 35.53323 ], [ -89.79862, 35.53315 ], [ -89.798695, 35.532957 ], [ -89.798868, 35.532636 ], [ -89.799117, 35.532254 ], [ -89.799176, 35.532165 ], [ -89.800579, 35.530421 ], [ -89.801208, 35.529652 ], [ -89.801914, 35.528792 ], [ -89.802011, 35.528673 ], [ -89.802448, 35.52814 ], [ -89.802866, 35.527631 ], [ -89.803871, 35.52643 ], [ -89.804051, 35.526187 ], [ -89.80413, 35.526083 ], [ -89.804269, 35.525843 ], [ -89.804434, 35.525505 ], [ -89.804454, 35.52545 ], [ -89.804526, 35.525255 ], [ -89.804683, 35.524729 ], [ -89.805076, 35.523417 ], [ -89.805178, 35.523021 ], [ -89.805288, 35.522543 ], [ -89.805458, 35.521806 ], [ -89.805615, 35.521122 ], [ -89.805691, 35.52071 ], [ -89.805698, 35.520676 ], [ -89.805862, 35.519563 ], [ -89.806242, 35.517394 ], [ -89.806436, 35.516291 ], [ -89.806569, 35.515465 ], [ -89.806658, 35.514919 ], [ -89.806707, 35.514707 ], [ -89.806743, 35.514579 ], [ -89.806791, 35.514408 ], [ -89.806955, 35.514024 ], [ -89.807422, 35.513128 ], [ -89.807809, 35.512387 ], [ -89.808284, 35.51147 ], [ -89.808327, 35.51139 ], [ -89.808509, 35.511056 ], [ -89.80927, 35.509598 ], [ -89.809403, 35.509262 ], [ -89.809475, 35.509029 ], [ -89.80949, 35.508959 ], [ -89.809568, 35.508596 ], [ -89.80962, 35.508302 ], [ -89.809638, 35.508206 ], [ -89.809714, 35.507778 ], [ -89.809828, 35.507198 ], [ -89.809889, 35.506883 ], [ -89.81002, 35.50626 ], [ -89.81011, 35.505836 ], [ -89.810146, 35.505672 ], [ -89.810233, 35.505335 ], [ -89.810367, 35.504819 ], [ -89.810431, 35.50459 ], [ -89.810588, 35.504023 ], [ -89.811817, 35.504164 ], [ -89.811726, 35.5045 ], [ -89.812718, 35.504579 ], [ -89.812579, 35.505486 ], [ -89.813359, 35.505621 ], [ -89.813356, 35.507061 ], [ -89.81347, 35.507065 ], [ -89.818264, 35.50722 ], [ -89.819366, 35.507256 ], [ -89.821544, 35.507199 ], [ -89.822313, 35.506719 ], [ -89.823132, 35.506336 ], [ -89.823925, 35.506172 ], [ -89.825137, 35.506278 ], [ -89.825297, 35.505975 ], [ -89.825258, 35.505868 ], [ -89.82526, 35.505745 ], [ -89.826118, 35.505848 ], [ -89.826331, 35.505854 ], [ -89.826626, 35.505831 ], [ -89.826806, 35.505794 ], [ -89.826926, 35.505771 ], [ -89.828869, 35.505286 ], [ -89.829163, 35.505198 ], [ -89.829451, 35.505094 ], [ -89.830627, 35.504561 ], [ -89.830946, 35.504413 ], [ -89.831092, 35.504549 ], [ -89.831181, 35.504657 ], [ -89.831352, 35.504958 ], [ -89.831536, 35.505236 ], [ -89.831825, 35.505599 ], [ -89.832115, 35.505879 ], [ -89.832399, 35.506134 ], [ -89.832798, 35.506434 ], [ -89.833234, 35.506696 ], [ -89.833581, 35.506877 ], [ -89.833954, 35.507041 ], [ -89.834248, 35.507155 ], [ -89.834245, 35.507331 ], [ -89.834161, 35.51003 ], [ -89.834144, 35.51034 ], [ -89.834154, 35.510736 ], [ -89.834166, 35.510915 ], [ -89.834186, 35.511127 ], [ -89.834226, 35.511421 ], [ -89.834325, 35.511853 ], [ -89.834427, 35.512197 ], [ -89.834519, 35.51251 ], [ -89.83458, 35.512652 ], [ -89.834611, 35.512743 ], [ -89.83477, 35.51319 ], [ -89.837829, 35.51197 ], [ -89.837897, 35.512169 ], [ -89.838237, 35.513171 ], [ -89.838308, 35.513483 ], [ -89.838318, 35.513636 ], [ -89.838304, 35.513832 ], [ -89.838183, 35.514688 ], [ -89.838346, 35.514726 ], [ -89.838434, 35.514747 ], [ -89.838738, 35.514799 ], [ -89.838842, 35.514808 ], [ -89.83901, 35.514823 ], [ -89.839442, 35.514848 ], [ -89.839479, 35.514849 ], [ -89.839525, 35.514606 ], [ -89.839577, 35.51428 ], [ -89.839609, 35.513968 ], [ -89.839628, 35.513602 ], [ -89.839632, 35.513347 ], [ -89.839621, 35.513157 ], [ -89.839591, 35.512971 ], [ -89.839525, 35.512747 ], [ -89.839426, 35.512493 ], [ -89.840756, 35.51226 ], [ -89.840696, 35.507639 ], [ -89.844526, 35.507742 ], [ -89.846143, 35.507789 ], [ -89.846173, 35.507359 ], [ -89.846184, 35.507203 ], [ -89.849072, 35.5073 ] ] ], [ [ [ -89.725916, 35.540696 ], [ -89.725776, 35.539021 ], [ -89.721704, 35.538661 ], [ -89.716832, 35.53823 ], [ -89.71686, 35.537128 ], [ -89.716269, 35.53701 ], [ -89.715768, 35.536916 ], [ -89.715765, 35.536151 ], [ -89.714431, 35.536164 ], [ -89.714413, 35.536843 ], [ -89.714407, 35.53706 ], [ -89.708969, 35.536812 ], [ -89.703181, 35.536548 ], [ -89.702224, 35.534781 ], [ -89.701775, 35.533952 ], [ -89.697441, 35.533885 ], [ -89.69736, 35.535991 ], [ -89.692069, 35.53573 ], [ -89.692063, 35.53593 ], [ -89.692046, 35.536309 ], [ -89.69201, 35.537314 ], [ -89.691982, 35.538101 ], [ -89.691973, 35.538426 ], [ -89.691964, 35.538818 ], [ -89.691994, 35.538901 ], [ -89.691733, 35.543461 ], [ -89.689855, 35.543408 ], [ -89.689732, 35.545191 ], [ -89.689679, 35.545963 ], [ -89.690317, 35.54589 ], [ -89.690635, 35.545853 ], [ -89.690624, 35.546255 ], [ -89.690515, 35.550072 ], [ -89.690496, 35.550744 ], [ -89.694518, 35.550909 ], [ -89.700636, 35.551159 ], [ -89.700578, 35.551947 ], [ -89.701587, 35.551999 ], [ -89.702281, 35.552026 ], [ -89.703176, 35.552065 ], [ -89.703722, 35.552097 ], [ -89.704082, 35.552109 ], [ -89.705078, 35.552118 ], [ -89.705092, 35.552177 ], [ -89.705106, 35.552285 ], [ -89.705025, 35.553703 ], [ -89.705025, 35.553895 ], [ -89.705004, 35.554183 ], [ -89.704948, 35.554312 ], [ -89.704853, 35.554439 ], [ -89.70476, 35.554587 ], [ -89.704741, 35.554721 ], [ -89.704702, 35.554808 ], [ -89.704659, 35.554954 ], [ -89.704609, 35.555255 ], [ -89.704475, 35.555853 ], [ -89.70443, 35.556037 ], [ -89.704366, 35.556178 ], [ -89.704236, 35.556326 ], [ -89.703994, 35.556485 ], [ -89.703929, 35.556547 ], [ -89.70389, 35.556626 ], [ -89.70382, 35.557388 ], [ -89.703796, 35.557781 ], [ -89.704603, 35.557652 ], [ -89.705685, 35.557478 ], [ -89.705814, 35.557458 ], [ -89.708274, 35.557058 ], [ -89.708809, 35.556983 ], [ -89.708829, 35.55698 ], [ -89.708909, 35.556969 ], [ -89.709269, 35.556923 ], [ -89.709618, 35.556891 ], [ -89.710157, 35.556871 ], [ -89.710651, 35.556878 ], [ -89.710885, 35.556886 ], [ -89.711493, 35.556927 ], [ -89.71152, 35.556702 ], [ -89.71157, 35.555975 ], [ -89.711589, 35.555535 ], [ -89.718104, 35.555568 ], [ -89.718293, 35.551674 ], [ -89.725231, 35.551826 ], [ -89.725227, 35.549728 ], [ -89.725571, 35.549665 ], [ -89.72577, 35.544482 ], [ -89.725916, 35.540696 ] ] ] ] } },
{ "type": "Feature", "properties": { "GEOID": "38116", "ZCTA5": "38116", "AREALAND": 50819359 }, "geometry": { "type": "Polygon", "coordinates": [ [ [ -90.052437, 35.078121 ], [ -90.05237, 35.077761 ], [ -90.052094, 35.076258 ], [ -90.052002, 35.075758 ], [ -90.051914, 35.075249 ], [ -90.051877, 35.075074 ], [ -90.051705, 35.074241 ], [ -90.051544, 35.073453 ], [ -90.051472, 35.07303 ], [ -90.051356, 35.072345 ], [ -90.051322, 35.072177 ], [ -90.051221, 35.071674 ], [ -90.051206, 35.071599 ], [ -90.051188, 35.071507 ], [ -90.051171, 35.071414 ], [ -90.050901, 35.069975 ], [ -90.050865, 35.06978 ], [ -90.050424, 35.067396 ], [ -90.050288, 35.066706 ], [ -90.050115, 35.065828 ], [ -90.049881, 35.064605 ], [ -90.049553, 35.06288 ], [ -90.049513, 35.062648 ], [ -90.049394, 35.061952 ], [ -90.049355, 35.061721 ], [ -90.049328, 35.061591 ], [ -90.049296, 35.061441 ], [ -90.049121, 35.060604 ], [ -90.049063, 35.060325 ], [ -90.048978, 35.059752 ], [ -90.04883, 35.059215 ], [ -90.04868, 35.058667 ], [ -90.048505, 35.058175 ], [ -90.048437, 35.05798 ], [ -90.04821, 35.057332 ], [ -90.047742, 35.055986 ], [ -90.047369, 35.054914 ], [ -90.046647, 35.052846 ], [ -90.046111, 35.051311 ], [ -90.045631, 35.049923 ], [ -90.044678, 35.047164 ], [ -90.044492, 35.04664 ], [ -90.043761, 35.044577 ], [ -90.043641, 35.044067 ], [ -90.043479, 35.043376 ], [ -90.043308, 35.042533 ], [ -90.043204, 35.04202 ], [ -90.042923, 35.040721 ], [ -90.042915, 35.040682 ], [ -90.042517, 35.038573 ], [ -90.042125, 35.036656 ], [ -90.041852, 35.035316 ], [ -90.041748, 35.0348 ], [ -90.041436, 35.033255 ], [ -90.041333, 35.03274 ], [ -90.041297, 35.032574 ], [ -90.041189, 35.032077 ], [ -90.041153, 35.031912 ], [ -90.040961, 35.030921 ], [ -90.040738, 35.029761 ], [ -90.040517, 35.028632 ], [ -90.040383, 35.027952 ], [ -90.040189, 35.026963 ], [ -90.040104, 35.026543 ], [ -90.040072, 35.026379 ], [ -90.03985, 35.025283 ], [ -90.039766, 35.024864 ], [ -90.039607, 35.024087 ], [ -90.039133, 35.021756 ], [ -90.038975, 35.020979 ], [ -90.038827, 35.020269 ], [ -90.038654, 35.019439 ], [ -90.038396, 35.01814 ], [ -90.038255, 35.01743 ], [ -90.038223, 35.017275 ], [ -90.038127, 35.016813 ], [ -90.038095, 35.01666 ], [ -90.038081, 35.016571 ], [ -90.038041, 35.016305 ], [ -90.038028, 35.016217 ], [ -90.037949, 35.015915 ], [ -90.037661, 35.014491 ], [ -90.037641, 35.014393 ], [ -90.037604, 35.01421 ], [ -90.03726, 35.012507 ], [ -90.03715, 35.012019 ], [ -90.036962, 35.011358 ], [ -90.036254, 35.009318 ], [ -90.035903, 35.008307 ], [ -90.035231, 35.006369 ], [ -90.035301, 35.006369 ], [ -90.035659, 35.006369 ], [ -90.036794, 35.006369 ], [ -90.036957, 35.00637 ], [ -90.037503, 35.00637 ], [ -90.037793, 35.00637 ], [ -90.03811, 35.00637 ], [ -90.03916, 35.006368 ], [ -90.041483, 35.006359 ], [ -90.041789, 35.006359 ], [ -90.041888, 35.006359 ], [ -90.043047, 35.006359 ], [ -90.043047, 35.005723 ], [ -90.043049, 35.004933 ], [ -90.04305, 35.003818 ], [ -90.043051, 35.00352 ], [ -90.043058, 35.003184 ], [ -90.043053, 35.002502 ], [ -90.043053, 35.002384 ], [ -90.043053, 35.001167 ], [ -90.043053, 35.000459 ], [ -90.043053, 35.000408 ], [ -90.043059, 35.000069 ], [ -90.043053, 34.999778 ], [ -90.043038, 34.99912 ], [ -90.043039, 34.995947 ], [ -90.04304, 34.995094 ], [ -90.043037, 34.995011 ], [ -90.042442, 34.995011 ], [ -90.041258, 34.995013 ], [ -90.031376, 34.995023 ], [ -90.028289, 34.995027 ], [ -90.025161, 34.995021 ], [ -90.017914, 34.995006 ], [ -90.016362, 34.994994 ], [ -90.011475, 34.994958 ], [ -90.010336, 34.99495 ], [ -90.010159, 34.994949 ], [ -90.010124, 34.994949 ], [ -90.009492, 34.994952 ], [ -90.009281, 34.994954 ], [ -90.009055, 34.994955 ], [ -90.008379, 34.994959 ], [ -90.008154, 34.994961 ], [ -90.007569, 34.994963 ], [ -90.005816, 34.994973 ], [ -90.005453, 34.994976 ], [ -90.005232, 34.994979 ], [ -90.004889, 34.994982 ], [ -90.003863, 34.994991 ], [ -90.00352, 34.994993 ], [ -90.003325, 34.994994 ], [ -90.003031, 34.994996 ], [ -90.002696, 34.994999 ], [ -90.002549, 34.995 ], [ -90.002264, 34.995002 ], [ -90.002122, 34.995003 ], [ -90.001991, 34.995004 ], [ -90.001942, 34.995004 ], [ -90.001829, 34.995005 ], [ -90.001733, 34.995006 ], [ -89.999367, 34.995022 ], [ -89.992271, 34.995072 ], [ -89.989906, 34.995089 ], [ -89.988875, 34.995084 ], [ -89.985785, 34.995072 ], [ -89.985348, 34.995071 ], [ -89.985023, 34.99507 ], [ -89.984755, 34.995069 ], [ -89.983907, 34.995065 ], [ -89.981363, 34.995055 ], [ -89.980516, 34.995052 ], [ -89.978852, 34.995045 ], [ -89.978703, 34.995045 ], [ -89.976101, 34.995035 ], [ -89.97386, 34.995026 ], [ -89.973183, 34.995024 ], [ -89.972197, 34.99502 ], [ -89.972193, 34.995606 ], [ -89.972192, 34.996176 ], [ -89.972191, 34.996481 ], [ -89.972183, 34.99982 ], [ -89.97218, 35.000867 ], [ -89.972177, 35.002329 ], [ -89.972396, 35.002331 ], [ -89.972562, 35.002402 ], [ -89.972636, 35.002468 ], [ -89.972689, 35.002485 ], [ -89.97285, 35.002754 ], [ -89.973043, 35.002875 ], [ -89.97331, 35.00299 ], [ -89.973444, 35.003034 ], [ -89.973567, 35.002974 ], [ -89.973609, 35.002964 ], [ -89.97363, 35.002962 ], [ -89.973697, 35.002959 ], [ -89.973955, 35.003009 ], [ -89.974391, 35.003066 ], [ -89.974479, 35.003065 ], [ -89.974607, 35.003038 ], [ -89.974694, 35.003026 ], [ -89.974827, 35.003021 ], [ -89.9749, 35.003059 ], [ -89.97507, 35.003174 ], [ -89.975133, 35.003224 ], [ -89.975217, 35.003307 ], [ -89.975338, 35.00335 ], [ -89.975482, 35.003387 ], [ -89.975717, 35.003448 ], [ -89.976021, 35.003495 ], [ -89.976051, 35.003518 ], [ -89.976198, 35.003697 ], [ -89.976305, 35.00381 ], [ -89.976289, 35.003836 ], [ -89.976154, 35.003928 ], [ -89.976348, 35.004098 ], [ -89.976388, 35.004153 ], [ -89.976434, 35.004175 ], [ -89.976548, 35.004323 ], [ -89.976748, 35.004433 ], [ -89.976703, 35.005684 ], [ -89.976689, 35.006103 ], [ -89.976729, 35.006191 ], [ -89.977343, 35.006311 ], [ -89.977724, 35.006256 ], [ -89.977871, 35.006322 ], [ -89.97789, 35.006359 ], [ -89.977931, 35.006437 ], [ -89.977958, 35.007042 ], [ -89.977968, 35.007084 ], [ -89.977998, 35.007201 ], [ -89.978051, 35.007283 ], [ -89.978038, 35.007393 ], [ -89.977938, 35.007558 ], [ -89.977945, 35.007761 ], [ -89.977965, 35.007887 ], [ -89.977865, 35.008195 ], [ -89.977898, 35.008448 ], [ -89.977825, 35.008706 ], [ -89.977698, 35.008986 ], [ -89.977531, 35.00911 ], [ -89.977291, 35.00925 ], [ -89.977245, 35.009337 ], [ -89.977271, 35.009392 ], [ -89.977372, 35.009436 ], [ -89.977398, 35.009491 ], [ -89.977352, 35.009612 ], [ -89.977205, 35.009749 ], [ -89.977125, 35.009969 ], [ -89.977105, 35.010062 ], [ -89.976958, 35.010161 ], [ -89.976584, 35.010348 ], [ -89.976531, 35.010403 ], [ -89.976464, 35.010436 ], [ -89.976137, 35.010678 ], [ -89.97603, 35.010733 ], [ -89.97601, 35.01076 ], [ -89.975897, 35.010821 ], [ -89.975877, 35.010848 ], [ -89.975824, 35.010859 ], [ -89.97577, 35.010898 ], [ -89.975737, 35.010914 ], [ -89.975723, 35.010947 ], [ -89.97561, 35.011035 ], [ -89.97529, 35.011315 ], [ -89.97515, 35.011398 ], [ -89.974943, 35.011595 ], [ -89.974896, 35.011612 ], [ -89.974816, 35.011733 ], [ -89.974756, 35.011909 ], [ -89.974696, 35.011991 ], [ -89.974583, 35.012068 ], [ -89.974562, 35.012106 ], [ -89.974516, 35.01215 ], [ -89.974356, 35.012491 ], [ -89.974142, 35.012634 ], [ -89.974122, 35.012667 ], [ -89.974075, 35.012683 ], [ -89.973915, 35.012826 ], [ -89.973889, 35.013007 ], [ -89.973749, 35.013161 ], [ -89.973555, 35.013469 ], [ -89.973535, 35.013798 ], [ -89.973562, 35.014271 ], [ -89.973462, 35.014463 ], [ -89.973295, 35.014639 ], [ -89.973289, 35.014694 ], [ -89.973382, 35.014864 ], [ -89.973369, 35.014985 ], [ -89.973316, 35.015166 ], [ -89.973362, 35.015353 ], [ -89.973329, 35.015402 ], [ -89.973269, 35.015435 ], [ -89.973238, 35.01552 ], [ -89.973209, 35.015605 ], [ -89.972982, 35.015638 ], [ -89.972735, 35.015644 ], [ -89.972561, 35.015715 ], [ -89.972355, 35.015984 ], [ -89.972315, 35.016083 ], [ -89.972321, 35.016556 ], [ -89.972268, 35.016704 ], [ -89.972215, 35.016748 ], [ -89.972171, 35.016798 ], [ -89.972115, 35.016863 ], [ -89.972081, 35.016874 ], [ -89.971975, 35.016978 ], [ -89.971854, 35.0171 ], [ -89.971728, 35.017281 ], [ -89.971761, 35.017445 ], [ -89.971835, 35.017517 ], [ -89.971841, 35.01755 ], [ -89.971921, 35.017588 ], [ -89.971935, 35.017608 ], [ -89.971941, 35.017616 ], [ -89.972088, 35.017676 ], [ -89.972162, 35.017747 ], [ -89.972122, 35.017868 ], [ -89.972008, 35.018077 ], [ -89.971935, 35.018187 ], [ -89.971955, 35.018275 ], [ -89.971915, 35.01839 ], [ -89.971828, 35.018445 ], [ -89.97177, 35.018447 ], [ -89.971701, 35.018451 ], [ -89.971581, 35.018407 ], [ -89.971474, 35.018418 ], [ -89.971421, 35.0185 ], [ -89.971388, 35.018786 ], [ -89.971228, 35.01906 ], [ -89.971034, 35.01917 ], [ -89.970947, 35.019231 ], [ -89.970874, 35.019253 ], [ -89.9708, 35.019335 ], [ -89.970614, 35.019462 ], [ -89.970453, 35.01956 ], [ -89.97032, 35.01967 ], [ -89.970307, 35.019841 ], [ -89.970173, 35.020033 ], [ -89.97011, 35.020104 ], [ -89.970006, 35.020225 ], [ -89.969986, 35.020313 ], [ -89.969926, 35.020527 ], [ -89.969893, 35.020582 ], [ -89.969796, 35.020902 ], [ -89.96978, 35.020956 ], [ -89.969686, 35.021142 ], [ -89.969653, 35.021159 ], [ -89.969493, 35.021494 ], [ -89.969466, 35.021719 ], [ -89.96954, 35.021922 ], [ -89.96966, 35.022098 ], [ -89.969672, 35.022293 ], [ -89.969674, 35.022318 ], [ -89.969633, 35.022427 ], [ -89.96944, 35.022625 ], [ -89.969373, 35.02273 ], [ -89.969327, 35.022944 ], [ -89.96932, 35.023323 ], [ -89.96922, 35.023625 ], [ -89.969087, 35.023932 ], [ -89.969027, 35.024004 ], [ -89.968907, 35.024322 ], [ -89.968867, 35.024526 ], [ -89.968653, 35.025047 ], [ -89.968627, 35.025339 ], [ -89.96864, 35.025619 ], [ -89.968747, 35.026305 ], [ -89.968762, 35.026612 ], [ -89.968774, 35.026827 ], [ -89.968781, 35.027277 ], [ -89.968768, 35.027651 ], [ -89.968821, 35.027958 ], [ -89.968794, 35.028008 ], [ -89.968775, 35.028123 ], [ -89.968761, 35.028205 ], [ -89.968581, 35.028354 ], [ -89.968434, 35.028414 ], [ -89.968405, 35.028422 ], [ -89.968147, 35.028497 ], [ -89.968074, 35.028552 ], [ -89.968014, 35.028634 ], [ -89.967994, 35.028826 ], [ -89.968012, 35.029687 ], [ -89.968024, 35.030193 ], [ -89.968058, 35.031737 ], [ -89.968075, 35.032462 ], [ -89.968116, 35.035686 ], [ -89.968337, 35.036032 ], [ -89.96841, 35.036174 ], [ -89.96837, 35.036283 ], [ -89.968364, 35.036301 ], [ -89.96829, 35.036378 ], [ -89.967676, 35.036713 ], [ -89.967309, 35.036872 ], [ -89.967056, 35.037068 ], [ -89.967136, 35.03717 ], [ -89.96715, 35.037187 ], [ -89.967282, 35.037392 ], [ -89.967338, 35.037505 ], [ -89.967396, 35.037622 ], [ -89.967463, 35.037612 ], [ -89.968034, 35.037602 ], [ -89.968164, 35.0376 ], [ -89.969951, 35.037577 ], [ -89.970591, 35.037569 ], [ -89.970942, 35.037563 ], [ -89.971381, 35.037557 ], [ -89.971386, 35.03783 ], [ -89.9714, 35.038706 ], [ -89.971407, 35.039294 ], [ -89.971421, 35.039694 ], [ -89.971439, 35.040584 ], [ -89.971448, 35.04097 ], [ -89.971471, 35.042247 ], [ -89.971461, 35.04285 ], [ -89.971424, 35.043004 ], [ -89.971348, 35.043131 ], [ -89.971253, 35.043225 ], [ -89.971142, 35.043294 ], [ -89.970996, 35.043349 ], [ -89.970504, 35.043449 ], [ -89.970361, 35.043502 ], [ -89.970234, 35.043583 ], [ -89.970144, 35.043675 ], [ -89.970087, 35.043768 ], [ -89.970024, 35.043943 ], [ -89.96993, 35.044331 ], [ -89.969902, 35.044596 ], [ -89.969896, 35.044654 ], [ -89.969897, 35.044915 ], [ -89.969899, 35.045011 ], [ -89.971899, 35.044996 ], [ -89.97259, 35.044991 ], [ -89.97259, 35.045951 ], [ -89.97259, 35.047091 ], [ -89.97259, 35.048831 ], [ -89.97259, 35.049791 ], [ -89.97259, 35.049951 ], [ -89.97259, 35.05043 ], [ -89.97259, 35.050591 ], [ -89.972609, 35.050851 ], [ -89.972669, 35.05163 ], [ -89.97269, 35.051891 ], [ -89.972674, 35.052087 ], [ -89.972627, 35.052678 ], [ -89.972624, 35.052718 ], [ -89.972893, 35.052702 ], [ -89.974416, 35.052573 ], [ -89.974671, 35.052553 ], [ -89.974983, 35.052529 ], [ -89.975876, 35.052459 ], [ -89.976125, 35.052439 ], [ -89.976423, 35.052415 ], [ -89.977427, 35.052352 ], [ -89.977789, 35.05232 ], [ -89.978025, 35.052301 ], [ -89.978727, 35.052245 ], [ -89.979097, 35.052216 ], [ -89.979974, 35.052144 ], [ -89.980628, 35.052084 ], [ -89.981484, 35.052007 ], [ -89.981907, 35.051972 ], [ -89.981935, 35.05197 ], [ -89.981969, 35.052095 ], [ -89.981988, 35.052094 ], [ -89.982079, 35.052088 ], [ -89.982482, 35.052084 ], [ -89.982755, 35.052098 ], [ -89.983181, 35.052152 ], [ -89.983566, 35.05223 ], [ -89.983849, 35.052309 ], [ -89.984801, 35.05263 ], [ -89.984902, 35.052666 ], [ -89.985398, 35.052853 ], [ -89.985958, 35.05311 ], [ -89.98606, 35.053151 ], [ -89.98643, 35.053314 ], [ -89.98669, 35.053401 ], [ -89.986703, 35.053406 ], [ -89.986996, 35.053468 ], [ -89.987205, 35.053491 ], [ -89.98743, 35.053504 ], [ -89.987651, 35.053497 ], [ -89.987999, 35.05345 ], [ -89.988285, 35.053605 ], [ -89.988577, 35.053797 ], [ -89.98875, 35.05394 ], [ -89.988927, 35.054094 ], [ -89.989156, 35.054341 ], [ -89.989403, 35.054653 ], [ -89.989751, 35.055096 ], [ -89.990033, 35.055503 ], [ -89.990374, 35.056122 ], [ -89.990476, 35.056378 ], [ -89.990581, 35.056741 ], [ -89.990602, 35.056832 ], [ -89.990667, 35.057296 ], [ -89.990681, 35.057627 ], [ -89.990668, 35.057977 ], [ -89.990641, 35.058178 ], [ -89.990593, 35.05845 ], [ -89.99046, 35.058889 ], [ -89.990312, 35.05925 ], [ -89.990123, 35.05961 ], [ -89.990075, 35.059687 ], [ -89.989703, 35.060222 ], [ -89.989501, 35.060501 ], [ -89.989953, 35.060512 ], [ -89.990159, 35.06052 ], [ -89.99112, 35.060561 ], [ -89.991441, 35.060575 ], [ -89.991532, 35.060577 ], [ -89.991621, 35.060579 ], [ -89.99197, 35.060588 ], [ -89.992397, 35.060599 ], [ -89.992575, 35.060604 ], [ -89.992823, 35.060611 ], [ -89.993559, 35.060631 ], [ -89.993929, 35.060642 ], [ -89.994089, 35.060648 ], [ -89.994268, 35.060654 ], [ -89.994564, 35.060664 ], [ -89.994805, 35.060671 ], [ -89.994985, 35.060677 ], [ -89.995432, 35.060689 ], [ -89.995956, 35.060704 ], [ -89.99586, 35.062107 ], [ -89.995732, 35.068063 ], [ -89.992809, 35.068018 ], [ -89.992839, 35.068079 ], [ -89.993026, 35.068337 ], [ -89.993066, 35.068354 ], [ -89.993554, 35.068463 ], [ -89.993721, 35.068474 ], [ -89.994135, 35.068595 ], [ -89.994309, 35.068688 ], [ -89.994489, 35.068875 ], [ -89.994502, 35.068973 ], [ -89.994523, 35.069133 ], [ -89.994535, 35.069203 ], [ -89.994571, 35.069225 ], [ -89.994583, 35.069263 ], [ -89.994615, 35.069362 ], [ -89.994677, 35.069532 ], [ -89.994701, 35.069637 ], [ -89.994722, 35.069886 ], [ -89.994701, 35.070027 ], [ -89.994703, 35.070134 ], [ -89.994689, 35.070186 ], [ -89.994658, 35.070309 ], [ -89.994654, 35.070344 ], [ -89.994658, 35.070416 ], [ -89.994672, 35.070496 ], [ -89.99476, 35.070506 ], [ -89.994936, 35.070499 ], [ -89.99498, 35.070494 ], [ -89.995066, 35.070476 ], [ -89.995148, 35.07045 ], [ -89.995572, 35.07035 ], [ -89.995745, 35.070323 ], [ -89.995877, 35.070317 ], [ -89.995965, 35.070318 ], [ -89.99609, 35.070354 ], [ -89.996177, 35.070364 ], [ -89.99631, 35.070366 ], [ -89.996525, 35.070329 ], [ -89.996566, 35.070316 ], [ -89.996605, 35.070298 ], [ -89.996783, 35.070194 ], [ -89.996862, 35.070161 ], [ -89.996933, 35.070119 ], [ -89.997091, 35.070055 ], [ -89.997345, 35.069995 ], [ -89.997604, 35.069956 ], [ -89.997635, 35.069951 ], [ -89.997996, 35.069903 ], [ -89.998217, 35.069881 ], [ -89.99826, 35.069875 ], [ -89.998386, 35.069842 ], [ -89.998427, 35.069828 ], [ -89.998621, 35.069744 ], [ -89.998703, 35.069718 ], [ -89.998769, 35.069704 ], [ -89.999089, 35.069642 ], [ -89.999612, 35.069578 ], [ -89.999832, 35.069565 ], [ -89.999875, 35.069559 ], [ -90.000096, 35.069558 ], [ -90.000491, 35.069575 ], [ -90.00084, 35.069617 ], [ -90.000926, 35.069624 ], [ -90.001143, 35.069627 ], [ -90.001271, 35.069611 ], [ -90.001399, 35.069585 ], [ -90.001439, 35.06957 ], [ -90.001476, 35.069551 ], [ -90.001506, 35.069524 ], [ -90.001601, 35.069404 ], [ -90.001619, 35.069371 ], [ -90.001641, 35.069308 ], [ -90.001729, 35.069308 ], [ -90.00186, 35.069323 ], [ -90.001949, 35.069327 ], [ -90.001993, 35.069324 ], [ -90.002165, 35.069293 ], [ -90.002459, 35.069219 ], [ -90.002545, 35.069203 ], [ -90.002677, 35.069205 ], [ -90.002809, 35.069215 ], [ -90.002852, 35.069215 ], [ -90.002981, 35.069191 ], [ -90.003025, 35.069187 ], [ -90.003333, 35.069178 ], [ -90.003774, 35.069179 ], [ -90.00395, 35.069194 ], [ -90.004119, 35.069235 ], [ -90.004199, 35.069266 ], [ -90.004314, 35.06932 ], [ -90.004409, 35.069373 ], [ -90.004346, 35.069447 ], [ -90.004317, 35.069473 ], [ -90.004011, 35.069679 ], [ -90.003891, 35.069722 ], [ -90.003848, 35.069733 ], [ -90.003674, 35.069753 ], [ -90.003632, 35.069762 ], [ -90.003551, 35.069788 ], [ -90.003515, 35.069807 ], [ -90.00346, 35.069905 ], [ -90.003454, 35.06994 ], [ -90.003456, 35.070011 ], [ -90.003478, 35.070117 ], [ -90.003507, 35.070133 ], [ -90.003551, 35.070133 ], [ -90.003639, 35.070126 ], [ -90.003992, 35.070139 ], [ -90.004078, 35.070153 ], [ -90.004304, 35.070202 ], [ -90.00442, 35.070228 ], [ -90.004507, 35.070219 ], [ -90.004631, 35.070182 ], [ -90.004719, 35.070172 ], [ -90.004885, 35.070124 ], [ -90.00497, 35.070103 ], [ -90.005048, 35.070137 ], [ -90.005091, 35.070142 ], [ -90.005135, 35.07014 ], [ -90.005264, 35.070109 ], [ -90.005346, 35.070085 ], [ -90.005356, 35.070058 ], [ -90.005327, 35.069881 ], [ -90.005294, 35.069815 ], [ -90.005282, 35.06978 ], [ -90.005269, 35.069674 ], [ -90.005302, 35.06965 ], [ -90.005413, 35.069593 ], [ -90.005454, 35.06958 ], [ -90.005582, 35.069554 ], [ -90.006187, 35.069464 ], [ -90.006799, 35.06938 ], [ -90.006815, 35.06947 ], [ -90.006821, 35.06949 ], [ -90.006885, 35.069712 ], [ -90.006933, 35.069878 ], [ -90.007033, 35.07015 ], [ -90.007198, 35.07051 ], [ -90.00727, 35.070665 ], [ -90.007417, 35.070976 ], [ -90.007642, 35.070911 ], [ -90.007403, 35.070493 ], [ -90.007224, 35.070098 ], [ -90.007123, 35.069818 ], [ -90.007018, 35.069444 ], [ -90.006995, 35.069341 ], [ -90.007179, 35.069308 ], [ -90.007306, 35.069281 ], [ -90.007724, 35.069175 ], [ -90.008136, 35.069049 ], [ -90.008327, 35.068962 ], [ -90.008362, 35.068939 ], [ -90.008436, 35.068901 ], [ -90.008504, 35.068856 ], [ -90.008565, 35.068806 ], [ -90.008704, 35.068654 ], [ -90.008916, 35.068262 ], [ -90.009012, 35.06799 ], [ -90.00904, 35.067963 ], [ -90.009137, 35.06789 ], [ -90.009175, 35.067872 ], [ -90.009553, 35.067778 ], [ -90.009639, 35.067765 ], [ -90.009764, 35.067755 ], [ -90.010035, 35.067735 ], [ -90.010167, 35.067736 ], [ -90.01021, 35.067743 ], [ -90.010401, 35.067831 ], [ -90.010482, 35.067858 ], [ -90.01069, 35.067916 ], [ -90.010948, 35.06796 ], [ -90.011338, 35.068001 ], [ -90.011383, 35.068001 ], [ -90.01147, 35.067992 ], [ -90.011512, 35.067983 ], [ -90.011588, 35.067948 ], [ -90.011629, 35.067961 ], [ -90.011945, 35.068089 ], [ -90.012132, 35.068182 ], [ -90.01221, 35.068215 ], [ -90.012338, 35.06824 ], [ -90.012469, 35.068257 ], [ -90.012601, 35.068257 ], [ -90.012688, 35.06825 ], [ -90.012774, 35.068235 ], [ -90.013381, 35.068151 ], [ -90.0136, 35.068131 ], [ -90.013747, 35.068124 ], [ -90.013879, 35.068135 ], [ -90.014481, 35.068236 ], [ -90.014823, 35.068303 ], [ -90.014996, 35.06833 ], [ -90.015964, 35.068368 ], [ -90.016668, 35.068387 ], [ -90.017941, 35.068387 ], [ -90.018119, 35.068388 ], [ -90.018207, 35.06838 ], [ -90.018598, 35.068324 ], [ -90.018724, 35.068295 ], [ -90.018846, 35.068253 ], [ -90.019004, 35.068189 ], [ -90.019074, 35.068148 ], [ -90.019113, 35.068132 ], [ -90.01932, 35.068 ], [ -90.019386, 35.067952 ], [ -90.019478, 35.067876 ], [ -90.019534, 35.067821 ], [ -90.019608, 35.067732 ], [ -90.019746, 35.067509 ], [ -90.019787, 35.067407 ], [ -90.019838, 35.067234 ], [ -90.019869, 35.067096 ], [ -90.01991, 35.066918 ], [ -90.019913, 35.066882 ], [ -90.019944, 35.066706 ], [ -90.019963, 35.066565 ], [ -90.020004, 35.06639 ], [ -90.020019, 35.066356 ], [ -90.020184, 35.066103 ], [ -90.020277, 35.065983 ], [ -90.020353, 35.065895 ], [ -90.020476, 35.065793 ], [ -90.020543, 35.065746 ], [ -90.020621, 35.065713 ], [ -90.020784, 35.065657 ], [ -90.020912, 35.065631 ], [ -90.021176, 35.065608 ], [ -90.02144, 35.065598 ], [ -90.022539, 35.065599 ], [ -90.022572, 35.065607 ], [ -90.022576, 35.06559 ], [ -90.0226, 35.065491 ], [ -90.022622, 35.065407 ], [ -90.022687, 35.065144 ], [ -90.022717, 35.065029 ], [ -90.022743, 35.064936 ], [ -90.022821, 35.064656 ], [ -90.022848, 35.064564 ], [ -90.02289, 35.064386 ], [ -90.023015, 35.063855 ], [ -90.023058, 35.063678 ], [ -90.023062, 35.063658 ], [ -90.023076, 35.063599 ], [ -90.023082, 35.06358 ], [ -90.023088, 35.063558 ], [ -90.0231, 35.063513 ], [ -90.023105, 35.063496 ], [ -90.023151, 35.063313 ], [ -90.023169, 35.063247 ], [ -90.02325, 35.0633 ], [ -90.023462, 35.063446 ], [ -90.023676, 35.063594 ], [ -90.0237, 35.063611 ], [ -90.023999, 35.063829 ], [ -90.024546, 35.064276 ], [ -90.025089, 35.064777 ], [ -90.025541, 35.065194 ], [ -90.025912, 35.065601 ], [ -90.025945, 35.065643 ], [ -90.026274, 35.066054 ], [ -90.026542, 35.066422 ], [ -90.026748, 35.066737 ], [ -90.026977, 35.067132 ], [ -90.02703, 35.067224 ], [ -90.027085, 35.067334 ], [ -90.027168, 35.067502 ], [ -90.027252, 35.067671 ], [ -90.027313, 35.067794 ], [ -90.027406, 35.068004 ], [ -90.027414, 35.068023 ], [ -90.027577, 35.068387 ], [ -90.027656, 35.06861 ], [ -90.027755, 35.068935 ], [ -90.027799, 35.069119 ], [ -90.02789, 35.069497 ], [ -90.027971, 35.069935 ], [ -90.027995, 35.070088 ], [ -90.027999, 35.070108 ], [ -90.02807, 35.070555 ], [ -90.028103, 35.070918 ], [ -90.028127, 35.071596 ], [ -90.028114, 35.071884 ], [ -90.028102, 35.072174 ], [ -90.028059, 35.072482 ], [ -90.028049, 35.072576 ], [ -90.028037, 35.0727 ], [ -90.028273, 35.072748 ], [ -90.02875, 35.072854 ], [ -90.030503, 35.073222 ], [ -90.031567, 35.073445 ], [ -90.034519, 35.074096 ], [ -90.036879, 35.074617 ], [ -90.03889, 35.075073 ], [ -90.040014, 35.075332 ], [ -90.040141, 35.075366 ], [ -90.040982, 35.075579 ], [ -90.041673, 35.075762 ], [ -90.042253, 35.075931 ], [ -90.042691, 35.076075 ], [ -90.044684, 35.076666 ], [ -90.046306, 35.077154 ], [ -90.047065, 35.077357 ], [ -90.048249, 35.077625 ], [ -90.048792, 35.077724 ], [ -90.049433, 35.07782 ], [ -90.05049, 35.077942 ], [ -90.051288, 35.078015 ], [ -90.051558, 35.078031 ], [ -90.052123, 35.078092 ], [ -90.052437, 35.078121 ] ] ] } },
{ "type": "Feature", "properties": { "GEOID": "38017", "ZCTA5": "38017", "AREALAND": 212263798 }, "geometry": { "type": "Polygon", "coordinates": [ [ [ -89.759659, 35.027591 ], [ -89.759656, 35.027549 ], [ -89.759651, 35.02749 ], [ -89.759644, 35.027399 ], [ -89.759632, 35.027232 ], [ -89.759584, 35.026564 ], [ -89.759576, 35.02632 ], [ -89.759574, 35.026219 ], [ -89.759573, 35.026188 ], [ -89.75957, 35.026035 ], [ -89.759553, 35.025169 ], [ -89.759552, 35.024523 ], [ -89.759552, 35.024489 ], [ -89.759552, 35.024464 ], [ -89.759553, 35.024431 ], [ -89.759548, 35.02278 ], [ -89.759536, 35.022039 ], [ -89.759535, 35.021939 ], [ -89.759533, 35.0217 ], [ -89.759537, 35.021103 ], [ -89.759566, 35.020877 ], [ -89.759637, 35.020584 ], [ -89.758902, 35.020575 ], [ -89.75798, 35.020577 ], [ -89.756272, 35.020581 ], [ -89.755925, 35.020582 ], [ -89.754878, 35.020585 ], [ -89.754222, 35.020585 ], [ -89.753563, 35.020587 ], [ -89.753009, 35.020588 ], [ -89.752448, 35.020591 ], [ -89.751642, 35.020576 ], [ -89.751353, 35.020579 ], [ -89.751348, 35.020004 ], [ -89.751339, 35.018897 ], [ -89.751334, 35.018279 ], [ -89.751332, 35.018024 ], [ -89.752675, 35.018025 ], [ -89.752675, 35.014169 ], [ -89.752675, 35.011196 ], [ -89.755256, 35.011198 ], [ -89.755222, 35.009599 ], [ -89.759631, 35.009557 ], [ -89.759629, 35.00926 ], [ -89.759625, 35.008717 ], [ -89.759622, 35.008479 ], [ -89.759618, 35.007989 ], [ -89.759612, 35.006916 ], [ -89.759617, 35.006534 ], [ -89.759616, 35.006519 ], [ -89.759615, 35.00603 ], [ -89.75879, 35.006033 ], [ -89.758618, 35.006033 ], [ -89.758142, 35.006034 ], [ -89.757723, 35.006036 ], [ -89.756584, 35.006042 ], [ -89.756279, 35.006044 ], [ -89.756218, 35.006044 ], [ -89.755093, 35.00605 ], [ -89.754338, 35.006052 ], [ -89.753723, 35.006055 ], [ -89.753708, 35.006056 ], [ -89.752251, 35.006064 ], [ -89.75052, 35.006074 ], [ -89.749373, 35.006081 ], [ -89.74919, 35.006082 ], [ -89.748662, 35.006089 ], [ -89.74533, 35.006098 ], [ -89.744968, 35.006099 ], [ -89.743601, 35.006121 ], [ -89.743625, 35.00594 ], [ -89.743652, 35.005561 ], [ -89.743712, 35.005325 ], [ -89.744038, 35.004896 ], [ -89.744643, 35.004294 ], [ -89.745066, 35.003874 ], [ -89.745112, 35.003814 ], [ -89.745433, 35.003456 ], [ -89.745566, 35.003325 ], [ -89.745806, 35.003077 ], [ -89.746013, 35.002836 ], [ -89.746533, 35.002275 ], [ -89.7467, 35.002077 ], [ -89.747, 35.001841 ], [ -89.7471, 35.00172 ], [ -89.747227, 35.001594 ], [ -89.747327, 35.001467 ], [ -89.747547, 35.00128 ], [ -89.747661, 35.001132 ], [ -89.747967, 35.000868 ], [ -89.748461, 35.000385 ], [ -89.748641, 35.000225 ], [ -89.748704, 35.00009 ], [ -89.748828, 34.999975 ], [ -89.748948, 34.999667 ], [ -89.749073, 34.999474 ], [ -89.749081, 34.999464 ], [ -89.749187, 34.999041 ], [ -89.749187, 34.998766 ], [ -89.749247, 34.998442 ], [ -89.74936, 34.998091 ], [ -89.749427, 34.997767 ], [ -89.749446, 34.997547 ], [ -89.749506, 34.997331 ], [ -89.749633, 34.997052 ], [ -89.749693, 34.997019 ], [ -89.749987, 34.996986 ], [ -89.750085, 34.99699 ], [ -89.75022, 34.996985 ], [ -89.750292, 34.997001 ], [ -89.750459, 34.997021 ], [ -89.750561, 34.997029 ], [ -89.750609, 34.997033 ], [ -89.750676, 34.997018 ], [ -89.750718, 34.996998 ], [ -89.750775, 34.996942 ], [ -89.7508, 34.996908 ], [ -89.750882, 34.996695 ], [ -89.750923, 34.996643 ], [ -89.750956, 34.996618 ], [ -89.751031, 34.996611 ], [ -89.751073, 34.996638 ], [ -89.751182, 34.996734 ], [ -89.751266, 34.996782 ], [ -89.751325, 34.996795 ], [ -89.751383, 34.996787 ], [ -89.751425, 34.99676 ], [ -89.751458, 34.996725 ], [ -89.751491, 34.996663 ], [ -89.751507, 34.996615 ], [ -89.751557, 34.996539 ], [ -89.751573, 34.996504 ], [ -89.751638, 34.996394 ], [ -89.751738, 34.996297 ], [ -89.751911, 34.996172 ], [ -89.752044, 34.996051 ], [ -89.752085, 34.995999 ], [ -89.752127, 34.995958 ], [ -89.752118, 34.995896 ], [ -89.7521, 34.995855 ], [ -89.752, 34.99576 ], [ -89.751966, 34.995733 ], [ -89.751848, 34.995609 ], [ -89.751764, 34.995513 ], [ -89.751712, 34.995453 ], [ -89.751644, 34.995329 ], [ -89.751592, 34.99513 ], [ -89.751567, 34.995068 ], [ -89.751507, 34.995 ], [ -89.751339, 34.994867 ], [ -89.751305, 34.994836 ], [ -89.751279, 34.994789 ], [ -89.751279, 34.994746 ], [ -89.751076, 34.994747 ], [ -89.75047, 34.994754 ], [ -89.750268, 34.994756 ], [ -89.748603, 34.994771 ], [ -89.745186, 34.994803 ], [ -89.743611, 34.994817 ], [ -89.741948, 34.994833 ], [ -89.73884, 34.994825 ], [ -89.736711, 34.99482 ], [ -89.736582, 34.99482 ], [ -89.736454, 34.99482 ], [ -89.732062, 34.994809 ], [ -89.729519, 34.994802 ], [ -89.726613, 34.994795 ], [ -89.726413, 34.994795 ], [ -89.725995, 34.994794 ], [ -89.724741, 34.994791 ], [ -89.724324, 34.99479 ], [ -89.723139, 34.994891 ], [ -89.720443, 34.995124 ], [ -89.719584, 34.995198 ], [ -89.718485, 34.995293 ], [ -89.718399, 34.995293 ], [ -89.709497, 34.995292 ], [ -89.706606, 34.995292 ], [ -89.706505, 34.995291 ], [ -89.705624, 34.995281 ], [ -89.695238, 34.995164 ], [ -89.695197, 34.995164 ], [ -89.688884, 34.995094 ], [ -89.688807, 34.995093 ], [ -89.681448, 34.995147 ], [ -89.66969, 34.995235 ], [ -89.661643, 34.995294 ], [ -89.661592, 34.995295 ], [ -89.653766, 34.995294 ], [ -89.647268, 34.995293 ], [ -89.644282, 34.995293 ], [ -89.64405, 34.995291 ], [ -89.64336, 34.995286 ], [ -89.642708, 34.995281 ], [ -89.642375, 34.995278 ], [ -89.641889, 34.995275 ], [ -89.634713, 34.995226 ], [ -89.632322, 34.99521 ], [ -89.631736, 34.995205 ], [ -89.629981, 34.995194 ], [ -89.629396, 34.995192 ], [ -89.628533, 34.995189 ], [ -89.626495, 34.995183 ], [ -89.625944, 34.995181 ], [ -89.625081, 34.995179 ], [ -89.623659, 34.995186 ], [ -89.619394, 34.995209 ], [ -89.617973, 34.995217 ], [ -89.616781, 34.99521 ], [ -89.614693, 34.9952 ], [ -89.613205, 34.995192 ], [ -89.612014, 34.995186 ], [ -89.604217, 34.995153 ], [ -89.603797, 34.995152 ], [ -89.603377, 34.99515 ], [ -89.60242, 34.995145 ], [ -89.601277, 34.995141 ], [ -89.597006, 34.995123 ], [ -89.596847, 34.995122 ], [ -89.596668, 34.995121 ], [ -89.596241, 34.99512 ], [ -89.595655, 34.995117 ], [ -89.595635, 34.995117 ], [ -89.595318, 34.995115 ], [ -89.594236, 34.99511 ], [ -89.592841, 34.995104 ], [ -89.591016, 34.995096 ], [ -89.590168, 34.995093 ], [ -89.590033, 34.995092 ], [ -89.589898, 34.995092 ], [ -89.585592, 34.995074 ], [ -89.58541, 34.995073 ], [ -89.582934, 34.995063 ], [ -89.582865, 34.995063 ], [ -89.582658, 34.995064 ], [ -89.58259, 34.995065 ], [ -89.582623, 34.995128 ], [ -89.582657, 34.995408 ], [ -89.582817, 34.995738 ], [ -89.582844, 34.995875 ], [ -89.582777, 34.996012 ], [ -89.582764, 34.996166 ], [ -89.58281, 34.996298 ], [ -89.582924, 34.996721 ], [ -89.582931, 34.997056 ], [ -89.582884, 34.997249 ], [ -89.582751, 34.997666 ], [ -89.582664, 34.997831 ], [ -89.582401, 34.998063 ], [ -89.58239, 34.998073 ], [ -89.582371, 34.998254 ], [ -89.582297, 34.998369 ], [ -89.582304, 34.998419 ], [ -89.582384, 34.99849 ], [ -89.582391, 34.998578 ], [ -89.582404, 34.998666 ], [ -89.582497, 34.99871 ], [ -89.582511, 34.998803 ], [ -89.582484, 34.998836 ], [ -89.582337, 34.998913 ], [ -89.582271, 34.999024 ], [ -89.582291, 34.999331 ], [ -89.582237, 34.999408 ], [ -89.582191, 34.99949 ], [ -89.582217, 34.999572 ], [ -89.582291, 34.999748 ], [ -89.582311, 35.000094 ], [ -89.582232, 35.000267 ], [ -89.582278, 35.000564 ], [ -89.582245, 35.00069 ], [ -89.582432, 35.001052 ], [ -89.582572, 35.00125 ], [ -89.582773, 35.001657 ], [ -89.582926, 35.001821 ], [ -89.583113, 35.002063 ], [ -89.58316, 35.00225 ], [ -89.58312, 35.002327 ], [ -89.58294, 35.002426 ], [ -89.582826, 35.00264 ], [ -89.582679, 35.002744 ], [ -89.582639, 35.002898 ], [ -89.582659, 35.003074 ], [ -89.582806, 35.003453 ], [ -89.5828, 35.003645 ], [ -89.582753, 35.003744 ], [ -89.582406, 35.00409 ], [ -89.582313, 35.004228 ], [ -89.582159, 35.004348 ], [ -89.581645, 35.004535 ], [ -89.581465, 35.004678 ], [ -89.581198, 35.004931 ], [ -89.581084, 35.005118 ], [ -89.581045, 35.005213 ], [ -89.580857, 35.005689 ], [ -89.580731, 35.005909 ], [ -89.580657, 35.005997 ], [ -89.580648, 35.006026 ], [ -89.580637, 35.006063 ], [ -89.580437, 35.006189 ], [ -89.58025, 35.006255 ], [ -89.58007, 35.006365 ], [ -89.58003, 35.00642 ], [ -89.58011, 35.006546 ], [ -89.580237, 35.006618 ], [ -89.580304, 35.006705 ], [ -89.580337, 35.006843 ], [ -89.580304, 35.007046 ], [ -89.58031, 35.007249 ], [ -89.580344, 35.007425 ], [ -89.580297, 35.007733 ], [ -89.580317, 35.007837 ], [ -89.580155, 35.008744 ], [ -89.580138, 35.008765 ], [ -89.580145, 35.008795 ], [ -89.580137, 35.008842 ], [ -89.580104, 35.009414 ], [ -89.580156, 35.009585 ], [ -89.580211, 35.00976 ], [ -89.580478, 35.010133 ], [ -89.580718, 35.010281 ], [ -89.580972, 35.010364 ], [ -89.581052, 35.010369 ], [ -89.581166, 35.010441 ], [ -89.581373, 35.010732 ], [ -89.581813, 35.011177 ], [ -89.581906, 35.011219 ], [ -89.58204, 35.011281 ], [ -89.582167, 35.011374 ], [ -89.582227, 35.011451 ], [ -89.582241, 35.011622 ], [ -89.582228, 35.011709 ], [ -89.582281, 35.011869 ], [ -89.582361, 35.012006 ], [ -89.582355, 35.012517 ], [ -89.582308, 35.012704 ], [ -89.582542, 35.013105 ], [ -89.582555, 35.013467 ], [ -89.582455, 35.013835 ], [ -89.582509, 35.013995 ], [ -89.582762, 35.014192 ], [ -89.582836, 35.014313 ], [ -89.582709, 35.014835 ], [ -89.582589, 35.014994 ], [ -89.582642, 35.015159 ], [ -89.582869, 35.015373 ], [ -89.58291, 35.015445 ], [ -89.582796, 35.015813 ], [ -89.58291, 35.016527 ], [ -89.58281, 35.016873 ], [ -89.582803, 35.017269 ], [ -89.58293, 35.017626 ], [ -89.582944, 35.017906 ], [ -89.58289, 35.018285 ], [ -89.582857, 35.018708 ], [ -89.582884, 35.019048 ], [ -89.583098, 35.019559 ], [ -89.583096, 35.019631 ], [ -89.583091, 35.019993 ], [ -89.583438, 35.02074 ], [ -89.583438, 35.020916 ], [ -89.583245, 35.021367 ], [ -89.583252, 35.021443 ], [ -89.583338, 35.021641 ], [ -89.583465, 35.021768 ], [ -89.583666, 35.021894 ], [ -89.583833, 35.021949 ], [ -89.5839, 35.021938 ], [ -89.58402, 35.021932 ], [ -89.584474, 35.021811 ], [ -89.584734, 35.021789 ], [ -89.584901, 35.021839 ], [ -89.585015, 35.021899 ], [ -89.585068, 35.02202 ], [ -89.585015, 35.022163 ], [ -89.584881, 35.022317 ], [ -89.584721, 35.022613 ], [ -89.584761, 35.022954 ], [ -89.584748, 35.02302 ], [ -89.584541, 35.023223 ], [ -89.584487, 35.023322 ], [ -89.584481, 35.023377 ], [ -89.584554, 35.023514 ], [ -89.584808, 35.023723 ], [ -89.584868, 35.023827 ], [ -89.584902, 35.024042 ], [ -89.584855, 35.024195 ], [ -89.584862, 35.024596 ], [ -89.584935, 35.025047 ], [ -89.58531, 35.025821 ], [ -89.585717, 35.026453 ], [ -89.585958, 35.026612 ], [ -89.586211, 35.026667 ], [ -89.586525, 35.026672 ], [ -89.586599, 35.026683 ], [ -89.586853, 35.026859 ], [ -89.586926, 35.027035 ], [ -89.586933, 35.027211 ], [ -89.586873, 35.02737 ], [ -89.586666, 35.027667 ], [ -89.586586, 35.0277 ], [ -89.586412, 35.027859 ], [ -89.586352, 35.027952 ], [ -89.586352, 35.028013 ], [ -89.586412, 35.028183 ], [ -89.586506, 35.028337 ], [ -89.586666, 35.028524 ], [ -89.586786, 35.028606 ], [ -89.587187, 35.028622 ], [ -89.587394, 35.029034 ], [ -89.587434, 35.029084 ], [ -89.587454, 35.029216 ], [ -89.587401, 35.029331 ], [ -89.587167, 35.029562 ], [ -89.586907, 35.030221 ], [ -89.58686, 35.03065 ], [ -89.586787, 35.030842 ], [ -89.586553, 35.031171 ], [ -89.586527, 35.031353 ], [ -89.586567, 35.03149 ], [ -89.586654, 35.031523 ], [ -89.586974, 35.031468 ], [ -89.587168, 35.031523 ], [ -89.587308, 35.031704 ], [ -89.587335, 35.03183 ], [ -89.587315, 35.031902 ], [ -89.587175, 35.03205 ], [ -89.587148, 35.032193 ], [ -89.587161, 35.032286 ], [ -89.587242, 35.032402 ], [ -89.587349, 35.03249 ], [ -89.587409, 35.032506 ], [ -89.587502, 35.032654 ], [ -89.587489, 35.032803 ], [ -89.587382, 35.032929 ], [ -89.587289, 35.033006 ], [ -89.587188, 35.03305 ], [ -89.586948, 35.03305 ], [ -89.586828, 35.033028 ], [ -89.586754, 35.033034 ], [ -89.586621, 35.033132 ], [ -89.586574, 35.033253 ], [ -89.586427, 35.033325 ], [ -89.586213, 35.033374 ], [ -89.58604, 35.033506 ], [ -89.585679, 35.033885 ], [ -89.585619, 35.034001 ], [ -89.585599, 35.034303 ], [ -89.585372, 35.034605 ], [ -89.585292, 35.03483 ], [ -89.585239, 35.03488 ], [ -89.584891, 35.034979 ], [ -89.584791, 35.035132 ], [ -89.584751, 35.035418 ], [ -89.584785, 35.035588 ], [ -89.584939, 35.035825 ], [ -89.584972, 35.03594 ], [ -89.584965, 35.036028 ], [ -89.584919, 35.036099 ], [ -89.584671, 35.036357 ], [ -89.584618, 35.036572 ], [ -89.584732, 35.036984 ], [ -89.584745, 35.037088 ], [ -89.584712, 35.037253 ], [ -89.584752, 35.037407 ], [ -89.584872, 35.037651 ], [ -89.584912, 35.037731 ], [ -89.584899, 35.037994 ], [ -89.584966, 35.038115 ], [ -89.585173, 35.038198 ], [ -89.585467, 35.038187 ], [ -89.585547, 35.038269 ], [ -89.585641, 35.038434 ], [ -89.585774, 35.038879 ], [ -89.585835, 35.039439 ], [ -89.585901, 35.039576 ], [ -89.586002, 35.039648 ], [ -89.586135, 35.039697 ], [ -89.586269, 35.03984 ], [ -89.586289, 35.039873 ], [ -89.585975, 35.040065 ], [ -89.585955, 35.04012 ], [ -89.585968, 35.040235 ], [ -89.586075, 35.040362 ], [ -89.586309, 35.040488 ], [ -89.58649, 35.040653 ], [ -89.586603, 35.040889 ], [ -89.58663, 35.041054 ], [ -89.58683, 35.041296 ], [ -89.587071, 35.041795 ], [ -89.587178, 35.042218 ], [ -89.587305, 35.042454 ], [ -89.587512, 35.04268 ], [ -89.587679, 35.042762 ], [ -89.587953, 35.042822 ], [ -89.588147, 35.042971 ], [ -89.58822, 35.043053 ], [ -89.588227, 35.043163 ], [ -89.588174, 35.0433 ], [ -89.588013, 35.043531 ], [ -89.587933, 35.043701 ], [ -89.587929, 35.04394 ], [ -89.587914, 35.044822 ], [ -89.58776, 35.04513 ], [ -89.587725, 35.045301 ], [ -89.587713, 35.04536 ], [ -89.587713, 35.045613 ], [ -89.58762, 35.045822 ], [ -89.587353, 35.046217 ], [ -89.587186, 35.046366 ], [ -89.586799, 35.046569 ], [ -89.586164, 35.046668 ], [ -89.58595, 35.046712 ], [ -89.585503, 35.04691 ], [ -89.584721, 35.047135 ], [ -89.584454, 35.047295 ], [ -89.584426, 35.047336 ], [ -89.584347, 35.047459 ], [ -89.584321, 35.047586 ], [ -89.584223, 35.048707 ], [ -89.584217, 35.048775 ], [ -89.584134, 35.049734 ], [ -89.584085, 35.050005 ], [ -89.584041, 35.050256 ], [ -89.583941, 35.050574 ], [ -89.583647, 35.051233 ], [ -89.58338, 35.052003 ], [ -89.58302, 35.052783 ], [ -89.582766, 35.053403 ], [ -89.582649, 35.053643 ], [ -89.582079, 35.05482 ], [ -89.581712, 35.055574 ], [ -89.581347, 35.056326 ], [ -89.581032, 35.056977 ], [ -89.581018, 35.057003 ], [ -89.580622, 35.057823 ], [ -89.580302, 35.058485 ], [ -89.580316, 35.058584 ], [ -89.580352, 35.059003 ], [ -89.580389, 35.059425 ], [ -89.580323, 35.059529 ], [ -89.579995, 35.059743 ], [ -89.579895, 35.059859 ], [ -89.579841, 35.06002 ], [ -89.579835, 35.06004 ], [ -89.579902, 35.060205 ], [ -89.58009, 35.060324 ], [ -89.580196, 35.060391 ], [ -89.580343, 35.060556 ], [ -89.580416, 35.060853 ], [ -89.580396, 35.060952 ], [ -89.580437, 35.061111 ], [ -89.580461, 35.061128 ], [ -89.580519, 35.06117 ], [ -89.58065, 35.061265 ], [ -89.580807, 35.061337 ], [ -89.580958, 35.061408 ], [ -89.581098, 35.061517 ], [ -89.581285, 35.0616 ], [ -89.581526, 35.061605 ], [ -89.581746, 35.061501 ], [ -89.58198, 35.061935 ], [ -89.582167, 35.062176 ], [ -89.582227, 35.062286 ], [ -89.582181, 35.062435 ], [ -89.582107, 35.062511 ], [ -89.581987, 35.06255 ], [ -89.581903, 35.062591 ], [ -89.58168, 35.062704 ], [ -89.581553, 35.062836 ], [ -89.581426, 35.063088 ], [ -89.581332, 35.063143 ], [ -89.58121, 35.063163 ], [ -89.581203, 35.063234 ], [ -89.581206, 35.06327 ], [ -89.5812, 35.06334 ], [ -89.581164, 35.063405 ], [ -89.581061, 35.06352 ], [ -89.580984, 35.063648 ], [ -89.580968, 35.063681 ], [ -89.580949, 35.063786 ], [ -89.580945, 35.063893 ], [ -89.580956, 35.063928 ], [ -89.580975, 35.06396 ], [ -89.581022, 35.06402 ], [ -89.581049, 35.064048 ], [ -89.58107, 35.064059 ], [ -89.581159, 35.064106 ], [ -89.581274, 35.064154 ], [ -89.581318, 35.06416 ], [ -89.5814, 35.064182 ], [ -89.581822, 35.064279 ], [ -89.582123, 35.064331 ], [ -89.582254, 35.064338 ], [ -89.582298, 35.064335 ], [ -89.582384, 35.064321 ], [ -89.58255, 35.064279 ], [ -89.582837, 35.064191 ], [ -89.583112, 35.064078 ], [ -89.583192, 35.064049 ], [ -89.583276, 35.06403 ], [ -89.583317, 35.064016 ], [ -89.583617, 35.063966 ], [ -89.584011, 35.063976 ], [ -89.584032, 35.063978 ], [ -89.584098, 35.063986 ], [ -89.584311, 35.064025 ], [ -89.58447, 35.064084 ], [ -89.584545, 35.064119 ], [ -89.584729, 35.064216 ], [ -89.584795, 35.064262 ], [ -89.584886, 35.064338 ], [ -89.584939, 35.064394 ], [ -89.585007, 35.064439 ], [ -89.585086, 35.064469 ], [ -89.58517, 35.064487 ], [ -89.585257, 35.064495 ], [ -89.585605, 35.064482 ], [ -89.585689, 35.064462 ], [ -89.585809, 35.064421 ], [ -89.585844, 35.0644 ], [ -89.586043, 35.06421 ], [ -89.586066, 35.06418 ], [ -89.586137, 35.064051 ], [ -89.58615, 35.064017 ], [ -89.586315, 35.063728 ], [ -89.586375, 35.063634 ], [ -89.5864, 35.063605 ], [ -89.586514, 35.063496 ], [ -89.586635, 35.063403 ], [ -89.586673, 35.063375 ], [ -89.586745, 35.063334 ], [ -89.586784, 35.06332 ], [ -89.586859, 35.063283 ], [ -89.587054, 35.063209 ], [ -89.587135, 35.063183 ], [ -89.587221, 35.063172 ], [ -89.587395, 35.063158 ], [ -89.587482, 35.06317 ], [ -89.587567, 35.063188 ], [ -89.587645, 35.063219 ], [ -89.587783, 35.063307 ], [ -89.58781, 35.063336 ], [ -89.587832, 35.063367 ], [ -89.587865, 35.063432 ], [ -89.587913, 35.063568 ], [ -89.587978, 35.0637 ], [ -89.588003, 35.063729 ], [ -89.588071, 35.063775 ], [ -89.588108, 35.063793 ], [ -89.588539, 35.063962 ], [ -89.588707, 35.064048 ], [ -89.588835, 35.064113 ], [ -89.589103, 35.064297 ], [ -89.589165, 35.064347 ], [ -89.589247, 35.06443 ], [ -89.589318, 35.06452 ], [ -89.589358, 35.064582 ], [ -89.589384, 35.064611 ], [ -89.589436, 35.064707 ], [ -89.589487, 35.064841 ], [ -89.589518, 35.064866 ], [ -89.589588, 35.064908 ], [ -89.589617, 35.064935 ], [ -89.589663, 35.065108 ], [ -89.589701, 35.065172 ], [ -89.58975, 35.065231 ], [ -89.589934, 35.065384 ], [ -89.590069, 35.065473 ], [ -89.590228, 35.065596 ], [ -89.590286, 35.065649 ], [ -89.590338, 35.065706 ], [ -89.590478, 35.065843 ], [ -89.590581, 35.06604 ], [ -89.590602, 35.066071 ], [ -89.590666, 35.06612 ], [ -89.590708, 35.06613 ], [ -89.590797, 35.066134 ], [ -89.59084, 35.066131 ], [ -89.590879, 35.066115 ], [ -89.590987, 35.066053 ], [ -89.591123, 35.065962 ], [ -89.59172, 35.065474 ], [ -89.591867, 35.065355 ], [ -89.591922, 35.065299 ], [ -89.591969, 35.06524 ], [ -89.592099, 35.065098 ], [ -89.592225, 35.064952 ], [ -89.592272, 35.064892 ], [ -89.592607, 35.064562 ], [ -89.592755, 35.06443 ], [ -89.592946, 35.064284 ], [ -89.593016, 35.064242 ], [ -89.593169, 35.064171 ], [ -89.593212, 35.064162 ], [ -89.593256, 35.064165 ], [ -89.593343, 35.064178 ], [ -89.593383, 35.064191 ], [ -89.593421, 35.064223 ], [ -89.593559, 35.064671 ], [ -89.593601, 35.064734 ], [ -89.593626, 35.064763 ], [ -89.593669, 35.064825 ], [ -89.593717, 35.064884 ], [ -89.593796, 35.064969 ], [ -89.593854, 35.065022 ], [ -89.594012, 35.065143 ], [ -89.594154, 35.065225 ], [ -89.594409, 35.065363 ], [ -89.594439, 35.065389 ], [ -89.594537, 35.065459 ], [ -89.594612, 35.065495 ], [ -89.594691, 35.065525 ], [ -89.594912, 35.065643 ], [ -89.595064, 35.065715 ], [ -89.595273, 35.065771 ], [ -89.595358, 35.065788 ], [ -89.595468, 35.065802 ], [ -89.595487, 35.065805 ], [ -89.595531, 35.065806 ], [ -89.595795, 35.065793 ], [ -89.596005, 35.065737 ], [ -89.596044, 35.065722 ], [ -89.596188, 35.065639 ], [ -89.596253, 35.065592 ], [ -89.59639, 35.065504 ], [ -89.596486, 35.065431 ], [ -89.596575, 35.065354 ], [ -89.5966, 35.065324 ], [ -89.59666, 35.065273 ], [ -89.596706, 35.065214 ], [ -89.596834, 35.065069 ], [ -89.596979, 35.064937 ], [ -89.597158, 35.064834 ], [ -89.5972, 35.064823 ], [ -89.597412, 35.064811 ], [ -89.597495, 35.064834 ], [ -89.59757, 35.06487 ], [ -89.597772, 35.065008 ], [ -89.597831, 35.06506 ], [ -89.597899, 35.065149 ], [ -89.597978, 35.06523 ], [ -89.598009, 35.065255 ], [ -89.598091, 35.065336 ], [ -89.598141, 35.065393 ], [ -89.598225, 35.065473 ], [ -89.598438, 35.06565 ], [ -89.598494, 35.065704 ], [ -89.598586, 35.065779 ], [ -89.598769, 35.065876 ], [ -89.598845, 35.065911 ], [ -89.599009, 35.065963 ], [ -89.599095, 35.065974 ], [ -89.599316, 35.065979 ], [ -89.599401, 35.065961 ], [ -89.599564, 35.065906 ], [ -89.599598, 35.065883 ], [ -89.599957, 35.065481 ], [ -89.600031, 35.065392 ], [ -89.60006, 35.065366 ], [ -89.600158, 35.065294 ], [ -89.600688, 35.065115 ], [ -89.600774, 35.065102 ], [ -89.600862, 35.0651 ], [ -89.60095, 35.065104 ], [ -89.600992, 35.065114 ], [ -89.601073, 35.065142 ], [ -89.60111, 35.065161 ], [ -89.601172, 35.065211 ], [ -89.601222, 35.065269 ], [ -89.601275, 35.065367 ], [ -89.601334, 35.065499 ], [ -89.601387, 35.065596 ], [ -89.601603, 35.065907 ], [ -89.601701, 35.066025 ], [ -89.601811, 35.066136 ], [ -89.601843, 35.066161 ], [ -89.601878, 35.066182 ], [ -89.602033, 35.066249 ], [ -89.602103, 35.06627 ], [ -89.602157, 35.066286 ], [ -89.602244, 35.0663 ], [ -89.602287, 35.066297 ], [ -89.602461, 35.066269 ], [ -89.602503, 35.066258 ], [ -89.602539, 35.066238 ], [ -89.602564, 35.066209 ], [ -89.602677, 35.066099 ], [ -89.602709, 35.066075 ], [ -89.602767, 35.066022 ], [ -89.602834, 35.065975 ], [ -89.602908, 35.065936 ], [ -89.602941, 35.065913 ], [ -89.603051, 35.065855 ], [ -89.603092, 35.065841 ], [ -89.603164, 35.065801 ], [ -89.603231, 35.065754 ], [ -89.603317, 35.065673 ], [ -89.603334, 35.06564 ], [ -89.603387, 35.065468 ], [ -89.603407, 35.065363 ], [ -89.603422, 35.065222 ], [ -89.603427, 35.064973 ], [ -89.603422, 35.064938 ], [ -89.603411, 35.064903 ], [ -89.603417, 35.064797 ], [ -89.603438, 35.064727 ], [ -89.603498, 35.064633 ], [ -89.603551, 35.064575 ], [ -89.603585, 35.064553 ], [ -89.603626, 35.06454 ], [ -89.603711, 35.06453 ], [ -89.603754, 35.064537 ], [ -89.603795, 35.064551 ], [ -89.603827, 35.064574 ], [ -89.603908, 35.064658 ], [ -89.603931, 35.064689 ], [ -89.603967, 35.064753 ], [ -89.604006, 35.064856 ], [ -89.604012, 35.064877 ], [ -89.604035, 35.064959 ], [ -89.604072, 35.06517 ], [ -89.60409, 35.065633 ], [ -89.604104, 35.065776 ], [ -89.604132, 35.065952 ], [ -89.604169, 35.066055 ], [ -89.604242, 35.066185 ], [ -89.604306, 35.066286 ], [ -89.604423, 35.06647 ], [ -89.604524, 35.066587 ], [ -89.604613, 35.066662 ], [ -89.604714, 35.066734 ], [ -89.604783, 35.066778 ], [ -89.604966, 35.066877 ], [ -89.605251, 35.066969 ], [ -89.605423, 35.066998 ], [ -89.605511, 35.067002 ], [ -89.605643, 35.067002 ], [ -89.605773, 35.066984 ], [ -89.605808, 35.066977 ], [ -89.605859, 35.066968 ], [ -89.605898, 35.066951 ], [ -89.606036, 35.066862 ], [ -89.606103, 35.06677 ], [ -89.606129, 35.066702 ], [ -89.606164, 35.066563 ], [ -89.606163, 35.066493 ], [ -89.606142, 35.066213 ], [ -89.606132, 35.066143 ], [ -89.606113, 35.065719 ], [ -89.606113, 35.065613 ], [ -89.606159, 35.065367 ], [ -89.606184, 35.065299 ], [ -89.606296, 35.065106 ], [ -89.606343, 35.065045 ], [ -89.606487, 35.064913 ], [ -89.606553, 35.064865 ], [ -89.606711, 35.064804 ], [ -89.606836, 35.064769 ], [ -89.606879, 35.064762 ], [ -89.607055, 35.064765 ], [ -89.607185, 35.064778 ], [ -89.607358, 35.064805 ], [ -89.607401, 35.064799 ], [ -89.607441, 35.064786 ], [ -89.607557, 35.064735 ], [ -89.607757, 35.0646 ], [ -89.607821, 35.064552 ], [ -89.607845, 35.064536 ], [ -89.60789, 35.064509 ], [ -89.608044, 35.06444 ], [ -89.608126, 35.064417 ], [ -89.608255, 35.064397 ], [ -89.608429, 35.064376 ], [ -89.608558, 35.064391 ], [ -89.608724, 35.064438 ], [ -89.608842, 35.064483 ], [ -89.608917, 35.064516 ], [ -89.608959, 35.064527 ], [ -89.609037, 35.064558 ], [ -89.60906, 35.06457 ], [ -89.609074, 35.064577 ], [ -89.609399, 35.064812 ], [ -89.609468, 35.064855 ], [ -89.609677, 35.065039 ], [ -89.609741, 35.065101 ], [ -89.609929, 35.065283 ], [ -89.609979, 35.06534 ], [ -89.610091, 35.065448 ], [ -89.610219, 35.065589 ], [ -89.61024, 35.06562 ], [ -89.61029, 35.065677 ], [ -89.610332, 35.065738 ], [ -89.61048, 35.065913 ], [ -89.610818, 35.066242 ], [ -89.610918, 35.066312 ], [ -89.610956, 35.066331 ], [ -89.611038, 35.066355 ], [ -89.611082, 35.066362 ], [ -89.611213, 35.066356 ], [ -89.611255, 35.066346 ], [ -89.61137, 35.066293 ], [ -89.611433, 35.066245 ], [ -89.611486, 35.066188 ], [ -89.611515, 35.066121 ], [ -89.611528, 35.066052 ], [ -89.611528, 35.066016 ], [ -89.611517, 35.065981 ], [ -89.611489, 35.06593 ], [ -89.611447, 35.065851 ], [ -89.611357, 35.06573 ], [ -89.611324, 35.065664 ], [ -89.6113, 35.065595 ], [ -89.611294, 35.06556 ], [ -89.611296, 35.065521 ], [ -89.61136, 35.065427 ], [ -89.611416, 35.065372 ], [ -89.611453, 35.065353 ], [ -89.611619, 35.065319 ], [ -89.611619, 35.065397 ], [ -89.611619, 35.065979 ], [ -89.611618, 35.066397 ], [ -89.611613, 35.069631 ], [ -89.611612, 35.07071 ], [ -89.61161, 35.070786 ], [ -89.611608, 35.071014 ], [ -89.611608, 35.071091 ], [ -89.611608, 35.07121 ], [ -89.611611, 35.071567 ], [ -89.611612, 35.071686 ], [ -89.61161, 35.071799 ], [ -89.611604, 35.072138 ], [ -89.611602, 35.072251 ], [ -89.61135, 35.072293 ], [ -89.611003, 35.072322 ], [ -89.610494, 35.072347 ], [ -89.609379, 35.072404 ], [ -89.608751, 35.07245 ], [ -89.608437, 35.072494 ], [ -89.607988, 35.072588 ], [ -89.60745, 35.072731 ], [ -89.607201, 35.072806 ], [ -89.606459, 35.073031 ], [ -89.606142, 35.073144 ], [ -89.606129, 35.073149 ], [ -89.605916, 35.073248 ], [ -89.605703, 35.073365 ], [ -89.604595, 35.073985 ], [ -89.602232, 35.07531 ], [ -89.599956, 35.07651 ], [ -89.598399, 35.077332 ], [ -89.597771, 35.077663 ], [ -89.597493, 35.077823 ], [ -89.597443, 35.077859 ], [ -89.597283, 35.07798 ], [ -89.597139, 35.07816 ], [ -89.597071, 35.078325 ], [ -89.597046, 35.078537 ], [ -89.597032, 35.078904 ], [ -89.597049, 35.080899 ], [ -89.597038, 35.080988 ], [ -89.59701, 35.08122 ], [ -89.596824, 35.082058 ], [ -89.596821, 35.082068 ], [ -89.596814, 35.082099 ], [ -89.596813, 35.08211 ], [ -89.5968, 35.082163 ], [ -89.596754, 35.082347 ], [ -89.596732, 35.082645 ], [ -89.596744, 35.082918 ], [ -89.596767, 35.0831 ], [ -89.596799, 35.083348 ], [ -89.59682, 35.083509 ], [ -89.596925, 35.083931 ], [ -89.596949, 35.084025 ], [ -89.597079, 35.084477 ], [ -89.597219, 35.084958 ], [ -89.597395, 35.085663 ], [ -89.597431, 35.085807 ], [ -89.597492, 35.086146 ], [ -89.5975, 35.086251 ], [ -89.597506, 35.086322 ], [ -89.597531, 35.087333 ], [ -89.597561, 35.088522 ], [ -89.597712, 35.090577 ], [ -89.597792, 35.091658 ], [ -89.597842, 35.09221 ], [ -89.597973, 35.093221 ], [ -89.598157, 35.094636 ], [ -89.598336, 35.096116 ], [ -89.598425, 35.096761 ], [ -89.598483, 35.097144 ], [ -89.598531, 35.09745 ], [ -89.59858, 35.097903 ], [ -89.598635, 35.098395 ], [ -89.598662, 35.098718 ], [ -89.598686, 35.099014 ], [ -89.598724, 35.099471 ], [ -89.598755, 35.099741 ], [ -89.59885, 35.100554 ], [ -89.598867, 35.100699 ], [ -89.5989, 35.100822 ], [ -89.598824, 35.100889 ], [ -89.59868, 35.101012 ], [ -89.5981, 35.101512 ], [ -89.597912, 35.101675 ], [ -89.597511, 35.10199 ], [ -89.596865, 35.102507 ], [ -89.596241, 35.103025 ], [ -89.595642, 35.10351 ], [ -89.594842, 35.104159 ], [ -89.594822, 35.104175 ], [ -89.593977, 35.104859 ], [ -89.593906, 35.104915 ], [ -89.593367, 35.105347 ], [ -89.592829, 35.105776 ], [ -89.592583, 35.105972 ], [ -89.592467, 35.106065 ], [ -89.591671, 35.106701 ], [ -89.591619, 35.106742 ], [ -89.591104, 35.107065 ], [ -89.590967, 35.107152 ], [ -89.590551, 35.10737 ], [ -89.590049, 35.107583 ], [ -89.589862, 35.107662 ], [ -89.589418, 35.107852 ], [ -89.589301, 35.107899 ], [ -89.589113, 35.107976 ], [ -89.588763, 35.108118 ], [ -89.587713, 35.108545 ], [ -89.587462, 35.108647 ], [ -89.587364, 35.108688 ], [ -89.587372, 35.108968 ], [ -89.587337, 35.109132 ], [ -89.58712, 35.109624 ], [ -89.587054, 35.10982 ], [ -89.58703, 35.11003 ], [ -89.587024, 35.110242 ], [ -89.587053, 35.110616 ], [ -89.587064, 35.110679 ], [ -89.587086, 35.110798 ], [ -89.58724, 35.11143 ], [ -89.587329, 35.111854 ], [ -89.58734, 35.112102 ], [ -89.587322, 35.112537 ], [ -89.587284, 35.113523 ], [ -89.587258, 35.113993 ], [ -89.587203, 35.115021 ], [ -89.587194, 35.115405 ], [ -89.587183, 35.115877 ], [ -89.587156, 35.116751 ], [ -89.587141, 35.117007 ], [ -89.587109, 35.117573 ], [ -89.587039, 35.119704 ], [ -89.587027, 35.120153 ], [ -89.587016, 35.120397 ], [ -89.586967, 35.121527 ], [ -89.586961, 35.121767 ], [ -89.58696, 35.121793 ], [ -89.586955, 35.121982 ], [ -89.586917, 35.122554 ], [ -89.586915, 35.122591 ], [ -89.586907, 35.122858 ], [ -89.586846, 35.12287 ], [ -89.586518, 35.122766 ], [ -89.586204, 35.122579 ], [ -89.58615, 35.122596 ], [ -89.58603, 35.122601 ], [ -89.585749, 35.1227 ], [ -89.585428, 35.122755 ], [ -89.585169, 35.122766 ], [ -89.584579, 35.122794 ], [ -89.583951, 35.122772 ], [ -89.583081, 35.122794 ], [ -89.582894, 35.122937 ], [ -89.582614, 35.12325 ], [ -89.582487, 35.123289 ], [ -89.582199, 35.123322 ], [ -89.581765, 35.123322 ], [ -89.581069, 35.123201 ], [ -89.580701, 35.123086 ], [ -89.580534, 35.123009 ], [ -89.58038, 35.123009 ], [ -89.5802, 35.123075 ], [ -89.579967, 35.123213 ], [ -89.579879, 35.123267 ], [ -89.579378, 35.123514 ], [ -89.579191, 35.123525 ], [ -89.578876, 35.123471 ], [ -89.578796, 35.123421 ], [ -89.578569, 35.12346 ], [ -89.578295, 35.123657 ], [ -89.578074, 35.123773 ], [ -89.577947, 35.1238 ], [ -89.577653, 35.123822 ], [ -89.577238, 35.123735 ], [ -89.576877, 35.123564 ], [ -89.576717, 35.123526 ], [ -89.57661, 35.123548 ], [ -89.57655, 35.123597 ], [ -89.576356, 35.123828 ], [ -89.576305, 35.123838 ], [ -89.576135, 35.123872 ], [ -89.575968, 35.123828 ], [ -89.575767, 35.123691 ], [ -89.5757, 35.123696 ], [ -89.575553, 35.123735 ], [ -89.575212, 35.123971 ], [ -89.574691, 35.124114 ], [ -89.574504, 35.124196 ], [ -89.574176, 35.12429 ], [ -89.573902, 35.124405 ], [ -89.573728, 35.124521 ], [ -89.573555, 35.124587 ], [ -89.573341, 35.124598 ], [ -89.57322, 35.12462 ], [ -89.573046, 35.124741 ], [ -89.573006, 35.124795 ], [ -89.572933, 35.124834 ], [ -89.572786, 35.12485 ], [ -89.572512, 35.124796 ], [ -89.572364, 35.124856 ], [ -89.572081, 35.125087 ], [ -89.571964, 35.125129 ], [ -89.57169, 35.125278 ], [ -89.571389, 35.12536 ], [ -89.571028, 35.125349 ], [ -89.570874, 35.125377 ], [ -89.57064, 35.125514 ], [ -89.5705, 35.125547 ], [ -89.570239, 35.125498 ], [ -89.570045, 35.125487 ], [ -89.569831, 35.125613 ], [ -89.569644, 35.125684 ], [ -89.569296, 35.125723 ], [ -89.569129, 35.125717 ], [ -89.569029, 35.12569 ], [ -89.568748, 35.12552 ], [ -89.5684, 35.125239 ], [ -89.568272, 35.125124 ], [ -89.568229, 35.125086 ], [ -89.568119, 35.125005 ], [ -89.568052, 35.124873 ], [ -89.568038, 35.12469 ], [ -89.568032, 35.124604 ], [ -89.567938, 35.12439 ], [ -89.567597, 35.124131 ], [ -89.56753, 35.123989 ], [ -89.567312, 35.123354 ], [ -89.567142, 35.122857 ], [ -89.566881, 35.122972 ], [ -89.566761, 35.123154 ], [ -89.566707, 35.123218 ], [ -89.566594, 35.123352 ], [ -89.56622, 35.123516 ], [ -89.56616, 35.123643 ], [ -89.566186, 35.123802 ], [ -89.566313, 35.124011 ], [ -89.566447, 35.12417 ], [ -89.566507, 35.124335 ], [ -89.566507, 35.124522 ], [ -89.566476, 35.124574 ], [ -89.566354, 35.124785 ], [ -89.566347, 35.124873 ], [ -89.566401, 35.125087 ], [ -89.566422, 35.125114 ], [ -89.566495, 35.125207 ], [ -89.566565, 35.125242 ], [ -89.566836, 35.125377 ], [ -89.566956, 35.125481 ], [ -89.566996, 35.125597 ], [ -89.566923, 35.125789 ], [ -89.566187, 35.126547 ], [ -89.565906, 35.12691 ], [ -89.565853, 35.127102 ], [ -89.565819, 35.127448 ], [ -89.565881, 35.127596 ], [ -89.565886, 35.127607 ], [ -89.565967, 35.127689 ], [ -89.566047, 35.127805 ], [ -89.566047, 35.127926 ], [ -89.566067, 35.128156 ], [ -89.566114, 35.128255 ], [ -89.566227, 35.128327 ], [ -89.566254, 35.128426 ], [ -89.566221, 35.128508 ], [ -89.566033, 35.128651 ], [ -89.565973, 35.128667 ], [ -89.565692, 35.128865 ], [ -89.565545, 35.129013 ], [ -89.565478, 35.129189 ], [ -89.565478, 35.129349 ], [ -89.565432, 35.129557 ], [ -89.565298, 35.129788 ], [ -89.565151, 35.129914 ], [ -89.56505, 35.13003 ], [ -89.565064, 35.130096 ], [ -89.565144, 35.130238 ], [ -89.565358, 35.13037 ], [ -89.565412, 35.130661 ], [ -89.565639, 35.13087 ], [ -89.565659, 35.130931 ], [ -89.565706, 35.13098 ], [ -89.565726, 35.131183 ], [ -89.565779, 35.131271 ], [ -89.56592, 35.131354 ], [ -89.565967, 35.131403 ], [ -89.565953, 35.13148 ], [ -89.565846, 35.131815 ], [ -89.565565, 35.132112 ], [ -89.565499, 35.132271 ], [ -89.565559, 35.13259 ], [ -89.565512, 35.133078 ], [ -89.565432, 35.133304 ], [ -89.565331, 35.133386 ], [ -89.565211, 35.133452 ], [ -89.564937, 35.133584 ], [ -89.56487, 35.133716 ], [ -89.564569, 35.1341 ], [ -89.564469, 35.134474 ], [ -89.564355, 35.134622 ], [ -89.564155, 35.134683 ], [ -89.564135, 35.134759 ], [ -89.564139, 35.134804 ], [ -89.564148, 35.134897 ], [ -89.564061, 35.135089 ], [ -89.56407, 35.135157 ], [ -89.564088, 35.135281 ], [ -89.564041, 35.135347 ], [ -89.563987, 35.135386 ], [ -89.563847, 35.135506 ], [ -89.563843, 35.135519 ], [ -89.563814, 35.135649 ], [ -89.5638, 35.13577 ], [ -89.563713, 35.135864 ], [ -89.563626, 35.13599 ], [ -89.563633, 35.136221 ], [ -89.563517, 35.136463 ], [ -89.563513, 35.136473 ], [ -89.563473, 35.136633 ], [ -89.563399, 35.136786 ], [ -89.563299, 35.136803 ], [ -89.562944, 35.136968 ], [ -89.562543, 35.137259 ], [ -89.562302, 35.137363 ], [ -89.562169, 35.13744 ], [ -89.562128, 35.137512 ], [ -89.562021, 35.137627 ], [ -89.561854, 35.137693 ], [ -89.561507, 35.137869 ], [ -89.561353, 35.138039 ], [ -89.561313, 35.138154 ], [ -89.561252, 35.138379 ], [ -89.561146, 35.138486 ], [ -89.561112, 35.138522 ], [ -89.560858, 35.138704 ], [ -89.560684, 35.138885 ], [ -89.56053, 35.139121 ], [ -89.560497, 35.139225 ], [ -89.560537, 35.139429 ], [ -89.56039, 35.139676 ], [ -89.560316, 35.13989 ], [ -89.560256, 35.140126 ], [ -89.560269, 35.140286 ], [ -89.559902, 35.140467 ], [ -89.559694, 35.140637 ], [ -89.559687, 35.140725 ], [ -89.559868, 35.140994 ], [ -89.559901, 35.141132 ], [ -89.559868, 35.141208 ], [ -89.559527, 35.14139 ], [ -89.559453, 35.141395 ], [ -89.55934, 35.141335 ], [ -89.559293, 35.141335 ], [ -89.559139, 35.14139 ], [ -89.558938, 35.141653 ], [ -89.558872, 35.141697 ], [ -89.558751, 35.14167 ], [ -89.558638, 35.141456 ], [ -89.558511, 35.141373 ], [ -89.558417, 35.141417 ], [ -89.558196, 35.141708 ], [ -89.558129, 35.141747 ], [ -89.558036, 35.141763 ], [ -89.557949, 35.141708 ], [ -89.557815, 35.14145 ], [ -89.557688, 35.141406 ], [ -89.557487, 35.141434 ], [ -89.557293, 35.141533 ], [ -89.557193, 35.141565 ], [ -89.556778, 35.141719 ], [ -89.556464, 35.142137 ], [ -89.556243, 35.142247 ], [ -89.555882, 35.14251 ], [ -89.555682, 35.142714 ], [ -89.555662, 35.142739 ], [ -89.555621, 35.142796 ], [ -89.555334, 35.143125 ], [ -89.555013, 35.143373 ], [ -89.554839, 35.143526 ], [ -89.554645, 35.14379 ], [ -89.554451, 35.143999 ], [ -89.554391, 35.144098 ], [ -89.554351, 35.144241 ], [ -89.554591, 35.144944 ], [ -89.55467, 35.14511 ], [ -89.554685, 35.145141 ], [ -89.554794, 35.145343 ], [ -89.554852, 35.145449 ], [ -89.554966, 35.145784 ], [ -89.554905, 35.145927 ], [ -89.554926, 35.146048 ], [ -89.554938, 35.146088 ], [ -89.554992, 35.146257 ], [ -89.554961, 35.14634 ], [ -89.555066, 35.146342 ], [ -89.555433, 35.146348 ], [ -89.55685, 35.146371 ], [ -89.557323, 35.146379 ], [ -89.557316, 35.146767 ], [ -89.557309, 35.146912 ], [ -89.557267, 35.147765 ], [ -89.560801, 35.147718 ], [ -89.560374, 35.150268 ], [ -89.559221, 35.150376 ], [ -89.559306, 35.152719 ], [ -89.560386, 35.152757 ], [ -89.564328, 35.152868 ], [ -89.564191, 35.155671 ], [ -89.569536, 35.155701 ], [ -89.572853, 35.15572 ], [ -89.572916, 35.15753 ], [ -89.57294, 35.158243 ], [ -89.572947, 35.158426 ], [ -89.575883, 35.158422 ], [ -89.575899, 35.157353 ], [ -89.575923, 35.155757 ], [ -89.575936, 35.154866 ], [ -89.59354, 35.155474 ], [ -89.593623, 35.153762 ], [ -89.593634, 35.153537 ], [ -89.593683, 35.152487 ], [ -89.593921, 35.152504 ], [ -89.595599, 35.152541 ], [ -89.595624, 35.152542 ], [ -89.597331, 35.152564 ], [ -89.60076, 35.15259 ], [ -89.60135, 35.152599 ], [ -89.602474, 35.152617 ], [ -89.603267, 35.152622 ], [ -89.603439, 35.152623 ], [ -89.603955, 35.152626 ], [ -89.604128, 35.152627 ], [ -89.604989, 35.152628 ], [ -89.605605, 35.152638 ], [ -89.607347, 35.152667 ], [ -89.610039, 35.152677 ], [ -89.61078, 35.152681 ], [ -89.611518, 35.152689 ], [ -89.611888, 35.152691 ], [ -89.612038, 35.152693 ], [ -89.613001, 35.152701 ], [ -89.613372, 35.152705 ], [ -89.61327, 35.154016 ], [ -89.613203, 35.154414 ], [ -89.613171, 35.15485 ], [ -89.613097, 35.155372 ], [ -89.613066, 35.155736 ], [ -89.613029, 35.155953 ], [ -89.613048, 35.156073 ], [ -89.613143, 35.156275 ], [ -89.613529, 35.157212 ], [ -89.613574, 35.157244 ], [ -89.61378, 35.15732 ], [ -89.613896, 35.157387 ], [ -89.613989, 35.157486 ], [ -89.61423, 35.157899 ], [ -89.614551, 35.158465 ], [ -89.614614, 35.158621 ], [ -89.614614, 35.158713 ], [ -89.614511, 35.159143 ], [ -89.614483, 35.159423 ], [ -89.614328, 35.159932 ], [ -89.614311, 35.160113 ], [ -89.614302, 35.160463 ], [ -89.614286, 35.160555 ], [ -89.614258, 35.160595 ], [ -89.614209, 35.160676 ], [ -89.614062, 35.160802 ], [ -89.613873, 35.160909 ], [ -89.613721, 35.160995 ], [ -89.613601, 35.16111 ], [ -89.613554, 35.161214 ], [ -89.61356, 35.161292 ], [ -89.613513, 35.161389 ], [ -89.613501, 35.161433 ], [ -89.613501, 35.161494 ], [ -89.61355, 35.161656 ], [ -89.613662, 35.161814 ], [ -89.613736, 35.161875 ], [ -89.61383, 35.161921 ], [ -89.614024, 35.161966 ], [ -89.614333, 35.161987 ], [ -89.614585, 35.162016 ], [ -89.614662, 35.162025 ], [ -89.615006, 35.162081 ], [ -89.615177, 35.162107 ], [ -89.61544, 35.162105 ], [ -89.615515, 35.162097 ], [ -89.615594, 35.162105 ], [ -89.615665, 35.162168 ], [ -89.615738, 35.162303 ], [ -89.615753, 35.162342 ], [ -89.615804, 35.162369 ], [ -89.616007, 35.162374 ], [ -89.616172, 35.162419 ], [ -89.616262, 35.162435 ], [ -89.61636, 35.16244 ], [ -89.616701, 35.162404 ], [ -89.617206, 35.162383 ], [ -89.617282, 35.162362 ], [ -89.617538, 35.162248 ], [ -89.618284, 35.161991 ], [ -89.618668, 35.161894 ], [ -89.618838, 35.161864 ], [ -89.618996, 35.161855 ], [ -89.619127, 35.161861 ], [ -89.619287, 35.161887 ], [ -89.619405, 35.161948 ], [ -89.619439, 35.161986 ], [ -89.619464, 35.162045 ], [ -89.619487, 35.162237 ], [ -89.619527, 35.162659 ], [ -89.619557, 35.16292 ], [ -89.619544, 35.163704 ], [ -89.619527, 35.163983 ], [ -89.619532, 35.164019 ], [ -89.619555, 35.164062 ], [ -89.61961, 35.164101 ], [ -89.619622, 35.164109 ], [ -89.619707, 35.164122 ], [ -89.619803, 35.164071 ], [ -89.620113, 35.163744 ], [ -89.620173, 35.163667 ], [ -89.620196, 35.1636 ], [ -89.620267, 35.163505 ], [ -89.620324, 35.163471 ], [ -89.620611, 35.163423 ], [ -89.621056, 35.163322 ], [ -89.621149, 35.163292 ], [ -89.621204, 35.163265 ], [ -89.621255, 35.163227 ], [ -89.621288, 35.163145 ], [ -89.621247, 35.162675 ], [ -89.621193, 35.162355 ], [ -89.621202, 35.162217 ], [ -89.621229, 35.162162 ], [ -89.621544, 35.161772 ], [ -89.621775, 35.161457 ], [ -89.621887, 35.161343 ], [ -89.622114, 35.16117 ], [ -89.6222, 35.161075 ], [ -89.622278, 35.160947 ], [ -89.622393, 35.160619 ], [ -89.622611, 35.15989 ], [ -89.622671, 35.159423 ], [ -89.622694, 35.159349 ], [ -89.622734, 35.15928 ], [ -89.622803, 35.159219 ], [ -89.622857, 35.159191 ], [ -89.622929, 35.159177 ], [ -89.623146, 35.159172 ], [ -89.623465, 35.159252 ], [ -89.623847, 35.159387 ], [ -89.624145, 35.15952 ], [ -89.624396, 35.159619 ], [ -89.624611, 35.159671 ], [ -89.624729, 35.159686 ], [ -89.624808, 35.159669 ], [ -89.624852, 35.15965 ], [ -89.624966, 35.159551 ], [ -89.625092, 35.159469 ], [ -89.625196, 35.159417 ], [ -89.625481, 35.159326 ], [ -89.625983, 35.159177 ], [ -89.626287, 35.159141 ], [ -89.626259, 35.159031 ], [ -89.626182, 35.158915 ], [ -89.62598, 35.158662 ], [ -89.625789, 35.158336 ], [ -89.625732, 35.158266 ], [ -89.625111, 35.157694 ], [ -89.624826, 35.157359 ], [ -89.624729, 35.15722 ], [ -89.624691, 35.157142 ], [ -89.624667, 35.157014 ], [ -89.624715, 35.156582 ], [ -89.624704, 35.156475 ], [ -89.624674, 35.15641 ], [ -89.624651, 35.15629 ], [ -89.624662, 35.156066 ], [ -89.624745, 35.155698 ], [ -89.624754, 35.155595 ], [ -89.624682, 35.155146 ], [ -89.624638, 35.154978 ], [ -89.624616, 35.154908 ], [ -89.624568, 35.154747 ], [ -89.62438, 35.154244 ], [ -89.624225, 35.15376 ], [ -89.624146, 35.153305 ], [ -89.624082, 35.153062 ], [ -89.624259, 35.153057 ], [ -89.625091, 35.153047 ], [ -89.626088, 35.153054 ], [ -89.626604, 35.153054 ], [ -89.626792, 35.153054 ], [ -89.627315, 35.153054 ], [ -89.628542, 35.153057 ], [ -89.629202, 35.153059 ], [ -89.629911, 35.153059 ], [ -89.630542, 35.153092 ], [ -89.630726, 35.153117 ], [ -89.63103, 35.153172 ], [ -89.631223, 35.153223 ], [ -89.631378, 35.153269 ], [ -89.631454, 35.153292 ], [ -89.632109, 35.153526 ], [ -89.632696, 35.15374 ], [ -89.633232, 35.153936 ], [ -89.633985, 35.154216 ], [ -89.634058, 35.154243 ], [ -89.635521, 35.154788 ], [ -89.636357, 35.155077 ], [ -89.636511, 35.155135 ], [ -89.636805, 35.155245 ], [ -89.636972, 35.155308 ], [ -89.637786, 35.155615 ], [ -89.63796, 35.155684 ], [ -89.638054, 35.155722 ], [ -89.638307, 35.155824 ], [ -89.638476, 35.155892 ], [ -89.638413, 35.157847 ], [ -89.638393, 35.158452 ], [ -89.638391, 35.158524 ], [ -89.638379, 35.158887 ], [ -89.638371, 35.159154 ], [ -89.638228, 35.163712 ], [ -89.638206, 35.164377 ], [ -89.638204, 35.164439 ], [ -89.63857, 35.165545 ], [ -89.638853, 35.166093 ], [ -89.639258, 35.166763 ], [ -89.639489, 35.167066 ], [ -89.640326, 35.168046 ], [ -89.641332, 35.169152 ], [ -89.642239, 35.170173 ], [ -89.644076, 35.172215 ], [ -89.64777, 35.176315 ], [ -89.648179, 35.17676 ], [ -89.6484, 35.177023 ], [ -89.648589, 35.177295 ], [ -89.648886, 35.177697 ], [ -89.649138, 35.178105 ], [ -89.649312, 35.178425 ], [ -89.649479, 35.178792 ], [ -89.649575, 35.17908 ], [ -89.653451, 35.178997 ], [ -89.653859, 35.178989 ], [ -89.655774, 35.178946 ], [ -89.657857, 35.178901 ], [ -89.65964, 35.178863 ], [ -89.660021, 35.178855 ], [ -89.660402, 35.178847 ], [ -89.661157, 35.178831 ], [ -89.661268, 35.178828 ], [ -89.66138, 35.178826 ], [ -89.662889, 35.178793 ], [ -89.662909, 35.177934 ], [ -89.662953, 35.17681 ], [ -89.662986, 35.175702 ], [ -89.663018, 35.174872 ], [ -89.663053, 35.173984 ], [ -89.66307, 35.173119 ], [ -89.663077, 35.17274 ], [ -89.663093, 35.172246 ], [ -89.663102, 35.171997 ], [ -89.663119, 35.17155 ], [ -89.663124, 35.171421 ], [ -89.663172, 35.170043 ], [ -89.66319, 35.169492 ], [ -89.663196, 35.169313 ], [ -89.663255, 35.16704 ], [ -89.663274, 35.166328 ], [ -89.663279, 35.166188 ], [ -89.663289, 35.165871 ], [ -89.663301, 35.165505 ], [ -89.663304, 35.165412 ], [ -89.663324, 35.164803 ], [ -89.663348, 35.16403 ], [ -89.663352, 35.163899 ], [ -89.663359, 35.163681 ], [ -89.663373, 35.163257 ], [ -89.663377, 35.163108 ], [ -89.663386, 35.162848 ], [ -89.663403, 35.162307 ], [ -89.66341, 35.162004 ], [ -89.663439, 35.161293 ], [ -89.663474, 35.160623 ], [ -89.663496, 35.160285 ], [ -89.663571, 35.159191 ], [ -89.663688, 35.159212 ], [ -89.664232, 35.159244 ], [ -89.666534, 35.159279 ], [ -89.667254, 35.15929 ], [ -89.667254, 35.155451 ], [ -89.669289, 35.155494 ], [ -89.669319, 35.151308 ], [ -89.666291, 35.15101 ], [ -89.666011, 35.151804 ], [ -89.66539, 35.151798 ], [ -89.66508, 35.14069 ], [ -89.663332, 35.140709 ], [ -89.663373, 35.138104 ], [ -89.6633, 35.138106 ], [ -89.66314, 35.138123 ], [ -89.662852, 35.138106 ], [ -89.662638, 35.138216 ], [ -89.662544, 35.138199 ], [ -89.662404, 35.138095 ], [ -89.662297, 35.138046 ], [ -89.662056, 35.137991 ], [ -89.661916, 35.138002 ], [ -89.661802, 35.138002 ], [ -89.661281, 35.137819 ], [ -89.661027, 35.137907 ], [ -89.660268, 35.138174 ], [ -89.660015, 35.138264 ], [ -89.66001, 35.13813 ], [ -89.659995, 35.137729 ], [ -89.659991, 35.137596 ], [ -89.65999, 35.137564 ], [ -89.659922, 35.13539 ], [ -89.65992, 35.135324 ], [ -89.659911, 35.135026 ], [ -89.65989, 35.134124 ], [ -89.659879, 35.133846 ], [ -89.659845, 35.133606 ], [ -89.659819, 35.133536 ], [ -89.65975, 35.133442 ], [ -89.659657, 35.13338 ], [ -89.659497, 35.133338 ], [ -89.65912, 35.133304 ], [ -89.658951, 35.133281 ], [ -89.658784, 35.133224 ], [ -89.658658, 35.133144 ], [ -89.658573, 35.133072 ], [ -89.658362, 35.132848 ], [ -89.657692, 35.132127 ], [ -89.65752, 35.13191 ], [ -89.657399, 35.131692 ], [ -89.657323, 35.131433 ], [ -89.657305, 35.131342 ], [ -89.657236, 35.130911 ], [ -89.657229, 35.130867 ], [ -89.657203, 35.130589 ], [ -89.657185, 35.130153 ], [ -89.657176, 35.129902 ], [ -89.657181, 35.129419 ], [ -89.657222, 35.127948 ], [ -89.657264, 35.126383 ], [ -89.657367, 35.122632 ], [ -89.657397, 35.121691 ], [ -89.657398, 35.121639 ], [ -89.659547, 35.121805 ], [ -89.659569, 35.119781 ], [ -89.662147, 35.119868 ], [ -89.662182, 35.118967 ], [ -89.661138, 35.118919 ], [ -89.661214, 35.111251 ], [ -89.660646, 35.111241 ], [ -89.660297, 35.11124 ], [ -89.660201, 35.111239 ], [ -89.660016, 35.111235 ], [ -89.658331, 35.111199 ], [ -89.657666, 35.111191 ], [ -89.657673, 35.110974 ], [ -89.657676, 35.110868 ], [ -89.657707, 35.109898 ], [ -89.657715, 35.109665 ], [ -89.657718, 35.109576 ], [ -89.657946, 35.109543 ], [ -89.658233, 35.109433 ], [ -89.658772, 35.109274 ], [ -89.65943, 35.109081 ], [ -89.660246, 35.108758 ], [ -89.660827, 35.108423 ], [ -89.660941, 35.108313 ], [ -89.661088, 35.108219 ], [ -89.661683, 35.10779 ], [ -89.661904, 35.107632 ], [ -89.662305, 35.107352 ], [ -89.662405, 35.107165 ], [ -89.662493, 35.107074 ], [ -89.662659, 35.106901 ], [ -89.663187, 35.1065 ], [ -89.663401, 35.106385 ], [ -89.663588, 35.106242 ], [ -89.663996, 35.105984 ], [ -89.664591, 35.105583 ], [ -89.665066, 35.105254 ], [ -89.665581, 35.104924 ], [ -89.666089, 35.104584 ], [ -89.666349, 35.104435 ], [ -89.666817, 35.104117 ], [ -89.667372, 35.1037 ], [ -89.66764, 35.103518 ], [ -89.668087, 35.103178 ], [ -89.668462, 35.102925 ], [ -89.668983, 35.102497 ], [ -89.669351, 35.102096 ], [ -89.669464, 35.102052 ], [ -89.670942, 35.102052 ], [ -89.672372, 35.102113 ], [ -89.673047, 35.102135 ], [ -89.673234, 35.102157 ], [ -89.673361, 35.101904 ], [ -89.673375, 35.101552 ], [ -89.673448, 35.101377 ], [ -89.673716, 35.101008 ], [ -89.674103, 35.100553 ], [ -89.674745, 35.099904 ], [ -89.675186, 35.099432 ], [ -89.67524, 35.099328 ], [ -89.675186, 35.099135 ], [ -89.675086, 35.098993 ], [ -89.675113, 35.09885 ], [ -89.675373, 35.098476 ], [ -89.67544, 35.098108 ], [ -89.675407, 35.097894 ], [ -89.675494, 35.09785 ], [ -89.675667, 35.097867 ], [ -89.676296, 35.098015 ], [ -89.676663, 35.098064 ], [ -89.67669, 35.098086 ], [ -89.676729, 35.098007 ], [ -89.676769, 35.097983 ], [ -89.676841, 35.097958 ], [ -89.67686, 35.09793 ], [ -89.676882, 35.097831 ], [ -89.67689, 35.097737 ], [ -89.676878, 35.097679 ], [ -89.676816, 35.097593 ], [ -89.676778, 35.097424 ], [ -89.676779, 35.097389 ], [ -89.676805, 35.097331 ], [ -89.676809, 35.097305 ], [ -89.676782, 35.097265 ], [ -89.676767, 35.097228 ], [ -89.676755, 35.097208 ], [ -89.676759, 35.097174 ], [ -89.676801, 35.097091 ], [ -89.676806, 35.097055 ], [ -89.676804, 35.097 ], [ -89.676817, 35.096902 ], [ -89.67682, 35.096857 ], [ -89.676809, 35.096776 ], [ -89.676786, 35.096747 ], [ -89.676667, 35.096615 ], [ -89.676654, 35.096479 ], [ -89.676662, 35.096371 ], [ -89.676676, 35.096307 ], [ -89.676699, 35.096223 ], [ -89.676694, 35.096096 ], [ -89.676703, 35.096018 ], [ -89.676723, 35.095957 ], [ -89.676758, 35.095918 ], [ -89.676793, 35.095906 ], [ -89.676856, 35.095904 ], [ -89.676868, 35.095895 ], [ -89.676876, 35.095818 ], [ -89.676906, 35.09579 ], [ -89.676922, 35.095784 ], [ -89.676964, 35.095787 ], [ -89.677007, 35.095768 ], [ -89.67703, 35.095746 ], [ -89.677062, 35.095664 ], [ -89.677096, 35.095621 ], [ -89.677147, 35.095587 ], [ -89.677162, 35.095555 ], [ -89.677158, 35.095512 ], [ -89.677133, 35.095431 ], [ -89.677136, 35.095379 ], [ -89.677155, 35.095341 ], [ -89.677278, 35.095312 ], [ -89.677381, 35.095312 ], [ -89.677408, 35.095298 ], [ -89.677431, 35.095239 ], [ -89.677435, 35.09517 ], [ -89.67745, 35.095118 ], [ -89.677477, 35.095083 ], [ -89.677518, 35.095063 ], [ -89.677545, 35.095071 ], [ -89.677683, 35.095121 ], [ -89.677711, 35.09511 ], [ -89.677776, 35.095039 ], [ -89.677825, 35.095011 ], [ -89.677843, 35.094981 ], [ -89.677868, 35.094945 ], [ -89.677985, 35.094958 ], [ -89.678161, 35.094955 ], [ -89.67829, 35.094933 ], [ -89.678365, 35.094896 ], [ -89.678467, 35.094828 ], [ -89.678674, 35.094597 ], [ -89.678708, 35.094574 ], [ -89.678748, 35.094561 ], [ -89.678879, 35.094546 ], [ -89.678968, 35.09455 ], [ -89.679007, 35.094565 ], [ -89.679032, 35.094577 ], [ -89.679061, 35.094568 ], [ -89.679124, 35.094546 ], [ -89.679197, 35.094517 ], [ -89.679207, 35.094505 ], [ -89.679295, 35.094483 ], [ -89.67933, 35.094464 ], [ -89.679364, 35.094456 ], [ -89.679408, 35.094437 ], [ -89.679443, 35.094428 ], [ -89.679506, 35.09443 ], [ -89.679611, 35.094447 ], [ -89.679721, 35.094472 ], [ -89.679831, 35.094515 ], [ -89.679941, 35.094571 ], [ -89.679985, 35.094588 ], [ -89.680013, 35.094605 ], [ -89.680044, 35.094643 ], [ -89.680168, 35.09475 ], [ -89.680202, 35.094803 ], [ -89.680236, 35.094828 ], [ -89.680299, 35.094845 ], [ -89.680396, 35.094896 ], [ -89.680532, 35.094935 ], [ -89.680616, 35.094965 ], [ -89.680699, 35.095003 ], [ -89.680792, 35.095058 ], [ -89.680888, 35.0951 ], [ -89.680962, 35.095145 ], [ -89.681005, 35.095164 ], [ -89.681031, 35.095215 ], [ -89.681089, 35.095247 ], [ -89.681119, 35.095271 ], [ -89.681136, 35.09531 ], [ -89.681201, 35.095377 ], [ -89.681257, 35.095445 ], [ -89.681267, 35.095481 ], [ -89.681294, 35.095523 ], [ -89.681333, 35.095591 ], [ -89.681354, 35.095647 ], [ -89.681372, 35.09571 ], [ -89.681393, 35.095856 ], [ -89.681391, 35.095914 ], [ -89.681381, 35.095935 ], [ -89.681357, 35.095908 ], [ -89.681339, 35.095908 ], [ -89.681326, 35.095916 ], [ -89.681322, 35.095938 ], [ -89.681324, 35.095963 ], [ -89.68133, 35.09598 ], [ -89.681342, 35.095999 ], [ -89.681351, 35.096026 ], [ -89.681329, 35.096064 ], [ -89.681316, 35.096118 ], [ -89.681325, 35.09618 ], [ -89.681344, 35.09626 ], [ -89.681382, 35.096339 ], [ -89.681427, 35.096404 ], [ -89.681466, 35.096443 ], [ -89.68148, 35.096447 ], [ -89.681689, 35.096494 ], [ -89.68178, 35.096472 ], [ -89.681857, 35.096449 ], [ -89.681936, 35.096439 ], [ -89.681995, 35.096422 ], [ -89.682092, 35.096421 ], [ -89.682217, 35.096414 ], [ -89.682398, 35.096423 ], [ -89.682493, 35.096415 ], [ -89.682585, 35.096401 ], [ -89.682722, 35.096386 ], [ -89.682843, 35.096366 ], [ -89.682966, 35.096342 ], [ -89.6831, 35.096333 ], [ -89.683211, 35.09633 ], [ -89.683313, 35.096337 ], [ -89.683404, 35.096354 ], [ -89.683487, 35.096361 ], [ -89.683629, 35.096401 ], [ -89.6837, 35.096433 ], [ -89.683771, 35.096453 ], [ -89.683819, 35.096486 ], [ -89.683836, 35.096532 ], [ -89.683855, 35.096549 ], [ -89.68388, 35.096564 ], [ -89.683962, 35.096581 ], [ -89.684019, 35.096581 ], [ -89.684064, 35.096574 ], [ -89.684091, 35.096576 ], [ -89.684126, 35.096587 ], [ -89.684166, 35.096594 ], [ -89.684206, 35.096591 ], [ -89.684322, 35.09655 ], [ -89.684371, 35.096526 ], [ -89.684397, 35.09652 ], [ -89.68443, 35.096515 ], [ -89.684471, 35.096504 ], [ -89.684517, 35.096496 ], [ -89.684631, 35.096518 ], [ -89.684693, 35.096522 ], [ -89.684803, 35.096527 ], [ -89.684914, 35.096494 ], [ -89.685006, 35.09643 ], [ -89.685059, 35.096401 ], [ -89.685094, 35.096376 ], [ -89.6851, 35.096357 ], [ -89.685099, 35.096337 ], [ -89.685089, 35.096326 ], [ -89.685055, 35.096316 ], [ -89.68504, 35.096308 ], [ -89.685047, 35.096286 ], [ -89.68497, 35.096241 ], [ -89.68484, 35.096127 ], [ -89.684732, 35.096067 ], [ -89.684585, 35.096001 ], [ -89.684439, 35.095958 ], [ -89.684324, 35.095938 ], [ -89.684178, 35.095938 ], [ -89.684104, 35.095961 ], [ -89.68404, 35.096018 ], [ -89.684006, 35.096032 ], [ -89.68368, 35.096018 ], [ -89.683465, 35.095979 ], [ -89.683344, 35.095937 ], [ -89.683098, 35.095833 ], [ -89.682984, 35.095751 ], [ -89.682805, 35.095646 ], [ -89.682746, 35.095572 ], [ -89.682614, 35.095508 ], [ -89.682455, 35.095334 ], [ -89.682402, 35.095225 ], [ -89.682407, 35.095115 ], [ -89.682451, 35.095035 ], [ -89.682628, 35.094927 ], [ -89.682798, 35.094858 ], [ -89.682922, 35.094841 ], [ -89.683025, 35.094852 ], [ -89.683371, 35.094896 ], [ -89.68349, 35.094908 ], [ -89.683774, 35.095033 ], [ -89.683987, 35.095066 ], [ -89.684526, 35.095113 ], [ -89.68466, 35.095116 ], [ -89.684755, 35.095105 ], [ -89.685041, 35.095088 ], [ -89.685242, 35.095058 ], [ -89.685366, 35.095055 ], [ -89.685499, 35.095019 ], [ -89.685621, 35.09496 ], [ -89.685675, 35.09488 ], [ -89.685666, 35.094699 ], [ -89.685611, 35.094543 ], [ -89.685498, 35.094373 ], [ -89.685444, 35.094249 ], [ -89.685458, 35.094114 ], [ -89.68549, 35.093979 ], [ -89.685548, 35.093839 ], [ -89.685657, 35.093651 ], [ -89.685927, 35.093698 ], [ -89.686164, 35.093825 ], [ -89.68645, 35.09399 ], [ -89.686599, 35.094134 ], [ -89.686686, 35.09436 ], [ -89.686771, 35.094538 ], [ -89.686902, 35.094676 ], [ -89.687173, 35.094795 ], [ -89.687582, 35.094846 ], [ -89.687624, 35.094859 ], [ -89.687708, 35.094877 ], [ -89.68781, 35.094879 ], [ -89.687802, 35.094853 ], [ -89.687787, 35.094802 ], [ -89.687807, 35.094803 ], [ -89.687829, 35.09481 ], [ -89.687864, 35.094814 ], [ -89.687909, 35.094797 ], [ -89.687932, 35.09479 ], [ -89.687954, 35.094774 ], [ -89.687988, 35.094754 ], [ -89.688053, 35.094728 ], [ -89.688082, 35.094718 ], [ -89.688163, 35.09468 ], [ -89.688199, 35.094661 ], [ -89.688222, 35.094643 ], [ -89.688281, 35.094616 ], [ -89.688359, 35.094584 ], [ -89.688399, 35.094565 ], [ -89.688491, 35.094538 ], [ -89.688542, 35.094526 ], [ -89.68858, 35.094513 ], [ -89.688623, 35.094503 ], [ -89.688729, 35.094474 ], [ -89.688762, 35.094469 ], [ -89.688815, 35.094456 ], [ -89.688857, 35.09445 ], [ -89.688895, 35.09444 ], [ -89.688945, 35.094433 ], [ -89.689026, 35.09443 ], [ -89.689064, 35.094422 ], [ -89.689126, 35.094372 ], [ -89.689158, 35.094356 ], [ -89.68918, 35.094352 ], [ -89.689196, 35.094329 ], [ -89.689238, 35.094276 ], [ -89.689265, 35.094252 ], [ -89.689289, 35.094222 ], [ -89.689325, 35.094168 ], [ -89.689342, 35.094155 ], [ -89.689355, 35.094145 ], [ -89.689354, 35.094132 ], [ -89.689343, 35.09412 ], [ -89.689324, 35.094107 ], [ -89.689261, 35.094078 ], [ -89.689186, 35.09404 ], [ -89.689145, 35.094025 ], [ -89.689099, 35.09401 ], [ -89.689063, 35.094003 ], [ -89.689013, 35.093994 ], [ -89.688982, 35.093991 ], [ -89.688893, 35.093986 ], [ -89.688856, 35.093985 ], [ -89.68882, 35.093979 ], [ -89.68876, 35.093973 ], [ -89.688741, 35.093968 ], [ -89.688713, 35.093965 ], [ -89.688649, 35.09396 ], [ -89.688616, 35.093954 ], [ -89.688575, 35.093944 ], [ -89.688529, 35.093912 ], [ -89.688495, 35.09391 ], [ -89.688468, 35.093916 ], [ -89.688439, 35.093919 ], [ -89.688412, 35.09391 ], [ -89.68839, 35.093896 ], [ -89.688313, 35.09384 ], [ -89.688289, 35.093827 ], [ -89.688253, 35.093815 ], [ -89.688171, 35.093801 ], [ -89.68808, 35.093777 ], [ -89.688013, 35.09372 ], [ -89.687959, 35.093669 ], [ -89.687931, 35.093639 ], [ -89.687876, 35.093598 ], [ -89.687826, 35.093554 ], [ -89.687807, 35.093529 ], [ -89.687789, 35.093488 ], [ -89.687784, 35.093459 ], [ -89.687776, 35.093371 ], [ -89.687778, 35.093299 ], [ -89.687796, 35.093271 ], [ -89.687829, 35.093239 ], [ -89.687894, 35.093184 ], [ -89.687909, 35.093164 ], [ -89.687946, 35.093091 ], [ -89.687968, 35.093057 ], [ -89.687994, 35.09303 ], [ -89.688069, 35.092983 ], [ -89.688092, 35.092962 ], [ -89.688139, 35.092929 ], [ -89.688181, 35.092901 ], [ -89.688219, 35.092885 ], [ -89.688293, 35.092831 ], [ -89.688372, 35.092773 ], [ -89.688417, 35.092753 ], [ -89.688503, 35.092708 ], [ -89.688609, 35.092645 ], [ -89.688685, 35.092601 ], [ -89.688742, 35.092576 ], [ -89.688876, 35.092515 ], [ -89.689001, 35.092464 ], [ -89.689139, 35.092397 ], [ -89.689223, 35.092356 ], [ -89.689257, 35.092345 ], [ -89.689309, 35.092328 ], [ -89.689345, 35.092325 ], [ -89.689378, 35.092319 ], [ -89.689417, 35.092305 ], [ -89.689458, 35.092278 ], [ -89.689475, 35.092255 ], [ -89.689503, 35.092224 ], [ -89.68953, 35.0922 ], [ -89.689562, 35.092164 ], [ -89.689589, 35.09214 ], [ -89.689627, 35.092117 ], [ -89.689668, 35.092097 ], [ -89.689715, 35.092084 ], [ -89.689806, 35.092064 ], [ -89.689875, 35.092042 ], [ -89.689898, 35.09203 ], [ -89.689908, 35.09202 ], [ -89.689898, 35.092 ], [ -89.689854, 35.091964 ], [ -89.689969, 35.091787 ], [ -89.689999, 35.091814 ], [ -89.690019, 35.091837 ], [ -89.69004, 35.091866 ], [ -89.690063, 35.091887 ], [ -89.690106, 35.091902 ], [ -89.690144, 35.091903 ], [ -89.690175, 35.091897 ], [ -89.690203, 35.091878 ], [ -89.690302, 35.091864 ], [ -89.690367, 35.091853 ], [ -89.690418, 35.091835 ], [ -89.690466, 35.091812 ], [ -89.690526, 35.091793 ], [ -89.690575, 35.091782 ], [ -89.690679, 35.091769 ], [ -89.690718, 35.091772 ], [ -89.690759, 35.091778 ], [ -89.690857, 35.091799 ], [ -89.690987, 35.091834 ], [ -89.691034, 35.091843 ], [ -89.691084, 35.09186 ], [ -89.691122, 35.091895 ], [ -89.691161, 35.091921 ], [ -89.691207, 35.091956 ], [ -89.691249, 35.091987 ], [ -89.691266, 35.092007 ], [ -89.691295, 35.092055 ], [ -89.69134, 35.092108 ], [ -89.691379, 35.092165 ], [ -89.691394, 35.092198 ], [ -89.691399, 35.092242 ], [ -89.691399, 35.09231 ], [ -89.691408, 35.092354 ], [ -89.691437, 35.092372 ], [ -89.691445, 35.092386 ], [ -89.691464, 35.092421 ], [ -89.691478, 35.092434 ], [ -89.691513, 35.092459 ], [ -89.691532, 35.092481 ], [ -89.691548, 35.0925 ], [ -89.69156, 35.092524 ], [ -89.69157, 35.09255 ], [ -89.691583, 35.092606 ], [ -89.691585, 35.092632 ], [ -89.691589, 35.092657 ], [ -89.691602, 35.092679 ], [ -89.691611, 35.092703 ], [ -89.691626, 35.092768 ], [ -89.691633, 35.092828 ], [ -89.691643, 35.092848 ], [ -89.691658, 35.092866 ], [ -89.691672, 35.092898 ], [ -89.691675, 35.092927 ], [ -89.691669, 35.092958 ], [ -89.691666, 35.093 ], [ -89.691669, 35.093032 ], [ -89.69168, 35.093064 ], [ -89.691691, 35.093126 ], [ -89.69168, 35.093146 ], [ -89.691671, 35.093174 ], [ -89.691663, 35.093215 ], [ -89.691671, 35.093247 ], [ -89.691674, 35.093294 ], [ -89.691674, 35.093337 ], [ -89.691672, 35.093425 ], [ -89.691672, 35.093476 ], [ -89.691674, 35.093514 ], [ -89.691681, 35.093648 ], [ -89.691689, 35.093697 ], [ -89.691712, 35.093745 ], [ -89.691725, 35.093768 ], [ -89.691767, 35.093818 ], [ -89.691806, 35.093861 ], [ -89.691839, 35.093903 ], [ -89.691889, 35.093962 ], [ -89.691923, 35.093999 ], [ -89.691942, 35.094011 ], [ -89.691967, 35.094021 ], [ -89.691988, 35.094021 ], [ -89.692081, 35.093998 ], [ -89.692128, 35.093963 ], [ -89.692201, 35.093866 ], [ -89.692275, 35.093774 ], [ -89.692363, 35.093672 ], [ -89.692448, 35.093558 ], [ -89.692528, 35.093501 ], [ -89.692543, 35.09347 ], [ -89.692573, 35.093397 ], [ -89.692658, 35.093277 ], [ -89.692716, 35.093172 ], [ -89.692792, 35.093076 ], [ -89.692847, 35.09296 ], [ -89.692914, 35.092801 ], [ -89.692937, 35.092712 ], [ -89.692941, 35.092631 ], [ -89.692937, 35.092581 ], [ -89.692906, 35.092399 ], [ -89.692891, 35.092325 ], [ -89.69288, 35.092268 ], [ -89.692871, 35.092195 ], [ -89.692859, 35.092137 ], [ -89.692859, 35.092115 ], [ -89.692864, 35.092077 ], [ -89.692857, 35.092 ], [ -89.692867, 35.091928 ], [ -89.692882, 35.091883 ], [ -89.692903, 35.091831 ], [ -89.692929, 35.091792 ], [ -89.692931, 35.091775 ], [ -89.692904, 35.091763 ], [ -89.692897, 35.091742 ], [ -89.692891, 35.091697 ], [ -89.692896, 35.091637 ], [ -89.692898, 35.091581 ], [ -89.692885, 35.091562 ], [ -89.692852, 35.091545 ], [ -89.692833, 35.091552 ], [ -89.69282, 35.091562 ], [ -89.692781, 35.091579 ], [ -89.692743, 35.091577 ], [ -89.692718, 35.09159 ], [ -89.692707, 35.091585 ], [ -89.692703, 35.091565 ], [ -89.69271, 35.091533 ], [ -89.69272, 35.091502 ], [ -89.692746, 35.091435 ], [ -89.692785, 35.091375 ], [ -89.692837, 35.09132 ], [ -89.692926, 35.091249 ], [ -89.693012, 35.091178 ], [ -89.693053, 35.091135 ], [ -89.693127, 35.091067 ], [ -89.693194, 35.090993 ], [ -89.693269, 35.090939 ], [ -89.693367, 35.090888 ], [ -89.693483, 35.090872 ], [ -89.693574, 35.09087 ], [ -89.693634, 35.090876 ], [ -89.69371, 35.090888 ], [ -89.693756, 35.090903 ], [ -89.693871, 35.09094 ], [ -89.693977, 35.090992 ], [ -89.694045, 35.091022 ], [ -89.694155, 35.091063 ], [ -89.694191, 35.091067 ], [ -89.694263, 35.091104 ], [ -89.694323, 35.091154 ], [ -89.6944, 35.091185 ], [ -89.694466, 35.091269 ], [ -89.694522, 35.091318 ], [ -89.694608, 35.091399 ], [ -89.694646, 35.091436 ], [ -89.694664, 35.091469 ], [ -89.69471, 35.091562 ], [ -89.69474, 35.091636 ], [ -89.694779, 35.091712 ], [ -89.694806, 35.09182 ], [ -89.694808, 35.091848 ], [ -89.694806, 35.091868 ], [ -89.694808, 35.091953 ], [ -89.694791, 35.092022 ], [ -89.694766, 35.092099 ], [ -89.694772, 35.092142 ], [ -89.694768, 35.092171 ], [ -89.694752, 35.092222 ], [ -89.69472, 35.092266 ], [ -89.694704, 35.092317 ], [ -89.69467, 35.09237 ], [ -89.694664, 35.092406 ], [ -89.694649, 35.092448 ], [ -89.694627, 35.092492 ], [ -89.694623, 35.092517 ], [ -89.694635, 35.092547 ], [ -89.694629, 35.092574 ], [ -89.694617, 35.0926 ], [ -89.694562, 35.092737 ], [ -89.694516, 35.092833 ], [ -89.694454, 35.092922 ], [ -89.694403, 35.092992 ], [ -89.694332, 35.093073 ], [ -89.694256, 35.093144 ], [ -89.694249, 35.093169 ], [ -89.694242, 35.093201 ], [ -89.694252, 35.093236 ], [ -89.694246, 35.093255 ], [ -89.694237, 35.093286 ], [ -89.694208, 35.093342 ], [ -89.694166, 35.093388 ], [ -89.694126, 35.093437 ], [ -89.694097, 35.093489 ], [ -89.694066, 35.093553 ], [ -89.694058, 35.093577 ], [ -89.694059, 35.093592 ], [ -89.694073, 35.093615 ], [ -89.694094, 35.093639 ], [ -89.694137, 35.093675 ], [ -89.69421, 35.093727 ], [ -89.694275, 35.093764 ], [ -89.694343, 35.093804 ], [ -89.694375, 35.093815 ], [ -89.69441, 35.093819 ], [ -89.694453, 35.093809 ], [ -89.694487, 35.093793 ], [ -89.694569, 35.093771 ], [ -89.694646, 35.093753 ], [ -89.694759, 35.09372 ], [ -89.694831, 35.093703 ], [ -89.694867, 35.093701 ], [ -89.695002, 35.093685 ], [ -89.6951, 35.093665 ], [ -89.69518, 35.093649 ], [ -89.695301, 35.093645 ], [ -89.695391, 35.093633 ], [ -89.695456, 35.093628 ], [ -89.695509, 35.093633 ], [ -89.6956, 35.093648 ], [ -89.695698, 35.093654 ], [ -89.695801, 35.09367 ], [ -89.695913, 35.093676 ], [ -89.696002, 35.093683 ], [ -89.696051, 35.093687 ], [ -89.69613, 35.093714 ], [ -89.696167, 35.093718 ], [ -89.696205, 35.093712 ], [ -89.696285, 35.093704 ], [ -89.696338, 35.093706 ], [ -89.696432, 35.093719 ], [ -89.696496, 35.093735 ], [ -89.696583, 35.093768 ], [ -89.696658, 35.093798 ], [ -89.696712, 35.093813 ], [ -89.696821, 35.093843 ], [ -89.696873, 35.093843 ], [ -89.69692, 35.093851 ], [ -89.697014, 35.093868 ], [ -89.697048, 35.093879 ], [ -89.697091, 35.093899 ], [ -89.697171, 35.093917 ], [ -89.697213, 35.093917 ], [ -89.69726, 35.093933 ], [ -89.697302, 35.093942 ], [ -89.697348, 35.093964 ], [ -89.697373, 35.093966 ], [ -89.697396, 35.093961 ], [ -89.697445, 35.093968 ], [ -89.697602, 35.093989 ], [ -89.697715, 35.093992 ], [ -89.697866, 35.094076 ], [ -89.698038, 35.094187 ], [ -89.698132, 35.094263 ], [ -89.698273, 35.094343 ], [ -89.698374, 35.094427 ], [ -89.698454, 35.094492 ], [ -89.698536, 35.094548 ], [ -89.698555, 35.094589 ], [ -89.698678, 35.09466 ], [ -89.69882, 35.094719 ], [ -89.698976, 35.094799 ], [ -89.699096, 35.094837 ], [ -89.699233, 35.094878 ], [ -89.699307, 35.094906 ], [ -89.699401, 35.094915 ], [ -89.699504, 35.094902 ], [ -89.699745, 35.094852 ], [ -89.700045, 35.094777 ], [ -89.700198, 35.094727 ], [ -89.700358, 35.094611 ], [ -89.70039, 35.094582 ], [ -89.700406, 35.094558 ], [ -89.70041, 35.094498 ], [ -89.70042, 35.09448 ], [ -89.700451, 35.094452 ], [ -89.700613, 35.09437 ], [ -89.700639, 35.09436 ], [ -89.700677, 35.094314 ], [ -89.700703, 35.094301 ], [ -89.700743, 35.094293 ], [ -89.700889, 35.09427 ], [ -89.700922, 35.094259 ], [ -89.700996, 35.094252 ], [ -89.701136, 35.094245 ], [ -89.701294, 35.094247 ], [ -89.70135, 35.094262 ], [ -89.701423, 35.094294 ], [ -89.701581, 35.094411 ], [ -89.701638, 35.094454 ], [ -89.70185, 35.094694 ], [ -89.701936, 35.0949 ], [ -89.701946, 35.094941 ], [ -89.701949, 35.094985 ], [ -89.701946, 35.095014 ], [ -89.701926, 35.095067 ], [ -89.701878, 35.095127 ], [ -89.701868, 35.095165 ], [ -89.701864, 35.095204 ], [ -89.70188, 35.095257 ], [ -89.701886, 35.095289 ], [ -89.701882, 35.095319 ], [ -89.701821, 35.095457 ], [ -89.701805, 35.095502 ], [ -89.701765, 35.095669 ], [ -89.701752, 35.095699 ], [ -89.701743, 35.09573 ], [ -89.701733, 35.095743 ], [ -89.701737, 35.095755 ], [ -89.70177, 35.095771 ], [ -89.701868, 35.095802 ], [ -89.701894, 35.095799 ], [ -89.701925, 35.095799 ], [ -89.701977, 35.095808 ], [ -89.702119, 35.095857 ], [ -89.702221, 35.095894 ], [ -89.702324, 35.095937 ], [ -89.702365, 35.095947 ], [ -89.702511, 35.095989 ], [ -89.702556, 35.095993 ], [ -89.702639, 35.095986 ], [ -89.70269, 35.095976 ], [ -89.702829, 35.095932 ], [ -89.702884, 35.095907 ], [ -89.702961, 35.095845 ], [ -89.702986, 35.095808 ], [ -89.703, 35.095758 ], [ -89.702995, 35.095705 ], [ -89.702927, 35.095523 ], [ -89.702885, 35.095475 ], [ -89.702863, 35.095431 ], [ -89.702826, 35.095397 ], [ -89.702681, 35.095237 ], [ -89.70265, 35.095192 ], [ -89.702627, 35.095152 ], [ -89.702607, 35.095118 ], [ -89.702586, 35.094974 ], [ -89.702598, 35.094909 ], [ -89.702609, 35.094835 ], [ -89.702636, 35.094725 ], [ -89.702674, 35.09467 ], [ -89.702744, 35.094558 ], [ -89.702806, 35.094485 ], [ -89.70298, 35.094362 ], [ -89.70302, 35.094339 ], [ -89.703095, 35.094278 ], [ -89.703185, 35.094264 ], [ -89.703251, 35.094265 ], [ -89.703322, 35.094289 ], [ -89.703444, 35.094354 ], [ -89.703518, 35.094392 ], [ -89.70356, 35.094403 ], [ -89.703614, 35.0944 ], [ -89.703692, 35.094415 ], [ -89.703783, 35.094471 ], [ -89.703838, 35.094529 ], [ -89.703946, 35.094666 ], [ -89.703991, 35.09473 ], [ -89.704009, 35.094798 ], [ -89.70401, 35.094857 ], [ -89.703999, 35.094922 ], [ -89.703976, 35.094991 ], [ -89.70389, 35.095156 ], [ -89.703762, 35.095413 ], [ -89.70371, 35.095523 ], [ -89.703708, 35.095583 ], [ -89.703729, 35.095631 ], [ -89.703813, 35.095795 ], [ -89.703937, 35.09594 ], [ -89.704154, 35.096147 ], [ -89.704309, 35.096249 ], [ -89.704366, 35.096292 ], [ -89.704414, 35.096348 ], [ -89.70461, 35.096588 ], [ -89.704808, 35.096758 ], [ -89.704843, 35.096838 ], [ -89.704885, 35.096866 ], [ -89.704922, 35.096871 ], [ -89.705107, 35.096875 ], [ -89.705229, 35.096866 ], [ -89.705426, 35.096828 ], [ -89.705476, 35.096808 ], [ -89.705556, 35.096766 ], [ -89.705617, 35.096731 ], [ -89.705662, 35.096706 ], [ -89.705691, 35.096672 ], [ -89.705727, 35.096614 ], [ -89.705736, 35.096543 ], [ -89.705793, 35.096309 ], [ -89.705806, 35.096264 ], [ -89.705812, 35.096218 ], [ -89.705815, 35.096183 ], [ -89.705814, 35.096148 ], [ -89.705886, 35.095818 ], [ -89.705916, 35.095775 ], [ -89.705957, 35.095724 ], [ -89.705987, 35.095713 ], [ -89.706009, 35.095715 ], [ -89.706051, 35.095723 ], [ -89.70609, 35.095744 ], [ -89.706108, 35.095773 ], [ -89.706137, 35.095828 ], [ -89.706169, 35.095868 ], [ -89.706237, 35.095897 ], [ -89.706344, 35.095867 ], [ -89.706448, 35.09587 ], [ -89.706642, 35.095984 ], [ -89.706883, 35.096179 ], [ -89.706902, 35.096215 ], [ -89.706923, 35.096269 ], [ -89.706943, 35.09634 ], [ -89.706948, 35.096397 ], [ -89.706957, 35.096419 ], [ -89.706989, 35.096435 ], [ -89.707075, 35.096431 ], [ -89.70719, 35.096422 ], [ -89.707231, 35.096432 ], [ -89.707264, 35.096459 ], [ -89.707291, 35.096493 ], [ -89.707318, 35.096519 ], [ -89.707363, 35.096553 ], [ -89.70744, 35.096602 ], [ -89.707469, 35.096629 ], [ -89.707492, 35.09666 ], [ -89.707498, 35.096672 ], [ -89.707592, 35.096746 ], [ -89.707679, 35.096791 ], [ -89.707774, 35.096886 ], [ -89.707795, 35.09691 ], [ -89.707831, 35.096962 ], [ -89.70784, 35.096981 ], [ -89.707846, 35.097009 ], [ -89.707849, 35.097036 ], [ -89.707852, 35.097117 ], [ -89.707854, 35.097228 ], [ -89.707844, 35.097268 ], [ -89.707741, 35.09741 ], [ -89.707707, 35.09744 ], [ -89.707667, 35.097458 ], [ -89.707637, 35.097489 ], [ -89.707629, 35.097499 ], [ -89.707614, 35.097534 ], [ -89.707616, 35.09756 ], [ -89.707628, 35.097601 ], [ -89.707643, 35.097639 ], [ -89.707658, 35.097668 ], [ -89.707668, 35.097682 ], [ -89.707726, 35.097726 ], [ -89.707769, 35.097752 ], [ -89.707796, 35.097772 ], [ -89.707816, 35.09778 ], [ -89.707887, 35.097805 ], [ -89.708011, 35.097837 ], [ -89.708056, 35.097847 ], [ -89.708119, 35.097848 ], [ -89.708209, 35.097845 ], [ -89.708226, 35.097843 ], [ -89.708238, 35.097834 ], [ -89.708244, 35.097815 ], [ -89.708266, 35.097797 ], [ -89.708298, 35.097794 ], [ -89.708332, 35.097794 ], [ -89.70837, 35.097808 ], [ -89.708506, 35.097858 ], [ -89.708571, 35.097916 ], [ -89.708643, 35.097975 ], [ -89.708684, 35.097974 ], [ -89.708746, 35.098009 ], [ -89.708764, 35.098044 ], [ -89.70883, 35.098166 ], [ -89.708863, 35.09827 ], [ -89.708878, 35.098415 ], [ -89.708909, 35.09855 ], [ -89.708918, 35.098601 ], [ -89.708961, 35.09866 ], [ -89.709077, 35.098739 ], [ -89.709102, 35.098742 ], [ -89.709239, 35.098711 ], [ -89.709256, 35.098717 ], [ -89.709334, 35.098772 ], [ -89.709489, 35.098841 ], [ -89.709607, 35.098902 ], [ -89.709657, 35.098912 ], [ -89.709726, 35.098916 ], [ -89.709814, 35.098907 ], [ -89.709843, 35.098886 ], [ -89.709861, 35.098844 ], [ -89.7099, 35.09879 ], [ -89.709916, 35.098756 ], [ -89.709919, 35.098704 ], [ -89.709916, 35.098655 ], [ -89.709888, 35.098558 ], [ -89.709752, 35.098376 ], [ -89.709661, 35.098286 ], [ -89.70957, 35.098163 ], [ -89.709518, 35.098045 ], [ -89.709425, 35.097837 ], [ -89.709212, 35.097634 ], [ -89.709126, 35.097556 ], [ -89.709076, 35.09746 ], [ -89.70905, 35.097346 ], [ -89.709038, 35.097243 ], [ -89.709061, 35.097129 ], [ -89.709107, 35.097052 ], [ -89.709193, 35.096907 ], [ -89.709234, 35.096727 ], [ -89.709286, 35.096614 ], [ -89.70934, 35.096525 ], [ -89.709404, 35.096464 ], [ -89.70949, 35.096421 ], [ -89.709578, 35.0964 ], [ -89.709667, 35.096385 ], [ -89.709919, 35.096345 ], [ -89.710082, 35.096323 ], [ -89.710234, 35.09633 ], [ -89.710321, 35.096331 ], [ -89.710402, 35.096312 ], [ -89.710568, 35.096274 ], [ -89.710635, 35.096268 ], [ -89.710716, 35.09627 ], [ -89.710751, 35.096286 ], [ -89.710846, 35.096304 ], [ -89.710925, 35.096327 ], [ -89.711, 35.096365 ], [ -89.711057, 35.096405 ], [ -89.711118, 35.096445 ], [ -89.711147, 35.096472 ], [ -89.71119, 35.096508 ], [ -89.711235, 35.096552 ], [ -89.711258, 35.09658 ], [ -89.711291, 35.096633 ], [ -89.711338, 35.096705 ], [ -89.711351, 35.096739 ], [ -89.711355, 35.096794 ], [ -89.711347, 35.096826 ], [ -89.711323, 35.096853 ], [ -89.711268, 35.0969 ], [ -89.711251, 35.096917 ], [ -89.711242, 35.096934 ], [ -89.71124, 35.096945 ], [ -89.711252, 35.096956 ], [ -89.711267, 35.096955 ], [ -89.711293, 35.096941 ], [ -89.711315, 35.096943 ], [ -89.71132, 35.096958 ], [ -89.711318, 35.096976 ], [ -89.711316, 35.097003 ], [ -89.711317, 35.097035 ], [ -89.711288, 35.097175 ], [ -89.71128, 35.097187 ], [ -89.711263, 35.097229 ], [ -89.711243, 35.097268 ], [ -89.711186, 35.097377 ], [ -89.711179, 35.097404 ], [ -89.711174, 35.09744 ], [ -89.711174, 35.097496 ], [ -89.711241, 35.097624 ], [ -89.711317, 35.097726 ], [ -89.711367, 35.097751 ], [ -89.711443, 35.097803 ], [ -89.711574, 35.097914 ], [ -89.711695, 35.098004 ], [ -89.711781, 35.098048 ], [ -89.711829, 35.098063 ], [ -89.711902, 35.098079 ], [ -89.711977, 35.098095 ], [ -89.712098, 35.098164 ], [ -89.712256, 35.098235 ], [ -89.712325, 35.098316 ], [ -89.712398, 35.098413 ], [ -89.712474, 35.098501 ], [ -89.712558, 35.098575 ], [ -89.712663, 35.098756 ], [ -89.71272, 35.09881 ], [ -89.712792, 35.098845 ], [ -89.712866, 35.098862 ], [ -89.712972, 35.09888 ], [ -89.713033, 35.098882 ], [ -89.713093, 35.098862 ], [ -89.713174, 35.098804 ], [ -89.713223, 35.09873 ], [ -89.713246, 35.098652 ], [ -89.71326, 35.098556 ], [ -89.713257, 35.098451 ], [ -89.713278, 35.098384 ], [ -89.713295, 35.098329 ], [ -89.713363, 35.098247 ], [ -89.713386, 35.098234 ], [ -89.713485, 35.098241 ], [ -89.713529, 35.09822 ], [ -89.713585, 35.098207 ], [ -89.713636, 35.098208 ], [ -89.713748, 35.098261 ], [ -89.713853, 35.09833 ], [ -89.71389, 35.098369 ], [ -89.713939, 35.098457 ], [ -89.713952, 35.098499 ], [ -89.713963, 35.098576 ], [ -89.71395, 35.098719 ], [ -89.713932, 35.098802 ], [ -89.713909, 35.098901 ], [ -89.713903, 35.098998 ], [ -89.713916, 35.099108 ], [ -89.713882, 35.099204 ], [ -89.713839, 35.099283 ], [ -89.713741, 35.09934 ], [ -89.713722, 35.099369 ], [ -89.713705, 35.099411 ], [ -89.713684, 35.09944 ], [ -89.713538, 35.0996 ], [ -89.713434, 35.099692 ], [ -89.713382, 35.099749 ], [ -89.713318, 35.099806 ], [ -89.713233, 35.099849 ], [ -89.713168, 35.099906 ], [ -89.713146, 35.099975 ], [ -89.713143, 35.100049 ], [ -89.713191, 35.100108 ], [ -89.713203, 35.100143 ], [ -89.71325, 35.100246 ], [ -89.713295, 35.100278 ], [ -89.713333, 35.100309 ], [ -89.713427, 35.100395 ], [ -89.713494, 35.100445 ], [ -89.713578, 35.100473 ], [ -89.713666, 35.100503 ], [ -89.713698, 35.100527 ], [ -89.713718, 35.100554 ], [ -89.71374, 35.100588 ], [ -89.713752, 35.100657 ], [ -89.713752, 35.10071 ], [ -89.713747, 35.1008 ], [ -89.713737, 35.100847 ], [ -89.713704, 35.100932 ], [ -89.713632, 35.101086 ], [ -89.713581, 35.101181 ], [ -89.713524, 35.10127 ], [ -89.713521, 35.101308 ], [ -89.713488, 35.101367 ], [ -89.713448, 35.101424 ], [ -89.713314, 35.101545 ], [ -89.713166, 35.101658 ], [ -89.713107, 35.101714 ], [ -89.713046, 35.101833 ], [ -89.713004, 35.101885 ], [ -89.712986, 35.101935 ], [ -89.712955, 35.102077 ], [ -89.712942, 35.102204 ], [ -89.712948, 35.102301 ], [ -89.712984, 35.102453 ], [ -89.713033, 35.102539 ], [ -89.713095, 35.10263 ], [ -89.713122, 35.102697 ], [ -89.713149, 35.102752 ], [ -89.713162, 35.102793 ], [ -89.713188, 35.102825 ], [ -89.713311, 35.102905 ], [ -89.713514, 35.10305 ], [ -89.713646, 35.103088 ], [ -89.713788, 35.103092 ], [ -89.71395, 35.103158 ], [ -89.71404, 35.103174 ], [ -89.714118, 35.103166 ], [ -89.714319, 35.103082 ], [ -89.7145, 35.102951 ], [ -89.714686, 35.102721 ], [ -89.714724, 35.1026 ], [ -89.714736, 35.102461 ], [ -89.714798, 35.102249 ], [ -89.714854, 35.102183 ], [ -89.714917, 35.102138 ], [ -89.714963, 35.102097 ], [ -89.715002, 35.10204 ], [ -89.715026, 35.101976 ], [ -89.715101, 35.101909 ], [ -89.71513, 35.10189 ], [ -89.715166, 35.101854 ], [ -89.715122, 35.10181 ], [ -89.715073, 35.101771 ], [ -89.715081, 35.101758 ], [ -89.715105, 35.10176 ], [ -89.71513, 35.101771 ], [ -89.715161, 35.101796 ], [ -89.715194, 35.101834 ], [ -89.715214, 35.10184 ], [ -89.715325, 35.101814 ], [ -89.715415, 35.10179 ], [ -89.715528, 35.101765 ], [ -89.715687, 35.101762 ], [ -89.715833, 35.101761 ], [ -89.715882, 35.101765 ], [ -89.716067, 35.101832 ], [ -89.716286, 35.101897 ], [ -89.71644, 35.101956 ], [ -89.716596, 35.102035 ], [ -89.716714, 35.102119 ], [ -89.716775, 35.102167 ], [ -89.716824, 35.102224 ], [ -89.716867, 35.102325 ], [ -89.716891, 35.10234 ], [ -89.716895, 35.102285 ], [ -89.716886, 35.10226 ], [ -89.716883, 35.10223 ], [ -89.716895, 35.10222 ], [ -89.716921, 35.102305 ], [ -89.716946, 35.10236 ], [ -89.716978, 35.102409 ], [ -89.717006, 35.102466 ], [ -89.71706, 35.10263 ], [ -89.717161, 35.102792 ], [ -89.717232, 35.102949 ], [ -89.717379, 35.103081 ], [ -89.717581, 35.103219 ], [ -89.717727, 35.103301 ], [ -89.71798, 35.10337 ], [ -89.718181, 35.103394 ], [ -89.71837, 35.103354 ], [ -89.718585, 35.103327 ], [ -89.718813, 35.103269 ], [ -89.718963, 35.103212 ], [ -89.71955, 35.103001 ], [ -89.719812, 35.10287 ], [ -89.719956, 35.10282 ], [ -89.719999, 35.102819 ], [ -89.720028, 35.102848 ], [ -89.720277, 35.102833 ], [ -89.720597, 35.102818 ], [ -89.720874, 35.102827 ], [ -89.721127, 35.102804 ], [ -89.721302, 35.102801 ], [ -89.721469, 35.102829 ], [ -89.721665, 35.102861 ], [ -89.72196, 35.102922 ], [ -89.722171, 35.102996 ], [ -89.722512, 35.103128 ], [ -89.722777, 35.103257 ], [ -89.722872, 35.103322 ], [ -89.722981, 35.103407 ], [ -89.723079, 35.103521 ], [ -89.723151, 35.1036 ], [ -89.723256, 35.103794 ], [ -89.72332, 35.103909 ], [ -89.723348, 35.104045 ], [ -89.723391, 35.10433 ], [ -89.723462, 35.104601 ], [ -89.723465, 35.104708 ], [ -89.72346, 35.104829 ], [ -89.723467, 35.10503 ], [ -89.723495, 35.105129 ], [ -89.723617, 35.105285 ], [ -89.723792, 35.10543 ], [ -89.723887, 35.105491 ], [ -89.724001, 35.105556 ], [ -89.724071, 35.10559 ], [ -89.72412, 35.105603 ], [ -89.72415, 35.105605 ], [ -89.724226, 35.105605 ], [ -89.724261, 35.105603 ], [ -89.724323, 35.105594 ], [ -89.724361, 35.105585 ], [ -89.724474, 35.105541 ], [ -89.72462, 35.105478 ], [ -89.72477, 35.105408 ], [ -89.724906, 35.105353 ], [ -89.725014, 35.105318 ], [ -89.725113, 35.105294 ], [ -89.725228, 35.105276 ], [ -89.7253, 35.105269 ], [ -89.725495, 35.105252 ], [ -89.725665, 35.105248 ], [ -89.725825, 35.105244 ], [ -89.725901, 35.105235 ], [ -89.726113, 35.105271 ], [ -89.726225, 35.105301 ], [ -89.72632, 35.105339 ], [ -89.726381, 35.105357 ], [ -89.726483, 35.105412 ], [ -89.726506, 35.105425 ], [ -89.726593, 35.105505 ], [ -89.72668, 35.105601 ], [ -89.726757, 35.105696 ], [ -89.726904, 35.1059 ], [ -89.726948, 35.105986 ], [ -89.726961, 35.106018 ], [ -89.726969, 35.106065 ], [ -89.726976, 35.106117 ], [ -89.727027, 35.106192 ], [ -89.727077, 35.106365 ], [ -89.727131, 35.106458 ], [ -89.727152, 35.106526 ], [ -89.727188, 35.10665 ], [ -89.727205, 35.106675 ], [ -89.727263, 35.106714 ], [ -89.727347, 35.106754 ], [ -89.727604, 35.10685 ], [ -89.727728, 35.106886 ], [ -89.727781, 35.106871 ], [ -89.727874, 35.106844 ], [ -89.728033, 35.106794 ], [ -89.72816, 35.106743 ], [ -89.728278, 35.106681 ], [ -89.728362, 35.106625 ], [ -89.728443, 35.106571 ], [ -89.72861, 35.106488 ], [ -89.728763, 35.106389 ], [ -89.729244, 35.106067 ], [ -89.729602, 35.105847 ], [ -89.729813, 35.105703 ], [ -89.729982, 35.105557 ], [ -89.730132, 35.105397 ], [ -89.730199, 35.105312 ], [ -89.73024, 35.105273 ], [ -89.730283, 35.105239 ], [ -89.730346, 35.1052 ], [ -89.730397, 35.105176 ], [ -89.730444, 35.105158 ], [ -89.730533, 35.105135 ], [ -89.730582, 35.105128 ], [ -89.730646, 35.105132 ], [ -89.730731, 35.105126 ], [ -89.730798, 35.105136 ], [ -89.730856, 35.105151 ], [ -89.730923, 35.105175 ], [ -89.730982, 35.105203 ], [ -89.731035, 35.105236 ], [ -89.731386, 35.105512 ], [ -89.731539, 35.105631 ], [ -89.731534, 35.105522 ], [ -89.731514, 35.105225 ], [ -89.731412, 35.104633 ], [ -89.731228, 35.103408 ], [ -89.730853, 35.100903 ], [ -89.730826, 35.100725 ], [ -89.730678, 35.099733 ], [ -89.73051, 35.098607 ], [ -89.730502, 35.098556 ], [ -89.730495, 35.098509 ], [ -89.730392, 35.097845 ], [ -89.730318, 35.097365 ], [ -89.730288, 35.097332 ], [ -89.730081, 35.096263 ], [ -89.730021, 35.095871 ], [ -89.729941, 35.095335 ], [ -89.729929, 35.095271 ], [ -89.729919, 35.095208 ], [ -89.729912, 35.095162 ], [ -89.729855, 35.094775 ], [ -89.729787, 35.09431 ], [ -89.729666, 35.093478 ], [ -89.729604, 35.093046 ], [ -89.729586, 35.092824 ], [ -89.729562, 35.092505 ], [ -89.729595, 35.092448 ], [ -89.729565, 35.09217 ], [ -89.729552, 35.092047 ], [ -89.729547, 35.09195 ], [ -89.729545, 35.091844 ], [ -89.729541, 35.091602 ], [ -89.729542, 35.091529 ], [ -89.729545, 35.091425 ], [ -89.729552, 35.091194 ], [ -89.729575, 35.090504 ], [ -89.729583, 35.090274 ], [ -89.729605, 35.089747 ], [ -89.729624, 35.089297 ], [ -89.729629, 35.089175 ], [ -89.729649, 35.088699 ], [ -89.729673, 35.088166 ], [ -89.729687, 35.087639 ], [ -89.729709, 35.086914 ], [ -89.72971, 35.086852 ], [ -89.729719, 35.086418 ], [ -89.729752, 35.084882 ], [ -89.729764, 35.084492 ], [ -89.729773, 35.084246 ], [ -89.729781, 35.084003 ], [ -89.729792, 35.08391 ], [ -89.729819, 35.083708 ], [ -89.729824, 35.083639 ], [ -89.729941, 35.082652 ], [ -89.72999, 35.081629 ], [ -89.72999, 35.080806 ], [ -89.729963, 35.079874 ], [ -89.729958, 35.078968 ], [ -89.729982, 35.077989 ], [ -89.730002, 35.077539 ], [ -89.730043, 35.076429 ], [ -89.730043, 35.076392 ], [ -89.730044, 35.076348 ], [ -89.730052, 35.07614 ], [ -89.730078, 35.075517 ], [ -89.730087, 35.07531 ], [ -89.730088, 35.075276 ], [ -89.730094, 35.075097 ], [ -89.730098, 35.074983 ], [ -89.730113, 35.074458 ], [ -89.73012, 35.074246 ], [ -89.730121, 35.074186 ], [ -89.73007, 35.074097 ], [ -89.73008, 35.073367 ], [ -89.730086, 35.072968 ], [ -89.730116, 35.072235 ], [ -89.730165, 35.071796 ], [ -89.730304, 35.070703 ], [ -89.730367, 35.070209 ], [ -89.7304, 35.069817 ], [ -89.730405, 35.069756 ], [ -89.73053, 35.068742 ], [ -89.730611, 35.068331 ], [ -89.730708, 35.068031 ], [ -89.730867, 35.06766 ], [ -89.7312, 35.06709 ], [ -89.731616, 35.066374 ], [ -89.731636, 35.06634 ], [ -89.731813, 35.065961 ], [ -89.731937, 35.065582 ], [ -89.731971, 35.065444 ], [ -89.732003, 35.065282 ], [ -89.732008, 35.065226 ], [ -89.732039, 35.064897 ], [ -89.73206, 35.063789 ], [ -89.732067, 35.06336 ], [ -89.732102, 35.061519 ], [ -89.732154, 35.05877 ], [ -89.732191, 35.056781 ], [ -89.732205, 35.05609 ], [ -89.732207, 35.055999 ], [ -89.732219, 35.055477 ], [ -89.732223, 35.055322 ], [ -89.732237, 35.054796 ], [ -89.732303, 35.054153 ], [ -89.732391, 35.053546 ], [ -89.732434, 35.053111 ], [ -89.732474, 35.052272 ], [ -89.732487, 35.051867 ], [ -89.732473, 35.051727 ], [ -89.732463, 35.051628 ], [ -89.732462, 35.051607 ], [ -89.732461, 35.051587 ], [ -89.732455, 35.051466 ], [ -89.732453, 35.051426 ], [ -89.732454, 35.051323 ], [ -89.73246, 35.051037 ], [ -89.73246, 35.051017 ], [ -89.732464, 35.050916 ], [ -89.732485, 35.050158 ], [ -89.732497, 35.049766 ], [ -89.732529, 35.04842 ], [ -89.732542, 35.047884 ], [ -89.732551, 35.047524 ], [ -89.732548, 35.047313 ], [ -89.732546, 35.047127 ], [ -89.732709, 35.047123 ], [ -89.732663, 35.048423 ], [ -89.732632, 35.049771 ], [ -89.732612, 35.050961 ], [ -89.732611, 35.051048 ], [ -89.732609, 35.051136 ], [ -89.732602, 35.051468 ], [ -89.732598, 35.051604 ], [ -89.732597, 35.051642 ], [ -89.732647, 35.05166 ], [ -89.732955, 35.05177 ], [ -89.733042, 35.051799 ], [ -89.733099, 35.05182 ], [ -89.733202, 35.051854 ], [ -89.733387, 35.051913 ], [ -89.733704, 35.05204 ], [ -89.73429, 35.052265 ], [ -89.734326, 35.052281 ], [ -89.734689, 35.052436 ], [ -89.735078, 35.052619 ], [ -89.735441, 35.052802 ], [ -89.736095, 35.053172 ], [ -89.736654, 35.053528 ], [ -89.736829, 35.053654 ], [ -89.737219, 35.053938 ], [ -89.737599, 35.054239 ], [ -89.737605, 35.054215 ], [ -89.737636, 35.054093 ], [ -89.738021, 35.05441 ], [ -89.73836, 35.054689 ], [ -89.738379, 35.054627 ], [ -89.738537, 35.054119 ], [ -89.7388, 35.053273 ], [ -89.739827, 35.049982 ], [ -89.739855, 35.048931 ], [ -89.739895, 35.047433 ], [ -89.739895, 35.047388 ], [ -89.739895, 35.047256 ], [ -89.739896, 35.047213 ], [ -89.739901, 35.047057 ], [ -89.741155, 35.047096 ], [ -89.742167, 35.047088 ], [ -89.742145, 35.04607 ], [ -89.743319, 35.046048 ], [ -89.743742, 35.044542 ], [ -89.742121, 35.040239 ], [ -89.741823, 35.040238 ], [ -89.741807, 35.032938 ], [ -89.741807, 35.03269 ], [ -89.741799, 35.028783 ], [ -89.741799, 35.028698 ], [ -89.742104, 35.028665 ], [ -89.742102, 35.026478 ], [ -89.742068, 35.026162 ], [ -89.742797, 35.02636 ], [ -89.743567, 35.026554 ], [ -89.74444, 35.02675 ], [ -89.745506, 35.026954 ], [ -89.746237, 35.027069 ], [ -89.7468, 35.027149 ], [ -89.74752, 35.027231 ], [ -89.74811, 35.027283 ], [ -89.748643, 35.027329 ], [ -89.74966, 35.027379 ], [ -89.753526, 35.027463 ], [ -89.758475, 35.027569 ], [ -89.759514, 35.027588 ], [ -89.759572, 35.027589 ], [ -89.759659, 35.027591 ] ] ] } },
{ "type": "Feature", "properties": { "GEOID": "38028", "ZCTA5": "38028", "AREALAND": 153140739 }, "geometry": { "type": "Polygon", "coordinates": [ [ [ -89.736561, 35.11647 ], [ -89.736562, 35.116301 ], [ -89.736554, 35.116147 ], [ -89.736528, 35.116007 ], [ -89.736444, 35.11574 ], [ -89.736397, 35.115626 ], [ -89.73632, 35.115483 ], [ -89.736226, 35.115342 ], [ -89.736132, 35.115221 ], [ -89.736051, 35.11513 ], [ -89.735965, 35.115043 ], [ -89.735837, 35.114933 ], [ -89.735358, 35.114529 ], [ -89.734747, 35.114012 ], [ -89.734192, 35.113544 ], [ -89.733555, 35.113023 ], [ -89.733334, 35.112835 ], [ -89.733124, 35.112654 ], [ -89.732935, 35.112484 ], [ -89.732803, 35.112355 ], [ -89.732672, 35.112219 ], [ -89.732521, 35.112039 ], [ -89.732381, 35.111868 ], [ -89.732266, 35.111714 ], [ -89.73214, 35.111534 ], [ -89.732061, 35.111408 ], [ -89.731976, 35.111267 ], [ -89.731888, 35.111108 ], [ -89.731809, 35.110929 ], [ -89.731676, 35.110606 ], [ -89.73155, 35.110242 ], [ -89.731497, 35.110028 ], [ -89.731451, 35.10979 ], [ -89.731375, 35.109096 ], [ -89.731458, 35.107573 ], [ -89.731527, 35.106216 ], [ -89.731547, 35.105786 ], [ -89.731539, 35.105631 ], [ -89.731386, 35.105512 ], [ -89.731035, 35.105236 ], [ -89.730982, 35.105203 ], [ -89.730923, 35.105175 ], [ -89.730856, 35.105151 ], [ -89.730798, 35.105136 ], [ -89.730731, 35.105126 ], [ -89.730646, 35.105132 ], [ -89.730582, 35.105128 ], [ -89.730533, 35.105135 ], [ -89.730444, 35.105158 ], [ -89.730397, 35.105176 ], [ -89.730346, 35.1052 ], [ -89.730283, 35.105239 ], [ -89.73024, 35.105273 ], [ -89.730199, 35.105312 ], [ -89.730132, 35.105397 ], [ -89.729982, 35.105557 ], [ -89.729813, 35.105703 ], [ -89.729602, 35.105847 ], [ -89.729244, 35.106067 ], [ -89.728763, 35.106389 ], [ -89.72861, 35.106488 ], [ -89.728443, 35.106571 ], [ -89.728362, 35.106625 ], [ -89.728278, 35.106681 ], [ -89.72816, 35.106743 ], [ -89.728033, 35.106794 ], [ -89.727874, 35.106844 ], [ -89.727781, 35.106871 ], [ -89.727728, 35.106886 ], [ -89.727604, 35.10685 ], [ -89.727347, 35.106754 ], [ -89.727263, 35.106714 ], [ -89.727205, 35.106675 ], [ -89.727188, 35.10665 ], [ -89.727152, 35.106526 ], [ -89.727131, 35.106458 ], [ -89.727077, 35.106365 ], [ -89.727027, 35.106192 ], [ -89.726976, 35.106117 ], [ -89.726969, 35.106065 ], [ -89.726961, 35.106018 ], [ -89.726948, 35.105986 ], [ -89.726904, 35.1059 ], [ -89.726757, 35.105696 ], [ -89.72668, 35.105601 ], [ -89.726593, 35.105505 ], [ -89.726506, 35.105425 ], [ -89.726483, 35.105412 ], [ -89.726381, 35.105357 ], [ -89.72632, 35.105339 ], [ -89.726225, 35.105301 ], [ -89.726113, 35.105271 ], [ -89.725901, 35.105235 ], [ -89.725825, 35.105244 ], [ -89.725665, 35.105248 ], [ -89.725495, 35.105252 ], [ -89.7253, 35.105269 ], [ -89.725228, 35.105276 ], [ -89.725113, 35.105294 ], [ -89.725014, 35.105318 ], [ -89.724906, 35.105353 ], [ -89.72477, 35.105408 ], [ -89.72462, 35.105478 ], [ -89.724474, 35.105541 ], [ -89.724361, 35.105585 ], [ -89.724323, 35.105594 ], [ -89.724261, 35.105603 ], [ -89.724226, 35.105605 ], [ -89.72415, 35.105605 ], [ -89.72412, 35.105603 ], [ -89.724071, 35.10559 ], [ -89.724001, 35.105556 ], [ -89.723887, 35.105491 ], [ -89.723792, 35.10543 ], [ -89.723617, 35.105285 ], [ -89.723495, 35.105129 ], [ -89.723467, 35.10503 ], [ -89.72346, 35.104829 ], [ -89.723465, 35.104708 ], [ -89.723462, 35.104601 ], [ -89.723391, 35.10433 ], [ -89.723348, 35.104045 ], [ -89.72332, 35.103909 ], [ -89.723256, 35.103794 ], [ -89.723151, 35.1036 ], [ -89.723079, 35.103521 ], [ -89.722981, 35.103407 ], [ -89.722872, 35.103322 ], [ -89.722777, 35.103257 ], [ -89.722512, 35.103128 ], [ -89.722171, 35.102996 ], [ -89.72196, 35.102922 ], [ -89.721665, 35.102861 ], [ -89.721469, 35.102829 ], [ -89.721302, 35.102801 ], [ -89.721127, 35.102804 ], [ -89.720874, 35.102827 ], [ -89.720597, 35.102818 ], [ -89.720277, 35.102833 ], [ -89.720028, 35.102848 ], [ -89.719999, 35.102819 ], [ -89.719956, 35.10282 ], [ -89.719812, 35.10287 ], [ -89.71955, 35.103001 ], [ -89.718963, 35.103212 ], [ -89.718813, 35.103269 ], [ -89.718585, 35.103327 ], [ -89.71837, 35.103354 ], [ -89.718181, 35.103394 ], [ -89.71798, 35.10337 ], [ -89.717727, 35.103301 ], [ -89.717581, 35.103219 ], [ -89.717379, 35.103081 ], [ -89.717232, 35.102949 ], [ -89.717161, 35.102792 ], [ -89.71706, 35.10263 ], [ -89.717006, 35.102466 ], [ -89.716978, 35.102409 ], [ -89.716946, 35.10236 ], [ -89.716921, 35.102305 ], [ -89.716895, 35.10222 ], [ -89.716883, 35.10223 ], [ -89.716886, 35.10226 ], [ -89.716895, 35.102285 ], [ -89.716891, 35.10234 ], [ -89.716867, 35.102325 ], [ -89.716824, 35.102224 ], [ -89.716775, 35.102167 ], [ -89.716714, 35.102119 ], [ -89.716596, 35.102035 ], [ -89.71644, 35.101956 ], [ -89.716286, 35.101897 ], [ -89.716067, 35.101832 ], [ -89.715882, 35.101765 ], [ -89.715833, 35.101761 ], [ -89.715687, 35.101762 ], [ -89.715528, 35.101765 ], [ -89.715415, 35.10179 ], [ -89.715325, 35.101814 ], [ -89.715214, 35.10184 ], [ -89.715194, 35.101834 ], [ -89.715161, 35.101796 ], [ -89.71513, 35.101771 ], [ -89.715105, 35.10176 ], [ -89.715081, 35.101758 ], [ -89.715073, 35.101771 ], [ -89.715122, 35.10181 ], [ -89.715166, 35.101854 ], [ -89.71513, 35.10189 ], [ -89.715101, 35.101909 ], [ -89.715026, 35.101976 ], [ -89.715002, 35.10204 ], [ -89.714963, 35.102097 ], [ -89.714917, 35.102138 ], [ -89.714854, 35.102183 ], [ -89.714798, 35.102249 ], [ -89.714736, 35.102461 ], [ -89.714724, 35.1026 ], [ -89.714686, 35.102721 ], [ -89.7145, 35.102951 ], [ -89.714319, 35.103082 ], [ -89.714118, 35.103166 ], [ -89.71404, 35.103174 ], [ -89.71395, 35.103158 ], [ -89.713788, 35.103092 ], [ -89.713646, 35.103088 ], [ -89.713514, 35.10305 ], [ -89.713311, 35.102905 ], [ -89.713188, 35.102825 ], [ -89.713162, 35.102793 ], [ -89.713149, 35.102752 ], [ -89.713122, 35.102697 ], [ -89.713095, 35.10263 ], [ -89.713033, 35.102539 ], [ -89.712984, 35.102453 ], [ -89.712948, 35.102301 ], [ -89.712942, 35.102204 ], [ -89.712955, 35.102077 ], [ -89.712986, 35.101935 ], [ -89.713004, 35.101885 ], [ -89.713046, 35.101833 ], [ -89.713107, 35.101714 ], [ -89.713166, 35.101658 ], [ -89.713314, 35.101545 ], [ -89.713448, 35.101424 ], [ -89.713488, 35.101367 ], [ -89.713521, 35.101308 ], [ -89.713524, 35.10127 ], [ -89.713581, 35.101181 ], [ -89.713632, 35.101086 ], [ -89.713704, 35.100932 ], [ -89.713737, 35.100847 ], [ -89.713747, 35.1008 ], [ -89.713752, 35.10071 ], [ -89.713752, 35.100657 ], [ -89.71374, 35.100588 ], [ -89.713718, 35.100554 ], [ -89.713698, 35.100527 ], [ -89.713666, 35.100503 ], [ -89.713578, 35.100473 ], [ -89.713494, 35.100445 ], [ -89.713427, 35.100395 ], [ -89.713333, 35.100309 ], [ -89.713295, 35.100278 ], [ -89.71325, 35.100246 ], [ -89.713203, 35.100143 ], [ -89.713191, 35.100108 ], [ -89.713143, 35.100049 ], [ -89.713146, 35.099975 ], [ -89.713168, 35.099906 ], [ -89.713233, 35.099849 ], [ -89.713318, 35.099806 ], [ -89.713382, 35.099749 ], [ -89.713434, 35.099692 ], [ -89.713538, 35.0996 ], [ -89.713684, 35.09944 ], [ -89.713705, 35.099411 ], [ -89.713722, 35.099369 ], [ -89.713741, 35.09934 ], [ -89.713839, 35.099283 ], [ -89.713882, 35.099204 ], [ -89.713916, 35.099108 ], [ -89.713903, 35.098998 ], [ -89.713909, 35.098901 ], [ -89.713932, 35.098802 ], [ -89.71395, 35.098719 ], [ -89.713963, 35.098576 ], [ -89.713952, 35.098499 ], [ -89.713939, 35.098457 ], [ -89.71389, 35.098369 ], [ -89.713853, 35.09833 ], [ -89.713748, 35.098261 ], [ -89.713636, 35.098208 ], [ -89.713585, 35.098207 ], [ -89.713529, 35.09822 ], [ -89.713485, 35.098241 ], [ -89.713386, 35.098234 ], [ -89.713363, 35.098247 ], [ -89.713295, 35.098329 ], [ -89.713278, 35.098384 ], [ -89.713257, 35.098451 ], [ -89.71326, 35.098556 ], [ -89.713246, 35.098652 ], [ -89.713223, 35.09873 ], [ -89.713174, 35.098804 ], [ -89.713093, 35.098862 ], [ -89.713033, 35.098882 ], [ -89.712972, 35.09888 ], [ -89.712866, 35.098862 ], [ -89.712792, 35.098845 ], [ -89.71272, 35.09881 ], [ -89.712663, 35.098756 ], [ -89.712558, 35.098575 ], [ -89.712474, 35.098501 ], [ -89.712398, 35.098413 ], [ -89.712325, 35.098316 ], [ -89.712256, 35.098235 ], [ -89.712098, 35.098164 ], [ -89.711977, 35.098095 ], [ -89.711902, 35.098079 ], [ -89.711829, 35.098063 ], [ -89.711781, 35.098048 ], [ -89.711695, 35.098004 ], [ -89.711574, 35.097914 ], [ -89.711443, 35.097803 ], [ -89.711367, 35.097751 ], [ -89.711317, 35.097726 ], [ -89.711241, 35.097624 ], [ -89.711174, 35.097496 ], [ -89.711174, 35.09744 ], [ -89.711179, 35.097404 ], [ -89.711186, 35.097377 ], [ -89.711243, 35.097268 ], [ -89.711263, 35.097229 ], [ -89.71128, 35.097187 ], [ -89.711288, 35.097175 ], [ -89.711317, 35.097035 ], [ -89.711316, 35.097003 ], [ -89.711318, 35.096976 ], [ -89.71132, 35.096958 ], [ -89.711315, 35.096943 ], [ -89.711293, 35.096941 ], [ -89.711267, 35.096955 ], [ -89.711252, 35.096956 ], [ -89.71124, 35.096945 ], [ -89.711242, 35.096934 ], [ -89.711251, 35.096917 ], [ -89.711268, 35.0969 ], [ -89.711323, 35.096853 ], [ -89.711347, 35.096826 ], [ -89.711355, 35.096794 ], [ -89.711351, 35.096739 ], [ -89.711338, 35.096705 ], [ -89.711291, 35.096633 ], [ -89.711258, 35.09658 ], [ -89.711235, 35.096552 ], [ -89.71119, 35.096508 ], [ -89.711147, 35.096472 ], [ -89.711118, 35.096445 ], [ -89.711057, 35.096405 ], [ -89.711, 35.096365 ], [ -89.710925, 35.096327 ], [ -89.710846, 35.096304 ], [ -89.710751, 35.096286 ], [ -89.710716, 35.09627 ], [ -89.710635, 35.096268 ], [ -89.710568, 35.096274 ], [ -89.710402, 35.096312 ], [ -89.710321, 35.096331 ], [ -89.710234, 35.09633 ], [ -89.710082, 35.096323 ], [ -89.709919, 35.096345 ], [ -89.709667, 35.096385 ], [ -89.709578, 35.0964 ], [ -89.70949, 35.096421 ], [ -89.709404, 35.096464 ], [ -89.70934, 35.096525 ], [ -89.709286, 35.096614 ], [ -89.709234, 35.096727 ], [ -89.709193, 35.096907 ], [ -89.709107, 35.097052 ], [ -89.709061, 35.097129 ], [ -89.709038, 35.097243 ], [ -89.70905, 35.097346 ], [ -89.709076, 35.09746 ], [ -89.709126, 35.097556 ], [ -89.709212, 35.097634 ], [ -89.709425, 35.097837 ], [ -89.709518, 35.098045 ], [ -89.70957, 35.098163 ], [ -89.709661, 35.098286 ], [ -89.709752, 35.098376 ], [ -89.709888, 35.098558 ], [ -89.709916, 35.098655 ], [ -89.709919, 35.098704 ], [ -89.709916, 35.098756 ], [ -89.7099, 35.09879 ], [ -89.709861, 35.098844 ], [ -89.709843, 35.098886 ], [ -89.709814, 35.098907 ], [ -89.709726, 35.098916 ], [ -89.709657, 35.098912 ], [ -89.709607, 35.098902 ], [ -89.709489, 35.098841 ], [ -89.709334, 35.098772 ], [ -89.709256, 35.098717 ], [ -89.709239, 35.098711 ], [ -89.709102, 35.098742 ], [ -89.709077, 35.098739 ], [ -89.708961, 35.09866 ], [ -89.708918, 35.098601 ], [ -89.708909, 35.09855 ], [ -89.708878, 35.098415 ], [ -89.708863, 35.09827 ], [ -89.70883, 35.098166 ], [ -89.708764, 35.098044 ], [ -89.708746, 35.098009 ], [ -89.708684, 35.097974 ], [ -89.708643, 35.097975 ], [ -89.708571, 35.097916 ], [ -89.708506, 35.097858 ], [ -89.70837, 35.097808 ], [ -89.708332, 35.097794 ], [ -89.708298, 35.097794 ], [ -89.708266, 35.097797 ], [ -89.708244, 35.097815 ], [ -89.708238, 35.097834 ], [ -89.708226, 35.097843 ], [ -89.708209, 35.097845 ], [ -89.708119, 35.097848 ], [ -89.708056, 35.097847 ], [ -89.708011, 35.097837 ], [ -89.707887, 35.097805 ], [ -89.707816, 35.09778 ], [ -89.707796, 35.097772 ], [ -89.707769, 35.097752 ], [ -89.707726, 35.097726 ], [ -89.707668, 35.097682 ], [ -89.707658, 35.097668 ], [ -89.707643, 35.097639 ], [ -89.707628, 35.097601 ], [ -89.707616, 35.09756 ], [ -89.707614, 35.097534 ], [ -89.707629, 35.097499 ], [ -89.707637, 35.097489 ], [ -89.707667, 35.097458 ], [ -89.707707, 35.09744 ], [ -89.707741, 35.09741 ], [ -89.707844, 35.097268 ], [ -89.707854, 35.097228 ], [ -89.707852, 35.097117 ], [ -89.707849, 35.097036 ], [ -89.707846, 35.097009 ], [ -89.70784, 35.096981 ], [ -89.707831, 35.096962 ], [ -89.707795, 35.09691 ], [ -89.707774, 35.096886 ], [ -89.707679, 35.096791 ], [ -89.707592, 35.096746 ], [ -89.707498, 35.096672 ], [ -89.707492, 35.09666 ], [ -89.707469, 35.096629 ], [ -89.70744, 35.096602 ], [ -89.707363, 35.096553 ], [ -89.707318, 35.096519 ], [ -89.707291, 35.096493 ], [ -89.707264, 35.096459 ], [ -89.707231, 35.096432 ], [ -89.70719, 35.096422 ], [ -89.707075, 35.096431 ], [ -89.706989, 35.096435 ], [ -89.706957, 35.096419 ], [ -89.706948, 35.096397 ], [ -89.706943, 35.09634 ], [ -89.706923, 35.096269 ], [ -89.706902, 35.096215 ], [ -89.706883, 35.096179 ], [ -89.706642, 35.095984 ], [ -89.706448, 35.09587 ], [ -89.706344, 35.095867 ], [ -89.706237, 35.095897 ], [ -89.706169, 35.095868 ], [ -89.706137, 35.095828 ], [ -89.706108, 35.095773 ], [ -89.70609, 35.095744 ], [ -89.706051, 35.095723 ], [ -89.706009, 35.095715 ], [ -89.705987, 35.095713 ], [ -89.705957, 35.095724 ], [ -89.705916, 35.095775 ], [ -89.705886, 35.095818 ], [ -89.705814, 35.096148 ], [ -89.705815, 35.096183 ], [ -89.705812, 35.096218 ], [ -89.705806, 35.096264 ], [ -89.705793, 35.096309 ], [ -89.705736, 35.096543 ], [ -89.705727, 35.096614 ], [ -89.705691, 35.096672 ], [ -89.705662, 35.096706 ], [ -89.705617, 35.096731 ], [ -89.705556, 35.096766 ], [ -89.705476, 35.096808 ], [ -89.705426, 35.096828 ], [ -89.705229, 35.096866 ], [ -89.705107, 35.096875 ], [ -89.704922, 35.096871 ], [ -89.704885, 35.096866 ], [ -89.704843, 35.096838 ], [ -89.704808, 35.096758 ], [ -89.70461, 35.096588 ], [ -89.704414, 35.096348 ], [ -89.704366, 35.096292 ], [ -89.704309, 35.096249 ], [ -89.704154, 35.096147 ], [ -89.703937, 35.09594 ], [ -89.703813, 35.095795 ], [ -89.703729, 35.095631 ], [ -89.703708, 35.095583 ], [ -89.70371, 35.095523 ], [ -89.703762, 35.095413 ], [ -89.70389, 35.095156 ], [ -89.703976, 35.094991 ], [ -89.703999, 35.094922 ], [ -89.70401, 35.094857 ], [ -89.704009, 35.094798 ], [ -89.703991, 35.09473 ], [ -89.703946, 35.094666 ], [ -89.703838, 35.094529 ], [ -89.703783, 35.094471 ], [ -89.703692, 35.094415 ], [ -89.703614, 35.0944 ], [ -89.70356, 35.094403 ], [ -89.703518, 35.094392 ], [ -89.703444, 35.094354 ], [ -89.703322, 35.094289 ], [ -89.703251, 35.094265 ], [ -89.703185, 35.094264 ], [ -89.703095, 35.094278 ], [ -89.70302, 35.094339 ], [ -89.70298, 35.094362 ], [ -89.702806, 35.094485 ], [ -89.702744, 35.094558 ], [ -89.702674, 35.09467 ], [ -89.702636, 35.094725 ], [ -89.702609, 35.094835 ], [ -89.702598, 35.094909 ], [ -89.702586, 35.094974 ], [ -89.702607, 35.095118 ], [ -89.702627, 35.095152 ], [ -89.70265, 35.095192 ], [ -89.702681, 35.095237 ], [ -89.702826, 35.095397 ], [ -89.702863, 35.095431 ], [ -89.702885, 35.095475 ], [ -89.702927, 35.095523 ], [ -89.702995, 35.095705 ], [ -89.703, 35.095758 ], [ -89.702986, 35.095808 ], [ -89.702961, 35.095845 ], [ -89.702884, 35.095907 ], [ -89.702829, 35.095932 ], [ -89.70269, 35.095976 ], [ -89.702639, 35.095986 ], [ -89.702556, 35.095993 ], [ -89.702511, 35.095989 ], [ -89.702365, 35.095947 ], [ -89.702324, 35.095937 ], [ -89.702221, 35.095894 ], [ -89.702119, 35.095857 ], [ -89.701977, 35.095808 ], [ -89.701925, 35.095799 ], [ -89.701894, 35.095799 ], [ -89.701868, 35.095802 ], [ -89.70177, 35.095771 ], [ -89.701737, 35.095755 ], [ -89.701733, 35.095743 ], [ -89.701743, 35.09573 ], [ -89.701752, 35.095699 ], [ -89.701765, 35.095669 ], [ -89.701805, 35.095502 ], [ -89.701821, 35.095457 ], [ -89.701882, 35.095319 ], [ -89.701886, 35.095289 ], [ -89.70188, 35.095257 ], [ -89.701864, 35.095204 ], [ -89.701868, 35.095165 ], [ -89.701878, 35.095127 ], [ -89.701926, 35.095067 ], [ -89.701946, 35.095014 ], [ -89.701949, 35.094985 ], [ -89.701946, 35.094941 ], [ -89.701936, 35.0949 ], [ -89.70185, 35.094694 ], [ -89.701638, 35.094454 ], [ -89.701581, 35.094411 ], [ -89.701423, 35.094294 ], [ -89.70135, 35.094262 ], [ -89.701294, 35.094247 ], [ -89.701136, 35.094245 ], [ -89.700996, 35.094252 ], [ -89.700922, 35.094259 ], [ -89.700889, 35.09427 ], [ -89.700743, 35.094293 ], [ -89.700703, 35.094301 ], [ -89.700677, 35.094314 ], [ -89.700639, 35.09436 ], [ -89.700613, 35.09437 ], [ -89.700451, 35.094452 ], [ -89.70042, 35.09448 ], [ -89.70041, 35.094498 ], [ -89.700406, 35.094558 ], [ -89.70039, 35.094582 ], [ -89.700358, 35.094611 ], [ -89.700198, 35.094727 ], [ -89.700045, 35.094777 ], [ -89.699745, 35.094852 ], [ -89.699504, 35.094902 ], [ -89.699401, 35.094915 ], [ -89.699307, 35.094906 ], [ -89.699233, 35.094878 ], [ -89.699096, 35.094837 ], [ -89.698976, 35.094799 ], [ -89.69882, 35.094719 ], [ -89.698678, 35.09466 ], [ -89.698555, 35.094589 ], [ -89.698536, 35.094548 ], [ -89.698454, 35.094492 ], [ -89.698374, 35.094427 ], [ -89.698273, 35.094343 ], [ -89.698132, 35.094263 ], [ -89.698038, 35.094187 ], [ -89.697866, 35.094076 ], [ -89.697715, 35.093992 ], [ -89.697602, 35.093989 ], [ -89.697445, 35.093968 ], [ -89.697396, 35.093961 ], [ -89.697373, 35.093966 ], [ -89.697348, 35.093964 ], [ -89.697302, 35.093942 ], [ -89.69726, 35.093933 ], [ -89.697213, 35.093917 ], [ -89.697171, 35.093917 ], [ -89.697091, 35.093899 ], [ -89.697048, 35.093879 ], [ -89.697014, 35.093868 ], [ -89.69692, 35.093851 ], [ -89.696873, 35.093843 ], [ -89.696821, 35.093843 ], [ -89.696712, 35.093813 ], [ -89.696658, 35.093798 ], [ -89.696583, 35.093768 ], [ -89.696496, 35.093735 ], [ -89.696432, 35.093719 ], [ -89.696338, 35.093706 ], [ -89.696285, 35.093704 ], [ -89.696205, 35.093712 ], [ -89.696167, 35.093718 ], [ -89.69613, 35.093714 ], [ -89.696051, 35.093687 ], [ -89.696002, 35.093683 ], [ -89.695913, 35.093676 ], [ -89.695801, 35.09367 ], [ -89.695698, 35.093654 ], [ -89.6956, 35.093648 ], [ -89.695509, 35.093633 ], [ -89.695456, 35.093628 ], [ -89.695391, 35.093633 ], [ -89.695301, 35.093645 ], [ -89.69518, 35.093649 ], [ -89.6951, 35.093665 ], [ -89.695002, 35.093685 ], [ -89.694867, 35.093701 ], [ -89.694831, 35.093703 ], [ -89.694759, 35.09372 ], [ -89.694646, 35.093753 ], [ -89.694569, 35.093771 ], [ -89.694487, 35.093793 ], [ -89.694453, 35.093809 ], [ -89.69441, 35.093819 ], [ -89.694375, 35.093815 ], [ -89.694343, 35.093804 ], [ -89.694275, 35.093764 ], [ -89.69421, 35.093727 ], [ -89.694137, 35.093675 ], [ -89.694094, 35.093639 ], [ -89.694073, 35.093615 ], [ -89.694059, 35.093592 ], [ -89.694058, 35.093577 ], [ -89.694066, 35.093553 ], [ -89.694097, 35.093489 ], [ -89.694126, 35.093437 ], [ -89.694166, 35.093388 ], [ -89.694208, 35.093342 ], [ -89.694237, 35.093286 ], [ -89.694246, 35.093255 ], [ -89.694252, 35.093236 ], [ -89.694242, 35.093201 ], [ -89.694249, 35.093169 ], [ -89.694256, 35.093144 ], [ -89.694332, 35.093073 ], [ -89.694403, 35.092992 ], [ -89.694454, 35.092922 ], [ -89.694516, 35.092833 ], [ -89.694562, 35.092737 ], [ -89.694617, 35.0926 ], [ -89.694629, 35.092574 ], [ -89.694635, 35.092547 ], [ -89.694623, 35.092517 ], [ -89.694627, 35.092492 ], [ -89.694649, 35.092448 ], [ -89.694664, 35.092406 ], [ -89.69467, 35.09237 ], [ -89.694704, 35.092317 ], [ -89.69472, 35.092266 ], [ -89.694752, 35.092222 ], [ -89.694768, 35.092171 ], [ -89.694772, 35.092142 ], [ -89.694766, 35.092099 ], [ -89.694791, 35.092022 ], [ -89.694808, 35.091953 ], [ -89.694806, 35.091868 ], [ -89.694808, 35.091848 ], [ -89.694806, 35.09182 ], [ -89.694779, 35.091712 ], [ -89.69474, 35.091636 ], [ -89.69471, 35.091562 ], [ -89.694664, 35.091469 ], [ -89.694646, 35.091436 ], [ -89.694608, 35.091399 ], [ -89.694522, 35.091318 ], [ -89.694466, 35.091269 ], [ -89.6944, 35.091185 ], [ -89.694323, 35.091154 ], [ -89.694263, 35.091104 ], [ -89.694191, 35.091067 ], [ -89.694155, 35.091063 ], [ -89.694045, 35.091022 ], [ -89.693977, 35.090992 ], [ -89.693871, 35.09094 ], [ -89.693756, 35.090903 ], [ -89.69371, 35.090888 ], [ -89.693634, 35.090876 ], [ -89.693574, 35.09087 ], [ -89.693483, 35.090872 ], [ -89.693367, 35.090888 ], [ -89.693269, 35.090939 ], [ -89.693194, 35.090993 ], [ -89.693127, 35.091067 ], [ -89.693053, 35.091135 ], [ -89.693012, 35.091178 ], [ -89.692926, 35.091249 ], [ -89.692837, 35.09132 ], [ -89.692785, 35.091375 ], [ -89.692746, 35.091435 ], [ -89.69272, 35.091502 ], [ -89.69271, 35.091533 ], [ -89.692703, 35.091565 ], [ -89.692707, 35.091585 ], [ -89.692718, 35.09159 ], [ -89.692743, 35.091577 ], [ -89.692781, 35.091579 ], [ -89.69282, 35.091562 ], [ -89.692833, 35.091552 ], [ -89.692852, 35.091545 ], [ -89.692885, 35.091562 ], [ -89.692898, 35.091581 ], [ -89.692896, 35.091637 ], [ -89.692891, 35.091697 ], [ -89.692897, 35.091742 ], [ -89.692904, 35.091763 ], [ -89.692931, 35.091775 ], [ -89.692929, 35.091792 ], [ -89.692903, 35.091831 ], [ -89.692882, 35.091883 ], [ -89.692867, 35.091928 ], [ -89.692857, 35.092 ], [ -89.692864, 35.092077 ], [ -89.692859, 35.092115 ], [ -89.692859, 35.092137 ], [ -89.692871, 35.092195 ], [ -89.69288, 35.092268 ], [ -89.692891, 35.092325 ], [ -89.692906, 35.092399 ], [ -89.692937, 35.092581 ], [ -89.692941, 35.092631 ], [ -89.692937, 35.092712 ], [ -89.692914, 35.092801 ], [ -89.692847, 35.09296 ], [ -89.692792, 35.093076 ], [ -89.692716, 35.093172 ], [ -89.692658, 35.093277 ], [ -89.692573, 35.093397 ], [ -89.692543, 35.09347 ], [ -89.692528, 35.093501 ], [ -89.692448, 35.093558 ], [ -89.692363, 35.093672 ], [ -89.692275, 35.093774 ], [ -89.692201, 35.093866 ], [ -89.692128, 35.093963 ], [ -89.692081, 35.093998 ], [ -89.691988, 35.094021 ], [ -89.691967, 35.094021 ], [ -89.691942, 35.094011 ], [ -89.691923, 35.093999 ], [ -89.691889, 35.093962 ], [ -89.691839, 35.093903 ], [ -89.691806, 35.093861 ], [ -89.691767, 35.093818 ], [ -89.691725, 35.093768 ], [ -89.691712, 35.093745 ], [ -89.691689, 35.093697 ], [ -89.691681, 35.093648 ], [ -89.691674, 35.093514 ], [ -89.691672, 35.093476 ], [ -89.691672, 35.093425 ], [ -89.691674, 35.093337 ], [ -89.691674, 35.093294 ], [ -89.691671, 35.093247 ], [ -89.691663, 35.093215 ], [ -89.691671, 35.093174 ], [ -89.69168, 35.093146 ], [ -89.691691, 35.093126 ], [ -89.69168, 35.093064 ], [ -89.691669, 35.093032 ], [ -89.691666, 35.093 ], [ -89.691669, 35.092958 ], [ -89.691675, 35.092927 ], [ -89.691672, 35.092898 ], [ -89.691658, 35.092866 ], [ -89.691643, 35.092848 ], [ -89.691633, 35.092828 ], [ -89.691626, 35.092768 ], [ -89.691611, 35.092703 ], [ -89.691602, 35.092679 ], [ -89.691589, 35.092657 ], [ -89.691585, 35.092632 ], [ -89.691583, 35.092606 ], [ -89.69157, 35.09255 ], [ -89.69156, 35.092524 ], [ -89.691548, 35.0925 ], [ -89.691532, 35.092481 ], [ -89.691513, 35.092459 ], [ -89.691478, 35.092434 ], [ -89.691464, 35.092421 ], [ -89.691445, 35.092386 ], [ -89.691437, 35.092372 ], [ -89.691408, 35.092354 ], [ -89.691399, 35.09231 ], [ -89.691399, 35.092242 ], [ -89.691394, 35.092198 ], [ -89.691379, 35.092165 ], [ -89.69134, 35.092108 ], [ -89.691295, 35.092055 ], [ -89.691266, 35.092007 ], [ -89.691249, 35.091987 ], [ -89.691207, 35.091956 ], [ -89.691161, 35.091921 ], [ -89.691122, 35.091895 ], [ -89.691084, 35.09186 ], [ -89.691034, 35.091843 ], [ -89.690987, 35.091834 ], [ -89.690857, 35.091799 ], [ -89.690759, 35.091778 ], [ -89.690718, 35.091772 ], [ -89.690679, 35.091769 ], [ -89.690575, 35.091782 ], [ -89.690526, 35.091793 ], [ -89.690466, 35.091812 ], [ -89.690418, 35.091835 ], [ -89.690367, 35.091853 ], [ -89.690302, 35.091864 ], [ -89.690203, 35.091878 ], [ -89.690175, 35.091897 ], [ -89.690144, 35.091903 ], [ -89.690106, 35.091902 ], [ -89.690063, 35.091887 ], [ -89.69004, 35.091866 ], [ -89.690019, 35.091837 ], [ -89.689999, 35.091814 ], [ -89.689969, 35.091787 ], [ -89.689854, 35.091964 ], [ -89.689898, 35.092 ], [ -89.689908, 35.09202 ], [ -89.689898, 35.09203 ], [ -89.689875, 35.092042 ], [ -89.689806, 35.092064 ], [ -89.689715, 35.092084 ], [ -89.689668, 35.092097 ], [ -89.689627, 35.092117 ], [ -89.689589, 35.09214 ], [ -89.689562, 35.092164 ], [ -89.68953, 35.0922 ], [ -89.689503, 35.092224 ], [ -89.689475, 35.092255 ], [ -89.689458, 35.092278 ], [ -89.689417, 35.092305 ], [ -89.689378, 35.092319 ], [ -89.689345, 35.092325 ], [ -89.689309, 35.092328 ], [ -89.689257, 35.092345 ], [ -89.689223, 35.092356 ], [ -89.689139, 35.092397 ], [ -89.689001, 35.092464 ], [ -89.688876, 35.092515 ], [ -89.688742, 35.092576 ], [ -89.688685, 35.092601 ], [ -89.688609, 35.092645 ], [ -89.688503, 35.092708 ], [ -89.688417, 35.092753 ], [ -89.688372, 35.092773 ], [ -89.688293, 35.092831 ], [ -89.688219, 35.092885 ], [ -89.688181, 35.092901 ], [ -89.688139, 35.092929 ], [ -89.688092, 35.092962 ], [ -89.688069, 35.092983 ], [ -89.687994, 35.09303 ], [ -89.687968, 35.093057 ], [ -89.687946, 35.093091 ], [ -89.687909, 35.093164 ], [ -89.687894, 35.093184 ], [ -89.687829, 35.093239 ], [ -89.687796, 35.093271 ], [ -89.687778, 35.093299 ], [ -89.687776, 35.093371 ], [ -89.687784, 35.093459 ], [ -89.687789, 35.093488 ], [ -89.687807, 35.093529 ], [ -89.687826, 35.093554 ], [ -89.687876, 35.093598 ], [ -89.687931, 35.093639 ], [ -89.687959, 35.093669 ], [ -89.688013, 35.09372 ], [ -89.68808, 35.093777 ], [ -89.688171, 35.093801 ], [ -89.688253, 35.093815 ], [ -89.688289, 35.093827 ], [ -89.688313, 35.09384 ], [ -89.68839, 35.093896 ], [ -89.688412, 35.09391 ], [ -89.688439, 35.093919 ], [ -89.688468, 35.093916 ], [ -89.688495, 35.09391 ], [ -89.688529, 35.093912 ], [ -89.688575, 35.093944 ], [ -89.688616, 35.093954 ], [ -89.688649, 35.09396 ], [ -89.688713, 35.093965 ], [ -89.688741, 35.093968 ], [ -89.68876, 35.093973 ], [ -89.68882, 35.093979 ], [ -89.688856, 35.093985 ], [ -89.688893, 35.093986 ], [ -89.688982, 35.093991 ], [ -89.689013, 35.093994 ], [ -89.689063, 35.094003 ], [ -89.689099, 35.09401 ], [ -89.689145, 35.094025 ], [ -89.689186, 35.09404 ], [ -89.689261, 35.094078 ], [ -89.689324, 35.094107 ], [ -89.689343, 35.09412 ], [ -89.689354, 35.094132 ], [ -89.689355, 35.094145 ], [ -89.689342, 35.094155 ], [ -89.689325, 35.094168 ], [ -89.689289, 35.094222 ], [ -89.689265, 35.094252 ], [ -89.689238, 35.094276 ], [ -89.689196, 35.094329 ], [ -89.68918, 35.094352 ], [ -89.689158, 35.094356 ], [ -89.689126, 35.094372 ], [ -89.689064, 35.094422 ], [ -89.689026, 35.09443 ], [ -89.688945, 35.094433 ], [ -89.688895, 35.09444 ], [ -89.688857, 35.09445 ], [ -89.688815, 35.094456 ], [ -89.688762, 35.094469 ], [ -89.688729, 35.094474 ], [ -89.688623, 35.094503 ], [ -89.68858, 35.094513 ], [ -89.688542, 35.094526 ], [ -89.688491, 35.094538 ], [ -89.688399, 35.094565 ], [ -89.688359, 35.094584 ], [ -89.688281, 35.094616 ], [ -89.688222, 35.094643 ], [ -89.688199, 35.094661 ], [ -89.688163, 35.09468 ], [ -89.688082, 35.094718 ], [ -89.688053, 35.094728 ], [ -89.687988, 35.094754 ], [ -89.687954, 35.094774 ], [ -89.687932, 35.09479 ], [ -89.687909, 35.094797 ], [ -89.687864, 35.094814 ], [ -89.687829, 35.09481 ], [ -89.687807, 35.094803 ], [ -89.687787, 35.094802 ], [ -89.687802, 35.094853 ], [ -89.68781, 35.094879 ], [ -89.687708, 35.094877 ], [ -89.687624, 35.094859 ], [ -89.687582, 35.094846 ], [ -89.687173, 35.094795 ], [ -89.686902, 35.094676 ], [ -89.686771, 35.094538 ], [ -89.686686, 35.09436 ], [ -89.686599, 35.094134 ], [ -89.68645, 35.09399 ], [ -89.686164, 35.093825 ], [ -89.685927, 35.093698 ], [ -89.685657, 35.093651 ], [ -89.685548, 35.093839 ], [ -89.68549, 35.093979 ], [ -89.685458, 35.094114 ], [ -89.685444, 35.094249 ], [ -89.685498, 35.094373 ], [ -89.685611, 35.094543 ], [ -89.685666, 35.094699 ], [ -89.685675, 35.09488 ], [ -89.685621, 35.09496 ], [ -89.685499, 35.095019 ], [ -89.685366, 35.095055 ], [ -89.685242, 35.095058 ], [ -89.685041, 35.095088 ], [ -89.684755, 35.095105 ], [ -89.68466, 35.095116 ], [ -89.684526, 35.095113 ], [ -89.683987, 35.095066 ], [ -89.683774, 35.095033 ], [ -89.68349, 35.094908 ], [ -89.683371, 35.094896 ], [ -89.683025, 35.094852 ], [ -89.682922, 35.094841 ], [ -89.682798, 35.094858 ], [ -89.682628, 35.094927 ], [ -89.682451, 35.095035 ], [ -89.682407, 35.095115 ], [ -89.682402, 35.095225 ], [ -89.682455, 35.095334 ], [ -89.682614, 35.095508 ], [ -89.682746, 35.095572 ], [ -89.682805, 35.095646 ], [ -89.682984, 35.095751 ], [ -89.683098, 35.095833 ], [ -89.683344, 35.095937 ], [ -89.683465, 35.095979 ], [ -89.68368, 35.096018 ], [ -89.684006, 35.096032 ], [ -89.68404, 35.096018 ], [ -89.684104, 35.095961 ], [ -89.684178, 35.095938 ], [ -89.684324, 35.095938 ], [ -89.684439, 35.095958 ], [ -89.684585, 35.096001 ], [ -89.684732, 35.096067 ], [ -89.68484, 35.096127 ], [ -89.68497, 35.096241 ], [ -89.685047, 35.096286 ], [ -89.68504, 35.096308 ], [ -89.685055, 35.096316 ], [ -89.685089, 35.096326 ], [ -89.685099, 35.096337 ], [ -89.6851, 35.096357 ], [ -89.685094, 35.096376 ], [ -89.685059, 35.096401 ], [ -89.685006, 35.09643 ], [ -89.684914, 35.096494 ], [ -89.684803, 35.096527 ], [ -89.684693, 35.096522 ], [ -89.684631, 35.096518 ], [ -89.684517, 35.096496 ], [ -89.684471, 35.096504 ], [ -89.68443, 35.096515 ], [ -89.684397, 35.09652 ], [ -89.684371, 35.096526 ], [ -89.684322, 35.09655 ], [ -89.684206, 35.096591 ], [ -89.684166, 35.096594 ], [ -89.684126, 35.096587 ], [ -89.684091, 35.096576 ], [ -89.684064, 35.096574 ], [ -89.684019, 35.096581 ], [ -89.683962, 35.096581 ], [ -89.68388, 35.096564 ], [ -89.683855, 35.096549 ], [ -89.683836, 35.096532 ], [ -89.683819, 35.096486 ], [ -89.683771, 35.096453 ], [ -89.6837, 35.096433 ], [ -89.683629, 35.096401 ], [ -89.683487, 35.096361 ], [ -89.683404, 35.096354 ], [ -89.683313, 35.096337 ], [ -89.683211, 35.09633 ], [ -89.6831, 35.096333 ], [ -89.682966, 35.096342 ], [ -89.682843, 35.096366 ], [ -89.682722, 35.096386 ], [ -89.682585, 35.096401 ], [ -89.682493, 35.096415 ], [ -89.682398, 35.096423 ], [ -89.682217, 35.096414 ], [ -89.682092, 35.096421 ], [ -89.681995, 35.096422 ], [ -89.681936, 35.096439 ], [ -89.681857, 35.096449 ], [ -89.68178, 35.096472 ], [ -89.681689, 35.096494 ], [ -89.68148, 35.096447 ], [ -89.681466, 35.096443 ], [ -89.681427, 35.096404 ], [ -89.681382, 35.096339 ], [ -89.681344, 35.09626 ], [ -89.681325, 35.09618 ], [ -89.681316, 35.096118 ], [ -89.681329, 35.096064 ], [ -89.681351, 35.096026 ], [ -89.681342, 35.095999 ], [ -89.68133, 35.09598 ], [ -89.681324, 35.095963 ], [ -89.681322, 35.095938 ], [ -89.681326, 35.095916 ], [ -89.681339, 35.095908 ], [ -89.681357, 35.095908 ], [ -89.681381, 35.095935 ], [ -89.681391, 35.095914 ], [ -89.681393, 35.095856 ], [ -89.681372, 35.09571 ], [ -89.681354, 35.095647 ], [ -89.681333, 35.095591 ], [ -89.681294, 35.095523 ], [ -89.681267, 35.095481 ], [ -89.681257, 35.095445 ], [ -89.681201, 35.095377 ], [ -89.681136, 35.09531 ], [ -89.681119, 35.095271 ], [ -89.681089, 35.095247 ], [ -89.681031, 35.095215 ], [ -89.681005, 35.095164 ], [ -89.680962, 35.095145 ], [ -89.680888, 35.0951 ], [ -89.680792, 35.095058 ], [ -89.680699, 35.095003 ], [ -89.680616, 35.094965 ], [ -89.680532, 35.094935 ], [ -89.680396, 35.094896 ], [ -89.680299, 35.094845 ], [ -89.680236, 35.094828 ], [ -89.680202, 35.094803 ], [ -89.680168, 35.09475 ], [ -89.680044, 35.094643 ], [ -89.680013, 35.094605 ], [ -89.679985, 35.094588 ], [ -89.679941, 35.094571 ], [ -89.679831, 35.094515 ], [ -89.679721, 35.094472 ], [ -89.679611, 35.094447 ], [ -89.679506, 35.09443 ], [ -89.679443, 35.094428 ], [ -89.679408, 35.094437 ], [ -89.679364, 35.094456 ], [ -89.67933, 35.094464 ], [ -89.679295, 35.094483 ], [ -89.679207, 35.094505 ], [ -89.679197, 35.094517 ], [ -89.679124, 35.094546 ], [ -89.679061, 35.094568 ], [ -89.679032, 35.094577 ], [ -89.679007, 35.094565 ], [ -89.678968, 35.09455 ], [ -89.678879, 35.094546 ], [ -89.678748, 35.094561 ], [ -89.678708, 35.094574 ], [ -89.678674, 35.094597 ], [ -89.678467, 35.094828 ], [ -89.678365, 35.094896 ], [ -89.67829, 35.094933 ], [ -89.678161, 35.094955 ], [ -89.677985, 35.094958 ], [ -89.677868, 35.094945 ], [ -89.677843, 35.094981 ], [ -89.677825, 35.095011 ], [ -89.677776, 35.095039 ], [ -89.677711, 35.09511 ], [ -89.677683, 35.095121 ], [ -89.677545, 35.095071 ], [ -89.677518, 35.095063 ], [ -89.677477, 35.095083 ], [ -89.67745, 35.095118 ], [ -89.677435, 35.09517 ], [ -89.677431, 35.095239 ], [ -89.677408, 35.095298 ], [ -89.677381, 35.095312 ], [ -89.677278, 35.095312 ], [ -89.677155, 35.095341 ], [ -89.677136, 35.095379 ], [ -89.677133, 35.095431 ], [ -89.677158, 35.095512 ], [ -89.677162, 35.095555 ], [ -89.677147, 35.095587 ], [ -89.677096, 35.095621 ], [ -89.677062, 35.095664 ], [ -89.67703, 35.095746 ], [ -89.677007, 35.095768 ], [ -89.676964, 35.095787 ], [ -89.676922, 35.095784 ], [ -89.676906, 35.09579 ], [ -89.676876, 35.095818 ], [ -89.676868, 35.095895 ], [ -89.676856, 35.095904 ], [ -89.676793, 35.095906 ], [ -89.676758, 35.095918 ], [ -89.676723, 35.095957 ], [ -89.676703, 35.096018 ], [ -89.676694, 35.096096 ], [ -89.676699, 35.096223 ], [ -89.676676, 35.096307 ], [ -89.676662, 35.096371 ], [ -89.676654, 35.096479 ], [ -89.676667, 35.096615 ], [ -89.676786, 35.096747 ], [ -89.676809, 35.096776 ], [ -89.67682, 35.096857 ], [ -89.676817, 35.096902 ], [ -89.676804, 35.097 ], [ -89.676806, 35.097055 ], [ -89.676801, 35.097091 ], [ -89.676759, 35.097174 ], [ -89.676755, 35.097208 ], [ -89.676767, 35.097228 ], [ -89.676782, 35.097265 ], [ -89.676809, 35.097305 ], [ -89.676805, 35.097331 ], [ -89.676779, 35.097389 ], [ -89.676778, 35.097424 ], [ -89.676816, 35.097593 ], [ -89.676878, 35.097679 ], [ -89.67689, 35.097737 ], [ -89.676882, 35.097831 ], [ -89.67686, 35.09793 ], [ -89.676841, 35.097958 ], [ -89.676769, 35.097983 ], [ -89.676729, 35.098007 ], [ -89.67669, 35.098086 ], [ -89.676663, 35.098064 ], [ -89.676296, 35.098015 ], [ -89.675667, 35.097867 ], [ -89.675494, 35.09785 ], [ -89.675407, 35.097894 ], [ -89.67544, 35.098108 ], [ -89.675373, 35.098476 ], [ -89.675113, 35.09885 ], [ -89.675086, 35.098993 ], [ -89.675186, 35.099135 ], [ -89.67524, 35.099328 ], [ -89.675186, 35.099432 ], [ -89.674745, 35.099904 ], [ -89.674103, 35.100553 ], [ -89.673716, 35.101008 ], [ -89.673448, 35.101377 ], [ -89.673375, 35.101552 ], [ -89.673361, 35.101904 ], [ -89.673234, 35.102157 ], [ -89.673047, 35.102135 ], [ -89.672372, 35.102113 ], [ -89.670942, 35.102052 ], [ -89.669464, 35.102052 ], [ -89.669351, 35.102096 ], [ -89.668983, 35.102497 ], [ -89.668462, 35.102925 ], [ -89.668087, 35.103178 ], [ -89.66764, 35.103518 ], [ -89.667372, 35.1037 ], [ -89.666817, 35.104117 ], [ -89.666349, 35.104435 ], [ -89.666089, 35.104584 ], [ -89.665581, 35.104924 ], [ -89.665066, 35.105254 ], [ -89.664591, 35.105583 ], [ -89.663996, 35.105984 ], [ -89.663588, 35.106242 ], [ -89.663401, 35.106385 ], [ -89.663187, 35.1065 ], [ -89.662659, 35.106901 ], [ -89.662493, 35.107074 ], [ -89.662405, 35.107165 ], [ -89.662305, 35.107352 ], [ -89.661904, 35.107632 ], [ -89.661683, 35.10779 ], [ -89.661088, 35.108219 ], [ -89.660941, 35.108313 ], [ -89.660827, 35.108423 ], [ -89.660246, 35.108758 ], [ -89.65943, 35.109081 ], [ -89.658772, 35.109274 ], [ -89.658233, 35.109433 ], [ -89.657946, 35.109543 ], [ -89.657718, 35.109576 ], [ -89.657715, 35.109665 ], [ -89.657707, 35.109898 ], [ -89.657676, 35.110868 ], [ -89.657673, 35.110974 ], [ -89.657666, 35.111191 ], [ -89.658331, 35.111199 ], [ -89.660016, 35.111235 ], [ -89.660201, 35.111239 ], [ -89.660297, 35.11124 ], [ -89.660646, 35.111241 ], [ -89.661214, 35.111251 ], [ -89.661138, 35.118919 ], [ -89.662182, 35.118967 ], [ -89.662147, 35.119868 ], [ -89.659569, 35.119781 ], [ -89.659547, 35.121805 ], [ -89.657398, 35.121639 ], [ -89.657397, 35.121691 ], [ -89.657367, 35.122632 ], [ -89.657264, 35.126383 ], [ -89.657222, 35.127948 ], [ -89.657181, 35.129419 ], [ -89.657176, 35.129902 ], [ -89.657185, 35.130153 ], [ -89.657203, 35.130589 ], [ -89.657229, 35.130867 ], [ -89.657236, 35.130911 ], [ -89.657305, 35.131342 ], [ -89.657323, 35.131433 ], [ -89.657399, 35.131692 ], [ -89.65752, 35.13191 ], [ -89.657692, 35.132127 ], [ -89.658362, 35.132848 ], [ -89.658573, 35.133072 ], [ -89.658658, 35.133144 ], [ -89.658784, 35.133224 ], [ -89.658951, 35.133281 ], [ -89.65912, 35.133304 ], [ -89.659497, 35.133338 ], [ -89.659657, 35.13338 ], [ -89.65975, 35.133442 ], [ -89.659819, 35.133536 ], [ -89.659845, 35.133606 ], [ -89.659879, 35.133846 ], [ -89.65989, 35.134124 ], [ -89.659911, 35.135026 ], [ -89.65992, 35.135324 ], [ -89.659922, 35.13539 ], [ -89.65999, 35.137564 ], [ -89.659991, 35.137596 ], [ -89.659995, 35.137729 ], [ -89.66001, 35.13813 ], [ -89.660015, 35.138264 ], [ -89.660268, 35.138174 ], [ -89.661027, 35.137907 ], [ -89.661281, 35.137819 ], [ -89.661802, 35.138002 ], [ -89.661916, 35.138002 ], [ -89.662056, 35.137991 ], [ -89.662297, 35.138046 ], [ -89.662404, 35.138095 ], [ -89.662544, 35.138199 ], [ -89.662638, 35.138216 ], [ -89.662852, 35.138106 ], [ -89.66314, 35.138123 ], [ -89.6633, 35.138106 ], [ -89.663373, 35.138104 ], [ -89.663332, 35.140709 ], [ -89.66508, 35.14069 ], [ -89.66539, 35.151798 ], [ -89.666011, 35.151804 ], [ -89.666291, 35.15101 ], [ -89.669319, 35.151308 ], [ -89.669289, 35.155494 ], [ -89.667254, 35.155451 ], [ -89.667254, 35.15929 ], [ -89.666534, 35.159279 ], [ -89.664232, 35.159244 ], [ -89.663688, 35.159212 ], [ -89.663571, 35.159191 ], [ -89.663496, 35.160285 ], [ -89.663474, 35.160623 ], [ -89.663439, 35.161293 ], [ -89.66341, 35.162004 ], [ -89.663403, 35.162307 ], [ -89.663386, 35.162848 ], [ -89.663377, 35.163108 ], [ -89.663373, 35.163257 ], [ -89.663359, 35.163681 ], [ -89.663352, 35.163899 ], [ -89.663348, 35.16403 ], [ -89.663324, 35.164803 ], [ -89.663304, 35.165412 ], [ -89.663301, 35.165505 ], [ -89.663289, 35.165871 ], [ -89.663279, 35.166188 ], [ -89.663274, 35.166328 ], [ -89.663255, 35.16704 ], [ -89.663196, 35.169313 ], [ -89.66319, 35.169492 ], [ -89.663172, 35.170043 ], [ -89.663124, 35.171421 ], [ -89.663119, 35.17155 ], [ -89.663102, 35.171997 ], [ -89.663093, 35.172246 ], [ -89.663077, 35.17274 ], [ -89.66307, 35.173119 ], [ -89.663053, 35.173984 ], [ -89.663018, 35.174872 ], [ -89.662986, 35.175702 ], [ -89.662953, 35.17681 ], [ -89.662909, 35.177934 ], [ -89.662889, 35.178793 ], [ -89.66138, 35.178826 ], [ -89.661268, 35.178828 ], [ -89.661157, 35.178831 ], [ -89.660402, 35.178847 ], [ -89.660021, 35.178855 ], [ -89.65964, 35.178863 ], [ -89.657857, 35.178901 ], [ -89.655774, 35.178946 ], [ -89.653859, 35.178989 ], [ -89.653451, 35.178997 ], [ -89.649575, 35.17908 ], [ -89.649479, 35.178792 ], [ -89.649312, 35.178425 ], [ -89.649138, 35.178105 ], [ -89.648886, 35.177697 ], [ -89.648589, 35.177295 ], [ -89.6484, 35.177023 ], [ -89.648179, 35.17676 ], [ -89.64777, 35.176315 ], [ -89.644076, 35.172215 ], [ -89.642239, 35.170173 ], [ -89.641332, 35.169152 ], [ -89.640326, 35.168046 ], [ -89.639489, 35.167066 ], [ -89.639258, 35.166763 ], [ -89.638853, 35.166093 ], [ -89.63857, 35.165545 ], [ -89.638204, 35.164439 ], [ -89.638206, 35.164377 ], [ -89.638228, 35.163712 ], [ -89.638371, 35.159154 ], [ -89.638379, 35.158887 ], [ -89.638391, 35.158524 ], [ -89.638393, 35.158452 ], [ -89.638413, 35.157847 ], [ -89.638476, 35.155892 ], [ -89.638307, 35.155824 ], [ -89.638054, 35.155722 ], [ -89.63796, 35.155684 ], [ -89.637786, 35.155615 ], [ -89.636972, 35.155308 ], [ -89.636805, 35.155245 ], [ -89.636511, 35.155135 ], [ -89.636357, 35.155077 ], [ -89.635521, 35.154788 ], [ -89.634058, 35.154243 ], [ -89.633985, 35.154216 ], [ -89.633232, 35.153936 ], [ -89.632696, 35.15374 ], [ -89.632109, 35.153526 ], [ -89.631454, 35.153292 ], [ -89.631378, 35.153269 ], [ -89.631223, 35.153223 ], [ -89.63103, 35.153172 ], [ -89.630726, 35.153117 ], [ -89.630542, 35.153092 ], [ -89.629911, 35.153059 ], [ -89.629202, 35.153059 ], [ -89.628542, 35.153057 ], [ -89.627315, 35.153054 ], [ -89.626792, 35.153054 ], [ -89.626604, 35.153054 ], [ -89.626088, 35.153054 ], [ -89.625091, 35.153047 ], [ -89.624259, 35.153057 ], [ -89.624082, 35.153062 ], [ -89.624146, 35.153305 ], [ -89.624225, 35.15376 ], [ -89.62438, 35.154244 ], [ -89.624568, 35.154747 ], [ -89.624616, 35.154908 ], [ -89.624638, 35.154978 ], [ -89.624682, 35.155146 ], [ -89.624754, 35.155595 ], [ -89.624745, 35.155698 ], [ -89.624662, 35.156066 ], [ -89.624651, 35.15629 ], [ -89.624674, 35.15641 ], [ -89.624704, 35.156475 ], [ -89.624715, 35.156582 ], [ -89.624667, 35.157014 ], [ -89.624691, 35.157142 ], [ -89.624729, 35.15722 ], [ -89.624826, 35.157359 ], [ -89.625111, 35.157694 ], [ -89.625732, 35.158266 ], [ -89.625789, 35.158336 ], [ -89.62598, 35.158662 ], [ -89.626182, 35.158915 ], [ -89.626259, 35.159031 ], [ -89.626287, 35.159141 ], [ -89.625983, 35.159177 ], [ -89.625481, 35.159326 ], [ -89.625196, 35.159417 ], [ -89.625092, 35.159469 ], [ -89.624966, 35.159551 ], [ -89.624852, 35.15965 ], [ -89.624808, 35.159669 ], [ -89.624729, 35.159686 ], [ -89.624611, 35.159671 ], [ -89.624396, 35.159619 ], [ -89.624145, 35.15952 ], [ -89.623847, 35.159387 ], [ -89.623465, 35.159252 ], [ -89.623146, 35.159172 ], [ -89.622929, 35.159177 ], [ -89.622857, 35.159191 ], [ -89.622803, 35.159219 ], [ -89.622734, 35.15928 ], [ -89.622694, 35.159349 ], [ -89.622671, 35.159423 ], [ -89.622611, 35.15989 ], [ -89.622393, 35.160619 ], [ -89.622278, 35.160947 ], [ -89.6222, 35.161075 ], [ -89.622114, 35.16117 ], [ -89.621887, 35.161343 ], [ -89.621775, 35.161457 ], [ -89.621544, 35.161772 ], [ -89.621229, 35.162162 ], [ -89.621202, 35.162217 ], [ -89.621193, 35.162355 ], [ -89.621247, 35.162675 ], [ -89.621288, 35.163145 ], [ -89.621255, 35.163227 ], [ -89.621204, 35.163265 ], [ -89.621149, 35.163292 ], [ -89.621056, 35.163322 ], [ -89.620611, 35.163423 ], [ -89.620324, 35.163471 ], [ -89.620267, 35.163505 ], [ -89.620196, 35.1636 ], [ -89.620173, 35.163667 ], [ -89.620113, 35.163744 ], [ -89.619803, 35.164071 ], [ -89.619707, 35.164122 ], [ -89.619622, 35.164109 ], [ -89.61961, 35.164101 ], [ -89.619555, 35.164062 ], [ -89.619532, 35.164019 ], [ -89.619527, 35.163983 ], [ -89.619544, 35.163704 ], [ -89.619557, 35.16292 ], [ -89.619527, 35.162659 ], [ -89.619487, 35.162237 ], [ -89.619464, 35.162045 ], [ -89.619439, 35.161986 ], [ -89.619405, 35.161948 ], [ -89.619287, 35.161887 ], [ -89.619127, 35.161861 ], [ -89.618996, 35.161855 ], [ -89.618838, 35.161864 ], [ -89.618668, 35.161894 ], [ -89.618284, 35.161991 ], [ -89.617538, 35.162248 ], [ -89.617282, 35.162362 ], [ -89.617206, 35.162383 ], [ -89.616701, 35.162404 ], [ -89.61636, 35.16244 ], [ -89.616262, 35.162435 ], [ -89.616172, 35.162419 ], [ -89.616007, 35.162374 ], [ -89.615804, 35.162369 ], [ -89.615753, 35.162342 ], [ -89.615738, 35.162303 ], [ -89.615665, 35.162168 ], [ -89.615594, 35.162105 ], [ -89.615515, 35.162097 ], [ -89.61544, 35.162105 ], [ -89.615177, 35.162107 ], [ -89.615006, 35.162081 ], [ -89.614662, 35.162025 ], [ -89.614585, 35.162016 ], [ -89.614333, 35.161987 ], [ -89.614024, 35.161966 ], [ -89.61383, 35.161921 ], [ -89.613736, 35.161875 ], [ -89.613662, 35.161814 ], [ -89.61355, 35.161656 ], [ -89.613501, 35.161494 ], [ -89.613501, 35.161433 ], [ -89.613513, 35.161389 ], [ -89.61356, 35.161292 ], [ -89.613554, 35.161214 ], [ -89.613601, 35.16111 ], [ -89.613721, 35.160995 ], [ -89.613873, 35.160909 ], [ -89.614062, 35.160802 ], [ -89.614209, 35.160676 ], [ -89.614258, 35.160595 ], [ -89.614286, 35.160555 ], [ -89.614302, 35.160463 ], [ -89.614311, 35.160113 ], [ -89.614328, 35.159932 ], [ -89.614483, 35.159423 ], [ -89.614511, 35.159143 ], [ -89.614614, 35.158713 ], [ -89.614614, 35.158621 ], [ -89.614551, 35.158465 ], [ -89.61423, 35.157899 ], [ -89.613989, 35.157486 ], [ -89.613896, 35.157387 ], [ -89.61378, 35.15732 ], [ -89.613574, 35.157244 ], [ -89.613529, 35.157212 ], [ -89.613143, 35.156275 ], [ -89.613048, 35.156073 ], [ -89.613029, 35.155953 ], [ -89.613066, 35.155736 ], [ -89.613097, 35.155372 ], [ -89.613171, 35.15485 ], [ -89.613203, 35.154414 ], [ -89.61327, 35.154016 ], [ -89.613372, 35.152705 ], [ -89.613001, 35.152701 ], [ -89.612038, 35.152693 ], [ -89.611888, 35.152691 ], [ -89.611518, 35.152689 ], [ -89.61078, 35.152681 ], [ -89.610039, 35.152677 ], [ -89.607347, 35.152667 ], [ -89.605605, 35.152638 ], [ -89.604989, 35.152628 ], [ -89.604128, 35.152627 ], [ -89.603955, 35.152626 ], [ -89.603439, 35.152623 ], [ -89.603267, 35.152622 ], [ -89.602474, 35.152617 ], [ -89.60135, 35.152599 ], [ -89.60076, 35.15259 ], [ -89.597331, 35.152564 ], [ -89.595624, 35.152542 ], [ -89.595599, 35.152541 ], [ -89.593921, 35.152504 ], [ -89.593683, 35.152487 ], [ -89.593634, 35.153537 ], [ -89.593623, 35.153762 ], [ -89.59354, 35.155474 ], [ -89.575936, 35.154866 ], [ -89.575923, 35.155757 ], [ -89.575899, 35.157353 ], [ -89.575883, 35.158422 ], [ -89.572947, 35.158426 ], [ -89.57294, 35.158243 ], [ -89.571691, 35.158286 ], [ -89.569671, 35.158356 ], [ -89.569635, 35.159341 ], [ -89.569575, 35.16097 ], [ -89.56951, 35.162762 ], [ -89.568146, 35.162783 ], [ -89.567651, 35.162791 ], [ -89.567616, 35.163456 ], [ -89.567401, 35.167563 ], [ -89.564406, 35.167529 ], [ -89.561672, 35.167498 ], [ -89.561635, 35.168454 ], [ -89.559457, 35.16875 ], [ -89.559448, 35.170425 ], [ -89.561585, 35.170428 ], [ -89.561845, 35.170427 ], [ -89.561865, 35.170753 ], [ -89.561895, 35.171246 ], [ -89.561484, 35.171236 ], [ -89.560836, 35.17122 ], [ -89.560842, 35.171638 ], [ -89.56086, 35.172897 ], [ -89.561559, 35.172892 ], [ -89.562418, 35.172886 ], [ -89.562406, 35.17216 ], [ -89.56338, 35.172136 ], [ -89.564735, 35.172102 ], [ -89.564756, 35.172568 ], [ -89.564765, 35.172783 ], [ -89.565355, 35.172756 ], [ -89.567395, 35.172662 ], [ -89.567401, 35.173226 ], [ -89.567811, 35.173344 ], [ -89.569012, 35.17331 ], [ -89.568993, 35.173532 ], [ -89.568973, 35.173762 ], [ -89.568952, 35.173885 ], [ -89.568894, 35.174227 ], [ -89.568851, 35.174576 ], [ -89.568846, 35.174757 ], [ -89.568836, 35.175169 ], [ -89.568849, 35.175567 ], [ -89.568817, 35.176093 ], [ -89.568807, 35.176252 ], [ -89.568785, 35.176615 ], [ -89.568762, 35.17701 ], [ -89.566287, 35.177086 ], [ -89.566244, 35.180602 ], [ -89.564519, 35.180618 ], [ -89.563767, 35.180625 ], [ -89.563708, 35.180625 ], [ -89.563693, 35.181656 ], [ -89.562797, 35.181652 ], [ -89.562251, 35.181649 ], [ -89.562134, 35.184555 ], [ -89.561996, 35.187962 ], [ -89.559041, 35.187906 ], [ -89.548886, 35.187711 ], [ -89.548396, 35.187702 ], [ -89.548366, 35.189168 ], [ -89.548377, 35.18931 ], [ -89.54836, 35.190136 ], [ -89.54836, 35.19032 ], [ -89.54836, 35.190616 ], [ -89.548324, 35.191096 ], [ -89.548287, 35.191367 ], [ -89.548257, 35.191513 ], [ -89.548189, 35.191704 ], [ -89.548033, 35.192004 ], [ -89.5479, 35.192187 ], [ -89.547568, 35.192582 ], [ -89.547404, 35.192838 ], [ -89.547149, 35.193239 ], [ -89.546965, 35.193622 ], [ -89.546913, 35.19375 ], [ -89.546837, 35.193937 ], [ -89.546449, 35.195093 ], [ -89.54639, 35.195273 ], [ -89.546304, 35.19561 ], [ -89.546265, 35.195809 ], [ -89.54625, 35.195888 ], [ -89.546146, 35.196451 ], [ -89.546104, 35.196814 ], [ -89.546081, 35.19725 ], [ -89.546076, 35.197365 ], [ -89.546022, 35.198625 ], [ -89.546041, 35.199577 ], [ -89.546064, 35.200194 ], [ -89.546043, 35.200525 ], [ -89.546026, 35.200644 ], [ -89.545977, 35.200997 ], [ -89.545936, 35.201367 ], [ -89.545924, 35.201481 ], [ -89.545837, 35.201965 ], [ -89.545767, 35.202454 ], [ -89.545743, 35.202728 ], [ -89.545718, 35.203159 ], [ -89.545688, 35.204117 ], [ -89.545636, 35.205806 ], [ -89.545583, 35.206767 ], [ -89.545502, 35.207727 ], [ -89.54549, 35.208284 ], [ -89.545483, 35.208662 ], [ -89.545451, 35.20925 ], [ -89.54543, 35.209332 ], [ -89.545376, 35.209423 ], [ -89.545328, 35.209469 ], [ -89.545225, 35.209522 ], [ -89.545174, 35.209528 ], [ -89.545104, 35.209534 ], [ -89.544447, 35.209525 ], [ -89.543577, 35.209545 ], [ -89.543173, 35.209547 ], [ -89.542769, 35.20955 ], [ -89.541744, 35.209556 ], [ -89.541625, 35.209547 ], [ -89.541491, 35.209522 ], [ -89.541351, 35.209471 ], [ -89.541117, 35.209306 ], [ -89.540805, 35.20901 ], [ -89.540638, 35.208872 ], [ -89.540521, 35.208796 ], [ -89.540292, 35.208698 ], [ -89.540159, 35.20867 ], [ -89.539788, 35.208638 ], [ -89.538161, 35.20858 ], [ -89.53745, 35.208573 ], [ -89.53677, 35.208568 ], [ -89.535868, 35.208554 ], [ -89.535652, 35.208555 ], [ -89.535524, 35.208601 ], [ -89.535472, 35.208643 ], [ -89.535411, 35.208731 ], [ -89.535371, 35.208864 ], [ -89.535255, 35.209537 ], [ -89.535231, 35.209803 ], [ -89.535219, 35.209952 ], [ -89.535209, 35.211464 ], [ -89.535241, 35.212244 ], [ -89.53527, 35.21243 ], [ -89.535352, 35.212664 ], [ -89.535537, 35.213128 ], [ -89.53561, 35.213327 ], [ -89.53582, 35.213897 ], [ -89.535835, 35.213989 ], [ -89.535824, 35.214111 ], [ -89.535755, 35.214342 ], [ -89.53573, 35.214404 ], [ -89.535706, 35.214465 ], [ -89.535815, 35.21449 ], [ -89.536074, 35.214535 ], [ -89.536453, 35.214625 ], [ -89.536632, 35.214689 ], [ -89.537057, 35.214843 ], [ -89.537372, 35.214973 ], [ -89.537655, 35.215074 ], [ -89.537799, 35.215156 ], [ -89.537904, 35.215221 ], [ -89.538141, 35.215381 ], [ -89.538178, 35.215401 ], [ -89.538342, 35.215453 ], [ -89.538355, 35.215487 ], [ -89.539288, 35.215653 ], [ -89.540456, 35.215778 ], [ -89.542726, 35.216289 ], [ -89.55051, 35.217724 ], [ -89.550916, 35.217753 ], [ -89.551267, 35.217778 ], [ -89.561977, 35.217932 ], [ -89.564487, 35.217998 ], [ -89.565744, 35.218017 ], [ -89.569517, 35.218076 ], [ -89.569748, 35.21808 ], [ -89.570645, 35.218064 ], [ -89.570772, 35.218036 ], [ -89.571237, 35.217884 ], [ -89.572636, 35.217429 ], [ -89.573102, 35.217278 ], [ -89.574474, 35.21685 ], [ -89.578376, 35.215634 ], [ -89.578594, 35.215567 ], [ -89.579969, 35.215145 ], [ -89.580671, 35.214922 ], [ -89.582778, 35.214256 ], [ -89.583481, 35.214034 ], [ -89.583807, 35.21393 ], [ -89.58464, 35.213667 ], [ -89.584786, 35.21362 ], [ -89.585113, 35.213518 ], [ -89.585178, 35.21426 ], [ -89.585201, 35.214727 ], [ -89.585177, 35.215203 ], [ -89.585118, 35.215677 ], [ -89.585077, 35.215945 ], [ -89.585016, 35.216354 ], [ -89.584954, 35.216646 ], [ -89.584857, 35.216995 ], [ -89.584829, 35.217064 ], [ -89.584724, 35.21733 ], [ -89.584451, 35.218026 ], [ -89.582192, 35.218596 ], [ -89.579086, 35.219363 ], [ -89.578509, 35.219487 ], [ -89.57811, 35.219553 ], [ -89.57775, 35.219598 ], [ -89.577291, 35.219635 ], [ -89.577075, 35.219649 ], [ -89.576264, 35.219663 ], [ -89.568881, 35.219752 ], [ -89.568876, 35.21972 ], [ -89.568862, 35.219534 ], [ -89.568857, 35.219252 ], [ -89.568852, 35.218945 ], [ -89.568851, 35.21887 ], [ -89.566859, 35.218821 ], [ -89.565483, 35.218787 ], [ -89.565479, 35.218963 ], [ -89.565471, 35.219313 ], [ -89.565464, 35.219615 ], [ -89.565463, 35.219666 ], [ -89.565462, 35.219793 ], [ -89.565402, 35.219794 ], [ -89.56469, 35.219815 ], [ -89.551152, 35.220121 ], [ -89.550845, 35.22445 ], [ -89.548522, 35.224336 ], [ -89.548494, 35.226596 ], [ -89.545694, 35.226526 ], [ -89.545703, 35.226668 ], [ -89.5457, 35.226807 ], [ -89.545689, 35.227302 ], [ -89.545686, 35.227597 ], [ -89.545685, 35.227728 ], [ -89.545683, 35.227796 ], [ -89.545667, 35.228105 ], [ -89.545662, 35.228482 ], [ -89.545661, 35.228579 ], [ -89.545951, 35.228557 ], [ -89.546547, 35.228513 ], [ -89.546666, 35.228504 ], [ -89.547095, 35.228472 ], [ -89.548366, 35.228379 ], [ -89.548481, 35.228371 ], [ -89.548482, 35.22841 ], [ -89.548485, 35.228469 ], [ -89.548488, 35.228529 ], [ -89.54849, 35.228569 ], [ -89.548482, 35.228643 ], [ -89.54846, 35.228868 ], [ -89.548454, 35.228943 ], [ -89.54844, 35.229082 ], [ -89.548432, 35.229168 ], [ -89.548408, 35.229358 ], [ -89.548406, 35.22939 ], [ -89.548386, 35.229656 ], [ -89.54837, 35.229892 ], [ -89.548331, 35.231187 ], [ -89.548288, 35.231975 ], [ -89.548274, 35.232292 ], [ -89.548244, 35.233045 ], [ -89.548239, 35.233245 ], [ -89.548235, 35.233448 ], [ -89.548231, 35.233563 ], [ -89.548204, 35.233971 ], [ -89.548188, 35.234227 ], [ -89.548143, 35.234928 ], [ -89.548132, 35.235198 ], [ -89.548116, 35.235608 ], [ -89.548015, 35.237574 ], [ -89.547988, 35.238194 ], [ -89.547972, 35.238552 ], [ -89.547962, 35.23878 ], [ -89.547977, 35.238828 ], [ -89.548021, 35.23887 ], [ -89.548076, 35.2389 ], [ -89.548221, 35.238922 ], [ -89.550743, 35.238957 ], [ -89.552051, 35.238956 ], [ -89.552675, 35.238964 ], [ -89.552834, 35.238969 ], [ -89.552941, 35.238971 ], [ -89.554528, 35.238994 ], [ -89.554621, 35.239017 ], [ -89.554726, 35.239066 ], [ -89.557659, 35.239155 ], [ -89.56181, 35.239281 ], [ -89.561682, 35.245452 ], [ -89.563018, 35.245491 ], [ -89.562783, 35.253156 ], [ -89.560374, 35.253073 ], [ -89.560338, 35.258064 ], [ -89.554291, 35.258005 ], [ -89.554287, 35.258292 ], [ -89.554293, 35.259012 ], [ -89.554295, 35.259194 ], [ -89.554307, 35.259427 ], [ -89.554268, 35.259425 ], [ -89.554154, 35.259421 ], [ -89.554116, 35.259422 ], [ -89.554145, 35.259492 ], [ -89.554157, 35.259521 ], [ -89.554287, 35.259672 ], [ -89.554318, 35.259708 ], [ -89.554345, 35.259719 ], [ -89.554385, 35.259922 ], [ -89.554397, 35.25996 ], [ -89.554425, 35.260043 ], [ -89.554278, 35.260191 ], [ -89.55417, 35.260488 ], [ -89.55409, 35.26056 ], [ -89.554067, 35.260562 ], [ -89.553822, 35.260587 ], [ -89.553775, 35.26101 ], [ -89.553835, 35.26268 ], [ -89.553849, 35.263257 ], [ -89.554177, 35.264229 ], [ -89.554297, 35.264712 ], [ -89.554404, 35.26496 ], [ -89.554514, 35.265155 ], [ -89.556261, 35.264536 ], [ -89.563419, 35.261999 ], [ -89.565585, 35.261231 ], [ -89.567719, 35.260544 ], [ -89.56799, 35.260442 ], [ -89.571092, 35.259273 ], [ -89.571348, 35.25256 ], [ -89.57461, 35.252533 ], [ -89.578299, 35.252503 ], [ -89.57844, 35.249984 ], [ -89.578562, 35.247803 ], [ -89.579593, 35.247757 ], [ -89.580304, 35.247725 ], [ -89.580375, 35.248272 ], [ -89.581899, 35.247934 ], [ -89.584532, 35.248026 ], [ -89.585241, 35.248051 ], [ -89.585217, 35.249629 ], [ -89.587474, 35.249788 ], [ -89.587441, 35.250222 ], [ -89.588509, 35.250277 ], [ -89.588988, 35.250303 ], [ -89.589596, 35.250321 ], [ -89.590412, 35.250365 ], [ -89.590515, 35.250371 ], [ -89.591235, 35.25042 ], [ -89.591668, 35.250439 ], [ -89.591715, 35.250439 ], [ -89.592622, 35.250451 ], [ -89.592786, 35.250452 ], [ -89.593314, 35.250455 ], [ -89.593824, 35.250477 ], [ -89.593942, 35.250509 ], [ -89.594038, 35.250575 ], [ -89.59408, 35.25061 ], [ -89.594463, 35.251058 ], [ -89.594623, 35.251219 ], [ -89.594893, 35.251457 ], [ -89.594997, 35.25153 ], [ -89.595257, 35.251713 ], [ -89.595287, 35.25173 ], [ -89.595627, 35.251926 ], [ -89.595717, 35.251963 ], [ -89.595931, 35.251997 ], [ -89.596107, 35.25201 ], [ -89.596441, 35.252016 ], [ -89.596688, 35.252045 ], [ -89.596864, 35.252092 ], [ -89.597071, 35.252186 ], [ -89.597272, 35.252303 ], [ -89.597332, 35.252352 ], [ -89.597426, 35.252464 ], [ -89.59798, 35.253279 ], [ -89.598177, 35.253501 ], [ -89.598285, 35.253578 ], [ -89.598555, 35.253654 ], [ -89.599744, 35.253826 ], [ -89.599962, 35.253892 ], [ -89.600135, 35.253962 ], [ -89.600498, 35.254145 ], [ -89.600647, 35.254234 ], [ -89.601007, 35.25449 ], [ -89.601101, 35.254565 ], [ -89.601301, 35.254738 ], [ -89.601667, 35.255012 ], [ -89.601709, 35.255037 ], [ -89.601917, 35.255162 ], [ -89.602208, 35.255297 ], [ -89.602585, 35.255425 ], [ -89.603495, 35.255699 ], [ -89.603663, 35.255773 ], [ -89.604064, 35.255993 ], [ -89.604138, 35.256031 ], [ -89.604531, 35.256236 ], [ -89.604611, 35.256278 ], [ -89.605219, 35.256537 ], [ -89.605495, 35.256633 ], [ -89.605744, 35.256695 ], [ -89.605775, 35.256699 ], [ -89.606216, 35.256755 ], [ -89.606651, 35.256575 ], [ -89.606767, 35.256528 ], [ -89.607462, 35.256187 ], [ -89.607922, 35.25596 ], [ -89.608345, 35.255753 ], [ -89.611455, 35.254255 ], [ -89.611588, 35.25419 ], [ -89.61355, 35.253244 ], [ -89.618414, 35.250896 ], [ -89.621145, 35.251254 ], [ -89.621197, 35.254964 ], [ -89.626404, 35.254994 ], [ -89.626422, 35.253656 ], [ -89.634254, 35.253761 ], [ -89.636179, 35.253786 ], [ -89.636398, 35.248599 ], [ -89.637883, 35.248636 ], [ -89.637878, 35.247414 ], [ -89.638245, 35.24746 ], [ -89.638459, 35.247484 ], [ -89.638701, 35.247513 ], [ -89.639084, 35.247572 ], [ -89.639786, 35.247704 ], [ -89.639941, 35.247734 ], [ -89.640314, 35.247793 ], [ -89.640983, 35.247931 ], [ -89.641308, 35.247986 ], [ -89.641651, 35.248019 ], [ -89.641763, 35.248022 ], [ -89.642271, 35.248009 ], [ -89.643419, 35.247965 ], [ -89.643766, 35.247931 ], [ -89.644247, 35.247855 ], [ -89.645485, 35.247623 ], [ -89.645523, 35.247619 ], [ -89.645696, 35.247604 ], [ -89.645849, 35.247619 ], [ -89.646482, 35.247802 ], [ -89.646584, 35.247816 ], [ -89.646715, 35.247811 ], [ -89.646902, 35.247764 ], [ -89.64739, 35.247586 ], [ -89.647446, 35.247507 ], [ -89.647682, 35.247257 ], [ -89.647765, 35.247177 ], [ -89.648145, 35.246818 ], [ -89.648362, 35.246654 ], [ -89.648399, 35.246633 ], [ -89.648691, 35.246513 ], [ -89.649187, 35.246371 ], [ -89.649265, 35.246349 ], [ -89.649727, 35.246236 ], [ -89.649838, 35.246216 ], [ -89.650163, 35.246239 ], [ -89.650568, 35.246304 ], [ -89.651614, 35.246608 ], [ -89.653062, 35.247039 ], [ -89.653487, 35.247117 ], [ -89.653687, 35.247147 ], [ -89.653986, 35.247192 ], [ -89.654938, 35.247336 ], [ -89.655139, 35.247343 ], [ -89.655293, 35.247315 ], [ -89.655548, 35.247204 ], [ -89.655934, 35.24701 ], [ -89.656267, 35.246859 ], [ -89.656897, 35.246632 ], [ -89.657815, 35.24629 ], [ -89.658083, 35.246215 ], [ -89.658317, 35.24618 ], [ -89.658993, 35.246149 ], [ -89.66057, 35.246123 ], [ -89.661623, 35.246116 ], [ -89.66239, 35.246094 ], [ -89.662655, 35.246113 ], [ -89.66291, 35.246174 ], [ -89.663275, 35.246313 ], [ -89.663914, 35.246602 ], [ -89.664293, 35.246806 ], [ -89.665134, 35.24737 ], [ -89.66534, 35.24751 ], [ -89.666177, 35.248078 ], [ -89.666307, 35.248159 ], [ -89.66651, 35.248529 ], [ -89.666648, 35.249031 ], [ -89.666875, 35.249561 ], [ -89.667468, 35.250277 ], [ -89.667888, 35.249991 ], [ -89.668288, 35.249719 ], [ -89.668349, 35.249678 ], [ -89.668448, 35.249612 ], [ -89.668765, 35.249398 ], [ -89.668824, 35.249358 ], [ -89.668851, 35.24934 ], [ -89.668913, 35.249305 ], [ -89.66974, 35.248831 ], [ -89.67046, 35.248407 ], [ -89.670657, 35.248293 ], [ -89.670434, 35.24807 ], [ -89.67024, 35.247849 ], [ -89.669587, 35.247096 ], [ -89.669395, 35.246849 ], [ -89.669173, 35.246565 ], [ -89.669038, 35.246383 ], [ -89.668951, 35.246262 ], [ -89.66885, 35.246105 ], [ -89.668711, 35.245858 ], [ -89.668519, 35.245461 ], [ -89.668367, 35.245161 ], [ -89.668214, 35.244842 ], [ -89.667852, 35.244043 ], [ -89.667367, 35.242994 ], [ -89.667135, 35.242475 ], [ -89.666962, 35.242159 ], [ -89.666561, 35.241484 ], [ -89.666445, 35.241288 ], [ -89.666267, 35.241001 ], [ -89.666127, 35.240791 ], [ -89.665849, 35.240422 ], [ -89.665622, 35.24013 ], [ -89.665337, 35.239765 ], [ -89.665041, 35.239406 ], [ -89.664775, 35.239104 ], [ -89.664408, 35.238696 ], [ -89.664169, 35.238416 ], [ -89.663711, 35.23789 ], [ -89.663385, 35.237526 ], [ -89.66284, 35.236906 ], [ -89.662461, 35.236464 ], [ -89.661741, 35.23567 ], [ -89.66145, 35.235313 ], [ -89.660648, 35.234403 ], [ -89.660178, 35.233872 ], [ -89.659789, 35.233423 ], [ -89.659548, 35.233143 ], [ -89.659398, 35.232953 ], [ -89.659273, 35.232769 ], [ -89.659085, 35.232475 ], [ -89.658923, 35.232186 ], [ -89.658727, 35.231776 ], [ -89.658623, 35.231529 ], [ -89.658518, 35.231253 ], [ -89.658404, 35.230825 ], [ -89.658254, 35.230282 ], [ -89.658069, 35.229556 ], [ -89.657801, 35.228563 ], [ -89.657429, 35.22716 ], [ -89.657171, 35.226175 ], [ -89.656987, 35.225492 ], [ -89.656957, 35.225365 ], [ -89.656691, 35.224342 ], [ -89.656425, 35.22336 ], [ -89.65629, 35.222848 ], [ -89.656083, 35.222066 ], [ -89.655827, 35.220984 ], [ -89.655651, 35.220231 ], [ -89.655468, 35.219406 ], [ -89.657042, 35.218626 ], [ -89.657913, 35.218195 ], [ -89.663917, 35.215214 ], [ -89.665614, 35.213604 ], [ -89.667941, 35.211399 ], [ -89.668761, 35.210622 ], [ -89.668978, 35.210618 ], [ -89.670485, 35.210727 ], [ -89.671251, 35.210824 ], [ -89.673197, 35.21107 ], [ -89.67365, 35.211128 ], [ -89.674265, 35.211185 ], [ -89.676024, 35.211348 ], [ -89.677288, 35.211275 ], [ -89.678711, 35.21109 ], [ -89.678989, 35.211055 ], [ -89.681182, 35.210701 ], [ -89.681183, 35.210687 ], [ -89.681186, 35.210649 ], [ -89.681188, 35.210636 ], [ -89.681231, 35.210139 ], [ -89.681246, 35.209644 ], [ -89.681289, 35.208627 ], [ -89.681309, 35.208174 ], [ -89.681303, 35.207437 ], [ -89.681358, 35.205957 ], [ -89.681369, 35.204737 ], [ -89.681465, 35.202594 ], [ -89.681552, 35.200655 ], [ -89.681555, 35.200585 ], [ -89.681557, 35.200542 ], [ -89.681558, 35.200518 ], [ -89.68156, 35.200429 ], [ -89.681638, 35.200421 ], [ -89.681991, 35.200358 ], [ -89.683617, 35.200067 ], [ -89.683993, 35.200045 ], [ -89.687493, 35.199375 ], [ -89.687715, 35.199314 ], [ -89.688655, 35.199059 ], [ -89.691814, 35.1982 ], [ -89.693336, 35.197865 ], [ -89.694514, 35.197623 ], [ -89.695411, 35.19742 ], [ -89.696557, 35.197133 ], [ -89.697371, 35.196931 ], [ -89.697726, 35.19686 ], [ -89.698241, 35.196711 ], [ -89.700135, 35.196255 ], [ -89.700295, 35.196211 ], [ -89.701787, 35.195866 ], [ -89.701821, 35.192667 ], [ -89.69957, 35.192989 ], [ -89.699514, 35.191897 ], [ -89.696118, 35.191853 ], [ -89.695949, 35.189048 ], [ -89.695745, 35.180161 ], [ -89.69572, 35.179453 ], [ -89.695715, 35.179385 ], [ -89.695685, 35.178945 ], [ -89.695754, 35.177955 ], [ -89.69623, 35.177966 ], [ -89.6969, 35.177983 ], [ -89.697003, 35.177986 ], [ -89.69766, 35.177995 ], [ -89.698137, 35.178003 ], [ -89.698131, 35.178492 ], [ -89.698114, 35.178887 ], [ -89.698139, 35.179102 ], [ -89.698177, 35.179205 ], [ -89.698268, 35.179357 ], [ -89.698286, 35.179386 ], [ -89.698492, 35.179653 ], [ -89.698668, 35.179865 ], [ -89.698982, 35.180245 ], [ -89.704804, 35.173058 ], [ -89.70544, 35.172357 ], [ -89.70933, 35.168209 ], [ -89.709564, 35.167979 ], [ -89.712187, 35.168007 ], [ -89.712128, 35.167916 ], [ -89.712052, 35.167789 ], [ -89.712004, 35.167709 ], [ -89.711447, 35.166776 ], [ -89.711366, 35.166641 ], [ -89.711266, 35.166473 ], [ -89.711015, 35.166031 ], [ -89.710978, 35.165966 ], [ -89.710942, 35.165893 ], [ -89.710887, 35.165772 ], [ -89.710808, 35.165501 ], [ -89.710789, 35.165389 ], [ -89.710775, 35.164974 ], [ -89.710777, 35.16491 ], [ -89.710793, 35.164519 ], [ -89.710797, 35.164427 ], [ -89.710819, 35.163917 ], [ -89.710822, 35.163837 ], [ -89.710824, 35.163793 ], [ -89.710827, 35.163725 ], [ -89.71085, 35.163086 ], [ -89.71088, 35.162329 ], [ -89.710926, 35.161482 ], [ -89.71093, 35.161291 ], [ -89.710917, 35.161077 ], [ -89.710877, 35.160861 ], [ -89.7108, 35.160644 ], [ -89.710679, 35.160431 ], [ -89.710546, 35.160259 ], [ -89.710224, 35.159942 ], [ -89.71002, 35.159709 ], [ -89.709901, 35.15951 ], [ -89.709858, 35.159389 ], [ -89.709832, 35.159315 ], [ -89.709741, 35.158839 ], [ -89.709747, 35.158534 ], [ -89.709794, 35.158078 ], [ -89.709854, 35.157647 ], [ -89.710078, 35.156588 ], [ -89.710119, 35.156246 ], [ -89.710244, 35.155236 ], [ -89.710283, 35.154742 ], [ -89.710271, 35.15449 ], [ -89.710226, 35.154291 ], [ -89.710062, 35.1538 ], [ -89.709823, 35.153221 ], [ -89.709467, 35.152536 ], [ -89.709358, 35.15235 ], [ -89.709248, 35.152204 ], [ -89.70883, 35.151793 ], [ -89.708603, 35.151557 ], [ -89.708383, 35.151295 ], [ -89.708308, 35.151144 ], [ -89.708276, 35.150896 ], [ -89.708288, 35.150795 ], [ -89.708391, 35.150265 ], [ -89.708487, 35.149869 ], [ -89.708538, 35.149709 ], [ -89.708695, 35.149315 ], [ -89.708745, 35.149203 ], [ -89.708826, 35.149072 ], [ -89.708853, 35.149031 ], [ -89.709044, 35.148781 ], [ -89.7093, 35.148484 ], [ -89.709661, 35.148137 ], [ -89.710213, 35.147639 ], [ -89.710412, 35.14745 ], [ -89.710502, 35.147328 ], [ -89.710595, 35.147152 ], [ -89.710693, 35.146914 ], [ -89.710729, 35.146832 ], [ -89.710977, 35.146282 ], [ -89.711147, 35.14588 ], [ -89.711283, 35.145562 ], [ -89.711878, 35.145595 ], [ -89.713119, 35.145634 ], [ -89.713061, 35.143676 ], [ -89.713962, 35.144198 ], [ -89.715555, 35.144253 ], [ -89.715685, 35.143358 ], [ -89.716372, 35.143334 ], [ -89.716372, 35.1431 ], [ -89.718917, 35.143166 ], [ -89.718935, 35.142075 ], [ -89.71803, 35.141962 ], [ -89.717502, 35.141661 ], [ -89.717276, 35.141266 ], [ -89.717965, 35.139891 ], [ -89.71777, 35.137552 ], [ -89.719012, 35.137556 ], [ -89.719023, 35.136923 ], [ -89.718553, 35.136867 ], [ -89.718525, 35.135525 ], [ -89.719039, 35.135441 ], [ -89.719029, 35.132278 ], [ -89.710368, 35.132306 ], [ -89.710361, 35.131916 ], [ -89.710418, 35.129904 ], [ -89.710444, 35.129022 ], [ -89.710445, 35.128984 ], [ -89.710452, 35.128687 ], [ -89.710478, 35.127683 ], [ -89.710486, 35.127408 ], [ -89.710486, 35.127349 ], [ -89.711049, 35.127227 ], [ -89.712737, 35.126863 ], [ -89.713301, 35.126742 ], [ -89.716054, 35.126142 ], [ -89.716531, 35.126039 ], [ -89.724316, 35.124345 ], [ -89.727071, 35.123746 ], [ -89.727297, 35.123699 ], [ -89.727975, 35.123558 ], [ -89.728202, 35.123512 ], [ -89.72849, 35.12345 ], [ -89.730269, 35.123069 ], [ -89.732377, 35.122618 ], [ -89.732548, 35.122581 ], [ -89.733865, 35.1223 ], [ -89.734114, 35.122135 ], [ -89.734247, 35.122028 ], [ -89.734385, 35.121894 ], [ -89.734462, 35.121809 ], [ -89.734525, 35.121727 ], [ -89.734575, 35.121664 ], [ -89.734626, 35.121578 ], [ -89.7347, 35.121446 ], [ -89.734742, 35.121358 ], [ -89.734804, 35.12121 ], [ -89.735036, 35.120614 ], [ -89.735237, 35.120077 ], [ -89.73551, 35.119368 ], [ -89.736215, 35.117577 ], [ -89.736396, 35.117106 ], [ -89.736471, 35.116907 ], [ -89.736508, 35.116779 ], [ -89.736543, 35.116624 ], [ -89.736561, 35.11647 ] ] ] } },
{ "type": "Feature", "properties": { "GEOID": "38125", "ZCTA5": "38125", "AREALAND": 49223278 }, "geometry": { "type": "Polygon", "coordinates": [ [ [ -89.831252, 35.034452 ], [ -89.831252, 35.034322 ], [ -89.831251, 35.033982 ], [ -89.83125, 35.032963 ], [ -89.83125, 35.032624 ], [ -89.831249, 35.032458 ], [ -89.831248, 35.032243 ], [ -89.8308, 35.032232 ], [ -89.830716, 35.032182 ], [ -89.829705, 35.032161 ], [ -89.829693, 35.031381 ], [ -89.831247, 35.03141 ], [ -89.831247, 35.031126 ], [ -89.831247, 35.030959 ], [ -89.831243, 35.030629 ], [ -89.831241, 35.030418 ], [ -89.831233, 35.02964 ], [ -89.831231, 35.029311 ], [ -89.83123, 35.028984 ], [ -89.83123, 35.028903 ], [ -89.831224, 35.028005 ], [ -89.831223, 35.027679 ], [ -89.831219, 35.027179 ], [ -89.831219, 35.027167 ], [ -89.831207, 35.02568 ], [ -89.831203, 35.025181 ], [ -89.831202, 35.025013 ], [ -89.831202, 35.02496 ], [ -89.831202, 35.024887 ], [ -89.831199, 35.024634 ], [ -89.831197, 35.024509 ], [ -89.831195, 35.024342 ], [ -89.831193, 35.024232 ], [ -89.831189, 35.02391 ], [ -89.831188, 35.023796 ], [ -89.831187, 35.0236 ], [ -89.831186, 35.023466 ], [ -89.831183, 35.023114 ], [ -89.831177, 35.022369 ], [ -89.831177, 35.022272 ], [ -89.831166, 35.02107 ], [ -89.831162, 35.02053 ], [ -89.831162, 35.020389 ], [ -89.83033, 35.020384 ], [ -89.829776, 35.020381 ], [ -89.829084, 35.020384 ], [ -89.827834, 35.020386 ], [ -89.827244, 35.020387 ], [ -89.827002, 35.020388 ], [ -89.826949, 35.020388 ], [ -89.826791, 35.020388 ], [ -89.826772, 35.020388 ], [ -89.826739, 35.020389 ], [ -89.826596, 35.020389 ], [ -89.826551, 35.020389 ], [ -89.826166, 35.02039 ], [ -89.826024, 35.020391 ], [ -89.825307, 35.02039 ], [ -89.82527, 35.02039 ], [ -89.823924, 35.02039 ], [ -89.823847, 35.02039 ], [ -89.823485, 35.020391 ], [ -89.823009, 35.020391 ], [ -89.822256, 35.020392 ], [ -89.82226, 35.020088 ], [ -89.822271, 35.01928 ], [ -89.822298, 35.019179 ], [ -89.822305, 35.019155 ], [ -89.822321, 35.019123 ], [ -89.822402, 35.019 ], [ -89.822464, 35.018928 ], [ -89.822594, 35.018822 ], [ -89.822679, 35.018766 ], [ -89.822746, 35.018722 ], [ -89.823032, 35.018563 ], [ -89.823412, 35.018352 ], [ -89.823645, 35.01823 ], [ -89.823924, 35.018078 ], [ -89.824816, 35.017593 ], [ -89.825011, 35.017488 ], [ -89.825137, 35.017432 ], [ -89.825421, 35.01729 ], [ -89.826567, 35.016651 ], [ -89.828921, 35.015221 ], [ -89.829075, 35.015113 ], [ -89.829184, 35.015013 ], [ -89.829301, 35.014837 ], [ -89.829342, 35.014737 ], [ -89.829376, 35.014557 ], [ -89.829376, 35.014425 ], [ -89.829333, 35.014188 ], [ -89.829279, 35.013879 ], [ -89.829218, 35.013635 ], [ -89.829198, 35.013374 ], [ -89.829184, 35.012882 ], [ -89.829183, 35.012763 ], [ -89.82918, 35.012406 ], [ -89.829179, 35.012288 ], [ -89.829175, 35.012165 ], [ -89.829166, 35.011796 ], [ -89.829164, 35.011674 ], [ -89.829161, 35.011478 ], [ -89.829155, 35.010892 ], [ -89.829153, 35.010697 ], [ -89.829175, 35.010466 ], [ -89.829187, 35.010416 ], [ -89.829231, 35.010223 ], [ -89.829314, 35.009862 ], [ -89.829334, 35.009759 ], [ -89.82934, 35.009734 ], [ -89.829354, 35.008656 ], [ -89.829376, 35.008357 ], [ -89.829394, 35.008161 ], [ -89.829389, 35.007931 ], [ -89.82939, 35.007547 ], [ -89.829397, 35.006892 ], [ -89.829403, 35.006446 ], [ -89.829406, 35.006333 ], [ -89.82942, 35.006111 ], [ -89.82946, 35.005831 ], [ -89.829721, 35.005845 ], [ -89.830143, 35.005856 ], [ -89.83066, 35.005858 ], [ -89.8309, 35.00586 ], [ -89.830894, 35.005596 ], [ -89.830875, 35.004914 ], [ -89.830859, 35.004338 ], [ -89.830854, 35.004078 ], [ -89.8308, 35.00218 ], [ -89.830798, 35.002129 ], [ -89.830796, 35.002079 ], [ -89.830773, 35.001134 ], [ -89.83076, 35.00054 ], [ -89.830744, 34.999782 ], [ -89.830743, 34.999706 ], [ -89.830742, 34.999621 ], [ -89.830738, 34.999441 ], [ -89.83073, 34.999102 ], [ -89.830723, 34.998758 ], [ -89.830713, 34.998165 ], [ -89.830703, 34.997431 ], [ -89.830702, 34.997273 ], [ -89.830691, 34.996414 ], [ -89.830684, 34.995231 ], [ -89.830684, 34.995215 ], [ -89.83069, 34.994498 ], [ -89.83059, 34.994497 ], [ -89.830291, 34.994494 ], [ -89.830192, 34.994494 ], [ -89.829653, 34.994489 ], [ -89.828726, 34.994493 ], [ -89.827387, 34.994499 ], [ -89.826782, 34.994502 ], [ -89.826207, 34.994504 ], [ -89.825056, 34.994503 ], [ -89.824328, 34.994502 ], [ -89.823532, 34.994502 ], [ -89.823491, 34.994502 ], [ -89.823215, 34.994503 ], [ -89.822863, 34.994503 ], [ -89.822597, 34.994503 ], [ -89.821801, 34.994503 ], [ -89.821536, 34.994504 ], [ -89.821373, 34.994504 ], [ -89.820939, 34.994505 ], [ -89.819636, 34.994509 ], [ -89.819203, 34.994511 ], [ -89.818971, 34.994512 ], [ -89.818278, 34.994515 ], [ -89.818047, 34.994517 ], [ -89.81802, 34.994517 ], [ -89.817941, 34.994517 ], [ -89.817915, 34.994517 ], [ -89.817628, 34.994517 ], [ -89.816766, 34.99452 ], [ -89.81648, 34.994521 ], [ -89.816419, 34.994521 ], [ -89.816237, 34.994521 ], [ -89.816177, 34.994522 ], [ -89.816153, 34.994522 ], [ -89.816091, 34.994523 ], [ -89.815835, 34.994528 ], [ -89.81575, 34.99453 ], [ -89.81572, 34.99453 ], [ -89.815658, 34.994531 ], [ -89.815631, 34.994532 ], [ -89.815602, 34.994533 ], [ -89.815506, 34.994533 ], [ -89.815438, 34.994532 ], [ -89.815108, 34.994529 ], [ -89.814641, 34.994525 ], [ -89.814604, 34.994525 ], [ -89.813626, 34.994517 ], [ -89.813133, 34.994514 ], [ -89.813053, 34.994513 ], [ -89.812097, 34.994519 ], [ -89.810158, 34.994532 ], [ -89.80899, 34.994536 ], [ -89.808618, 34.994537 ], [ -89.808207, 34.99454 ], [ -89.807955, 34.994541 ], [ -89.807353, 34.994544 ], [ -89.805435, 34.99455 ], [ -89.805021, 34.994551 ], [ -89.80421, 34.994554 ], [ -89.80362, 34.994554 ], [ -89.802837, 34.994555 ], [ -89.802246, 34.994557 ], [ -89.80207, 34.994554 ], [ -89.801371, 34.994557 ], [ -89.800175, 34.994563 ], [ -89.799422, 34.994566 ], [ -89.797876, 34.994573 ], [ -89.797085, 34.994578 ], [ -89.795651, 34.994577 ], [ -89.795357, 34.994564 ], [ -89.795037, 34.99457 ], [ -89.792377, 34.994542 ], [ -89.792192, 34.994543 ], [ -89.790305, 34.994551 ], [ -89.789013, 34.994557 ], [ -89.788351, 34.994522 ], [ -89.787724, 34.994452 ], [ -89.787609, 34.994439 ], [ -89.787552, 34.994431 ], [ -89.787354, 34.994403 ], [ -89.78724, 34.994388 ], [ -89.787168, 34.994378 ], [ -89.786417, 34.994339 ], [ -89.784757, 34.994315 ], [ -89.784612, 34.994316 ], [ -89.784372, 34.99441 ], [ -89.783139, 34.994464 ], [ -89.78306, 34.994468 ], [ -89.77738, 34.994542 ], [ -89.768413, 34.994666 ], [ -89.760594, 34.994667 ], [ -89.759862, 34.994666 ], [ -89.759652, 34.994671 ], [ -89.759612, 34.994669 ], [ -89.759388, 34.994671 ], [ -89.759082, 34.994674 ], [ -89.757945, 34.994684 ], [ -89.752945, 34.99473 ], [ -89.752497, 34.994735 ], [ -89.752036, 34.994743 ], [ -89.7519, 34.994742 ], [ -89.751787, 34.994741 ], [ -89.751602, 34.994743 ], [ -89.751279, 34.994746 ], [ -89.751279, 34.994789 ], [ -89.751305, 34.994836 ], [ -89.751339, 34.994867 ], [ -89.751507, 34.995 ], [ -89.751567, 34.995068 ], [ -89.751592, 34.99513 ], [ -89.751644, 34.995329 ], [ -89.751712, 34.995453 ], [ -89.751764, 34.995513 ], [ -89.751848, 34.995609 ], [ -89.751966, 34.995733 ], [ -89.752, 34.99576 ], [ -89.7521, 34.995855 ], [ -89.752118, 34.995896 ], [ -89.752127, 34.995958 ], [ -89.752085, 34.995999 ], [ -89.752044, 34.996051 ], [ -89.751911, 34.996172 ], [ -89.751738, 34.996297 ], [ -89.751638, 34.996394 ], [ -89.751573, 34.996504 ], [ -89.751557, 34.996539 ], [ -89.751507, 34.996615 ], [ -89.751491, 34.996663 ], [ -89.751458, 34.996725 ], [ -89.751425, 34.99676 ], [ -89.751383, 34.996787 ], [ -89.751325, 34.996795 ], [ -89.751266, 34.996782 ], [ -89.751182, 34.996734 ], [ -89.751073, 34.996638 ], [ -89.751031, 34.996611 ], [ -89.750956, 34.996618 ], [ -89.750923, 34.996643 ], [ -89.750882, 34.996695 ], [ -89.7508, 34.996908 ], [ -89.750775, 34.996942 ], [ -89.750718, 34.996998 ], [ -89.750676, 34.997018 ], [ -89.750609, 34.997033 ], [ -89.750561, 34.997029 ], [ -89.750459, 34.997021 ], [ -89.750292, 34.997001 ], [ -89.75022, 34.996985 ], [ -89.750085, 34.99699 ], [ -89.749987, 34.996986 ], [ -89.749693, 34.997019 ], [ -89.749633, 34.997052 ], [ -89.749506, 34.997331 ], [ -89.749446, 34.997547 ], [ -89.749427, 34.997767 ], [ -89.74936, 34.998091 ], [ -89.749247, 34.998442 ], [ -89.749187, 34.998766 ], [ -89.749187, 34.999041 ], [ -89.749081, 34.999464 ], [ -89.749073, 34.999474 ], [ -89.748948, 34.999667 ], [ -89.748828, 34.999975 ], [ -89.748704, 35.00009 ], [ -89.748641, 35.000225 ], [ -89.748461, 35.000385 ], [ -89.747967, 35.000868 ], [ -89.747661, 35.001132 ], [ -89.747547, 35.00128 ], [ -89.747327, 35.001467 ], [ -89.747227, 35.001594 ], [ -89.7471, 35.00172 ], [ -89.747, 35.001841 ], [ -89.7467, 35.002077 ], [ -89.746533, 35.002275 ], [ -89.746013, 35.002836 ], [ -89.745806, 35.003077 ], [ -89.745566, 35.003325 ], [ -89.745433, 35.003456 ], [ -89.745112, 35.003814 ], [ -89.745066, 35.003874 ], [ -89.744643, 35.004294 ], [ -89.744038, 35.004896 ], [ -89.743712, 35.005325 ], [ -89.743652, 35.005561 ], [ -89.743625, 35.00594 ], [ -89.743601, 35.006121 ], [ -89.744968, 35.006099 ], [ -89.74533, 35.006098 ], [ -89.748662, 35.006089 ], [ -89.74919, 35.006082 ], [ -89.749373, 35.006081 ], [ -89.75052, 35.006074 ], [ -89.752251, 35.006064 ], [ -89.753708, 35.006056 ], [ -89.753723, 35.006055 ], [ -89.754338, 35.006052 ], [ -89.755093, 35.00605 ], [ -89.756218, 35.006044 ], [ -89.756279, 35.006044 ], [ -89.756584, 35.006042 ], [ -89.757723, 35.006036 ], [ -89.758142, 35.006034 ], [ -89.758618, 35.006033 ], [ -89.75879, 35.006033 ], [ -89.759615, 35.00603 ], [ -89.759616, 35.006519 ], [ -89.759617, 35.006534 ], [ -89.759612, 35.006916 ], [ -89.759618, 35.007989 ], [ -89.759622, 35.008479 ], [ -89.759625, 35.008717 ], [ -89.759629, 35.00926 ], [ -89.759631, 35.009557 ], [ -89.755222, 35.009599 ], [ -89.755256, 35.011198 ], [ -89.752675, 35.011196 ], [ -89.752675, 35.014169 ], [ -89.752675, 35.018025 ], [ -89.751332, 35.018024 ], [ -89.751334, 35.018279 ], [ -89.751339, 35.018897 ], [ -89.751348, 35.020004 ], [ -89.751353, 35.020579 ], [ -89.751642, 35.020576 ], [ -89.752448, 35.020591 ], [ -89.753009, 35.020588 ], [ -89.753563, 35.020587 ], [ -89.754222, 35.020585 ], [ -89.754878, 35.020585 ], [ -89.755925, 35.020582 ], [ -89.756272, 35.020581 ], [ -89.75798, 35.020577 ], [ -89.758902, 35.020575 ], [ -89.759637, 35.020584 ], [ -89.759566, 35.020877 ], [ -89.759537, 35.021103 ], [ -89.759533, 35.0217 ], [ -89.759535, 35.021939 ], [ -89.759536, 35.022039 ], [ -89.759548, 35.02278 ], [ -89.759553, 35.024431 ], [ -89.759552, 35.024464 ], [ -89.759552, 35.024489 ], [ -89.759552, 35.024523 ], [ -89.759553, 35.025169 ], [ -89.75957, 35.026035 ], [ -89.759573, 35.026188 ], [ -89.759574, 35.026219 ], [ -89.759576, 35.02632 ], [ -89.759584, 35.026564 ], [ -89.759632, 35.027232 ], [ -89.759644, 35.027399 ], [ -89.759651, 35.02749 ], [ -89.759656, 35.027549 ], [ -89.759659, 35.027591 ], [ -89.759572, 35.027589 ], [ -89.759514, 35.027588 ], [ -89.758475, 35.027569 ], [ -89.753526, 35.027463 ], [ -89.74966, 35.027379 ], [ -89.748643, 35.027329 ], [ -89.74811, 35.027283 ], [ -89.74752, 35.027231 ], [ -89.7468, 35.027149 ], [ -89.746237, 35.027069 ], [ -89.745506, 35.026954 ], [ -89.74444, 35.02675 ], [ -89.743567, 35.026554 ], [ -89.742797, 35.02636 ], [ -89.742068, 35.026162 ], [ -89.742102, 35.026478 ], [ -89.742104, 35.028665 ], [ -89.741799, 35.028698 ], [ -89.741799, 35.028783 ], [ -89.741807, 35.03269 ], [ -89.741807, 35.032938 ], [ -89.741823, 35.040238 ], [ -89.742121, 35.040239 ], [ -89.743742, 35.044542 ], [ -89.743319, 35.046048 ], [ -89.742145, 35.04607 ], [ -89.742167, 35.047088 ], [ -89.741155, 35.047096 ], [ -89.739901, 35.047057 ], [ -89.739896, 35.047213 ], [ -89.74035, 35.047225 ], [ -89.74115, 35.047247 ], [ -89.741715, 35.047244 ], [ -89.74217, 35.047243 ], [ -89.74228, 35.047243 ], [ -89.743258, 35.047234 ], [ -89.743488, 35.047233 ], [ -89.743571, 35.047235 ], [ -89.74426, 35.047251 ], [ -89.74527, 35.047322 ], [ -89.746398, 35.047402 ], [ -89.746518, 35.047404 ], [ -89.746823, 35.047411 ], [ -89.747607, 35.047429 ], [ -89.748143, 35.047439 ], [ -89.749659, 35.04747 ], [ -89.749754, 35.047473 ], [ -89.750291, 35.04749 ], [ -89.750727, 35.047494 ], [ -89.750981, 35.047498 ], [ -89.75106, 35.047499 ], [ -89.751569, 35.047508 ], [ -89.751833, 35.047513 ], [ -89.752402, 35.047524 ], [ -89.753052, 35.047535 ], [ -89.753615, 35.047545 ], [ -89.753743, 35.047548 ], [ -89.754149, 35.047556 ], [ -89.75537, 35.04758 ], [ -89.755777, 35.047589 ], [ -89.756606, 35.047606 ], [ -89.756935, 35.047614 ], [ -89.757229, 35.04762 ], [ -89.75801, 35.04764 ], [ -89.759094, 35.047663 ], [ -89.759924, 35.047682 ], [ -89.760513, 35.047693 ], [ -89.762282, 35.047728 ], [ -89.762872, 35.04774 ], [ -89.762877, 35.049864 ], [ -89.762878, 35.050096 ], [ -89.762828, 35.051743 ], [ -89.763938, 35.051762 ], [ -89.763891, 35.054975 ], [ -89.764417, 35.05498 ], [ -89.76443, 35.05682 ], [ -89.764578, 35.05682 ], [ -89.764594, 35.05682 ], [ -89.765039, 35.056822 ], [ -89.765729, 35.056823 ], [ -89.769629, 35.056834 ], [ -89.770181, 35.056836 ], [ -89.770624, 35.056832 ], [ -89.770621, 35.056957 ], [ -89.770612, 35.057458 ], [ -89.770609, 35.057626 ], [ -89.770565, 35.061738 ], [ -89.770593, 35.061905 ], [ -89.771827, 35.061737 ], [ -89.772521, 35.061642 ], [ -89.773203, 35.06155 ], [ -89.77388, 35.061512 ], [ -89.774416, 35.061517 ], [ -89.775484, 35.061555 ], [ -89.776603, 35.06166 ], [ -89.777729, 35.061837 ], [ -89.778104, 35.061913 ], [ -89.778231, 35.061776 ], [ -89.778547, 35.061837 ], [ -89.780955, 35.062285 ], [ -89.782888, 35.062677 ], [ -89.783395, 35.062794 ], [ -89.783856, 35.062929 ], [ -89.783981, 35.062966 ], [ -89.783994, 35.06297 ], [ -89.784437, 35.063139 ], [ -89.785097, 35.06345 ], [ -89.785283, 35.063552 ], [ -89.785391, 35.063553 ], [ -89.785427, 35.063554 ], [ -89.78576, 35.063562 ], [ -89.785845, 35.063564 ], [ -89.786718, 35.063588 ], [ -89.786802, 35.063591 ], [ -89.786835, 35.063592 ], [ -89.78719, 35.063604 ], [ -89.787478, 35.063614 ], [ -89.787763, 35.063624 ], [ -89.788048, 35.063634 ], [ -89.788336, 35.063644 ], [ -89.788596, 35.063654 ], [ -89.788624, 35.063654 ], [ -89.788892, 35.063664 ], [ -89.788908, 35.063664 ], [ -89.789209, 35.063675 ], [ -89.78922, 35.063675 ], [ -89.789411, 35.063682 ], [ -89.789443, 35.063683 ], [ -89.78959, 35.063688 ], [ -89.789753, 35.063694 ], [ -89.789907, 35.063699 ], [ -89.790026, 35.063703 ], [ -89.79028, 35.063712 ], [ -89.790329, 35.063714 ], [ -89.790482, 35.063719 ], [ -89.790513, 35.06372 ], [ -89.790779, 35.063729 ], [ -89.791268, 35.063746 ], [ -89.791664, 35.06376 ], [ -89.791961, 35.06377 ], [ -89.792107, 35.063776 ], [ -89.792203, 35.063779 ], [ -89.792243, 35.06378 ], [ -89.792285, 35.063782 ], [ -89.792529, 35.06379 ], [ -89.792563, 35.063791 ], [ -89.792885, 35.063803 ], [ -89.792942, 35.063805 ], [ -89.793064, 35.063786 ], [ -89.793188, 35.063766 ], [ -89.793188, 35.063749 ], [ -89.793202, 35.062998 ], [ -89.793207, 35.06268 ], [ -89.793234, 35.062371 ], [ -89.793238, 35.062176 ], [ -89.793162, 35.062056 ], [ -89.79316, 35.061927 ], [ -89.79336, 35.061936 ], [ -89.793483, 35.06188 ], [ -89.793676, 35.061884 ], [ -89.794456, 35.061898 ], [ -89.795556, 35.061905 ], [ -89.795553, 35.061695 ], [ -89.795512, 35.06155 ], [ -89.795502, 35.061504 ], [ -89.795471, 35.061358 ], [ -89.795506, 35.061137 ], [ -89.795564, 35.06095 ], [ -89.79558, 35.060438 ], [ -89.795086, 35.060428 ], [ -89.794234, 35.06041 ], [ -89.793194, 35.060388 ], [ -89.793204, 35.059934 ], [ -89.793205, 35.059912 ], [ -89.793211, 35.059588 ], [ -89.793213, 35.059466 ], [ -89.793218, 35.059233 ], [ -89.793232, 35.058536 ], [ -89.793238, 35.058304 ], [ -89.793239, 35.058218 ], [ -89.793239, 35.058194 ], [ -89.793245, 35.057867 ], [ -89.793248, 35.057758 ], [ -89.793258, 35.057417 ], [ -89.793261, 35.057325 ], [ -89.793281, 35.057037 ], [ -89.793291, 35.056945 ], [ -89.793331, 35.056595 ], [ -89.793371, 35.056404 ], [ -89.793413, 35.056208 ], [ -89.793425, 35.056153 ], [ -89.793443, 35.056072 ], [ -89.793487, 35.055917 ], [ -89.793566, 35.055637 ], [ -89.793678, 35.05533 ], [ -89.793824, 35.054951 ], [ -89.793983, 35.054542 ], [ -89.794177, 35.054121 ], [ -89.794714, 35.053129 ], [ -89.794891, 35.052748 ], [ -89.794905, 35.052709 ], [ -89.794996, 35.052441 ], [ -89.795077, 35.052096 ], [ -89.795118, 35.0517 ], [ -89.795118, 35.051675 ], [ -89.79512, 35.051624 ], [ -89.795134, 35.051158 ], [ -89.795136, 35.05107 ], [ -89.795153, 35.050492 ], [ -89.795973, 35.050516 ], [ -89.798433, 35.05059 ], [ -89.799254, 35.050615 ], [ -89.799274, 35.050219 ], [ -89.799283, 35.050053 ], [ -89.79932, 35.049537 ], [ -89.799353, 35.049034 ], [ -89.799371, 35.048764 ], [ -89.799391, 35.048641 ], [ -89.800607, 35.048805 ], [ -89.801527, 35.048929 ], [ -89.801578, 35.048936 ], [ -89.803895, 35.049248 ], [ -89.806127, 35.0495 ], [ -89.807056, 35.049627 ], [ -89.807561, 35.049698 ], [ -89.807879, 35.049742 ], [ -89.808479, 35.04982 ], [ -89.809165, 35.049889 ], [ -89.809332, 35.049913 ], [ -89.809449, 35.050147 ], [ -89.809599, 35.050411 ], [ -89.809781, 35.050675 ], [ -89.809876, 35.050793 ], [ -89.810182, 35.051131 ], [ -89.810358, 35.051296 ], [ -89.810723, 35.051582 ], [ -89.811059, 35.051801 ], [ -89.811384, 35.051978 ], [ -89.811733, 35.052142 ], [ -89.81221, 35.052313 ], [ -89.8125, 35.052394 ], [ -89.812715, 35.052443 ], [ -89.812933, 35.052488 ], [ -89.813002, 35.0525 ], [ -89.813541, 35.052557 ], [ -89.813972, 35.052571 ], [ -89.818234, 35.052548 ], [ -89.820601, 35.052536 ], [ -89.821406, 35.052533 ], [ -89.822364, 35.052529 ], [ -89.822525, 35.052528 ], [ -89.822579, 35.052571 ], [ -89.822718, 35.052658 ], [ -89.822865, 35.052737 ], [ -89.822896, 35.052761 ], [ -89.823039, 35.052844 ], [ -89.823079, 35.05286 ], [ -89.823174, 35.052934 ], [ -89.823355, 35.053036 ], [ -89.823488, 35.053128 ], [ -89.823516, 35.053158 ], [ -89.823542, 35.053185 ], [ -89.823581, 35.053201 ], [ -89.823875, 35.053411 ], [ -89.823914, 35.053428 ], [ -89.82418, 35.053611 ], [ -89.824359, 35.053712 ], [ -89.824434, 35.053749 ], [ -89.824504, 35.053791 ], [ -89.824535, 35.053815 ], [ -89.82461, 35.053853 ], [ -89.82475, 35.053939 ], [ -89.824777, 35.053967 ], [ -89.82481, 35.053991 ], [ -89.824915, 35.054055 ], [ -89.82508, 35.054174 ], [ -89.825231, 35.054246 ], [ -89.825295, 35.054295 ], [ -89.82533, 35.054317 ], [ -89.825408, 35.05435 ], [ -89.82548, 35.054391 ], [ -89.825618, 35.05448 ], [ -89.825726, 35.054541 ], [ -89.826104, 35.054786 ], [ -89.826339, 35.054947 ], [ -89.82655, 35.055076 ], [ -89.826781, 35.05524 ], [ -89.826922, 35.055324 ], [ -89.826986, 35.055372 ], [ -89.827135, 35.055456 ], [ -89.827263, 35.055529 ], [ -89.827382, 35.055633 ], [ -89.827483, 35.055702 ], [ -89.827969, 35.056012 ], [ -89.828286, 35.056205 ], [ -89.828329, 35.056243 ], [ -89.828345, 35.056257 ], [ -89.828378, 35.056281 ], [ -89.828467, 35.056338 ], [ -89.828514, 35.056275 ], [ -89.828671, 35.056036 ], [ -89.828827, 35.055766 ], [ -89.82886, 35.055691 ], [ -89.828951, 35.055485 ], [ -89.829069, 35.05518 ], [ -89.829155, 35.054882 ], [ -89.829176, 35.054804 ], [ -89.829195, 35.054723 ], [ -89.82923, 35.054634 ], [ -89.829267, 35.054506 ], [ -89.829303, 35.054319 ], [ -89.829446, 35.053437 ], [ -89.829623, 35.052225 ], [ -89.829723, 35.051494 ], [ -89.829819, 35.050878 ], [ -89.830072, 35.049305 ], [ -89.830092, 35.049182 ], [ -89.830011, 35.04918 ], [ -89.829915, 35.049177 ], [ -89.829934, 35.049055 ], [ -89.829977, 35.048781 ], [ -89.830165, 35.047593 ], [ -89.830228, 35.047198 ], [ -89.830276, 35.046892 ], [ -89.830421, 35.045976 ], [ -89.830461, 35.045724 ], [ -89.830468, 35.045671 ], [ -89.830607, 35.044786 ], [ -89.830698, 35.044218 ], [ -89.831025, 35.042133 ], [ -89.831141, 35.041398 ], [ -89.831159, 35.041248 ], [ -89.831208, 35.040701 ], [ -89.831211, 35.040668 ], [ -89.831234, 35.040414 ], [ -89.831249, 35.039859 ], [ -89.83125, 35.039055 ], [ -89.831251, 35.038507 ], [ -89.831251, 35.038296 ], [ -89.831251, 35.037663 ], [ -89.831251, 35.037452 ], [ -89.831251, 35.036956 ], [ -89.831252, 35.036081 ], [ -89.831252, 35.035471 ], [ -89.831252, 35.034976 ], [ -89.831252, 35.034845 ], [ -89.831252, 35.034452 ] ] ] } },
{ "type": "Feature", "properties": { "GEOID": "38113", "ZCTA5": "38113", "AREALAND": 33861408 }, "geometry": { "type": "Polygon", "coordinates": [ [ [ -90.18149, 35.090895 ], [ -90.181528, 35.090029 ], [ -90.181362, 35.087424 ], [ -90.180987, 35.084993 ], [ -90.179698, 35.081427 ], [ -90.178513, 35.079811 ], [ -90.176853, 35.078752 ], [ -90.17574, 35.077718 ], [ -90.175611, 35.077484 ], [ -90.17539, 35.0776 ], [ -90.175247, 35.077674 ], [ -90.174352, 35.078147 ], [ -90.173688, 35.078537 ], [ -90.173023, 35.078927 ], [ -90.169895, 35.080758 ], [ -90.166767, 35.082589 ], [ -90.164483, 35.083927 ], [ -90.163422, 35.084072 ], [ -90.157843, 35.084832 ], [ -90.156504, 35.085015 ], [ -90.154818, 35.084916 ], [ -90.153136, 35.084669 ], [ -90.14957, 35.083914 ], [ -90.146531, 35.082897 ], [ -90.140516, 35.07999 ], [ -90.134282, 35.077306 ], [ -90.132169, 35.076731 ], [ -90.123795, 35.074456 ], [ -90.120458, 35.074042 ], [ -90.117306, 35.073652 ], [ -90.107436, 35.072428 ], [ -90.10567, 35.073375 ], [ -90.100756, 35.076014 ], [ -90.10041, 35.076321 ], [ -90.100054, 35.076646 ], [ -90.099697, 35.076972 ], [ -90.097415, 35.079057 ], [ -90.095476, 35.080701 ], [ -90.095063, 35.081136 ], [ -90.093536, 35.082746 ], [ -90.092009, 35.084356 ], [ -90.09185, 35.084524 ], [ -90.091692, 35.084691 ], [ -90.091396, 35.085179 ], [ -90.091204, 35.085497 ], [ -90.090717, 35.086302 ], [ -90.09051, 35.086644 ], [ -90.090466, 35.086718 ], [ -90.090215, 35.087133 ], [ -90.087894, 35.090995 ], [ -90.084873, 35.096026 ], [ -90.084071, 35.103633 ], [ -90.083599, 35.108114 ], [ -90.083609, 35.108303 ], [ -90.083642, 35.108871 ], [ -90.083653, 35.109061 ], [ -90.083731, 35.109476 ], [ -90.083967, 35.110724 ], [ -90.084046, 35.11114 ], [ -90.084052, 35.111175 ], [ -90.084073, 35.111281 ], [ -90.08408, 35.111317 ], [ -90.084376, 35.112331 ], [ -90.085266, 35.115376 ], [ -90.085563, 35.116391 ], [ -90.085792, 35.117068 ], [ -90.08648, 35.119101 ], [ -90.087428, 35.120948 ], [ -90.088832, 35.120525 ], [ -90.089782, 35.120194 ], [ -90.091331, 35.11958 ], [ -90.091906, 35.119459 ], [ -90.094021, 35.119141 ], [ -90.09555, 35.118915 ], [ -90.097834, 35.118693 ], [ -90.099276, 35.118735 ], [ -90.100048, 35.118771 ], [ -90.100677, 35.118804 ], [ -90.101115, 35.118865 ], [ -90.102265, 35.11904 ], [ -90.10387, 35.119309 ], [ -90.105308, 35.119645 ], [ -90.107469, 35.120278 ], [ -90.108574, 35.120654 ], [ -90.109744, 35.121031 ], [ -90.112241, 35.121983 ], [ -90.115132, 35.123153 ], [ -90.118114, 35.125244 ], [ -90.120162, 35.126466 ], [ -90.122528, 35.127671 ], [ -90.125, 35.128724 ], [ -90.127326, 35.129542 ], [ -90.129234, 35.1301 ], [ -90.130932, 35.130515 ], [ -90.132696, 35.13087 ], [ -90.134143, 35.131104 ], [ -90.135393, 35.131266 ], [ -90.136304, 35.131358 ], [ -90.13665, 35.131392 ], [ -90.137911, 35.131482 ], [ -90.138669, 35.131519 ], [ -90.138897, 35.13106 ], [ -90.140033, 35.131043 ], [ -90.141114, 35.131008 ], [ -90.142308, 35.130989 ], [ -90.142852, 35.130974 ], [ -90.143835, 35.130835 ], [ -90.145244, 35.130518 ], [ -90.147606, 35.129924 ], [ -90.150294, 35.129203 ], [ -90.153315, 35.128357 ], [ -90.155988, 35.127624 ], [ -90.156729, 35.127308 ], [ -90.157964, 35.126711 ], [ -90.159851, 35.125898 ], [ -90.161218, 35.125335 ], [ -90.162563, 35.124804 ], [ -90.163657, 35.124177 ], [ -90.164016, 35.123965 ], [ -90.164484, 35.123683 ], [ -90.165026, 35.123319 ], [ -90.165413, 35.123026 ], [ -90.165808, 35.122721 ], [ -90.166249, 35.122361 ], [ -90.16682, 35.121904 ], [ -90.167397, 35.121529 ], [ -90.1679, 35.121132 ], [ -90.168383, 35.120729 ], [ -90.168764, 35.12038 ], [ -90.169145, 35.120025 ], [ -90.16954, 35.119715 ], [ -90.17001, 35.119251 ], [ -90.170392, 35.118836 ], [ -90.170713, 35.118592 ], [ -90.170954, 35.118339 ], [ -90.171425, 35.117814 ], [ -90.171722, 35.117483 ], [ -90.172261, 35.116883 ], [ -90.172485, 35.116628 ], [ -90.172767, 35.116309 ], [ -90.173005, 35.115978 ], [ -90.173381, 35.115458 ], [ -90.173557, 35.115192 ], [ -90.173732, 35.114925 ], [ -90.173917, 35.114551 ], [ -90.174049, 35.114284 ], [ -90.174216, 35.113837 ], [ -90.174259, 35.113434 ], [ -90.174286, 35.11318 ], [ -90.174305, 35.112648 ], [ -90.174341, 35.112149 ], [ -90.174415, 35.111658 ], [ -90.174536, 35.111104 ], [ -90.174755, 35.1103 ], [ -90.174979, 35.109685 ], [ -90.175424, 35.108692 ], [ -90.175888, 35.107373 ], [ -90.176694, 35.105348 ], [ -90.177396, 35.103585 ], [ -90.177822, 35.102508 ], [ -90.178333, 35.101097 ], [ -90.178868, 35.099343 ], [ -90.178953, 35.09876 ], [ -90.179321, 35.097968 ], [ -90.179917, 35.096461 ], [ -90.1804, 35.095209 ], [ -90.180758, 35.094281 ], [ -90.181262, 35.092803 ], [ -90.181445, 35.092163 ], [ -90.181474, 35.091431 ], [ -90.181478, 35.091184 ], [ -90.18149, 35.090895 ] ] ] } },
{ "type": "Feature", "properties": { "GEOID": "38109", "ZCTA5": "38109", "AREALAND": 145491723 }, "geometry": { "type": "Polygon", "coordinates": [ [ [ -90.30304, 34.999728 ], [ -90.303051, 34.999338 ], [ -90.303003, 34.999068 ], [ -90.30301, 34.998737 ], [ -90.302964, 34.998332 ], [ -90.302955, 34.997872 ], [ -90.302914, 34.99755 ], [ -90.30287, 34.997202 ], [ -90.302829, 34.996949 ], [ -90.302765, 34.996726 ], [ -90.302714, 34.996553 ], [ -90.302675, 34.996235 ], [ -90.302645, 34.995687 ], [ -90.293621, 34.995541 ], [ -90.293578, 34.995541 ], [ -90.29356, 34.99554 ], [ -90.290696, 34.995494 ], [ -90.288295, 34.995494 ], [ -90.273011, 34.995498 ], [ -90.272499, 34.995498 ], [ -90.267234, 34.995505 ], [ -90.267147, 34.995505 ], [ -90.267017, 34.995506 ], [ -90.266886, 34.995506 ], [ -90.266873, 34.995506 ], [ -90.2668, 34.995506 ], [ -90.263601, 34.995509 ], [ -90.254006, 34.995522 ], [ -90.251618, 34.995525 ], [ -90.251521, 34.995525 ], [ -90.250808, 34.995526 ], [ -90.25076, 34.995526 ], [ -90.250711, 34.995526 ], [ -90.250617, 34.995526 ], [ -90.25057, 34.995526 ], [ -90.250522, 34.995526 ], [ -90.250486, 34.995526 ], [ -90.25038, 34.995526 ], [ -90.250333, 34.995526 ], [ -90.249888, 34.995526 ], [ -90.248553, 34.995528 ], [ -90.248109, 34.995529 ], [ -90.246957, 34.99553 ], [ -90.244829, 34.995532 ], [ -90.237724, 34.995542 ], [ -90.234991, 34.995517 ], [ -90.231712, 34.995488 ], [ -90.229842, 34.995471 ], [ -90.226446, 34.995441 ], [ -90.225869, 34.995436 ], [ -90.225706, 34.995434 ], [ -90.225542, 34.995433 ], [ -90.224235, 34.995421 ], [ -90.223571, 34.995415 ], [ -90.222366, 34.995405 ], [ -90.222207, 34.995403 ], [ -90.22173, 34.995399 ], [ -90.221571, 34.995398 ], [ -90.221256, 34.995395 ], [ -90.22011, 34.995384 ], [ -90.219766, 34.99538 ], [ -90.216191, 34.995349 ], [ -90.215729, 34.995345 ], [ -90.214269, 34.995332 ], [ -90.211173, 34.995304 ], [ -90.211147, 34.995304 ], [ -90.201887, 34.995221 ], [ -90.199308, 34.995198 ], [ -90.198792, 34.995193 ], [ -90.198243, 34.995188 ], [ -90.196599, 34.995173 ], [ -90.196342, 34.995171 ], [ -90.196285, 34.995171 ], [ -90.196051, 34.995169 ], [ -90.195886, 34.995167 ], [ -90.19572, 34.995166 ], [ -90.187073, 34.995088 ], [ -90.167012, 34.994909 ], [ -90.160141, 34.994863 ], [ -90.151258, 34.994805 ], [ -90.151164, 34.994804 ], [ -90.150695, 34.9948 ], [ -90.149993, 34.994796 ], [ -90.14929, 34.994791 ], [ -90.149, 34.994789 ], [ -90.148822, 34.994788 ], [ -90.148361, 34.994714 ], [ -90.148438, 34.994785 ], [ -90.148233, 34.994784 ], [ -90.146469, 34.994772 ], [ -90.145881, 34.994769 ], [ -90.145522, 34.994767 ], [ -90.144676, 34.994761 ], [ -90.144238, 34.994758 ], [ -90.14204, 34.994743 ], [ -90.139312, 34.994724 ], [ -90.137885, 34.994667 ], [ -90.137698, 34.99467 ], [ -90.137666, 34.99467 ], [ -90.136755, 34.994678 ], [ -90.134511, 34.994701 ], [ -90.12747, 34.994771 ], [ -90.12721, 34.994774 ], [ -90.124651, 34.994799 ], [ -90.113643, 34.994903 ], [ -90.103391, 34.994922 ], [ -90.102744, 34.994922 ], [ -90.096341, 34.994933 ], [ -90.095315, 34.994935 ], [ -90.089298, 34.994945 ], [ -90.087803, 34.994947 ], [ -90.080236, 34.994959 ], [ -90.066165, 34.994979 ], [ -90.066067, 34.994981 ], [ -90.060785, 34.994988 ], [ -90.057732, 34.994991 ], [ -90.054062, 34.994995 ], [ -90.043037, 34.995011 ], [ -90.04304, 34.995094 ], [ -90.043039, 34.995947 ], [ -90.043038, 34.99912 ], [ -90.043053, 34.999778 ], [ -90.043059, 35.000069 ], [ -90.043053, 35.000408 ], [ -90.043053, 35.000459 ], [ -90.043053, 35.001167 ], [ -90.043053, 35.002384 ], [ -90.043053, 35.002502 ], [ -90.043058, 35.003184 ], [ -90.043051, 35.00352 ], [ -90.04305, 35.003818 ], [ -90.043049, 35.004933 ], [ -90.043047, 35.005723 ], [ -90.043047, 35.006359 ], [ -90.041888, 35.006359 ], [ -90.041789, 35.006359 ], [ -90.041483, 35.006359 ], [ -90.03916, 35.006368 ], [ -90.03811, 35.00637 ], [ -90.037793, 35.00637 ], [ -90.037503, 35.00637 ], [ -90.036957, 35.00637 ], [ -90.036794, 35.006369 ], [ -90.035659, 35.006369 ], [ -90.035301, 35.006369 ], [ -90.035231, 35.006369 ], [ -90.035903, 35.008307 ], [ -90.036254, 35.009318 ], [ -90.036962, 35.011358 ], [ -90.03715, 35.012019 ], [ -90.03726, 35.012507 ], [ -90.037604, 35.01421 ], [ -90.037641, 35.014393 ], [ -90.037661, 35.014491 ], [ -90.037949, 35.015915 ], [ -90.038028, 35.016217 ], [ -90.038041, 35.016305 ], [ -90.038081, 35.016571 ], [ -90.038095, 35.01666 ], [ -90.038127, 35.016813 ], [ -90.038223, 35.017275 ], [ -90.038255, 35.01743 ], [ -90.038396, 35.01814 ], [ -90.038654, 35.019439 ], [ -90.038827, 35.020269 ], [ -90.038975, 35.020979 ], [ -90.039133, 35.021756 ], [ -90.039607, 35.024087 ], [ -90.039766, 35.024864 ], [ -90.03985, 35.025283 ], [ -90.040072, 35.026379 ], [ -90.040104, 35.026543 ], [ -90.040189, 35.026963 ], [ -90.040383, 35.027952 ], [ -90.040517, 35.028632 ], [ -90.040738, 35.029761 ], [ -90.040961, 35.030921 ], [ -90.041153, 35.031912 ], [ -90.041189, 35.032077 ], [ -90.041297, 35.032574 ], [ -90.041333, 35.03274 ], [ -90.041436, 35.033255 ], [ -90.041748, 35.0348 ], [ -90.041852, 35.035316 ], [ -90.042125, 35.036656 ], [ -90.042517, 35.038573 ], [ -90.042915, 35.040682 ], [ -90.042923, 35.040721 ], [ -90.043204, 35.04202 ], [ -90.043308, 35.042533 ], [ -90.043479, 35.043376 ], [ -90.043641, 35.044067 ], [ -90.043761, 35.044577 ], [ -90.044492, 35.04664 ], [ -90.044678, 35.047164 ], [ -90.045631, 35.049923 ], [ -90.046111, 35.051311 ], [ -90.046647, 35.052846 ], [ -90.047369, 35.054914 ], [ -90.047742, 35.055986 ], [ -90.04821, 35.057332 ], [ -90.048437, 35.05798 ], [ -90.048505, 35.058175 ], [ -90.04868, 35.058667 ], [ -90.04883, 35.059215 ], [ -90.048978, 35.059752 ], [ -90.049063, 35.060325 ], [ -90.049121, 35.060604 ], [ -90.049296, 35.061441 ], [ -90.049328, 35.061591 ], [ -90.049355, 35.061721 ], [ -90.049394, 35.061952 ], [ -90.049513, 35.062648 ], [ -90.049553, 35.06288 ], [ -90.049881, 35.064605 ], [ -90.050115, 35.065828 ], [ -90.050288, 35.066706 ], [ -90.050424, 35.067396 ], [ -90.050865, 35.06978 ], [ -90.050901, 35.069975 ], [ -90.051171, 35.071414 ], [ -90.051188, 35.071507 ], [ -90.051206, 35.071599 ], [ -90.051221, 35.071674 ], [ -90.051322, 35.072177 ], [ -90.051356, 35.072345 ], [ -90.051472, 35.07303 ], [ -90.051544, 35.073453 ], [ -90.051705, 35.074241 ], [ -90.051877, 35.075074 ], [ -90.051914, 35.075249 ], [ -90.052002, 35.075758 ], [ -90.052094, 35.076258 ], [ -90.05237, 35.077761 ], [ -90.052437, 35.078121 ], [ -90.052462, 35.078262 ], [ -90.052537, 35.078732 ], [ -90.052563, 35.078893 ], [ -90.052633, 35.079322 ], [ -90.052848, 35.080582 ], [ -90.052885, 35.080784 ], [ -90.053001, 35.081414 ], [ -90.052975, 35.081386 ], [ -90.052899, 35.081302 ], [ -90.052874, 35.081275 ], [ -90.052364, 35.081884 ], [ -90.051457, 35.082971 ], [ -90.050488, 35.083006 ], [ -90.049694, 35.083035 ], [ -90.048687, 35.083306 ], [ -90.047808, 35.083544 ], [ -90.047244, 35.083684 ], [ -90.046972, 35.083726 ], [ -90.046622, 35.083673 ], [ -90.046305, 35.083624 ], [ -90.045628, 35.083508 ], [ -90.044601, 35.083333 ], [ -90.044597, 35.083363 ], [ -90.044588, 35.083456 ], [ -90.044586, 35.083487 ], [ -90.045792, 35.083669 ], [ -90.046071, 35.083717 ], [ -90.046553, 35.083801 ], [ -90.046867, 35.083854 ], [ -90.047115, 35.083873 ], [ -90.048437, 35.083909 ], [ -90.050566, 35.083945 ], [ -90.052069, 35.083971 ], [ -90.051951, 35.084268 ], [ -90.051822, 35.084511 ], [ -90.051747, 35.084654 ], [ -90.051302, 35.085269 ], [ -90.050777, 35.085956 ], [ -90.050416, 35.08643 ], [ -90.049635, 35.087564 ], [ -90.049571, 35.087658 ], [ -90.048896, 35.088649 ], [ -90.048476, 35.089233 ], [ -90.04694, 35.090663 ], [ -90.046891, 35.090709 ], [ -90.045912, 35.091579 ], [ -90.047146, 35.091575 ], [ -90.047297, 35.091575 ], [ -90.049259, 35.09157 ], [ -90.050456, 35.091592 ], [ -90.050847, 35.091593 ], [ -90.052082, 35.091597 ], [ -90.052063, 35.0923 ], [ -90.052009, 35.094412 ], [ -90.051991, 35.095116 ], [ -90.052322, 35.095131 ], [ -90.052371, 35.095137 ], [ -90.052646, 35.095174 ], [ -90.05299, 35.095255 ], [ -90.053281, 35.095361 ], [ -90.053466, 35.095445 ], [ -90.053573, 35.095494 ], [ -90.053772, 35.095584 ], [ -90.053813, 35.095603 ], [ -90.054174, 35.095771 ], [ -90.054523, 35.095934 ], [ -90.05483, 35.096056 ], [ -90.055035, 35.096114 ], [ -90.055299, 35.096152 ], [ -90.055317, 35.096155 ], [ -90.055663, 35.096176 ], [ -90.055697, 35.096178 ], [ -90.055728, 35.09618 ], [ -90.055746, 35.096181 ], [ -90.055769, 35.096183 ], [ -90.055841, 35.096187 ], [ -90.056365, 35.096219 ], [ -90.057184, 35.09627 ], [ -90.057712, 35.096288 ], [ -90.058091, 35.096275 ], [ -90.058372, 35.096245 ], [ -90.058632, 35.096218 ], [ -90.059035, 35.096145 ], [ -90.05929, 35.096082 ], [ -90.060057, 35.095895 ], [ -90.060313, 35.095833 ], [ -90.060528, 35.095779 ], [ -90.061173, 35.095619 ], [ -90.061389, 35.095566 ], [ -90.061669, 35.095495 ], [ -90.062511, 35.095284 ], [ -90.062596, 35.095263 ], [ -90.062786, 35.095195 ], [ -90.062773, 35.095669 ], [ -90.062738, 35.097093 ], [ -90.062726, 35.097568 ], [ -90.062152, 35.098174 ], [ -90.062035, 35.0983 ], [ -90.061528, 35.098852 ], [ -90.060768, 35.099873 ], [ -90.060637, 35.100104 ], [ -90.060515, 35.100319 ], [ -90.060308, 35.100758 ], [ -90.060179, 35.101033 ], [ -90.059916, 35.101686 ], [ -90.059509, 35.102884 ], [ -90.059402, 35.103201 ], [ -90.058218, 35.106455 ], [ -90.057786, 35.107645 ], [ -90.057948, 35.107647 ], [ -90.058061, 35.10765 ], [ -90.058436, 35.107658 ], [ -90.058599, 35.107662 ], [ -90.058763, 35.107665 ], [ -90.059258, 35.107675 ], [ -90.059423, 35.107679 ], [ -90.059561, 35.107681 ], [ -90.059977, 35.107689 ], [ -90.060116, 35.107692 ], [ -90.060256, 35.107695 ], [ -90.060676, 35.107704 ], [ -90.060816, 35.107708 ], [ -90.060891, 35.107709 ], [ -90.061119, 35.107714 ], [ -90.061195, 35.107716 ], [ -90.061434, 35.107721 ], [ -90.062151, 35.107736 ], [ -90.062181, 35.107737 ], [ -90.062391, 35.10774 ], [ -90.062602, 35.107744 ], [ -90.063235, 35.107757 ], [ -90.063447, 35.107762 ], [ -90.063596, 35.107765 ], [ -90.064043, 35.107774 ], [ -90.064193, 35.107777 ], [ -90.064306, 35.107779 ], [ -90.064648, 35.107785 ], [ -90.064762, 35.107788 ], [ -90.064883, 35.10779 ], [ -90.065246, 35.107797 ], [ -90.065367, 35.1078 ], [ -90.065425, 35.107801 ], [ -90.065599, 35.107804 ], [ -90.065658, 35.107806 ], [ -90.066074, 35.107817 ], [ -90.067416, 35.107848 ], [ -90.067449, 35.107846 ], [ -90.067507, 35.10785 ], [ -90.067495, 35.108517 ], [ -90.067509, 35.108605 ], [ -90.068047, 35.108616 ], [ -90.068189, 35.108636 ], [ -90.06824, 35.108667 ], [ -90.068298, 35.108723 ], [ -90.068332, 35.108834 ], [ -90.06833, 35.108906 ], [ -90.068314, 35.109715 ], [ -90.068309, 35.109985 ], [ -90.068467, 35.109986 ], [ -90.068836, 35.109991 ], [ -90.068943, 35.109997 ], [ -90.069102, 35.110006 ], [ -90.069102, 35.110116 ], [ -90.069102, 35.11045 ], [ -90.069102, 35.110561 ], [ -90.07002, 35.110583 ], [ -90.072187, 35.110636 ], [ -90.0726, 35.110652 ], [ -90.072774, 35.110653 ], [ -90.073004, 35.110656 ], [ -90.073692, 35.110677 ], [ -90.07373, 35.110678 ], [ -90.073902, 35.110681 ], [ -90.074536, 35.110695 ], [ -90.074747, 35.1107 ], [ -90.074792, 35.1107 ], [ -90.074927, 35.1107 ], [ -90.074972, 35.110701 ], [ -90.074999, 35.110701 ], [ -90.075122, 35.110701 ], [ -90.075152, 35.110701 ], [ -90.07545, 35.109127 ], [ -90.075471, 35.109015 ], [ -90.07566, 35.108036 ], [ -90.075777, 35.108037 ], [ -90.075851, 35.108041 ], [ -90.076076, 35.108048 ], [ -90.076334, 35.108058 ], [ -90.076754, 35.10807 ], [ -90.076879, 35.108074 ], [ -90.076981, 35.108077 ], [ -90.077319, 35.108079 ], [ -90.077677, 35.108087 ], [ -90.077707, 35.108088 ], [ -90.078298, 35.108115 ], [ -90.079888, 35.108143 ], [ -90.080615, 35.108156 ], [ -90.08078, 35.108149 ], [ -90.081275, 35.108128 ], [ -90.081441, 35.108122 ], [ -90.081872, 35.10812 ], [ -90.083167, 35.108115 ], [ -90.083599, 35.108114 ], [ -90.084071, 35.103633 ], [ -90.084873, 35.096026 ], [ -90.087894, 35.090995 ], [ -90.090215, 35.087133 ], [ -90.090466, 35.086718 ], [ -90.09051, 35.086644 ], [ -90.090717, 35.086302 ], [ -90.091204, 35.085497 ], [ -90.091396, 35.085179 ], [ -90.091692, 35.084691 ], [ -90.09185, 35.084524 ], [ -90.092009, 35.084356 ], [ -90.093536, 35.082746 ], [ -90.095063, 35.081136 ], [ -90.095476, 35.080701 ], [ -90.097415, 35.079057 ], [ -90.099697, 35.076972 ], [ -90.100054, 35.076646 ], [ -90.10041, 35.076321 ], [ -90.100756, 35.076014 ], [ -90.10567, 35.073375 ], [ -90.107436, 35.072428 ], [ -90.117306, 35.073652 ], [ -90.120458, 35.074042 ], [ -90.123795, 35.074456 ], [ -90.132169, 35.076731 ], [ -90.134282, 35.077306 ], [ -90.140516, 35.07999 ], [ -90.146531, 35.082897 ], [ -90.14957, 35.083914 ], [ -90.153136, 35.084669 ], [ -90.154818, 35.084916 ], [ -90.156504, 35.085015 ], [ -90.157843, 35.084832 ], [ -90.163422, 35.084072 ], [ -90.164483, 35.083927 ], [ -90.166767, 35.082589 ], [ -90.169895, 35.080758 ], [ -90.173023, 35.078927 ], [ -90.173688, 35.078537 ], [ -90.174352, 35.078147 ], [ -90.175247, 35.077674 ], [ -90.17539, 35.0776 ], [ -90.175611, 35.077484 ], [ -90.180403, 35.069277 ], [ -90.180312, 35.069127 ], [ -90.180158, 35.068916 ], [ -90.180039, 35.068737 ], [ -90.179948, 35.068561 ], [ -90.179784, 35.068439 ], [ -90.179637, 35.068263 ], [ -90.179508, 35.068093 ], [ -90.179406, 35.067926 ], [ -90.17931, 35.067803 ], [ -90.179251, 35.067583 ], [ -90.179243, 35.067393 ], [ -90.179211, 35.067212 ], [ -90.179214, 35.067114 ], [ -90.179223, 35.067026 ], [ -90.179197, 35.066855 ], [ -90.179195, 35.066533 ], [ -90.179199, 35.066195 ], [ -90.17919, 35.066043 ], [ -90.179135, 35.065885 ], [ -90.179141, 35.065635 ], [ -90.179147, 35.065429 ], [ -90.179139, 35.065312 ], [ -90.179142, 35.065097 ], [ -90.179165, 35.064925 ], [ -90.179195, 35.064825 ], [ -90.179208, 35.064746 ], [ -90.179236, 35.064576 ], [ -90.179249, 35.06448 ], [ -90.179302, 35.06429 ], [ -90.179341, 35.064156 ], [ -90.179376, 35.064048 ], [ -90.179442, 35.063848 ], [ -90.179462, 35.063763 ], [ -90.179501, 35.063602 ], [ -90.179524, 35.063434 ], [ -90.179545, 35.063221 ], [ -90.179635, 35.062975 ], [ -90.179725, 35.06275 ], [ -90.179812, 35.062508 ], [ -90.179873, 35.062258 ], [ -90.179947, 35.061992 ], [ -90.179974, 35.061769 ], [ -90.180049, 35.06155 ], [ -90.180134, 35.061296 ], [ -90.180209, 35.061107 ], [ -90.180261, 35.060969 ], [ -90.180312, 35.060743 ], [ -90.180379, 35.060583 ], [ -90.180418, 35.060479 ], [ -90.180445, 35.060404 ], [ -90.18048, 35.060128 ], [ -90.180537, 35.05989 ], [ -90.180605, 35.059675 ], [ -90.180695, 35.059381 ], [ -90.180693, 35.059242 ], [ -90.180846, 35.058877 ], [ -90.180874, 35.058732 ], [ -90.180891, 35.058659 ], [ -90.180947, 35.058416 ], [ -90.181004, 35.058209 ], [ -90.18108, 35.057994 ], [ -90.18121, 35.057723 ], [ -90.181357, 35.057494 ], [ -90.181398, 35.057374 ], [ -90.18153, 35.057098 ], [ -90.181619, 35.056942 ], [ -90.181683, 35.056821 ], [ -90.181753, 35.056669 ], [ -90.18183, 35.056526 ], [ -90.181912, 35.056403 ], [ -90.182011, 35.056279 ], [ -90.182095, 35.056174 ], [ -90.182192, 35.056095 ], [ -90.182309, 35.055937 ], [ -90.182494, 35.055753 ], [ -90.18265, 35.055598 ], [ -90.180494, 35.055646 ], [ -90.181157, 35.053943 ], [ -90.182777, 35.050903 ], [ -90.186547, 35.045423 ], [ -90.187197, 35.044711 ], [ -90.187335, 35.044559 ], [ -90.187556, 35.044319 ], [ -90.189277, 35.042433 ], [ -90.191217, 35.040213 ], [ -90.196797, 35.035063 ], [ -90.199761, 35.032375 ], [ -90.200717, 35.031508 ], [ -90.205642, 35.027042 ], [ -90.206777, 35.026013 ], [ -90.206997, 35.025849 ], [ -90.207315, 35.025773 ], [ -90.207636, 35.025703 ], [ -90.207959, 35.025639 ], [ -90.208283, 35.025582 ], [ -90.208609, 35.025531 ], [ -90.208937, 35.025487 ], [ -90.209307, 35.025445 ], [ -90.209841, 35.025396 ], [ -90.210533, 35.025195 ], [ -90.210836, 35.025107 ], [ -90.210894, 35.025098 ], [ -90.211452, 35.025057 ], [ -90.211654, 35.025062 ], [ -90.2119, 35.025013 ], [ -90.212348, 35.024869 ], [ -90.212865, 35.024717 ], [ -90.213029, 35.024674 ], [ -90.213333, 35.024591 ], [ -90.21384, 35.024468 ], [ -90.214427, 35.024342 ], [ -90.215198, 35.024202 ], [ -90.215783, 35.024114 ], [ -90.216414, 35.024037 ], [ -90.216954, 35.023986 ], [ -90.217161, 35.02397 ], [ -90.217617, 35.023943 ], [ -90.218033, 35.023897 ], [ -90.21855, 35.023814 ], [ -90.219058, 35.023726 ], [ -90.21941, 35.02365 ], [ -90.219899, 35.023576 ], [ -90.220527, 35.023481 ], [ -90.220961, 35.023397 ], [ -90.221372, 35.023264 ], [ -90.22217, 35.023156 ], [ -90.223158, 35.023011 ], [ -90.223699, 35.022962 ], [ -90.224303, 35.022929 ], [ -90.224933, 35.022807 ], [ -90.225426, 35.022728 ], [ -90.226016, 35.022641 ], [ -90.226534, 35.022515 ], [ -90.227283, 35.022445 ], [ -90.227814, 35.022386 ], [ -90.228377, 35.022354 ], [ -90.228895, 35.022291 ], [ -90.229417, 35.022271 ], [ -90.229986, 35.022245 ], [ -90.230509, 35.022266 ], [ -90.231266, 35.022288 ], [ -90.231865, 35.022269 ], [ -90.23232, 35.022263 ], [ -90.232712, 35.022243 ], [ -90.233265, 35.022259 ], [ -90.233764, 35.022259 ], [ -90.234133, 35.022225 ], [ -90.234452, 35.02219 ], [ -90.234995, 35.022176 ], [ -90.235472, 35.022171 ], [ -90.23605, 35.022172 ], [ -90.23652, 35.022179 ], [ -90.237172, 35.022213 ], [ -90.23745, 35.022284 ], [ -90.237694, 35.022275 ], [ -90.238005, 35.022278 ], [ -90.238257, 35.022355 ], [ -90.238667, 35.022336 ], [ -90.238791, 35.022418 ], [ -90.239172, 35.022451 ], [ -90.239672, 35.022464 ], [ -90.240239, 35.022511 ], [ -90.240831, 35.022603 ], [ -90.241533, 35.022672 ], [ -90.24202, 35.022755 ], [ -90.242726, 35.02287 ], [ -90.243659, 35.022947 ], [ -90.244349, 35.023031 ], [ -90.244899, 35.023135 ], [ -90.245625, 35.023156 ], [ -90.246226, 35.023169 ], [ -90.246795, 35.023129 ], [ -90.247457, 35.023065 ], [ -90.247965, 35.023015 ], [ -90.248509, 35.022981 ], [ -90.248947, 35.022959 ], [ -90.24945, 35.022949 ], [ -90.250154, 35.022917 ], [ -90.250776, 35.022848 ], [ -90.251306, 35.02282 ], [ -90.251572, 35.022809 ], [ -90.251952, 35.022764 ], [ -90.252651, 35.022706 ], [ -90.253168, 35.0227 ], [ -90.253571, 35.022668 ], [ -90.254133, 35.022608 ], [ -90.25477, 35.022556 ], [ -90.255026, 35.022505 ], [ -90.255681, 35.0225 ], [ -90.25602, 35.022451 ], [ -90.256595, 35.022378 ], [ -90.257084, 35.022345 ], [ -90.257389, 35.022279 ], [ -90.258133, 35.022153 ], [ -90.258615, 35.022161 ], [ -90.25896, 35.022152 ], [ -90.259351, 35.02215 ], [ -90.259821, 35.022064 ], [ -90.260335, 35.021966 ], [ -90.260591, 35.021873 ], [ -90.261266, 35.021815 ], [ -90.261864, 35.021786 ], [ -90.262302, 35.021731 ], [ -90.26292, 35.021731 ], [ -90.263382, 35.021617 ], [ -90.263865, 35.021575 ], [ -90.264585, 35.02152 ], [ -90.26477, 35.021506 ], [ -90.265013, 35.021476 ], [ -90.2653, 35.021422 ], [ -90.266148, 35.021291 ], [ -90.266632, 35.0212 ], [ -90.26734, 35.021072 ], [ -90.267517, 35.021069 ], [ -90.267948, 35.021009 ], [ -90.268118, 35.020957 ], [ -90.268422, 35.020862 ], [ -90.268839, 35.020794 ], [ -90.27004, 35.020465 ], [ -90.270343, 35.02036 ], [ -90.27077, 35.020239 ], [ -90.271081, 35.020141 ], [ -90.271464, 35.020072 ], [ -90.272403, 35.019853 ], [ -90.272737, 35.019687 ], [ -90.273113, 35.019542 ], [ -90.273552, 35.019399 ], [ -90.273999, 35.019269 ], [ -90.274464, 35.019071 ], [ -90.274902, 35.018834 ], [ -90.275406, 35.018573 ], [ -90.276349, 35.018116 ], [ -90.276717, 35.017882 ], [ -90.277178, 35.017556 ], [ -90.277475, 35.017338 ], [ -90.277769, 35.017013 ], [ -90.278134, 35.01672 ], [ -90.278404, 35.016426 ], [ -90.278671, 35.016172 ], [ -90.279043, 35.015885 ], [ -90.27932, 35.015652 ], [ -90.279667, 35.015348 ], [ -90.280044, 35.015028 ], [ -90.280282, 35.014832 ], [ -90.280712, 35.01458 ], [ -90.28105, 35.014386 ], [ -90.281514, 35.014103 ], [ -90.281895, 35.013889 ], [ -90.28245, 35.013713 ], [ -90.282829, 35.013561 ], [ -90.283162, 35.01343 ], [ -90.2836, 35.013318 ], [ -90.284076, 35.013186 ], [ -90.284361, 35.013128 ], [ -90.284676, 35.013006 ], [ -90.284998, 35.012967 ], [ -90.285145, 35.012906 ], [ -90.285369, 35.012839 ], [ -90.285683, 35.012749 ], [ -90.285921, 35.012711 ], [ -90.286267, 35.012642 ], [ -90.286546, 35.012603 ], [ -90.286799, 35.01252 ], [ -90.287291, 35.012368 ], [ -90.287767, 35.012242 ], [ -90.288216, 35.012153 ], [ -90.288567, 35.012045 ], [ -90.288846, 35.011992 ], [ -90.289322, 35.011841 ], [ -90.289761, 35.011713 ], [ -90.28992, 35.011661 ], [ -90.290215, 35.011568 ], [ -90.290678, 35.011459 ], [ -90.291094, 35.011289 ], [ -90.291561, 35.011183 ], [ -90.292013, 35.011102 ], [ -90.292408, 35.011009 ], [ -90.292885, 35.010904 ], [ -90.293414, 35.010739 ], [ -90.293716, 35.010589 ], [ -90.294408, 35.01031 ], [ -90.294622, 35.010274 ], [ -90.294889, 35.010182 ], [ -90.295198, 35.010084 ], [ -90.295486, 35.010004 ], [ -90.295714, 35.009912 ], [ -90.295995, 35.009819 ], [ -90.296276, 35.009687 ], [ -90.296515, 35.009542 ], [ -90.296757, 35.009376 ], [ -90.296958, 35.009227 ], [ -90.297073, 35.009109 ], [ -90.297117, 35.00908 ], [ -90.297238, 35.008956 ], [ -90.297411, 35.00875 ], [ -90.297536, 35.008604 ], [ -90.297697, 35.008482 ], [ -90.297859, 35.008317 ], [ -90.297991, 35.008177 ], [ -90.298143, 35.007923 ], [ -90.29833, 35.00775 ], [ -90.298487, 35.007598 ], [ -90.298677, 35.00741 ], [ -90.298848, 35.007255 ], [ -90.299044, 35.007085 ], [ -90.299193, 35.0069 ], [ -90.299376, 35.006732 ], [ -90.299559, 35.006515 ], [ -90.299734, 35.006368 ], [ -90.299887, 35.006187 ], [ -90.300085, 35.005992 ], [ -90.300188, 35.005834 ], [ -90.300294, 35.005649 ], [ -90.30041, 35.005461 ], [ -90.300519, 35.005313 ], [ -90.300571, 35.005121 ], [ -90.300714, 35.004918 ], [ -90.300891, 35.00473 ], [ -90.300994, 35.004581 ], [ -90.301085, 35.004342 ], [ -90.301332, 35.003978 ], [ -90.301467, 35.003766 ], [ -90.30163, 35.003454 ], [ -90.301794, 35.003164 ], [ -90.301915, 35.002872 ], [ -90.302089, 35.002607 ], [ -90.302227, 35.002234 ], [ -90.30232, 35.002024 ], [ -90.30244, 35.001793 ], [ -90.302521, 35.001438 ], [ -90.302602, 35.001191 ], [ -90.30268, 35.000945 ], [ -90.302795, 35.00066 ], [ -90.302909, 35.000325 ], [ -90.302973, 35.00001 ], [ -90.30304, 34.999728 ] ] ] } },
{ "type": "Feature", "properties": { "GEOID": "38128", "ZCTA5": "38128", "AREALAND": 61256435 }, "geometry": { "type": "MultiPolygon", "coordinates": [ [ [ [ -89.968828, 35.254729 ], [ -89.968806, 35.254642 ], [ -89.968784, 35.254557 ], [ -89.968761, 35.254472 ], [ -89.968757, 35.254453 ], [ -89.968738, 35.254366 ], [ -89.968714, 35.254261 ], [ -89.968403, 35.252877 ], [ -89.968314, 35.252395 ], [ -89.96828, 35.252062 ], [ -89.968246, 35.251584 ], [ -89.968232, 35.250878 ], [ -89.968219, 35.250135 ], [ -89.96817, 35.246688 ], [ -89.968166, 35.246537 ], [ -89.968152, 35.245922 ], [ -89.968088, 35.243252 ], [ -89.968027, 35.242792 ], [ -89.967953, 35.242431 ], [ -89.967892, 35.242153 ], [ -89.967755, 35.241732 ], [ -89.967627, 35.241382 ], [ -89.967356, 35.240777 ], [ -89.967041, 35.240139 ], [ -89.966902, 35.239856 ], [ -89.966259, 35.238551 ], [ -89.966049, 35.238114 ], [ -89.965987, 35.237984 ], [ -89.965445, 35.236863 ], [ -89.965402, 35.236774 ], [ -89.965273, 35.236508 ], [ -89.965231, 35.23642 ], [ -89.965159, 35.236281 ], [ -89.965113, 35.236192 ], [ -89.964946, 35.235867 ], [ -89.964875, 35.235729 ], [ -89.964792, 35.235546 ], [ -89.964545, 35.234998 ], [ -89.964463, 35.234816 ], [ -89.964399, 35.234687 ], [ -89.964208, 35.2343 ], [ -89.964173, 35.23423 ], [ -89.964145, 35.234172 ], [ -89.964111, 35.234111 ], [ -89.964009, 35.233928 ], [ -89.963976, 35.233867 ], [ -89.963644, 35.233134 ], [ -89.963509, 35.232856 ], [ -89.963276, 35.232376 ], [ -89.963062, 35.231743 ], [ -89.962885, 35.230964 ], [ -89.962829, 35.230499 ], [ -89.962801, 35.230094 ], [ -89.96281, 35.229631 ], [ -89.962811, 35.229598 ], [ -89.962867, 35.229049 ], [ -89.962964, 35.22853 ], [ -89.963166, 35.227714 ], [ -89.963393, 35.227018 ], [ -89.96367, 35.226173 ], [ -89.964299, 35.224251 ], [ -89.964856, 35.222535 ], [ -89.965318, 35.221115 ], [ -89.965321, 35.221105 ], [ -89.965342, 35.22104 ], [ -89.965623, 35.220156 ], [ -89.965862, 35.219408 ], [ -89.966141, 35.218536 ], [ -89.966438, 35.21768 ], [ -89.966486, 35.21751 ], [ -89.966627, 35.217022 ], [ -89.966699, 35.216609 ], [ -89.966753, 35.216313 ], [ -89.966802, 35.215802 ], [ -89.966807, 35.21576 ], [ -89.966753, 35.214623 ], [ -89.966616, 35.213371 ], [ -89.966528, 35.212563 ], [ -89.966258, 35.210085 ], [ -89.966249, 35.210001 ], [ -89.965852, 35.206229 ], [ -89.965663, 35.204585 ], [ -89.965636, 35.204354 ], [ -89.965459, 35.20265 ], [ -89.965348, 35.201578 ], [ -89.96519, 35.200172 ], [ -89.965135, 35.199653 ], [ -89.964972, 35.198099 ], [ -89.964918, 35.197581 ], [ -89.96477, 35.196292 ], [ -89.964512, 35.194021 ], [ -89.964357, 35.192422 ], [ -89.964304, 35.191869 ], [ -89.964271, 35.191531 ], [ -89.964235, 35.191165 ], [ -89.964232, 35.191131 ], [ -89.964206, 35.190887 ], [ -89.964202, 35.190854 ], [ -89.964125, 35.190178 ], [ -89.964081, 35.189791 ], [ -89.964045, 35.189498 ], [ -89.963968, 35.188865 ], [ -89.963874, 35.187849 ], [ -89.963874, 35.187224 ], [ -89.963959, 35.186434 ], [ -89.964066, 35.18554 ], [ -89.964178, 35.184593 ], [ -89.964257, 35.183934 ], [ -89.9643, 35.183509 ], [ -89.964358, 35.183147 ], [ -89.964373, 35.183055 ], [ -89.964388, 35.182964 ], [ -89.964366, 35.182958 ], [ -89.964249, 35.182908 ], [ -89.964207, 35.182898 ], [ -89.964119, 35.182888 ], [ -89.964035, 35.182866 ], [ -89.963904, 35.182847 ], [ -89.963862, 35.182854 ], [ -89.96365, 35.182905 ], [ -89.963599, 35.18291 ], [ -89.963562, 35.182915 ], [ -89.963432, 35.182936 ], [ -89.963213, 35.18296 ], [ -89.963036, 35.182967 ], [ -89.962993, 35.182974 ], [ -89.962827, 35.183023 ], [ -89.962543, 35.183122 ], [ -89.962377, 35.183172 ], [ -89.962108, 35.183296 ], [ -89.961908, 35.183371 ], [ -89.961596, 35.183507 ], [ -89.961287, 35.183623 ], [ -89.961115, 35.183688 ], [ -89.960811, 35.183833 ], [ -89.960535, 35.183962 ], [ -89.960314, 35.184066 ], [ -89.960235, 35.184098 ], [ -89.959958, 35.184225 ], [ -89.959813, 35.184293 ], [ -89.959703, 35.184354 ], [ -89.959562, 35.18444 ], [ -89.95934, 35.184557 ], [ -89.95922, 35.184604 ], [ -89.958831, 35.184774 ], [ -89.95851, 35.184892 ], [ -89.958218, 35.184981 ], [ -89.958179, 35.184994 ], [ -89.957887, 35.185078 ], [ -89.957773, 35.185106 ], [ -89.95769, 35.185126 ], [ -89.957606, 35.185146 ], [ -89.957484, 35.185213 ], [ -89.956609, 35.185368 ], [ -89.956489, 35.185389 ], [ -89.956088, 35.185415 ], [ -89.955936, 35.185469 ], [ -89.955572, 35.18552 ], [ -89.955559, 35.185523 ], [ -89.955543, 35.185525 ], [ -89.955261, 35.185572 ], [ -89.955033, 35.185577 ], [ -89.954422, 35.18567 ], [ -89.953527, 35.18579 ], [ -89.952868, 35.185848 ], [ -89.952351, 35.185842 ], [ -89.951984, 35.185841 ], [ -89.951499, 35.185894 ], [ -89.951282, 35.185937 ], [ -89.950904, 35.185989 ], [ -89.950648, 35.186055 ], [ -89.950613, 35.186068 ], [ -89.950582, 35.186085 ], [ -89.950465, 35.186166 ], [ -89.9504, 35.186196 ], [ -89.950286, 35.186214 ], [ -89.950055, 35.186218 ], [ -89.949597, 35.186185 ], [ -89.949325, 35.186178 ], [ -89.949189, 35.18614 ], [ -89.948991, 35.186052 ], [ -89.948694, 35.185994 ], [ -89.948462, 35.185984 ], [ -89.94829, 35.185934 ], [ -89.946536, 35.186032 ], [ -89.946562, 35.186047 ], [ -89.946471, 35.186034 ], [ -89.946097, 35.186043 ], [ -89.945355, 35.186312 ], [ -89.944821, 35.186564 ], [ -89.944792, 35.186578 ], [ -89.944689, 35.1866 ], [ -89.944615, 35.186616 ], [ -89.944349, 35.18661 ], [ -89.944149, 35.186608 ], [ -89.942964, 35.188112 ], [ -89.942941, 35.188142 ], [ -89.940419, 35.188878 ], [ -89.940223, 35.189115 ], [ -89.940177, 35.189137 ], [ -89.94007, 35.189236 ], [ -89.939782, 35.189368 ], [ -89.939635, 35.189417 ], [ -89.938571, 35.189544 ], [ -89.937273, 35.189516 ], [ -89.937186, 35.189472 ], [ -89.937146, 35.189429 ], [ -89.93716, 35.189335 ], [ -89.937902, 35.188456 ], [ -89.93843, 35.188083 ], [ -89.938665, 35.18783 ], [ -89.938732, 35.187786 ], [ -89.938932, 35.187528 ], [ -89.939026, 35.187325 ], [ -89.939019, 35.187243 ], [ -89.938544, 35.186463 ], [ -89.938571, 35.186375 ], [ -89.93841, 35.186161 ], [ -89.938203, 35.185853 ], [ -89.937975, 35.185513 ], [ -89.937735, 35.185282 ], [ -89.937661, 35.185244 ], [ -89.93746, 35.1852 ], [ -89.9373, 35.18515 ], [ -89.936885, 35.18509 ], [ -89.936691, 35.185029 ], [ -89.936611, 35.184982 ], [ -89.93645, 35.184887 ], [ -89.936363, 35.184859 ], [ -89.936283, 35.184848 ], [ -89.936009, 35.184797 ], [ -89.935677, 35.184734 ], [ -89.934758, 35.184563 ], [ -89.934682, 35.184547 ], [ -89.934352, 35.18448 ], [ -89.933893, 35.184387 ], [ -89.932519, 35.184108 ], [ -89.93243, 35.18409 ], [ -89.932236, 35.184068 ], [ -89.932135, 35.18393 ], [ -89.932061, 35.18402 ], [ -89.931992, 35.184104 ], [ -89.931834, 35.184297 ], [ -89.931425, 35.184801 ], [ -89.931155, 35.185129 ], [ -89.930929, 35.185407 ], [ -89.930784, 35.185383 ], [ -89.930711, 35.185372 ], [ -89.930347, 35.185354 ], [ -89.930201, 35.185348 ], [ -89.929846, 35.185341 ], [ -89.929819, 35.185987 ], [ -89.929405, 35.185974 ], [ -89.929404, 35.185925 ], [ -89.925741, 35.185829 ], [ -89.925747, 35.185314 ], [ -89.925814, 35.185246 ], [ -89.92582, 35.185074 ], [ -89.925839, 35.18456 ], [ -89.925846, 35.184389 ], [ -89.925634, 35.184385 ], [ -89.924999, 35.184374 ], [ -89.924788, 35.184371 ], [ -89.924797, 35.183997 ], [ -89.924799, 35.183919 ], [ -89.924785, 35.18376 ], [ -89.924738, 35.18359 ], [ -89.924449, 35.182946 ], [ -89.924297, 35.182606 ], [ -89.924212, 35.182427 ], [ -89.924147, 35.182283 ], [ -89.923707, 35.181311 ], [ -89.923561, 35.180987 ], [ -89.923752, 35.180923 ], [ -89.923846, 35.180892 ], [ -89.923967, 35.180856 ], [ -89.923918, 35.180796 ], [ -89.92369, 35.180301 ], [ -89.922039, 35.180804 ], [ -89.921555, 35.180952 ], [ -89.920867, 35.18116 ], [ -89.920145, 35.181386 ], [ -89.917981, 35.182066 ], [ -89.91726, 35.182293 ], [ -89.916444, 35.182542 ], [ -89.913998, 35.183292 ], [ -89.913743, 35.183371 ], [ -89.913558, 35.183425 ], [ -89.913427, 35.183464 ], [ -89.913182, 35.183537 ], [ -89.911069, 35.184195 ], [ -89.909889, 35.184557 ], [ -89.909279, 35.184734 ], [ -89.90918, 35.184762 ], [ -89.909081, 35.184791 ], [ -89.90905, 35.184708 ], [ -89.908944, 35.184552 ], [ -89.908693, 35.184216 ], [ -89.908659, 35.184164 ], [ -89.908606, 35.184102 ], [ -89.907094, 35.18258 ], [ -89.906886, 35.182378 ], [ -89.90684, 35.182313 ], [ -89.906786, 35.18217 ], [ -89.906676, 35.182129 ], [ -89.906602, 35.182085 ], [ -89.906569, 35.182058 ], [ -89.906427, 35.18191 ], [ -89.906024, 35.181451 ], [ -89.905989, 35.181411 ], [ -89.905842, 35.181267 ], [ -89.905763, 35.181173 ], [ -89.905626, 35.180978 ], [ -89.905526, 35.180809 ], [ -89.905482, 35.180743 ], [ -89.905348, 35.180591 ], [ -89.905269, 35.180456 ], [ -89.90349, 35.177868 ], [ -89.903318, 35.177646 ], [ -89.903187, 35.177489 ], [ -89.902507, 35.176991 ], [ -89.901806, 35.176465 ], [ -89.901663, 35.176362 ], [ -89.901609, 35.176317 ], [ -89.901588, 35.176292 ], [ -89.901554, 35.176235 ], [ -89.901509, 35.176219 ], [ -89.901444, 35.176185 ], [ -89.901333, 35.1761 ], [ -89.901227, 35.176011 ], [ -89.900696, 35.175423 ], [ -89.900662, 35.175382 ], [ -89.899021, 35.173451 ], [ -89.898562, 35.17291 ], [ -89.898427, 35.173095 ], [ -89.898299, 35.17327 ], [ -89.897997, 35.173733 ], [ -89.897812, 35.174044 ], [ -89.897664, 35.174172 ], [ -89.897494, 35.174487 ], [ -89.897227, 35.175059 ], [ -89.897143, 35.175271 ], [ -89.897024, 35.175589 ], [ -89.896996, 35.175667 ], [ -89.896989, 35.175687 ], [ -89.896971, 35.175739 ], [ -89.89695, 35.175801 ], [ -89.896865, 35.176067 ], [ -89.896731, 35.176549 ], [ -89.896633, 35.177019 ], [ -89.896583, 35.177262 ], [ -89.896501, 35.177907 ], [ -89.896461, 35.178531 ], [ -89.896445, 35.179155 ], [ -89.89643, 35.179936 ], [ -89.896419, 35.180464 ], [ -89.896406, 35.181211 ], [ -89.896382, 35.182613 ], [ -89.896344, 35.182613 ], [ -89.895996, 35.182623 ], [ -89.895304, 35.182605 ], [ -89.895151, 35.182601 ], [ -89.894603, 35.182594 ], [ -89.894335, 35.182615 ], [ -89.894176, 35.182653 ], [ -89.893985, 35.182717 ], [ -89.893763, 35.182838 ], [ -89.893713, 35.182872 ], [ -89.893551, 35.183014 ], [ -89.893428, 35.183169 ], [ -89.893327, 35.183363 ], [ -89.89329, 35.18349 ], [ -89.893266, 35.183693 ], [ -89.89326, 35.183919 ], [ -89.893253, 35.184307 ], [ -89.893243, 35.184907 ], [ -89.893228, 35.185206 ], [ -89.893204, 35.185383 ], [ -89.893824, 35.185449 ], [ -89.894253, 35.185496 ], [ -89.895682, 35.185669 ], [ -89.896038, 35.185713 ], [ -89.896209, 35.185727 ], [ -89.896303, 35.185734 ], [ -89.896294, 35.185863 ], [ -89.896226, 35.185925 ], [ -89.896218, 35.186013 ], [ -89.896134, 35.186938 ], [ -89.896132, 35.18697 ], [ -89.896105, 35.187247 ], [ -89.896073, 35.187569 ], [ -89.896034, 35.187963 ], [ -89.895999, 35.188329 ], [ -89.895989, 35.188426 ], [ -89.895979, 35.188536 ], [ -89.895955, 35.188809 ], [ -89.895951, 35.188859 ], [ -89.89594, 35.188982 ], [ -89.895923, 35.189189 ], [ -89.895911, 35.18932 ], [ -89.895784, 35.190703 ], [ -89.895743, 35.191165 ], [ -89.895709, 35.191531 ], [ -89.895703, 35.191593 ], [ -89.895579, 35.192878 ], [ -89.895577, 35.192906 ], [ -89.895546, 35.193307 ], [ -89.895471, 35.194082 ], [ -89.895461, 35.194194 ], [ -89.895442, 35.194403 ], [ -89.895357, 35.195353 ], [ -89.895348, 35.195471 ], [ -89.895344, 35.195531 ], [ -89.895297, 35.196207 ], [ -89.895292, 35.196412 ], [ -89.895276, 35.197191 ], [ -89.895271, 35.1989 ], [ -89.895195, 35.200546 ], [ -89.895135, 35.201253 ], [ -89.89513, 35.201314 ], [ -89.895099, 35.201545 ], [ -89.895001, 35.202261 ], [ -89.89495, 35.202614 ], [ -89.894923, 35.202807 ], [ -89.894798, 35.203667 ], [ -89.894789, 35.20372 ], [ -89.894779, 35.203797 ], [ -89.894854, 35.203865 ], [ -89.89483, 35.203995 ], [ -89.894743, 35.204595 ], [ -89.894721, 35.204748 ], [ -89.894709, 35.204863 ], [ -89.89467, 35.20526 ], [ -89.89466, 35.20542 ], [ -89.894639, 35.205789 ], [ -89.894636, 35.20591 ], [ -89.894621, 35.206409 ], [ -89.894609, 35.20686 ], [ -89.894605, 35.20693 ], [ -89.894605, 35.207016 ], [ -89.894584, 35.207781 ], [ -89.894581, 35.207899 ], [ -89.894574, 35.208323 ], [ -89.894527, 35.210306 ], [ -89.894522, 35.210548 ], [ -89.894516, 35.210838 ], [ -89.894504, 35.211208 ], [ -89.894501, 35.211313 ], [ -89.894498, 35.211432 ], [ -89.894488, 35.211796 ], [ -89.894457, 35.212891 ], [ -89.894448, 35.213256 ], [ -89.894434, 35.213639 ], [ -89.894393, 35.214789 ], [ -89.89438, 35.215173 ], [ -89.894365, 35.215673 ], [ -89.894321, 35.217172 ], [ -89.894307, 35.217673 ], [ -89.894297, 35.217992 ], [ -89.894286, 35.218398 ], [ -89.89427, 35.218952 ], [ -89.894261, 35.219272 ], [ -89.894222, 35.219272 ], [ -89.894023, 35.21927 ], [ -89.89377, 35.219267 ], [ -89.893766, 35.219694 ], [ -89.893603, 35.219697 ], [ -89.89358, 35.220524 ], [ -89.893445, 35.220522 ], [ -89.893437, 35.221287 ], [ -89.893547, 35.221302 ], [ -89.893687, 35.221323 ], [ -89.894142, 35.221339 ], [ -89.894187, 35.22134 ], [ -89.894186, 35.221404 ], [ -89.894183, 35.221502 ], [ -89.894182, 35.221539 ], [ -89.894166, 35.221988 ], [ -89.894161, 35.22215 ], [ -89.89416, 35.222189 ], [ -89.894155, 35.222319 ], [ -89.894145, 35.222611 ], [ -89.894128, 35.223148 ], [ -89.894095, 35.223994 ], [ -89.894093, 35.22406 ], [ -89.894084, 35.224146 ], [ -89.894044, 35.224453 ], [ -89.89401, 35.224598 ], [ -89.89397, 35.224773 ], [ -89.893882, 35.225029 ], [ -89.893834, 35.225171 ], [ -89.893717, 35.225446 ], [ -89.893429, 35.226019 ], [ -89.893315, 35.226248 ], [ -89.893279, 35.226321 ], [ -89.893195, 35.226522 ], [ -89.893142, 35.22668 ], [ -89.893114, 35.226768 ], [ -89.893072, 35.226935 ], [ -89.894289, 35.227093 ], [ -89.895178, 35.227208 ], [ -89.89617, 35.226225 ], [ -89.897682, 35.226931 ], [ -89.897327, 35.22728 ], [ -89.897335, 35.227419 ], [ -89.896183, 35.228536 ], [ -89.894938, 35.229662 ], [ -89.89492, 35.229628 ], [ -89.894747, 35.229212 ], [ -89.894668, 35.229091 ], [ -89.894621, 35.229044 ], [ -89.89437, 35.228858 ], [ -89.894135, 35.22871 ], [ -89.893985, 35.228639 ], [ -89.893847, 35.228592 ], [ -89.893608, 35.22853 ], [ -89.893522, 35.22856 ], [ -89.893335, 35.228574 ], [ -89.893289, 35.228612 ], [ -89.89322, 35.228779 ], [ -89.893192, 35.228813 ], [ -89.893177, 35.228833 ], [ -89.89313, 35.228853 ], [ -89.893076, 35.228854 ], [ -89.892715, 35.228763 ], [ -89.892657, 35.228747 ], [ -89.892628, 35.228739 ], [ -89.892635, 35.228705 ], [ -89.89266, 35.228605 ], [ -89.892666, 35.228571 ], [ -89.892466, 35.228903 ], [ -89.892434, 35.228957 ], [ -89.892187, 35.229274 ], [ -89.892072, 35.229442 ], [ -89.891903, 35.229692 ], [ -89.891785, 35.229844 ], [ -89.891549, 35.230151 ], [ -89.891515, 35.230193 ], [ -89.891452, 35.230276 ], [ -89.891416, 35.230321 ], [ -89.891383, 35.230364 ], [ -89.891253, 35.230531 ], [ -89.891075, 35.230759 ], [ -89.890778, 35.231142 ], [ -89.89073, 35.231201 ], [ -89.890101, 35.231995 ], [ -89.889937, 35.232197 ], [ -89.889385, 35.232874 ], [ -89.888917, 35.233432 ], [ -89.888708, 35.233664 ], [ -89.888646, 35.233734 ], [ -89.888195, 35.234177 ], [ -89.887955, 35.234412 ], [ -89.889034, 35.234966 ], [ -89.891417, 35.23619 ], [ -89.89227, 35.236628 ], [ -89.893137, 35.237074 ], [ -89.89335, 35.237183 ], [ -89.893276, 35.237259 ], [ -89.892942, 35.237597 ], [ -89.89235, 35.238192 ], [ -89.892131, 35.238412 ], [ -89.89146, 35.239087 ], [ -89.891272, 35.239273 ], [ -89.890466, 35.240073 ], [ -89.889329, 35.241199 ], [ -89.888649, 35.241874 ], [ -89.888323, 35.242202 ], [ -89.888251, 35.242277 ], [ -89.888038, 35.2425 ], [ -89.887967, 35.242575 ], [ -89.88777, 35.242773 ], [ -89.886309, 35.244247 ], [ -89.886092, 35.244468 ], [ -89.88556, 35.245001 ], [ -89.88353, 35.24704 ], [ -89.883233, 35.247341 ], [ -89.882568, 35.248014 ], [ -89.881326, 35.249258 ], [ -89.880809, 35.249778 ], [ -89.880116, 35.250462 ], [ -89.879758, 35.250816 ], [ -89.879655, 35.250918 ], [ -89.878894, 35.25169 ], [ -89.877613, 35.252993 ], [ -89.877697, 35.253066 ], [ -89.877843, 35.25311 ], [ -89.878048, 35.253118 ], [ -89.879255, 35.253083 ], [ -89.879924, 35.253086 ], [ -89.880588, 35.253106 ], [ -89.882809, 35.253175 ], [ -89.882873, 35.253193 ], [ -89.88293, 35.253222 ], [ -89.883027, 35.25333 ], [ -89.883053, 35.253401 ], [ -89.883058, 35.253508 ], [ -89.883026, 35.25417 ], [ -89.883016, 35.254491 ], [ -89.882982, 35.254566 ], [ -89.882924, 35.254622 ], [ -89.882795, 35.254698 ], [ -89.882734, 35.254769 ], [ -89.882703, 35.25489 ], [ -89.882661, 35.255148 ], [ -89.882635, 35.255193 ], [ -89.882526, 35.25528 ], [ -89.882496, 35.255348 ], [ -89.882467, 35.255551 ], [ -89.882442, 35.256015 ], [ -89.882342, 35.256939 ], [ -89.882288, 35.257837 ], [ -89.88211, 35.258832 ], [ -89.882098, 35.259109 ], [ -89.882127, 35.25938 ], [ -89.882234, 35.259919 ], [ -89.883193, 35.260011 ], [ -89.885195, 35.260173 ], [ -89.885792, 35.260221 ], [ -89.886095, 35.260246 ], [ -89.887032, 35.260322 ], [ -89.887407, 35.260352 ], [ -89.887613, 35.260392 ], [ -89.887746, 35.260436 ], [ -89.887933, 35.260523 ], [ -89.887978, 35.260548 ], [ -89.888717, 35.260961 ], [ -89.888914, 35.26105 ], [ -89.88904, 35.26109 ], [ -89.889186, 35.261137 ], [ -89.889266, 35.261149 ], [ -89.889041, 35.262532 ], [ -89.888968, 35.262981 ], [ -89.888089, 35.268424 ], [ -89.887964, 35.269343 ], [ -89.887946, 35.269482 ], [ -89.887675, 35.271871 ], [ -89.887569, 35.272964 ], [ -89.887538, 35.273353 ], [ -89.887409, 35.274493 ], [ -89.887385, 35.27471 ], [ -89.887377, 35.274775 ], [ -89.887363, 35.2749 ], [ -89.887351, 35.275005 ], [ -89.887378, 35.275004 ], [ -89.88739, 35.275002 ], [ -89.887458, 35.274997 ], [ -89.887687, 35.274976 ], [ -89.887907, 35.274968 ], [ -89.887995, 35.27497 ], [ -89.888171, 35.274967 ], [ -89.888283, 35.274971 ], [ -89.888524, 35.274981 ], [ -89.888744, 35.274983 ], [ -89.889273, 35.275017 ], [ -89.889449, 35.275024 ], [ -89.889758, 35.275018 ], [ -89.889846, 35.275022 ], [ -89.890241, 35.275027 ], [ -89.89076, 35.275046 ], [ -89.890909, 35.275052 ], [ -89.891172, 35.27506 ], [ -89.891482, 35.27505 ], [ -89.891586, 35.275051 ], [ -89.892073, 35.27505 ], [ -89.892294, 35.275039 ], [ -89.892603, 35.275043 ], [ -89.892689, 35.275054 ], [ -89.89295, 35.275076 ], [ -89.893345, 35.275095 ], [ -89.893432, 35.275103 ], [ -89.893698, 35.275104 ], [ -89.894001, 35.275066 ], [ -89.894342, 35.274992 ], [ -89.894682, 35.274911 ], [ -89.894947, 35.27491 ], [ -89.895033, 35.274927 ], [ -89.895372, 35.275011 ], [ -89.895621, 35.275083 ], [ -89.895707, 35.275093 ], [ -89.896008, 35.275147 ], [ -89.896095, 35.275157 ], [ -89.896271, 35.275162 ], [ -89.896402, 35.275147 ], [ -89.896617, 35.275099 ], [ -89.89666, 35.27509 ], [ -89.896896, 35.274993 ], [ -89.897003, 35.27493 ], [ -89.897605, 35.274923 ], [ -89.898524, 35.274817 ], [ -89.899284, 35.274448 ], [ -89.899548, 35.2743 ], [ -89.899681, 35.27421 ], [ -89.899779, 35.274164 ], [ -89.900266, 35.273878 ], [ -89.900802, 35.273415 ], [ -89.900935, 35.273387 ], [ -89.901058, 35.273361 ], [ -89.901141, 35.273336 ], [ -89.901221, 35.273307 ], [ -89.901387, 35.273257 ], [ -89.901549, 35.273202 ], [ -89.901633, 35.273179 ], [ -89.901718, 35.273162 ], [ -89.901772, 35.273146 ], [ -89.902094, 35.273054 ], [ -89.902175, 35.273025 ], [ -89.902292, 35.272997 ], [ -89.902386, 35.272974 ], [ -89.902511, 35.272938 ], [ -89.902582, 35.272896 ], [ -89.902742, 35.272836 ], [ -89.902779, 35.272817 ], [ -89.902844, 35.272769 ], [ -89.902916, 35.272727 ], [ -89.903032, 35.272676 ], [ -89.903258, 35.272565 ], [ -89.903338, 35.272534 ], [ -89.903463, 35.2725 ], [ -89.903627, 35.272449 ], [ -89.903707, 35.272417 ], [ -89.90375, 35.27241 ], [ -89.903834, 35.272389 ], [ -89.903916, 35.272362 ], [ -89.904, 35.272341 ], [ -89.904121, 35.2723 ], [ -89.90416, 35.272283 ], [ -89.904245, 35.272262 ], [ -89.904285, 35.272246 ], [ -89.90432, 35.272225 ], [ -89.904481, 35.272166 ], [ -89.904558, 35.272131 ], [ -89.904641, 35.272108 ], [ -89.904717, 35.272071 ], [ -89.904798, 35.272041 ], [ -89.904881, 35.272016 ], [ -89.904956, 35.271979 ], [ -89.904998, 35.27197 ], [ -89.905238, 35.271878 ], [ -89.905322, 35.271856 ], [ -89.9054, 35.271823 ], [ -89.905437, 35.271803 ], [ -89.905515, 35.271771 ], [ -89.905641, 35.27174 ], [ -89.905682, 35.271726 ], [ -89.905837, 35.271661 ], [ -89.905922, 35.271641 ], [ -89.905997, 35.271604 ], [ -89.906079, 35.271577 ], [ -89.906153, 35.271537 ], [ -89.906314, 35.27148 ], [ -89.906428, 35.271425 ], [ -89.906463, 35.271403 ], [ -89.906626, 35.271348 ], [ -89.906665, 35.27133 ], [ -89.906865, 35.271254 ], [ -89.906903, 35.271236 ], [ -89.907046, 35.271152 ], [ -89.90717, 35.271114 ], [ -89.90741, 35.271026 ], [ -89.907452, 35.271014 ], [ -89.907581, 35.270989 ], [ -89.907662, 35.270961 ], [ -89.907897, 35.270861 ], [ -89.90797, 35.270822 ], [ -89.908013, 35.270812 ], [ -89.908052, 35.270795 ], [ -89.908118, 35.270748 ], [ -89.908193, 35.27071 ], [ -89.908271, 35.270677 ], [ -89.908525, 35.270616 ], [ -89.908607, 35.270588 ], [ -89.908682, 35.270551 ], [ -89.908763, 35.270522 ], [ -89.908837, 35.270483 ], [ -89.908878, 35.270469 ], [ -89.908921, 35.27046 ], [ -89.909036, 35.270409 ], [ -89.909207, 35.270363 ], [ -89.909326, 35.270322 ], [ -89.909451, 35.270285 ], [ -89.909652, 35.270214 ], [ -89.909862, 35.27016 ], [ -89.909902, 35.270145 ], [ -89.91003, 35.270117 ], [ -89.910111, 35.270088 ], [ -89.910317, 35.270024 ], [ -89.910474, 35.26996 ], [ -89.910642, 35.269914 ], [ -89.91072, 35.26988 ], [ -89.910805, 35.26986 ], [ -89.911096, 35.269777 ], [ -89.911293, 35.269699 ], [ -89.911335, 35.269688 ], [ -89.911412, 35.269652 ], [ -89.911611, 35.269576 ], [ -89.911689, 35.269541 ], [ -89.911771, 35.269515 ], [ -89.912071, 35.269364 ], [ -89.912196, 35.269292 ], [ -89.912229, 35.269268 ], [ -89.912306, 35.269234 ], [ -89.91234, 35.26921 ], [ -89.912494, 35.269142 ], [ -89.912579, 35.26912 ], [ -89.912618, 35.269105 ], [ -89.912908, 35.26902 ], [ -89.91312, 35.268972 ], [ -89.913365, 35.268894 ], [ -89.913402, 35.268874 ], [ -89.913442, 35.268859 ], [ -89.913486, 35.268852 ], [ -89.913608, 35.268811 ], [ -89.914002, 35.268654 ], [ -89.914126, 35.268616 ], [ -89.914315, 35.268523 ], [ -89.914473, 35.26846 ], [ -89.91468, 35.268397 ], [ -89.914801, 35.268352 ], [ -89.914966, 35.2683 ], [ -89.915046, 35.26827 ], [ -89.915083, 35.268251 ], [ -89.915125, 35.268238 ], [ -89.915253, 35.268211 ], [ -89.915337, 35.268189 ], [ -89.915376, 35.268172 ], [ -89.915437, 35.268136 ], [ -89.915525, 35.268129 ], [ -89.915653, 35.268099 ], [ -89.915814, 35.268041 ], [ -89.915898, 35.268018 ], [ -89.915977, 35.267986 ], [ -89.916059, 35.26796 ], [ -89.916103, 35.267952 ], [ -89.916142, 35.267936 ], [ -89.916208, 35.267888 ], [ -89.916244, 35.267869 ], [ -89.916323, 35.267836 ], [ -89.916391, 35.26779 ], [ -89.916631, 35.2677 ], [ -89.916714, 35.267676 ], [ -89.916784, 35.267632 ], [ -89.917022, 35.267539 ], [ -89.917147, 35.267501 ], [ -89.917262, 35.267449 ], [ -89.917383, 35.267412 ], [ -89.91751, 35.267373 ], [ -89.917624, 35.267318 ], [ -89.917705, 35.267291 ], [ -89.917823, 35.267241 ], [ -89.917908, 35.267221 ], [ -89.917987, 35.26719 ], [ -89.918023, 35.267169 ], [ -89.918062, 35.267152 ], [ -89.918145, 35.267128 ], [ -89.918303, 35.267066 ], [ -89.918346, 35.267056 ], [ -89.918459, 35.267 ], [ -89.918585, 35.266969 ], [ -89.918653, 35.266923 ], [ -89.918858, 35.266856 ], [ -89.918943, 35.266837 ], [ -89.918983, 35.266821 ], [ -89.919236, 35.266759 ], [ -89.919276, 35.266744 ], [ -89.919362, 35.26673 ], [ -89.919488, 35.266696 ], [ -89.919569, 35.266668 ], [ -89.919777, 35.266606 ], [ -89.919887, 35.266548 ], [ -89.920121, 35.266448 ], [ -89.920524, 35.266304 ], [ -89.920599, 35.266266 ], [ -89.920633, 35.266244 ], [ -89.920745, 35.266188 ], [ -89.920863, 35.26614 ], [ -89.921309, 35.265981 ], [ -89.92168, 35.265868 ], [ -89.921765, 35.265849 ], [ -89.922047, 35.265745 ], [ -89.922067, 35.265738 ], [ -89.922292, 35.265662 ], [ -89.922528, 35.265564 ], [ -89.922678, 35.265489 ], [ -89.922761, 35.265465 ], [ -89.922799, 35.265447 ], [ -89.922834, 35.265425 ], [ -89.922991, 35.265361 ], [ -89.923072, 35.265332 ], [ -89.923227, 35.265265 ], [ -89.923339, 35.265209 ], [ -89.923379, 35.265194 ], [ -89.923464, 35.265174 ], [ -89.923629, 35.265125 ], [ -89.923752, 35.265084 ], [ -89.923879, 35.265055 ], [ -89.924002, 35.265013 ], [ -89.924045, 35.265006 ], [ -89.924169, 35.264968 ], [ -89.924254, 35.264949 ], [ -89.924494, 35.264857 ], [ -89.92453, 35.264836 ], [ -89.924726, 35.264755 ], [ -89.925048, 35.264637 ], [ -89.925091, 35.264629 ], [ -89.92513, 35.264612 ], [ -89.925238, 35.26455 ], [ -89.925403, 35.264501 ], [ -89.925482, 35.264469 ], [ -89.925629, 35.264417 ], [ -89.925807, 35.264356 ], [ -89.925925, 35.264307 ], [ -89.926329, 35.264165 ], [ -89.926611, 35.263964 ], [ -89.926783, 35.263901 ], [ -89.927021, 35.263812 ], [ -89.927576, 35.263612 ], [ -89.927608, 35.263601 ], [ -89.929253, 35.263002 ], [ -89.92934, 35.262971 ], [ -89.929427, 35.26294 ], [ -89.929508, 35.262913 ], [ -89.930477, 35.262776 ], [ -89.931878, 35.262579 ], [ -89.93499, 35.26214 ], [ -89.939496, 35.261505 ], [ -89.942276, 35.261209 ], [ -89.944049, 35.26102 ], [ -89.946963, 35.26071 ], [ -89.947639, 35.260627 ], [ -89.948963, 35.260462 ], [ -89.952831, 35.259947 ], [ -89.956448, 35.259466 ], [ -89.95945, 35.25906 ], [ -89.961405, 35.258806 ], [ -89.962298, 35.258702 ], [ -89.962963, 35.258616 ], [ -89.96352, 35.258526 ], [ -89.963983, 35.258458 ], [ -89.964301, 35.258453 ], [ -89.964757, 35.25844 ], [ -89.965379, 35.25827 ], [ -89.965849, 35.258026 ], [ -89.966129, 35.257841 ], [ -89.966279, 35.257699 ], [ -89.966619, 35.257377 ], [ -89.966704, 35.257197 ], [ -89.966997, 35.256583 ], [ -89.96727, 35.256305 ], [ -89.967484, 35.256087 ], [ -89.967626, 35.255942 ], [ -89.968144, 35.255413 ], [ -89.968654, 35.254893 ], [ -89.968828, 35.254729 ] ] ], [ [ [ -89.935745, 35.176945 ], [ -89.93568, 35.1769 ], [ -89.935488, 35.176767 ], [ -89.935425, 35.176723 ], [ -89.93433, 35.177054 ], [ -89.933462, 35.177317 ], [ -89.931927, 35.177799 ], [ -89.931049, 35.178058 ], [ -89.930581, 35.178197 ], [ -89.92996, 35.178407 ], [ -89.929962, 35.178417 ], [ -89.930028, 35.178499 ], [ -89.930057, 35.178524 ], [ -89.930406, 35.178825 ], [ -89.930523, 35.178926 ], [ -89.930836, 35.179195 ], [ -89.930972, 35.179313 ], [ -89.931333, 35.179625 ], [ -89.931376, 35.179712 ], [ -89.93144, 35.179822 ], [ -89.931485, 35.179934 ], [ -89.931531, 35.180139 ], [ -89.931527, 35.180269 ], [ -89.931524, 35.180399 ], [ -89.931512, 35.18071 ], [ -89.931504, 35.181149 ], [ -89.931537, 35.18152 ], [ -89.931548, 35.181901 ], [ -89.931554, 35.182331 ], [ -89.931582, 35.182574 ], [ -89.931588, 35.182822 ], [ -89.931594, 35.18307 ], [ -89.93164, 35.183249 ], [ -89.931699, 35.183445 ], [ -89.931738, 35.183596 ], [ -89.931804, 35.183703 ], [ -89.931989, 35.18386 ], [ -89.932135, 35.18393 ], [ -89.932152, 35.183909 ], [ -89.932275, 35.183758 ], [ -89.932522, 35.183456 ], [ -89.933908, 35.181765 ], [ -89.93424, 35.18136 ], [ -89.934285, 35.181305 ], [ -89.93437, 35.181202 ], [ -89.934445, 35.18111 ], [ -89.934615, 35.180909 ], [ -89.935001, 35.180456 ], [ -89.935377, 35.180053 ], [ -89.935639, 35.179774 ], [ -89.935455, 35.179718 ], [ -89.935125, 35.179635 ], [ -89.933846, 35.179317 ], [ -89.933576, 35.179251 ], [ -89.93306, 35.179127 ], [ -89.933133, 35.178923 ], [ -89.933286, 35.178498 ], [ -89.933282, 35.178411 ], [ -89.933239, 35.17831 ], [ -89.933219, 35.178264 ], [ -89.933186, 35.178102 ], [ -89.933678, 35.17794 ], [ -89.933731, 35.177923 ], [ -89.935092, 35.177513 ], [ -89.93523, 35.177449 ], [ -89.93535, 35.177362 ], [ -89.935745, 35.176945 ] ] ] ] } },
{ "type": "Feature", "properties": { "GEOID": "38029", "ZCTA5": "38029", "AREALAND": 346359 }, "geometry": { "type": "Polygon", "coordinates": [ [ [ -89.826103, 35.245941 ], [ -89.826139, 35.241834 ], [ -89.8257, 35.24182 ], [ -89.825639, 35.241808 ], [ -89.825534, 35.241748 ], [ -89.825514, 35.241726 ], [ -89.825478, 35.241651 ], [ -89.825479, 35.241153 ], [ -89.825481, 35.240831 ], [ -89.8255, 35.239616 ], [ -89.825502, 35.239318 ], [ -89.825509, 35.238866 ], [ -89.825524, 35.238713 ], [ -89.825268, 35.238648 ], [ -89.825053, 35.238575 ], [ -89.825038, 35.23857 ], [ -89.824548, 35.238405 ], [ -89.8236, 35.238076 ], [ -89.823122, 35.23791 ], [ -89.822758, 35.237789 ], [ -89.822264, 35.237625 ], [ -89.821671, 35.237413 ], [ -89.821613, 35.237393 ], [ -89.821308, 35.237292 ], [ -89.821262, 35.237276 ], [ -89.821127, 35.237231 ], [ -89.821082, 35.237217 ], [ -89.820695, 35.237082 ], [ -89.819939, 35.23682 ], [ -89.819537, 35.236681 ], [ -89.819228, 35.236575 ], [ -89.819156, 35.236537 ], [ -89.819118, 35.236681 ], [ -89.819107, 35.237058 ], [ -89.819063, 35.238637 ], [ -89.819049, 35.239164 ], [ -89.819313, 35.239156 ], [ -89.819488, 35.239159 ], [ -89.820808, 35.239188 ], [ -89.821248, 35.239198 ], [ -89.821259, 35.238816 ], [ -89.821292, 35.237783 ], [ -89.821683, 35.237906 ], [ -89.821681, 35.238566 ], [ -89.823236, 35.238745 ], [ -89.823121, 35.239956 ], [ -89.823394, 35.239962 ], [ -89.823336, 35.241158 ], [ -89.822988, 35.241154 ], [ -89.822375, 35.241147 ], [ -89.822198, 35.246807 ], [ -89.826094, 35.246866 ], [ -89.826103, 35.245941 ] ] ] } },
{ "type": "Feature", "properties": { "GEOID": "38122", "ZCTA5": "38122", "AREALAND": 17655363 }, "geometry": { "type": "Polygon", "coordinates": [ [ [ -89.956875, 35.169991 ], [ -89.956749, 35.169726 ], [ -89.956548, 35.169424 ], [ -89.956425, 35.16869 ], [ -89.956408, 35.168584 ], [ -89.956401, 35.168062 ], [ -89.956447, 35.167793 ], [ -89.956468, 35.167694 ], [ -89.956467, 35.167524 ], [ -89.956421, 35.16737 ], [ -89.954976, 35.165333 ], [ -89.954781, 35.165022 ], [ -89.954574, 35.164691 ], [ -89.953897, 35.164199 ], [ -89.953871, 35.164187 ], [ -89.95333, 35.164534 ], [ -89.953273, 35.164502 ], [ -89.953199, 35.16446 ], [ -89.953755, 35.164105 ], [ -89.953737, 35.164083 ], [ -89.953317, 35.163779 ], [ -89.951491, 35.162544 ], [ -89.951297, 35.162307 ], [ -89.951123, 35.161929 ], [ -89.951008, 35.161829 ], [ -89.951047, 35.160678 ], [ -89.951061, 35.160275 ], [ -89.951087, 35.159431 ], [ -89.951088, 35.159398 ], [ -89.951103, 35.158924 ], [ -89.951645, 35.158938 ], [ -89.95165, 35.158716 ], [ -89.951653, 35.158596 ], [ -89.951509, 35.158599 ], [ -89.951502, 35.158533 ], [ -89.951117, 35.158511 ], [ -89.951121, 35.158398 ], [ -89.951108, 35.158212 ], [ -89.951105, 35.157924 ], [ -89.951121, 35.157396 ], [ -89.951124, 35.15731 ], [ -89.951134, 35.157054 ], [ -89.951138, 35.156969 ], [ -89.951139, 35.15689 ], [ -89.951146, 35.156656 ], [ -89.951149, 35.156578 ], [ -89.951153, 35.156438 ], [ -89.951168, 35.15602 ], [ -89.951173, 35.155881 ], [ -89.951182, 35.155632 ], [ -89.951718, 35.155643 ], [ -89.951743, 35.154898 ], [ -89.951661, 35.154895 ], [ -89.95166, 35.154677 ], [ -89.95175, 35.154676 ], [ -89.951753, 35.154607 ], [ -89.951808, 35.154608 ], [ -89.951804, 35.154558 ], [ -89.951809, 35.154376 ], [ -89.951877, 35.151775 ], [ -89.951943, 35.149899 ], [ -89.951373, 35.149868 ], [ -89.95138, 35.149672 ], [ -89.95139, 35.149359 ], [ -89.951394, 35.149178 ], [ -89.95141, 35.148638 ], [ -89.951415, 35.148458 ], [ -89.951416, 35.148424 ], [ -89.951419, 35.148322 ], [ -89.95142, 35.148288 ], [ -89.951422, 35.148199 ], [ -89.951426, 35.148097 ], [ -89.951434, 35.147935 ], [ -89.951439, 35.147848 ], [ -89.951453, 35.14739 ], [ -89.951483, 35.146459 ], [ -89.951496, 35.146016 ], [ -89.951511, 35.145559 ], [ -89.951516, 35.145363 ], [ -89.951535, 35.144776 ], [ -89.951541, 35.144581 ], [ -89.951575, 35.143587 ], [ -89.951611, 35.142627 ], [ -89.951615, 35.142432 ], [ -89.951631, 35.14185 ], [ -89.951637, 35.141656 ], [ -89.951643, 35.141476 ], [ -89.951665, 35.140939 ], [ -89.951672, 35.14076 ], [ -89.951684, 35.14045 ], [ -89.951724, 35.13952 ], [ -89.95173, 35.139403 ], [ -89.951737, 35.139254 ], [ -89.951738, 35.139211 ], [ -89.950349, 35.139424 ], [ -89.947432, 35.139873 ], [ -89.946221, 35.140095 ], [ -89.945607, 35.140155 ], [ -89.945066, 35.140242 ], [ -89.944811, 35.140275 ], [ -89.944266, 35.140359 ], [ -89.943742, 35.140436 ], [ -89.943414, 35.140495 ], [ -89.942095, 35.140717 ], [ -89.939246, 35.141097 ], [ -89.93772, 35.141329 ], [ -89.937302, 35.141428 ], [ -89.936604, 35.141516 ], [ -89.936362, 35.141564 ], [ -89.93598, 35.141622 ], [ -89.935644, 35.141672 ], [ -89.935546, 35.141675 ], [ -89.933095, 35.142062 ], [ -89.932835, 35.142103 ], [ -89.932278, 35.142191 ], [ -89.931712, 35.142275 ], [ -89.931435, 35.142316 ], [ -89.930015, 35.142527 ], [ -89.92945, 35.142612 ], [ -89.929202, 35.14265 ], [ -89.92846, 35.142764 ], [ -89.928213, 35.142803 ], [ -89.927311, 35.142934 ], [ -89.925297, 35.143228 ], [ -89.924605, 35.143328 ], [ -89.923703, 35.14346 ], [ -89.923512, 35.143491 ], [ -89.922939, 35.143583 ], [ -89.922748, 35.143615 ], [ -89.921752, 35.143774 ], [ -89.920404, 35.143991 ], [ -89.918767, 35.144256 ], [ -89.917772, 35.144418 ], [ -89.917688, 35.144429 ], [ -89.917438, 35.144464 ], [ -89.917355, 35.144477 ], [ -89.917078, 35.144512 ], [ -89.916401, 35.144598 ], [ -89.91625, 35.144626 ], [ -89.915977, 35.144678 ], [ -89.914888, 35.144834 ], [ -89.914385, 35.144892 ], [ -89.914068, 35.144929 ], [ -89.913205, 35.144999 ], [ -89.912268, 35.145059 ], [ -89.909574, 35.145023 ], [ -89.907969, 35.145003 ], [ -89.906783, 35.145242 ], [ -89.903344, 35.145938 ], [ -89.903228, 35.14596 ], [ -89.902042, 35.146193 ], [ -89.901896, 35.146219 ], [ -89.901458, 35.146297 ], [ -89.901313, 35.146324 ], [ -89.900638, 35.146444 ], [ -89.898614, 35.146805 ], [ -89.89794, 35.146926 ], [ -89.897327, 35.147004 ], [ -89.89549, 35.147239 ], [ -89.894878, 35.147318 ], [ -89.894673, 35.147344 ], [ -89.894061, 35.147422 ], [ -89.893857, 35.147449 ], [ -89.893679, 35.147473 ], [ -89.893148, 35.147544 ], [ -89.892972, 35.147569 ], [ -89.892366, 35.14768 ], [ -89.892009, 35.147746 ], [ -89.891122, 35.14791 ], [ -89.889932, 35.148144 ], [ -89.889129, 35.148324 ], [ -89.888174, 35.14854 ], [ -89.888171, 35.148653 ], [ -89.888165, 35.148885 ], [ -89.88778, 35.149033 ], [ -89.887616, 35.149106 ], [ -89.887312, 35.14926 ], [ -89.887264, 35.149292 ], [ -89.887226, 35.149317 ], [ -89.887128, 35.149382 ], [ -89.88678, 35.149616 ], [ -89.88634, 35.149943 ], [ -89.8862, 35.150063 ], [ -89.885811, 35.150399 ], [ -89.88486, 35.15127 ], [ -89.884845, 35.151284 ], [ -89.884833, 35.151295 ], [ -89.884818, 35.151309 ], [ -89.884789, 35.151333 ], [ -89.884778, 35.151344 ], [ -89.884741, 35.151379 ], [ -89.884649, 35.151463 ], [ -89.883772, 35.152262 ], [ -89.883605, 35.152412 ], [ -89.883499, 35.152516 ], [ -89.883444, 35.152572 ], [ -89.883372, 35.152644 ], [ -89.883172, 35.152847 ], [ -89.881898, 35.15402 ], [ -89.881058, 35.154822 ], [ -89.880897, 35.154977 ], [ -89.880747, 35.155108 ], [ -89.880372, 35.155425 ], [ -89.879706, 35.156012 ], [ -89.879611, 35.156101 ], [ -89.87942, 35.156279 ], [ -89.879433, 35.156292 ], [ -89.879453, 35.156341 ], [ -89.879494, 35.156408 ], [ -89.879538, 35.156481 ], [ -89.87955, 35.156501 ], [ -89.879593, 35.15656 ], [ -89.87975, 35.156779 ], [ -89.879765, 35.156795 ], [ -89.879802, 35.156836 ], [ -89.879835, 35.156863 ], [ -89.879874, 35.156965 ], [ -89.879891, 35.156998 ], [ -89.879913, 35.157029 ], [ -89.880043, 35.157173 ], [ -89.88014, 35.157293 ], [ -89.880272, 35.157436 ], [ -89.880505, 35.15765 ], [ -89.880965, 35.158035 ], [ -89.881091, 35.158135 ], [ -89.881819, 35.1586 ], [ -89.882098, 35.158774 ], [ -89.882232, 35.158856 ], [ -89.884593, 35.160301 ], [ -89.884739, 35.16039 ], [ -89.884877, 35.160476 ], [ -89.885726, 35.161007 ], [ -89.886009, 35.161185 ], [ -89.886903, 35.161745 ], [ -89.886981, 35.161791 ], [ -89.887203, 35.161956 ], [ -89.887391, 35.162106 ], [ -89.887481, 35.162192 ], [ -89.887559, 35.162227 ], [ -89.888073, 35.162566 ], [ -89.889468, 35.163607 ], [ -89.889751, 35.16382 ], [ -89.890666, 35.164511 ], [ -89.890825, 35.164631 ], [ -89.891107, 35.164841 ], [ -89.891307, 35.164989 ], [ -89.891468, 35.165109 ], [ -89.891829, 35.165377 ], [ -89.892157, 35.16562 ], [ -89.892474, 35.165871 ], [ -89.89263, 35.165995 ], [ -89.892889, 35.166188 ], [ -89.8929, 35.166198 ], [ -89.892979, 35.166268 ], [ -89.893119, 35.166449 ], [ -89.893182, 35.166547 ], [ -89.893201, 35.166576 ], [ -89.893419, 35.166845 ], [ -89.89351, 35.16697 ], [ -89.89389, 35.167491 ], [ -89.893995, 35.167676 ], [ -89.894092, 35.167848 ], [ -89.894308, 35.1682 ], [ -89.894388, 35.168314 ], [ -89.894438, 35.168386 ], [ -89.894675, 35.168688 ], [ -89.894717, 35.168738 ], [ -89.894775, 35.168806 ], [ -89.894877, 35.168926 ], [ -89.894949, 35.169011 ], [ -89.895008, 35.16908 ], [ -89.89542, 35.169566 ], [ -89.895751, 35.169955 ], [ -89.896206, 35.170468 ], [ -89.896682, 35.171005 ], [ -89.897106, 35.171483 ], [ -89.897169, 35.171555 ], [ -89.897361, 35.171771 ], [ -89.897426, 35.171844 ], [ -89.897617, 35.17206 ], [ -89.897903, 35.172383 ], [ -89.897932, 35.17241 ], [ -89.898031, 35.172481 ], [ -89.898106, 35.17252 ], [ -89.89823, 35.172558 ], [ -89.898267, 35.172574 ], [ -89.898283, 35.172589 ], [ -89.898324, 35.172629 ], [ -89.898475, 35.172807 ], [ -89.898547, 35.172718 ], [ -89.898618, 35.172628 ], [ -89.898669, 35.172563 ], [ -89.898845, 35.172344 ], [ -89.899002, 35.172162 ], [ -89.899285, 35.17186 ], [ -89.899418, 35.171719 ], [ -89.899503, 35.171638 ], [ -89.899774, 35.171381 ], [ -89.900084, 35.171088 ], [ -89.900583, 35.170606 ], [ -89.900852, 35.170347 ], [ -89.901012, 35.170193 ], [ -89.901134, 35.170098 ], [ -89.901179, 35.170065 ], [ -89.901673, 35.169621 ], [ -89.901852, 35.169453 ], [ -89.90198, 35.169348 ], [ -89.902272, 35.16911 ], [ -89.902366, 35.169028 ], [ -89.902421, 35.16898 ], [ -89.902449, 35.168957 ], [ -89.902486, 35.169005 ], [ -89.902529, 35.169062 ], [ -89.903127, 35.168511 ], [ -89.903814, 35.167881 ], [ -89.904219, 35.167509 ], [ -89.904635, 35.167126 ], [ -89.904807, 35.16695 ], [ -89.905868, 35.166957 ], [ -89.905874, 35.167061 ], [ -89.912458, 35.167062 ], [ -89.912968, 35.167067 ], [ -89.913125, 35.167058 ], [ -89.913637, 35.167067 ], [ -89.913648, 35.16686 ], [ -89.914206, 35.166869 ], [ -89.914203, 35.166949 ], [ -89.914195, 35.167162 ], [ -89.914195, 35.16718 ], [ -89.914091, 35.167365 ], [ -89.91405, 35.167464 ], [ -89.914046, 35.167483 ], [ -89.914159, 35.167519 ], [ -89.914302, 35.167522 ], [ -89.915087, 35.167543 ], [ -89.915349, 35.167551 ], [ -89.915355, 35.167378 ], [ -89.915366, 35.167063 ], [ -89.915358, 35.166925 ], [ -89.915341, 35.166862 ], [ -89.915323, 35.166794 ], [ -89.91531, 35.166693 ], [ -89.915485, 35.166702 ], [ -89.915559, 35.166706 ], [ -89.915717, 35.166709 ], [ -89.915739, 35.166335 ], [ -89.91662, 35.166368 ], [ -89.916602, 35.166983 ], [ -89.917144, 35.167028 ], [ -89.91715, 35.166888 ], [ -89.91741, 35.166894 ], [ -89.918191, 35.166914 ], [ -89.918452, 35.166921 ], [ -89.918778, 35.166929 ], [ -89.918787, 35.166485 ], [ -89.920587, 35.166536 ], [ -89.92078, 35.166694 ], [ -89.920764, 35.166988 ], [ -89.921187, 35.167005 ], [ -89.921435, 35.167019 ], [ -89.921511, 35.167039 ], [ -89.921573, 35.167055 ], [ -89.921639, 35.167082 ], [ -89.921715, 35.167114 ], [ -89.921719, 35.166777 ], [ -89.921721, 35.166568 ], [ -89.921879, 35.166574 ], [ -89.922243, 35.166588 ], [ -89.922897, 35.167501 ], [ -89.923872, 35.168861 ], [ -89.923965, 35.16899 ], [ -89.924203, 35.169322 ], [ -89.924232, 35.169386 ], [ -89.924299, 35.169531 ], [ -89.924431, 35.169535 ], [ -89.924673, 35.169541 ], [ -89.925445, 35.169561 ], [ -89.925796, 35.169573 ], [ -89.926014, 35.169581 ], [ -89.92617, 35.169601 ], [ -89.926124, 35.169765 ], [ -89.926122, 35.169774 ], [ -89.92598, 35.170147 ], [ -89.927575, 35.170333 ], [ -89.928239, 35.169654 ], [ -89.928299, 35.169655 ], [ -89.92862, 35.169657 ], [ -89.928686, 35.169657 ], [ -89.928673, 35.170335 ], [ -89.928631, 35.172466 ], [ -89.92882, 35.172468 ], [ -89.928809, 35.172808 ], [ -89.928983, 35.172811 ], [ -89.929089, 35.172813 ], [ -89.929324, 35.172817 ], [ -89.929527, 35.172817 ], [ -89.929552, 35.172817 ], [ -89.930237, 35.172834 ], [ -89.930466, 35.17284 ], [ -89.930462, 35.172802 ], [ -89.930472, 35.172418 ], [ -89.930478, 35.172206 ], [ -89.930483, 35.172007 ], [ -89.93106, 35.172024 ], [ -89.931093, 35.171695 ], [ -89.931655, 35.171714 ], [ -89.931654, 35.171761 ], [ -89.932198, 35.171775 ], [ -89.932314, 35.171779 ], [ -89.932314, 35.17239 ], [ -89.933575, 35.172408 ], [ -89.933565, 35.172942 ], [ -89.93389, 35.172953 ], [ -89.934067, 35.172985 ], [ -89.934169, 35.173025 ], [ -89.934344, 35.17311 ], [ -89.935108, 35.173599 ], [ -89.935364, 35.173763 ], [ -89.935613, 35.173921 ], [ -89.936352, 35.174409 ], [ -89.936599, 35.174572 ], [ -89.936799, 35.174693 ], [ -89.936955, 35.174792 ], [ -89.938016, 35.175465 ], [ -89.938265, 35.175623 ], [ -89.938347, 35.175716 ], [ -89.938359, 35.175734 ], [ -89.938396, 35.175789 ], [ -89.938409, 35.175808 ], [ -89.938715, 35.175717 ], [ -89.939634, 35.175445 ], [ -89.939941, 35.175355 ], [ -89.940063, 35.175316 ], [ -89.94043, 35.175202 ], [ -89.940553, 35.175164 ], [ -89.941261, 35.174949 ], [ -89.942028, 35.174717 ], [ -89.943377, 35.174279 ], [ -89.943668, 35.174186 ], [ -89.944088, 35.174073 ], [ -89.944983, 35.173785 ], [ -89.945475, 35.173628 ], [ -89.946694, 35.173235 ], [ -89.94768, 35.172954 ], [ -89.948585, 35.172697 ], [ -89.948932, 35.172594 ], [ -89.949976, 35.172289 ], [ -89.949994, 35.172284 ], [ -89.950327, 35.172197 ], [ -89.950934, 35.171915 ], [ -89.951262, 35.171764 ], [ -89.95179, 35.171551 ], [ -89.95282, 35.171225 ], [ -89.953459, 35.171024 ], [ -89.954142, 35.170817 ], [ -89.956191, 35.170197 ], [ -89.956875, 35.169991 ] ] ] } },
{ "type": "Feature", "properties": { "GEOID": "38118", "ZCTA5": "38118", "AREALAND": 78918438 }, "geometry": { "type": "Polygon", "coordinates": [ [ [ -89.990668, 35.057977 ], [ -89.990681, 35.057627 ], [ -89.990667, 35.057296 ], [ -89.990602, 35.056832 ], [ -89.990581, 35.056741 ], [ -89.990476, 35.056378 ], [ -89.990374, 35.056122 ], [ -89.990033, 35.055503 ], [ -89.989751, 35.055096 ], [ -89.989403, 35.054653 ], [ -89.989156, 35.054341 ], [ -89.988927, 35.054094 ], [ -89.98875, 35.05394 ], [ -89.988577, 35.053797 ], [ -89.988285, 35.053605 ], [ -89.987999, 35.05345 ], [ -89.987651, 35.053497 ], [ -89.98743, 35.053504 ], [ -89.987205, 35.053491 ], [ -89.986996, 35.053468 ], [ -89.986703, 35.053406 ], [ -89.98669, 35.053401 ], [ -89.98643, 35.053314 ], [ -89.98606, 35.053151 ], [ -89.985958, 35.05311 ], [ -89.985398, 35.052853 ], [ -89.984902, 35.052666 ], [ -89.984801, 35.05263 ], [ -89.983849, 35.052309 ], [ -89.983566, 35.05223 ], [ -89.983181, 35.052152 ], [ -89.982755, 35.052098 ], [ -89.982482, 35.052084 ], [ -89.982079, 35.052088 ], [ -89.981988, 35.052094 ], [ -89.981969, 35.052095 ], [ -89.981935, 35.05197 ], [ -89.981907, 35.051972 ], [ -89.981484, 35.052007 ], [ -89.980628, 35.052084 ], [ -89.979974, 35.052144 ], [ -89.979097, 35.052216 ], [ -89.978727, 35.052245 ], [ -89.978025, 35.052301 ], [ -89.977789, 35.05232 ], [ -89.977427, 35.052352 ], [ -89.976423, 35.052415 ], [ -89.976125, 35.052439 ], [ -89.975876, 35.052459 ], [ -89.974983, 35.052529 ], [ -89.974671, 35.052553 ], [ -89.974416, 35.052573 ], [ -89.972893, 35.052702 ], [ -89.972624, 35.052718 ], [ -89.972627, 35.052678 ], [ -89.972674, 35.052087 ], [ -89.97269, 35.051891 ], [ -89.972669, 35.05163 ], [ -89.972609, 35.050851 ], [ -89.97259, 35.050591 ], [ -89.97259, 35.05043 ], [ -89.97259, 35.049951 ], [ -89.97259, 35.049791 ], [ -89.97259, 35.048831 ], [ -89.97259, 35.047091 ], [ -89.97259, 35.045951 ], [ -89.97259, 35.044991 ], [ -89.971899, 35.044996 ], [ -89.969899, 35.045011 ], [ -89.969897, 35.044915 ], [ -89.969896, 35.044654 ], [ -89.969902, 35.044596 ], [ -89.96993, 35.044331 ], [ -89.970024, 35.043943 ], [ -89.970087, 35.043768 ], [ -89.970144, 35.043675 ], [ -89.970234, 35.043583 ], [ -89.970361, 35.043502 ], [ -89.970504, 35.043449 ], [ -89.970996, 35.043349 ], [ -89.971142, 35.043294 ], [ -89.971253, 35.043225 ], [ -89.971348, 35.043131 ], [ -89.971424, 35.043004 ], [ -89.971461, 35.04285 ], [ -89.971471, 35.042247 ], [ -89.971448, 35.04097 ], [ -89.971439, 35.040584 ], [ -89.971421, 35.039694 ], [ -89.971407, 35.039294 ], [ -89.9714, 35.038706 ], [ -89.971386, 35.03783 ], [ -89.971381, 35.037557 ], [ -89.970942, 35.037563 ], [ -89.970591, 35.037569 ], [ -89.969951, 35.037577 ], [ -89.968164, 35.0376 ], [ -89.968034, 35.037602 ], [ -89.967463, 35.037612 ], [ -89.967396, 35.037622 ], [ -89.967338, 35.037505 ], [ -89.967282, 35.037392 ], [ -89.96715, 35.037187 ], [ -89.967136, 35.03717 ], [ -89.967056, 35.037068 ], [ -89.967309, 35.036872 ], [ -89.967676, 35.036713 ], [ -89.96829, 35.036378 ], [ -89.968364, 35.036301 ], [ -89.96837, 35.036283 ], [ -89.96841, 35.036174 ], [ -89.968337, 35.036032 ], [ -89.968116, 35.035686 ], [ -89.968075, 35.032462 ], [ -89.968058, 35.031737 ], [ -89.968024, 35.030193 ], [ -89.968012, 35.029687 ], [ -89.967994, 35.028826 ], [ -89.968014, 35.028634 ], [ -89.968074, 35.028552 ], [ -89.968147, 35.028497 ], [ -89.968405, 35.028422 ], [ -89.968434, 35.028414 ], [ -89.968581, 35.028354 ], [ -89.968761, 35.028205 ], [ -89.968775, 35.028123 ], [ -89.968794, 35.028008 ], [ -89.968821, 35.027958 ], [ -89.968768, 35.027651 ], [ -89.968781, 35.027277 ], [ -89.968774, 35.026827 ], [ -89.968762, 35.026612 ], [ -89.968747, 35.026305 ], [ -89.96864, 35.025619 ], [ -89.968627, 35.025339 ], [ -89.968653, 35.025047 ], [ -89.968867, 35.024526 ], [ -89.968907, 35.024322 ], [ -89.969027, 35.024004 ], [ -89.969087, 35.023932 ], [ -89.96922, 35.023625 ], [ -89.96932, 35.023323 ], [ -89.969327, 35.022944 ], [ -89.969373, 35.02273 ], [ -89.96944, 35.022625 ], [ -89.969633, 35.022427 ], [ -89.969674, 35.022318 ], [ -89.969672, 35.022293 ], [ -89.96966, 35.022098 ], [ -89.96954, 35.021922 ], [ -89.969466, 35.021719 ], [ -89.969493, 35.021494 ], [ -89.969653, 35.021159 ], [ -89.969686, 35.021142 ], [ -89.96978, 35.020956 ], [ -89.969796, 35.020902 ], [ -89.969893, 35.020582 ], [ -89.969926, 35.020527 ], [ -89.969986, 35.020313 ], [ -89.970006, 35.020225 ], [ -89.97011, 35.020104 ], [ -89.970173, 35.020033 ], [ -89.970307, 35.019841 ], [ -89.97032, 35.01967 ], [ -89.970453, 35.01956 ], [ -89.970614, 35.019462 ], [ -89.9708, 35.019335 ], [ -89.970874, 35.019253 ], [ -89.970947, 35.019231 ], [ -89.971034, 35.01917 ], [ -89.971228, 35.01906 ], [ -89.971388, 35.018786 ], [ -89.971421, 35.0185 ], [ -89.971474, 35.018418 ], [ -89.971581, 35.018407 ], [ -89.971701, 35.018451 ], [ -89.97177, 35.018447 ], [ -89.971828, 35.018445 ], [ -89.971915, 35.01839 ], [ -89.971955, 35.018275 ], [ -89.971935, 35.018187 ], [ -89.972008, 35.018077 ], [ -89.972122, 35.017868 ], [ -89.972162, 35.017747 ], [ -89.972088, 35.017676 ], [ -89.971941, 35.017616 ], [ -89.971935, 35.017608 ], [ -89.971921, 35.017588 ], [ -89.971841, 35.01755 ], [ -89.971835, 35.017517 ], [ -89.971761, 35.017445 ], [ -89.971728, 35.017281 ], [ -89.971854, 35.0171 ], [ -89.971975, 35.016978 ], [ -89.972081, 35.016874 ], [ -89.972115, 35.016863 ], [ -89.972171, 35.016798 ], [ -89.972215, 35.016748 ], [ -89.972268, 35.016704 ], [ -89.972321, 35.016556 ], [ -89.972315, 35.016083 ], [ -89.972355, 35.015984 ], [ -89.972561, 35.015715 ], [ -89.972735, 35.015644 ], [ -89.972982, 35.015638 ], [ -89.973209, 35.015605 ], [ -89.973238, 35.01552 ], [ -89.973269, 35.015435 ], [ -89.973329, 35.015402 ], [ -89.973362, 35.015353 ], [ -89.973316, 35.015166 ], [ -89.973369, 35.014985 ], [ -89.973382, 35.014864 ], [ -89.973289, 35.014694 ], [ -89.973295, 35.014639 ], [ -89.973462, 35.014463 ], [ -89.973562, 35.014271 ], [ -89.973535, 35.013798 ], [ -89.973555, 35.013469 ], [ -89.973749, 35.013161 ], [ -89.973889, 35.013007 ], [ -89.973915, 35.012826 ], [ -89.974075, 35.012683 ], [ -89.974122, 35.012667 ], [ -89.974142, 35.012634 ], [ -89.974356, 35.012491 ], [ -89.974516, 35.01215 ], [ -89.974562, 35.012106 ], [ -89.974583, 35.012068 ], [ -89.974696, 35.011991 ], [ -89.974756, 35.011909 ], [ -89.974816, 35.011733 ], [ -89.974896, 35.011612 ], [ -89.974943, 35.011595 ], [ -89.97515, 35.011398 ], [ -89.97529, 35.011315 ], [ -89.97561, 35.011035 ], [ -89.975723, 35.010947 ], [ -89.975737, 35.010914 ], [ -89.97577, 35.010898 ], [ -89.975824, 35.010859 ], [ -89.975877, 35.010848 ], [ -89.975897, 35.010821 ], [ -89.97601, 35.01076 ], [ -89.97603, 35.010733 ], [ -89.976137, 35.010678 ], [ -89.976464, 35.010436 ], [ -89.976531, 35.010403 ], [ -89.976584, 35.010348 ], [ -89.976958, 35.010161 ], [ -89.977105, 35.010062 ], [ -89.977125, 35.009969 ], [ -89.977205, 35.009749 ], [ -89.977352, 35.009612 ], [ -89.977398, 35.009491 ], [ -89.977372, 35.009436 ], [ -89.977271, 35.009392 ], [ -89.977245, 35.009337 ], [ -89.977291, 35.00925 ], [ -89.977531, 35.00911 ], [ -89.977698, 35.008986 ], [ -89.977825, 35.008706 ], [ -89.977898, 35.008448 ], [ -89.977865, 35.008195 ], [ -89.977965, 35.007887 ], [ -89.977945, 35.007761 ], [ -89.977938, 35.007558 ], [ -89.978038, 35.007393 ], [ -89.978051, 35.007283 ], [ -89.977998, 35.007201 ], [ -89.977968, 35.007084 ], [ -89.977958, 35.007042 ], [ -89.977931, 35.006437 ], [ -89.97789, 35.006359 ], [ -89.977871, 35.006322 ], [ -89.977724, 35.006256 ], [ -89.977343, 35.006311 ], [ -89.976729, 35.006191 ], [ -89.976689, 35.006103 ], [ -89.976703, 35.005684 ], [ -89.976748, 35.004433 ], [ -89.976548, 35.004323 ], [ -89.976434, 35.004175 ], [ -89.976388, 35.004153 ], [ -89.976348, 35.004098 ], [ -89.976154, 35.003928 ], [ -89.976289, 35.003836 ], [ -89.976305, 35.00381 ], [ -89.976198, 35.003697 ], [ -89.976051, 35.003518 ], [ -89.976021, 35.003495 ], [ -89.975717, 35.003448 ], [ -89.975482, 35.003387 ], [ -89.975338, 35.00335 ], [ -89.975217, 35.003307 ], [ -89.975133, 35.003224 ], [ -89.97507, 35.003174 ], [ -89.9749, 35.003059 ], [ -89.974827, 35.003021 ], [ -89.974694, 35.003026 ], [ -89.974607, 35.003038 ], [ -89.974479, 35.003065 ], [ -89.974391, 35.003066 ], [ -89.973955, 35.003009 ], [ -89.973697, 35.002959 ], [ -89.97363, 35.002962 ], [ -89.973609, 35.002964 ], [ -89.973567, 35.002974 ], [ -89.973444, 35.003034 ], [ -89.97331, 35.00299 ], [ -89.973043, 35.002875 ], [ -89.97285, 35.002754 ], [ -89.972689, 35.002485 ], [ -89.972636, 35.002468 ], [ -89.972562, 35.002402 ], [ -89.972396, 35.002331 ], [ -89.972177, 35.002329 ], [ -89.97218, 35.000867 ], [ -89.972183, 34.99982 ], [ -89.972191, 34.996481 ], [ -89.972192, 34.996176 ], [ -89.972193, 34.995606 ], [ -89.972197, 34.99502 ], [ -89.970449, 34.995012 ], [ -89.968975, 34.995007 ], [ -89.965205, 34.994991 ], [ -89.963458, 34.994985 ], [ -89.963416, 34.994984 ], [ -89.963291, 34.994984 ], [ -89.96325, 34.994984 ], [ -89.961779, 34.994978 ], [ -89.957367, 34.994961 ], [ -89.957052, 34.99496 ], [ -89.955897, 34.994955 ], [ -89.95415, 34.994947 ], [ -89.953416, 34.994945 ], [ -89.953252, 34.994944 ], [ -89.953088, 34.994943 ], [ -89.952928, 34.994943 ], [ -89.948909, 34.994926 ], [ -89.947163, 34.994919 ], [ -89.946734, 34.994917 ], [ -89.945447, 34.994911 ], [ -89.945019, 34.99491 ], [ -89.943555, 34.994904 ], [ -89.943365, 34.994903 ], [ -89.938407, 34.994882 ], [ -89.93717, 34.994877 ], [ -89.936754, 34.994876 ], [ -89.934615, 34.994865 ], [ -89.934009, 34.994863 ], [ -89.928201, 34.994839 ], [ -89.926831, 34.994834 ], [ -89.92618, 34.994831 ], [ -89.926063, 34.994831 ], [ -89.92479, 34.994825 ], [ -89.924398, 34.994824 ], [ -89.924252, 34.994823 ], [ -89.924105, 34.994823 ], [ -89.920972, 34.994808 ], [ -89.920752, 34.994808 ], [ -89.9197, 34.994803 ], [ -89.9196, 34.994802 ], [ -89.919303, 34.994801 ], [ -89.919204, 34.994801 ], [ -89.919169, 34.9948 ], [ -89.919066, 34.9948 ], [ -89.919032, 34.9948 ], [ -89.91887, 34.994798 ], [ -89.917605, 34.994784 ], [ -89.915337, 34.99476 ], [ -89.915229, 34.994759 ], [ -89.91323, 34.994745 ], [ -89.911797, 34.994735 ], [ -89.910519, 34.99472 ], [ -89.909434, 34.994719 ], [ -89.904905, 34.994686 ], [ -89.904522, 34.994684 ], [ -89.901464, 34.994663 ], [ -89.899849, 34.994629 ], [ -89.898169, 34.994595 ], [ -89.896481, 34.99456 ], [ -89.896256, 34.994555 ], [ -89.89603, 34.99455 ], [ -89.895547, 34.99454 ], [ -89.895064, 34.994531 ], [ -89.895006, 34.994529 ], [ -89.894194, 34.994512 ], [ -89.893449, 34.994496 ], [ -89.893415, 34.994495 ], [ -89.893392, 34.994495 ], [ -89.893264, 34.994489 ], [ -89.89288, 34.994483 ], [ -89.892753, 34.994481 ], [ -89.892543, 34.994477 ], [ -89.89208, 34.994469 ], [ -89.891915, 34.99447 ], [ -89.891706, 34.994472 ], [ -89.891669, 34.994472 ], [ -89.891503, 34.99447 ], [ -89.891064, 34.994468 ], [ -89.890981, 34.994468 ], [ -89.890897, 34.994467 ], [ -89.890815, 34.994467 ], [ -89.890696, 34.994466 ], [ -89.890668, 34.994466 ], [ -89.889128, 34.994451 ], [ -89.8884, 34.994444 ], [ -89.886983, 34.994427 ], [ -89.88651, 34.994425 ], [ -89.886452, 34.994423 ], [ -89.886394, 34.994424 ], [ -89.886319, 34.994423 ], [ -89.883892, 34.994392 ], [ -89.883764, 34.994393 ], [ -89.883748, 34.994393 ], [ -89.883373, 34.994392 ], [ -89.879277, 34.994392 ], [ -89.878752, 34.994392 ], [ -89.878683, 34.994392 ], [ -89.878595, 34.994392 ], [ -89.878478, 34.994392 ], [ -89.87841, 34.994392 ], [ -89.878364, 34.994327 ], [ -89.871797, 34.994293 ], [ -89.871774, 34.994293 ], [ -89.871419, 34.994291 ], [ -89.870867, 34.994288 ], [ -89.870812, 34.994288 ], [ -89.870547, 34.994286 ], [ -89.86995, 34.994283 ], [ -89.868162, 34.994274 ], [ -89.867566, 34.994271 ], [ -89.867289, 34.99427 ], [ -89.867184, 34.994269 ], [ -89.866329, 34.994266 ], [ -89.866166, 34.994265 ], [ -89.86604, 34.994264 ], [ -89.866002, 34.994264 ], [ -89.865659, 34.994263 ], [ -89.865556, 34.994262 ], [ -89.865248, 34.994259 ], [ -89.865146, 34.994259 ], [ -89.865946, 34.995143 ], [ -89.86656, 34.995849 ], [ -89.867327, 34.996729 ], [ -89.868682, 34.998283 ], [ -89.870756, 35.000664 ], [ -89.872155, 35.002269 ], [ -89.872781, 35.00299 ], [ -89.873174, 35.003441 ], [ -89.874319, 35.004758 ], [ -89.874662, 35.005153 ], [ -89.875289, 35.005875 ], [ -89.87568, 35.006315 ], [ -89.876301, 35.007013 ], [ -89.876723, 35.007487 ], [ -89.877077, 35.007881 ], [ -89.877962, 35.008867 ], [ -89.878626, 35.009576 ], [ -89.878893, 35.00989 ], [ -89.879343, 35.010421 ], [ -89.880329, 35.011583 ], [ -89.880613, 35.012019 ], [ -89.880728, 35.01218 ], [ -89.880763, 35.012257 ], [ -89.880871, 35.012492 ], [ -89.881175, 35.013347 ], [ -89.881931, 35.015473 ], [ -89.882996, 35.018508 ], [ -89.883169, 35.018907 ], [ -89.88321, 35.019002 ], [ -89.883333, 35.019208 ], [ -89.883393, 35.019308 ], [ -89.883576, 35.019569 ], [ -89.883846, 35.019868 ], [ -89.884094, 35.020116 ], [ -89.884427, 35.0204 ], [ -89.884333, 35.020399 ], [ -89.884192, 35.020398 ], [ -89.884134, 35.020397 ], [ -89.883257, 35.020388 ], [ -89.882965, 35.020385 ], [ -89.882805, 35.02038 ], [ -89.882327, 35.020366 ], [ -89.882213, 35.020363 ], [ -89.882168, 35.020363 ], [ -89.882123, 35.020362 ], [ -89.882023, 35.020362 ], [ -89.88199, 35.020362 ], [ -89.881946, 35.020362 ], [ -89.88187, 35.020361 ], [ -89.881577, 35.020359 ], [ -89.880472, 35.020355 ], [ -89.880174, 35.020354 ], [ -89.88013, 35.020354 ], [ -89.880104, 35.020354 ], [ -89.8801, 35.020437 ], [ -89.8801, 35.020501 ], [ -89.880175, 35.0205 ], [ -89.88194, 35.020494 ], [ -89.88201, 35.020494 ], [ -89.882033, 35.020544 ], [ -89.882159, 35.020846 ], [ -89.882191, 35.020911 ], [ -89.88221, 35.020978 ], [ -89.882239, 35.021045 ], [ -89.882245, 35.021078 ], [ -89.882307, 35.02128 ], [ -89.882408, 35.02155 ], [ -89.882604, 35.021987 ], [ -89.88267, 35.022192 ], [ -89.882687, 35.022261 ], [ -89.882765, 35.0225 ], [ -89.882779, 35.022569 ], [ -89.882791, 35.022596 ], [ -89.882839, 35.022704 ], [ -89.882892, 35.02276 ], [ -89.882952, 35.022881 ], [ -89.883127, 35.023353 ], [ -89.883164, 35.023488 ], [ -89.883195, 35.023555 ], [ -89.883218, 35.023622 ], [ -89.883282, 35.023715 ], [ -89.883299, 35.023781 ], [ -89.883373, 35.02391 ], [ -89.883388, 35.023976 ], [ -89.883411, 35.024006 ], [ -89.883441, 35.024072 ], [ -89.883464, 35.024138 ], [ -89.883568, 35.024367 ], [ -89.883576, 35.024411 ], [ -89.883563, 35.024432 ], [ -89.883589, 35.024455 ], [ -89.883632, 35.024558 ], [ -89.883641, 35.024591 ], [ -89.883692, 35.024724 ], [ -89.883901, 35.025329 ], [ -89.883909, 35.025363 ], [ -89.884021, 35.025703 ], [ -89.884047, 35.025771 ], [ -89.884188, 35.026069 ], [ -89.884256, 35.026237 ], [ -89.884279, 35.026305 ], [ -89.884342, 35.026436 ], [ -89.884409, 35.026606 ], [ -89.884431, 35.026636 ], [ -89.884438, 35.026671 ], [ -89.884491, 35.026806 ], [ -89.884526, 35.026871 ], [ -89.884699, 35.027308 ], [ -89.884816, 35.027722 ], [ -89.884877, 35.027892 ], [ -89.88492, 35.027991 ], [ -89.885037, 35.028218 ], [ -89.885095, 35.02835 ], [ -89.885104, 35.028383 ], [ -89.88515, 35.028481 ], [ -89.885189, 35.02858 ], [ -89.885251, 35.02871 ], [ -89.885347, 35.028977 ], [ -89.885363, 35.029045 ], [ -89.885427, 35.029234 ], [ -89.885432, 35.029248 ], [ -89.885483, 35.029383 ], [ -89.885595, 35.029724 ], [ -89.885708, 35.029994 ], [ -89.885783, 35.030198 ], [ -89.88593, 35.030677 ], [ -89.885944, 35.030747 ], [ -89.886011, 35.030988 ], [ -89.886023, 35.031094 ], [ -89.886032, 35.031344 ], [ -89.886054, 35.031412 ], [ -89.886072, 35.031445 ], [ -89.886131, 35.031497 ], [ -89.886118, 35.031552 ], [ -89.886096, 35.031729 ], [ -89.886103, 35.03208 ], [ -89.886099, 35.03215 ], [ -89.886102, 35.032195 ], [ -89.886104, 35.03222 ], [ -89.886095, 35.03257 ], [ -89.886098, 35.032744 ], [ -89.886103, 35.032779 ], [ -89.886101, 35.032848 ], [ -89.886111, 35.032917 ], [ -89.886113, 35.033021 ], [ -89.886109, 35.033056 ], [ -89.886115, 35.033126 ], [ -89.886123, 35.033369 ], [ -89.886131, 35.033403 ], [ -89.886131, 35.033472 ], [ -89.886145, 35.033679 ], [ -89.886141, 35.033714 ], [ -89.886142, 35.033817 ], [ -89.886146, 35.033851 ], [ -89.886144, 35.03392 ], [ -89.886151, 35.033954 ], [ -89.886155, 35.034057 ], [ -89.886151, 35.034126 ], [ -89.886151, 35.034299 ], [ -89.88616, 35.034368 ], [ -89.886159, 35.034576 ], [ -89.886155, 35.034611 ], [ -89.886157, 35.034891 ], [ -89.886162, 35.034996 ], [ -89.886163, 35.035031 ], [ -89.88617, 35.035066 ], [ -89.886174, 35.035106 ], [ -89.886189, 35.035275 ], [ -89.886191, 35.035486 ], [ -89.886188, 35.035521 ], [ -89.886198, 35.035766 ], [ -89.886195, 35.035836 ], [ -89.8862, 35.03589 ], [ -89.886287, 35.036166 ], [ -89.886424, 35.036542 ], [ -89.886685, 35.03703 ], [ -89.886723, 35.037094 ], [ -89.886989, 35.037541 ], [ -89.887123, 35.037802 ], [ -89.88735, 35.038224 ], [ -89.887381, 35.03829 ], [ -89.887839, 35.039169 ], [ -89.887868, 35.039235 ], [ -89.888154, 35.039787 ], [ -89.888435, 35.040304 ], [ -89.888466, 35.040369 ], [ -89.88915, 35.041632 ], [ -89.889181, 35.041698 ], [ -89.889224, 35.041772 ], [ -89.889596, 35.042488 ], [ -89.889634, 35.042551 ], [ -89.889694, 35.042665 ], [ -89.889787, 35.042843 ], [ -89.8898, 35.042877 ], [ -89.889825, 35.042923 ], [ -89.889844, 35.042957 ], [ -89.889861, 35.042988 ], [ -89.890039, 35.043348 ], [ -89.890178, 35.043684 ], [ -89.890198, 35.043715 ], [ -89.890253, 35.043925 ], [ -89.890259, 35.043952 ], [ -89.890321, 35.04424 ], [ -89.890374, 35.044555 ], [ -89.89038, 35.044661 ], [ -89.890373, 35.045074 ], [ -89.890376, 35.04511 ], [ -89.890371, 35.045251 ], [ -89.890375, 35.045322 ], [ -89.890371, 35.045428 ], [ -89.890247, 35.046045 ], [ -89.89023, 35.046133 ], [ -89.890127, 35.046552 ], [ -89.890056, 35.046868 ], [ -89.890006, 35.047114 ], [ -89.88997, 35.047396 ], [ -89.889879, 35.047997 ], [ -89.889784, 35.048416 ], [ -89.889657, 35.048933 ], [ -89.889614, 35.049111 ], [ -89.889594, 35.04918 ], [ -89.889589, 35.049215 ], [ -89.889568, 35.049284 ], [ -89.889497, 35.049635 ], [ -89.889466, 35.049897 ], [ -89.88946, 35.049953 ], [ -89.889461, 35.050038 ], [ -89.889464, 35.050166 ], [ -89.88947, 35.050236 ], [ -89.889464, 35.050342 ], [ -89.889452, 35.050462 ], [ -89.889439, 35.050604 ], [ -89.889404, 35.050603 ], [ -89.889356, 35.050602 ], [ -89.889267, 35.050599 ], [ -89.888755, 35.050585 ], [ -89.888584, 35.050581 ], [ -89.888334, 35.050576 ], [ -89.888109, 35.050572 ], [ -89.886978, 35.050552 ], [ -89.886714, 35.050547 ], [ -89.886684, 35.050546 ], [ -89.88621, 35.050539 ], [ -89.886209, 35.050601 ], [ -89.886208, 35.050643 ], [ -89.886201, 35.050887 ], [ -89.886199, 35.050999 ], [ -89.886196, 35.051091 ], [ -89.887117, 35.051097 ], [ -89.887104, 35.051474 ], [ -89.887842, 35.0515 ], [ -89.887824, 35.052232 ], [ -89.889339, 35.052205 ], [ -89.889166, 35.052495 ], [ -89.889035, 35.052928 ], [ -89.888193, 35.053877 ], [ -89.888067, 35.054362 ], [ -89.888089, 35.054541 ], [ -89.888101, 35.054636 ], [ -89.888084, 35.054778 ], [ -89.887168, 35.054777 ], [ -89.886653, 35.054745 ], [ -89.886606, 35.057275 ], [ -89.886544, 35.057359 ], [ -89.886278, 35.057348 ], [ -89.886223, 35.057348 ], [ -89.88609, 35.057351 ], [ -89.885996, 35.057353 ], [ -89.885989, 35.057688 ], [ -89.885988, 35.0577 ], [ -89.885952, 35.058741 ], [ -89.885941, 35.059089 ], [ -89.885935, 35.059198 ], [ -89.885921, 35.059527 ], [ -89.885921, 35.059543 ], [ -89.885917, 35.059637 ], [ -89.88601, 35.059637 ], [ -89.886755, 35.059645 ], [ -89.886896, 35.059647 ], [ -89.887322, 35.059654 ], [ -89.887464, 35.059657 ], [ -89.887548, 35.059659 ], [ -89.887788, 35.059667 ], [ -89.8878, 35.059672 ], [ -89.887833, 35.059685 ], [ -89.887864, 35.059724 ], [ -89.88787, 35.059748 ], [ -89.88786, 35.05997 ], [ -89.887827, 35.060713 ], [ -89.887827, 35.060733 ], [ -89.887812, 35.060781 ], [ -89.887769, 35.060809 ], [ -89.887642, 35.060808 ], [ -89.8876, 35.060806 ], [ -89.887476, 35.0608 ], [ -89.887435, 35.060798 ], [ -89.887488, 35.060862 ], [ -89.887494, 35.060888 ], [ -89.887506, 35.060932 ], [ -89.887491, 35.061217 ], [ -89.88749, 35.061247 ], [ -89.887444, 35.061314 ], [ -89.887133, 35.061313 ], [ -89.886985, 35.061313 ], [ -89.886922, 35.061334 ], [ -89.88692, 35.061376 ], [ -89.886918, 35.061478 ], [ -89.886912, 35.061871 ], [ -89.88691, 35.061938 ], [ -89.886875, 35.061937 ], [ -89.886641, 35.061932 ], [ -89.885822, 35.061909 ], [ -89.885797, 35.062435 ], [ -89.886486, 35.062448 ], [ -89.886505, 35.062047 ], [ -89.887465, 35.062058 ], [ -89.887619, 35.062061 ], [ -89.88774, 35.062085 ], [ -89.887681, 35.063102 ], [ -89.887084, 35.064017 ], [ -89.886279, 35.063994 ], [ -89.886258, 35.06444 ], [ -89.886232, 35.064821 ], [ -89.886406, 35.064936 ], [ -89.886279, 35.065694 ], [ -89.886246, 35.066375 ], [ -89.886229, 35.066377 ], [ -89.886191, 35.06638 ], [ -89.886181, 35.066572 ], [ -89.886122, 35.066577 ], [ -89.886117, 35.066743 ], [ -89.886111, 35.066962 ], [ -89.885946, 35.066958 ], [ -89.885818, 35.066955 ], [ -89.885592, 35.066949 ], [ -89.885576, 35.067335 ], [ -89.885573, 35.067434 ], [ -89.885533, 35.068495 ], [ -89.885519, 35.068882 ], [ -89.885837, 35.06889 ], [ -89.886557, 35.06891 ], [ -89.886794, 35.068915 ], [ -89.887113, 35.068923 ], [ -89.887244, 35.068926 ], [ -89.88764, 35.068936 ], [ -89.88768, 35.068937 ], [ -89.887772, 35.068939 ], [ -89.887757, 35.068955 ], [ -89.887713, 35.069046 ], [ -89.887648, 35.069138 ], [ -89.88762, 35.069165 ], [ -89.887542, 35.069299 ], [ -89.887528, 35.069326 ], [ -89.887435, 35.069446 ], [ -89.887357, 35.069572 ], [ -89.887266, 35.069733 ], [ -89.887192, 35.069972 ], [ -89.887188, 35.070007 ], [ -89.887192, 35.070041 ], [ -89.887169, 35.070177 ], [ -89.887172, 35.070212 ], [ -89.887133, 35.07042 ], [ -89.887116, 35.070489 ], [ -89.887062, 35.070768 ], [ -89.88705, 35.070913 ], [ -89.887048, 35.070944 ], [ -89.887026, 35.071109 ], [ -89.887021, 35.071156 ], [ -89.887018, 35.071477 ], [ -89.887035, 35.07169 ], [ -89.887037, 35.071699 ], [ -89.887075, 35.071827 ], [ -89.887097, 35.071888 ], [ -89.887124, 35.071963 ], [ -89.887129, 35.071998 ], [ -89.887191, 35.072167 ], [ -89.887256, 35.07231 ], [ -89.887304, 35.072414 ], [ -89.887372, 35.072531 ], [ -89.887384, 35.072565 ], [ -89.88744, 35.072661 ], [ -89.887552, 35.07281 ], [ -89.887604, 35.072868 ], [ -89.887623, 35.0729 ], [ -89.887748, 35.073046 ], [ -89.887838, 35.073123 ], [ -89.887971, 35.073217 ], [ -89.888082, 35.073276 ], [ -89.888161, 35.073307 ], [ -89.888227, 35.073354 ], [ -89.888259, 35.073371 ], [ -89.888371, 35.073434 ], [ -89.888501, 35.073528 ], [ -89.888558, 35.073582 ], [ -89.88866, 35.073651 ], [ -89.888708, 35.073711 ], [ -89.888739, 35.073736 ], [ -89.888808, 35.073827 ], [ -89.888889, 35.073954 ], [ -89.888984, 35.074153 ], [ -89.889083, 35.07439 ], [ -89.889134, 35.074562 ], [ -89.889288, 35.074933 ], [ -89.889316, 35.075 ], [ -89.889357, 35.075062 ], [ -89.889391, 35.075127 ], [ -89.889486, 35.075287 ], [ -89.889645, 35.075498 ], [ -89.889815, 35.075826 ], [ -89.889842, 35.075894 ], [ -89.889995, 35.07619 ], [ -89.890019, 35.076258 ], [ -89.89009, 35.076348 ], [ -89.8902, 35.076459 ], [ -89.890263, 35.076509 ], [ -89.890373, 35.076569 ], [ -89.890528, 35.076636 ], [ -89.890589, 35.076653 ], [ -89.890611, 35.07666 ], [ -89.890866, 35.076713 ], [ -89.891085, 35.076731 ], [ -89.891349, 35.076744 ], [ -89.891611, 35.076767 ], [ -89.891743, 35.076771 ], [ -89.891919, 35.076782 ], [ -89.891967, 35.076782 ], [ -89.892623, 35.076784 ], [ -89.892752, 35.076809 ], [ -89.892836, 35.07683 ], [ -89.892964, 35.076855 ], [ -89.893353, 35.076796 ], [ -89.893529, 35.076788 ], [ -89.893641, 35.076769 ], [ -89.893803, 35.076744 ], [ -89.894144, 35.076717 ], [ -89.894418, 35.076783 ], [ -89.894638, 35.076871 ], [ -89.894798, 35.077002 ], [ -89.895052, 35.077162 ], [ -89.895526, 35.077332 ], [ -89.895807, 35.07736 ], [ -89.896041, 35.077365 ], [ -89.896214, 35.077398 ], [ -89.896462, 35.077574 ], [ -89.896495, 35.077629 ], [ -89.896682, 35.077744 ], [ -89.897116, 35.077789 ], [ -89.897303, 35.07786 ], [ -89.897443, 35.077959 ], [ -89.897584, 35.078041 ], [ -89.897798, 35.078206 ], [ -89.898132, 35.078294 ], [ -89.898277, 35.078367 ], [ -89.898318, 35.078388 ], [ -89.898492, 35.078514 ], [ -89.8989, 35.078646 ], [ -89.8992, 35.078706 ], [ -89.899568, 35.078844 ], [ -89.899748, 35.078981 ], [ -89.899801, 35.079033 ], [ -89.899832, 35.079009 ], [ -89.899871, 35.078991 ], [ -89.899936, 35.078944 ], [ -89.90018, 35.078794 ], [ -89.900258, 35.078762 ], [ -89.900289, 35.078741 ], [ -89.900428, 35.078652 ], [ -89.900644, 35.07853 ], [ -89.9008, 35.078464 ], [ -89.900873, 35.078423 ], [ -89.900948, 35.07839 ], [ -89.901357, 35.078254 ], [ -89.901484, 35.078229 ], [ -89.901571, 35.078217 ], [ -89.901746, 35.078217 ], [ -89.901834, 35.078211 ], [ -89.901886, 35.078205 ], [ -89.902052, 35.078187 ], [ -89.90222, 35.078144 ], [ -89.902341, 35.078103 ], [ -89.902436, 35.078063 ], [ -89.902458, 35.078053 ], [ -89.903182, 35.077795 ], [ -89.903482, 35.077647 ], [ -89.903611, 35.077595 ], [ -89.903819, 35.077538 ], [ -89.90394, 35.077497 ], [ -89.903978, 35.077479 ], [ -89.904228, 35.077409 ], [ -89.904309, 35.077382 ], [ -89.904503, 35.0773 ], [ -89.904627, 35.077262 ], [ -89.904796, 35.077221 ], [ -89.90492, 35.077183 ], [ -89.905075, 35.077161 ], [ -89.905358, 35.07706 ], [ -89.905437, 35.077028 ], [ -89.905585, 35.076951 ], [ -89.90562, 35.076929 ], [ -89.905774, 35.07686 ], [ -89.906071, 35.076709 ], [ -89.906189, 35.076661 ], [ -89.906273, 35.076639 ], [ -89.906393, 35.076594 ], [ -89.906542, 35.076565 ], [ -89.90655, 35.076596 ], [ -89.906557, 35.076622 ], [ -89.906568, 35.076665 ], [ -89.906569, 35.076698 ], [ -89.906581, 35.076714 ], [ -89.906605, 35.076804 ], [ -89.906608, 35.076816 ], [ -89.90685, 35.077759 ], [ -89.906888, 35.077907 ], [ -89.906978, 35.078254 ], [ -89.907229, 35.078195 ], [ -89.907652, 35.078112 ], [ -89.907907, 35.078064 ], [ -89.908362, 35.077981 ], [ -89.909056, 35.07789 ], [ -89.909698, 35.077835 ], [ -89.909927, 35.077817 ], [ -89.910386, 35.077797 ], [ -89.910444, 35.077796 ], [ -89.910617, 35.077795 ], [ -89.910676, 35.077795 ], [ -89.911094, 35.077793 ], [ -89.912701, 35.07783 ], [ -89.91577, 35.077901 ], [ -89.916653, 35.077921 ], [ -89.917362, 35.077958 ], [ -89.918322, 35.078042 ], [ -89.918768, 35.078099 ], [ -89.919178, 35.078153 ], [ -89.920774, 35.078384 ], [ -89.921268, 35.078455 ], [ -89.922751, 35.07867 ], [ -89.923246, 35.078742 ], [ -89.923873, 35.078832 ], [ -89.925756, 35.079105 ], [ -89.926384, 35.079196 ], [ -89.926413, 35.0792 ], [ -89.9265, 35.079212 ], [ -89.926529, 35.079217 ], [ -89.927439, 35.079337 ], [ -89.927512, 35.079347 ], [ -89.928024, 35.079414 ], [ -89.93017, 35.079698 ], [ -89.930283, 35.079714 ], [ -89.931077, 35.07984 ], [ -89.931125, 35.079844 ], [ -89.931272, 35.07986 ], [ -89.931322, 35.079865 ], [ -89.937663, 35.080789 ], [ -89.938123, 35.080888 ], [ -89.938198, 35.080904 ], [ -89.939524, 35.081093 ], [ -89.941102, 35.081321 ], [ -89.944105, 35.081755 ], [ -89.945508, 35.081958 ], [ -89.945839, 35.082 ], [ -89.946375, 35.082069 ], [ -89.947174, 35.082127 ], [ -89.947428, 35.082132 ], [ -89.94776, 35.082136 ], [ -89.948337, 35.082105 ], [ -89.94873, 35.082076 ], [ -89.949224, 35.082024 ], [ -89.949584, 35.081986 ], [ -89.949864, 35.081932 ], [ -89.950177, 35.081872 ], [ -89.950827, 35.081706 ], [ -89.951297, 35.081568 ], [ -89.952569, 35.081162 ], [ -89.953167, 35.080972 ], [ -89.954312, 35.080597 ], [ -89.954514, 35.080526 ], [ -89.955238, 35.080301 ], [ -89.955512, 35.080213 ], [ -89.955955, 35.080586 ], [ -89.956152, 35.080507 ], [ -89.956742, 35.08027 ], [ -89.95694, 35.080192 ], [ -89.956989, 35.080172 ], [ -89.957193, 35.080094 ], [ -89.9576, 35.079939 ], [ -89.959585, 35.079185 ], [ -89.960247, 35.078934 ], [ -89.96057, 35.078811 ], [ -89.960907, 35.078683 ], [ -89.961544, 35.078456 ], [ -89.961607, 35.078434 ], [ -89.961874, 35.078353 ], [ -89.962069, 35.078299 ], [ -89.96246, 35.078182 ], [ -89.962642, 35.078127 ], [ -89.963185, 35.077986 ], [ -89.963684, 35.077862 ], [ -89.964247, 35.077783 ], [ -89.964995, 35.077687 ], [ -89.96649, 35.077541 ], [ -89.968079, 35.077385 ], [ -89.971913, 35.077009 ], [ -89.972109, 35.07699 ], [ -89.972359, 35.076966 ], [ -89.973272, 35.076877 ], [ -89.974247, 35.076782 ], [ -89.974509, 35.076756 ], [ -89.975644, 35.076648 ], [ -89.976748, 35.076562 ], [ -89.977549, 35.07653 ], [ -89.978283, 35.076529 ], [ -89.978958, 35.076547 ], [ -89.979046, 35.076551 ], [ -89.979263, 35.076561 ], [ -89.980677, 35.076666 ], [ -89.981159, 35.076702 ], [ -89.981464, 35.076734 ], [ -89.982818, 35.076844 ], [ -89.982847, 35.076846 ], [ -89.982937, 35.076853 ], [ -89.982967, 35.076856 ], [ -89.983364, 35.076888 ], [ -89.984086, 35.076947 ], [ -89.984555, 35.07698 ], [ -89.984953, 35.077008 ], [ -89.985021, 35.077011 ], [ -89.985166, 35.077018 ], [ -89.985225, 35.07702 ], [ -89.985294, 35.077023 ], [ -89.985324, 35.076887 ], [ -89.985331, 35.076852 ], [ -89.985423, 35.076442 ], [ -89.985443, 35.076341 ], [ -89.985454, 35.076292 ], [ -89.985479, 35.076171 ], [ -89.985492, 35.076114 ], [ -89.985533, 35.075944 ], [ -89.985547, 35.075888 ], [ -89.985574, 35.075768 ], [ -89.985657, 35.075407 ], [ -89.985685, 35.075288 ], [ -89.98591, 35.074311 ], [ -89.985926, 35.074241 ], [ -89.985943, 35.074171 ], [ -89.985959, 35.0741 ], [ -89.985974, 35.074034 ], [ -89.985999, 35.07392 ], [ -89.98602, 35.073829 ], [ -89.986107, 35.073437 ], [ -89.986151, 35.073206 ], [ -89.986175, 35.073 ], [ -89.986197, 35.072728 ], [ -89.986205, 35.072365 ], [ -89.986184, 35.07213 ], [ -89.986079, 35.070992 ], [ -89.985929, 35.06948 ], [ -89.985884, 35.069031 ], [ -89.985855, 35.068739 ], [ -89.985849, 35.068681 ], [ -89.985843, 35.068613 ], [ -89.985813, 35.068235 ], [ -89.985804, 35.06811 ], [ -89.985796, 35.067959 ], [ -89.985757, 35.067534 ], [ -89.985702, 35.066933 ], [ -89.985696, 35.066557 ], [ -89.985698, 35.066354 ], [ -89.985749, 35.065963 ], [ -89.985784, 35.065813 ], [ -89.985848, 35.065546 ], [ -89.985945, 35.06526 ], [ -89.98605, 35.064988 ], [ -89.986097, 35.064898 ], [ -89.98618, 35.064743 ], [ -89.986387, 35.064428 ], [ -89.986749, 35.063918 ], [ -89.986858, 35.063766 ], [ -89.98698, 35.0636 ], [ -89.987104, 35.063429 ], [ -89.987431, 35.062974 ], [ -89.987706, 35.062592 ], [ -89.987714, 35.062579 ], [ -89.988241, 35.06185 ], [ -89.988544, 35.061408 ], [ -89.989243, 35.060435 ], [ -89.989465, 35.060553 ], [ -89.989501, 35.060501 ], [ -89.989703, 35.060222 ], [ -89.990075, 35.059687 ], [ -89.990123, 35.05961 ], [ -89.990312, 35.05925 ], [ -89.99046, 35.058889 ], [ -89.990593, 35.05845 ], [ -89.990641, 35.058178 ], [ -89.990668, 35.057977 ] ] ] } },
{ "type": "Feature", "properties": { "GEOID": "38053", "ZCTA5": "38053", "AREALAND": 420618782 }, "geometry": { "type": "Polygon", "coordinates": [ [ [ -90.168937, 35.280652 ], [ -90.168953, 35.280466 ], [ -90.168917, 35.279711 ], [ -90.168835, 35.279461 ], [ -90.168682, 35.279013 ], [ -90.168393, 35.278316 ], [ -90.16832, 35.278166 ], [ -90.168223, 35.277968 ], [ -90.168111, 35.277738 ], [ -90.167928, 35.277372 ], [ -90.167638, 35.276824 ], [ -90.167444, 35.276376 ], [ -90.16724, 35.275911 ], [ -90.167075, 35.275547 ], [ -90.166905, 35.275173 ], [ -90.166771, 35.274926 ], [ -90.166656, 35.274716 ], [ -90.166594, 35.274588 ], [ -90.166289, 35.274041 ], [ -90.165852, 35.27321 ], [ -90.16559, 35.272712 ], [ -90.165573, 35.272688 ], [ -90.165006, 35.271869 ], [ -90.164309, 35.270764 ], [ -90.162621, 35.268113 ], [ -90.161735, 35.266824 ], [ -90.160476, 35.264996 ], [ -90.160083, 35.26447 ], [ -90.159723, 35.263988 ], [ -90.158817, 35.262886 ], [ -90.158574, 35.262582 ], [ -90.158021, 35.261947 ], [ -90.15775, 35.261668 ], [ -90.157448, 35.261333 ], [ -90.156956, 35.260824 ], [ -90.156465, 35.260242 ], [ -90.155807, 35.259543 ], [ -90.155264, 35.258981 ], [ -90.154394, 35.258176 ], [ -90.153772, 35.257601 ], [ -90.153352, 35.257213 ], [ -90.152969, 35.256859 ], [ -90.152219, 35.256264 ], [ -90.151492, 35.25576 ], [ -90.151262, 35.255614 ], [ -90.151121, 35.255525 ], [ -90.149863, 35.254747 ], [ -90.148858, 35.254273 ], [ -90.147664, 35.253943 ], [ -90.147, 35.253762 ], [ -90.14632, 35.253562 ], [ -90.145741, 35.253426 ], [ -90.145203, 35.253307 ], [ -90.143089, 35.252816 ], [ -90.142568, 35.252693 ], [ -90.141654, 35.252552 ], [ -90.141103, 35.252484 ], [ -90.140423, 35.252396 ], [ -90.139967, 35.252335 ], [ -90.139717, 35.252301 ], [ -90.138189, 35.25231 ], [ -90.136496, 35.252519 ], [ -90.135677, 35.252583 ], [ -90.133739, 35.252932 ], [ -90.132919, 35.253034 ], [ -90.132116, 35.25318 ], [ -90.13135, 35.253301 ], [ -90.130384, 35.253439 ], [ -90.129841, 35.253622 ], [ -90.129512, 35.253666 ], [ -90.128277, 35.253835 ], [ -90.127833, 35.253932 ], [ -90.127329, 35.25407 ], [ -90.127071, 35.25414 ], [ -90.126432, 35.254327 ], [ -90.126322, 35.254359 ], [ -90.125151, 35.254602 ], [ -90.124214, 35.254802 ], [ -90.123385, 35.254964 ], [ -90.123144, 35.255006 ], [ -90.12258, 35.25509 ], [ -90.122215, 35.255144 ], [ -90.120374, 35.255394 ], [ -90.118455, 35.255641 ], [ -90.117346, 35.255796 ], [ -90.116463, 35.255868 ], [ -90.115308, 35.255843 ], [ -90.114389, 35.255803 ], [ -90.113471, 35.255763 ], [ -90.112583, 35.255719 ], [ -90.112051, 35.255677 ], [ -90.110675, 35.255527 ], [ -90.110389, 35.255497 ], [ -90.110206, 35.255477 ], [ -90.109926, 35.255448 ], [ -90.109149, 35.255382 ], [ -90.108405, 35.255276 ], [ -90.107554, 35.255133 ], [ -90.106749, 35.254924 ], [ -90.105923, 35.254671 ], [ -90.105144, 35.254417 ], [ -90.104278, 35.254087 ], [ -90.103639, 35.2538 ], [ -90.102912, 35.253403 ], [ -90.10228, 35.253044 ], [ -90.101594, 35.252669 ], [ -90.101449, 35.252595 ], [ -90.100975, 35.252354 ], [ -90.100201, 35.251893 ], [ -90.09949, 35.251393 ], [ -90.098652, 35.250862 ], [ -90.098303, 35.250599 ], [ -90.097668, 35.25012 ], [ -90.097093, 35.249829 ], [ -90.096617, 35.24961 ], [ -90.096203, 35.249433 ], [ -90.0959, 35.249312 ], [ -90.095685, 35.249231 ], [ -90.095414, 35.249133 ], [ -90.095215, 35.249063 ], [ -90.09497, 35.248982 ], [ -90.094337, 35.24879 ], [ -90.094055, 35.248477 ], [ -90.092603, 35.246775 ], [ -90.091092, 35.245004 ], [ -90.090187, 35.243629 ], [ -90.089219, 35.242158 ], [ -90.088454, 35.241097 ], [ -90.086352, 35.238183 ], [ -90.085597, 35.236265 ], [ -90.085344, 35.234593 ], [ -90.085011, 35.232527 ], [ -90.084542, 35.231035 ], [ -90.083928, 35.230249 ], [ -90.082899, 35.228964 ], [ -90.081839, 35.227763 ], [ -90.080413, 35.226464 ], [ -90.079369, 35.225274 ], [ -90.077995, 35.223754 ], [ -90.077589, 35.223181 ], [ -90.07616, 35.221477 ], [ -90.075757, 35.220806 ], [ -90.075451, 35.22018 ], [ -90.075157, 35.219401 ], [ -90.074971, 35.218715 ], [ -90.074859, 35.218105 ], [ -90.074876, 35.217783 ], [ -90.074935, 35.216801 ], [ -90.075091, 35.215736 ], [ -90.075258, 35.214955 ], [ -90.075466, 35.214047 ], [ -90.075843, 35.213094 ], [ -90.076423, 35.212094 ], [ -90.077163, 35.211033 ], [ -90.072139, 35.210992 ], [ -90.072012, 35.21099 ], [ -90.069943, 35.21097 ], [ -90.065043, 35.210921 ], [ -90.06367, 35.210908 ], [ -90.063225, 35.210761 ], [ -90.061239, 35.212137 ], [ -90.061193, 35.212171 ], [ -90.061308, 35.212259 ], [ -90.06144, 35.212358 ], [ -90.06157, 35.212458 ], [ -90.061686, 35.212495 ], [ -90.061781, 35.212778 ], [ -90.061913, 35.213595 ], [ -90.062101, 35.214022 ], [ -90.061994, 35.214297 ], [ -90.062028, 35.214489 ], [ -90.062141, 35.214731 ], [ -90.062409, 35.215604 ], [ -90.062443, 35.216257 ], [ -90.062476, 35.216472 ], [ -90.062499, 35.216548 ], [ -90.062523, 35.216625 ], [ -90.06267, 35.216911 ], [ -90.062804, 35.217213 ], [ -90.062924, 35.217801 ], [ -90.062984, 35.218257 ], [ -90.063205, 35.219141 ], [ -90.063413, 35.219882 ], [ -90.063603, 35.220727 ], [ -90.063908, 35.222085 ], [ -90.064042, 35.222535 ], [ -90.064169, 35.222804 ], [ -90.064436, 35.223502 ], [ -90.06459, 35.223924 ], [ -90.064784, 35.224259 ], [ -90.064798, 35.22432 ], [ -90.064992, 35.224935 ], [ -90.065253, 35.225654 ], [ -90.065393, 35.226182 ], [ -90.065574, 35.226594 ], [ -90.065741, 35.227022 ], [ -90.066069, 35.228247 ], [ -90.06625, 35.228851 ], [ -90.066457, 35.22979 ], [ -90.066598, 35.230301 ], [ -90.066718, 35.231026 ], [ -90.066752, 35.231432 ], [ -90.066752, 35.232212 ], [ -90.066758, 35.232492 ], [ -90.066792, 35.233157 ], [ -90.066772, 35.233393 ], [ -90.066725, 35.233629 ], [ -90.066624, 35.233805 ], [ -90.066571, 35.233876 ], [ -90.066477, 35.234068 ], [ -90.066403, 35.234293 ], [ -90.066229, 35.234639 ], [ -90.066223, 35.234898 ], [ -90.066297, 35.235258 ], [ -90.066377, 35.23565 ], [ -90.066383, 35.235919 ], [ -90.066357, 35.236556 ], [ -90.066417, 35.236913 ], [ -90.066638, 35.237358 ], [ -90.066932, 35.237748 ], [ -90.067079, 35.238083 ], [ -90.067126, 35.238451 ], [ -90.067066, 35.238901 ], [ -90.067046, 35.239269 ], [ -90.067153, 35.239544 ], [ -90.067709, 35.240434 ], [ -90.068197, 35.241296 ], [ -90.068539, 35.241916 ], [ -90.068759, 35.242241 ], [ -90.06894, 35.242537 ], [ -90.069071, 35.242708 ], [ -90.069188, 35.242861 ], [ -90.069362, 35.242993 ], [ -90.069804, 35.243075 ], [ -90.070125, 35.243174 ], [ -90.070266, 35.24324 ], [ -90.070453, 35.243339 ], [ -90.070828, 35.243592 ], [ -90.071196, 35.243998 ], [ -90.071404, 35.244245 ], [ -90.071464, 35.244382 ], [ -90.071437, 35.244772 ], [ -90.071364, 35.244992 ], [ -90.07123, 35.245234 ], [ -90.071049, 35.245459 ], [ -90.070995, 35.245563 ], [ -90.070701, 35.245975 ], [ -90.070507, 35.246233 ], [ -90.07046, 35.246277 ], [ -90.0704, 35.246387 ], [ -90.070252, 35.246629 ], [ -90.070185, 35.246772 ], [ -90.069844, 35.247436 ], [ -90.06983, 35.247683 ], [ -90.069971, 35.248297 ], [ -90.069893, 35.248163 ], [ -90.069804, 35.248091 ], [ -90.069727, 35.24809 ], [ -90.069602, 35.248154 ], [ -90.06935, 35.248323 ], [ -90.069279, 35.24839 ], [ -90.069237, 35.248455 ], [ -90.069208, 35.24861 ], [ -90.069295, 35.249325 ], [ -90.069361, 35.250524 ], [ -90.069349, 35.252187 ], [ -90.069318, 35.252952 ], [ -90.069274, 35.253117 ], [ -90.069177, 35.253311 ], [ -90.069056, 35.25345 ], [ -90.068949, 35.25353 ], [ -90.068764, 35.25361 ], [ -90.068612, 35.253638 ], [ -90.066724, 35.253867 ], [ -90.065721, 35.25401 ], [ -90.064766, 35.254168 ], [ -90.064451, 35.254199 ], [ -90.064256, 35.254185 ], [ -90.063962, 35.254135 ], [ -90.063864, 35.254156 ], [ -90.063813, 35.254203 ], [ -90.063781, 35.254283 ], [ -90.063748, 35.254566 ], [ -90.063535, 35.255566 ], [ -90.063488, 35.255789 ], [ -90.063442, 35.256228 ], [ -90.06342, 35.256568 ], [ -90.063396, 35.256924 ], [ -90.06335, 35.257883 ], [ -90.063345, 35.257947 ], [ -90.063242, 35.259315 ], [ -90.063224, 35.259663 ], [ -90.063097, 35.259837 ], [ -90.063096, 35.259971 ], [ -90.063114, 35.260047 ], [ -90.063243, 35.260001 ], [ -90.063271, 35.260009 ], [ -90.063311, 35.260293 ], [ -90.063345, 35.26047 ], [ -90.06335, 35.260815 ], [ -90.063334, 35.261304 ], [ -90.063359, 35.261631 ], [ -90.063468, 35.262184 ], [ -90.063789, 35.263727 ], [ -90.064033, 35.265054 ], [ -90.064043, 35.265377 ], [ -90.064035, 35.265634 ], [ -90.064052, 35.2658 ], [ -90.064078, 35.265871 ], [ -90.064172, 35.265989 ], [ -90.064232, 35.266032 ], [ -90.064396, 35.266092 ], [ -90.064576, 35.26612 ], [ -90.064927, 35.266129 ], [ -90.065071, 35.266132 ], [ -90.065139, 35.266154 ], [ -90.065172, 35.266182 ], [ -90.065191, 35.26627 ], [ -90.065168, 35.266657 ], [ -90.065178, 35.26699 ], [ -90.065225, 35.267177 ], [ -90.065344, 35.267442 ], [ -90.065539, 35.267762 ], [ -90.066232, 35.268711 ], [ -90.066439, 35.269024 ], [ -90.066678, 35.269586 ], [ -90.067058, 35.270294 ], [ -90.067224, 35.270536 ], [ -90.067367, 35.270707 ], [ -90.067729, 35.271102 ], [ -90.067998, 35.271497 ], [ -90.0686, 35.272528 ], [ -90.069121, 35.273355 ], [ -90.069426, 35.273794 ], [ -90.069985, 35.274545 ], [ -90.070503, 35.275387 ], [ -90.070862, 35.276085 ], [ -90.071183, 35.276802 ], [ -90.071199, 35.276833 ], [ -90.071687, 35.277754 ], [ -90.071744, 35.277896 ], [ -90.071564, 35.277885 ], [ -90.071402, 35.277907 ], [ -90.071288, 35.277953 ], [ -90.071187, 35.27802 ], [ -90.070814, 35.278424 ], [ -90.070613, 35.278607 ], [ -90.070564, 35.278678 ], [ -90.070474, 35.2789 ], [ -90.070411, 35.27898 ], [ -90.070266, 35.279113 ], [ -90.070049, 35.279244 ], [ -90.069754, 35.279372 ], [ -90.069381, 35.279504 ], [ -90.069204, 35.279592 ], [ -90.069053, 35.279711 ], [ -90.068883, 35.279928 ], [ -90.06856, 35.280322 ], [ -90.068367, 35.280513 ], [ -90.068275, 35.280569 ], [ -90.06817, 35.280608 ], [ -90.068038, 35.28063 ], [ -90.067929, 35.28063 ], [ -90.067779, 35.280598 ], [ -90.067762, 35.280592 ], [ -90.067539, 35.280518 ], [ -90.067007, 35.280236 ], [ -90.066889, 35.280202 ], [ -90.066688, 35.280189 ], [ -90.066152, 35.280237 ], [ -90.065848, 35.280232 ], [ -90.065036, 35.280178 ], [ -90.064607, 35.28017 ], [ -90.064072, 35.280197 ], [ -90.063904, 35.280224 ], [ -90.063729, 35.280283 ], [ -90.063612, 35.280347 ], [ -90.063507, 35.280442 ], [ -90.063382, 35.280642 ], [ -90.063265, 35.280868 ], [ -90.063164, 35.281012 ], [ -90.063011, 35.281168 ], [ -90.062788, 35.281322 ], [ -90.062356, 35.281545 ], [ -90.06217, 35.281673 ], [ -90.062076, 35.281752 ], [ -90.061793, 35.282076 ], [ -90.061577, 35.282348 ], [ -90.061511, 35.282467 ], [ -90.061469, 35.282598 ], [ -90.061408, 35.282919 ], [ -90.061365, 35.283024 ], [ -90.061274, 35.283138 ], [ -90.06107, 35.283314 ], [ -90.06093, 35.283464 ], [ -90.060575, 35.283914 ], [ -90.060445, 35.28406 ], [ -90.060362, 35.284137 ], [ -90.060203, 35.284263 ], [ -90.060078, 35.284329 ], [ -90.060038, 35.284351 ], [ -90.059972, 35.284374 ], [ -90.059879, 35.284386 ], [ -90.059567, 35.28436 ], [ -90.059292, 35.284283 ], [ -90.058717, 35.284086 ], [ -90.058587, 35.284008 ], [ -90.058494, 35.283926 ], [ -90.058443, 35.283837 ], [ -90.058413, 35.283723 ], [ -90.058421, 35.283432 ], [ -90.058403, 35.283352 ], [ -90.05837, 35.283305 ], [ -90.058159, 35.283166 ], [ -90.057897, 35.282993 ], [ -90.057635, 35.28278 ], [ -90.057372, 35.283201 ], [ -90.057268, 35.28345 ], [ -90.057174, 35.283678 ], [ -90.057102, 35.283788 ], [ -90.057046, 35.283845 ], [ -90.056345, 35.284363 ], [ -90.056156, 35.284524 ], [ -90.055881, 35.284792 ], [ -90.055419, 35.285244 ], [ -90.055334, 35.285356 ], [ -90.055295, 35.285447 ], [ -90.055252, 35.285663 ], [ -90.055209, 35.28593 ], [ -90.055093, 35.28658 ], [ -90.055009, 35.287203 ], [ -90.055002, 35.287431 ], [ -90.055046, 35.287879 ], [ -90.055098, 35.288215 ], [ -90.05526, 35.289298 ], [ -90.055317, 35.290204 ], [ -90.055379, 35.290819 ], [ -90.055379, 35.291641 ], [ -90.055357, 35.292194 ], [ -90.055368, 35.292356 ], [ -90.055405, 35.29244 ], [ -90.055485, 35.292521 ], [ -90.05555, 35.292552 ], [ -90.055613, 35.292566 ], [ -90.055691, 35.292585 ], [ -90.055968, 35.2926 ], [ -90.057905, 35.292664 ], [ -90.05809, 35.292688 ], [ -90.058176, 35.292726 ], [ -90.058212, 35.292754 ], [ -90.058256, 35.292808 ], [ -90.058268, 35.292844 ], [ -90.058285, 35.292893 ], [ -90.058278, 35.293055 ], [ -90.058272, 35.293089 ], [ -90.05819, 35.29355 ], [ -90.05803, 35.294466 ], [ -90.057831, 35.295671 ], [ -90.057825, 35.295708 ], [ -90.05771, 35.296259 ], [ -90.057652, 35.29634 ], [ -90.057639, 35.296351 ], [ -90.057562, 35.296386 ], [ -90.057474, 35.296382 ], [ -90.057215, 35.296298 ], [ -90.056863, 35.29617 ], [ -90.056611, 35.296112 ], [ -90.056548, 35.296098 ], [ -90.05641, 35.296079 ], [ -90.05615, 35.296071 ], [ -90.055601, 35.296112 ], [ -90.054892, 35.296184 ], [ -90.054471, 35.296255 ], [ -90.053513, 35.29643 ], [ -90.053408, 35.296445 ], [ -90.052885, 35.296522 ], [ -90.052726, 35.296552 ], [ -90.052522, 35.296622 ], [ -90.052452, 35.296657 ], [ -90.052383, 35.29672 ], [ -90.052306, 35.296791 ], [ -90.052275, 35.296835 ], [ -90.05223, 35.296916 ], [ -90.052192, 35.297069 ], [ -90.052118, 35.2977 ], [ -90.052079, 35.29804 ], [ -90.052019, 35.298223 ], [ -90.051891, 35.298451 ], [ -90.051683, 35.298726 ], [ -90.051568, 35.298833 ], [ -90.051483, 35.298867 ], [ -90.051348, 35.298877 ], [ -90.050779, 35.298829 ], [ -90.049748, 35.2987 ], [ -90.049652, 35.298689 ], [ -90.048713, 35.298559 ], [ -90.048468, 35.298528 ], [ -90.047882, 35.298457 ], [ -90.047643, 35.298431 ], [ -90.047484, 35.298413 ], [ -90.046999, 35.298359 ], [ -90.046105, 35.29825 ], [ -90.045363, 35.298195 ], [ -90.045241, 35.298191 ], [ -90.044239, 35.298155 ], [ -90.043786, 35.298135 ], [ -90.043516, 35.298124 ], [ -90.043315, 35.298118 ], [ -90.04255, 35.298098 ], [ -90.042189, 35.298067 ], [ -90.041556, 35.297921 ], [ -90.041405, 35.297891 ], [ -90.040769, 35.297816 ], [ -90.040511, 35.297786 ], [ -90.040364, 35.29777 ], [ -90.03983, 35.297715 ], [ -90.039638, 35.298133 ], [ -90.039341, 35.298779 ], [ -90.038226, 35.301091 ], [ -90.031711, 35.300407 ], [ -90.031719, 35.300351 ], [ -90.031974, 35.29848 ], [ -90.030386, 35.298248 ], [ -90.028805, 35.298018 ], [ -90.029169, 35.295505 ], [ -90.029793, 35.2912 ], [ -90.030472, 35.29083 ], [ -90.032987, 35.291106 ], [ -90.033445, 35.288465 ], [ -90.033569, 35.287749 ], [ -90.033786, 35.287756 ], [ -90.033883, 35.287346 ], [ -90.033765, 35.287386 ], [ -90.033608, 35.287393 ], [ -90.033501, 35.287382 ], [ -90.033295, 35.287332 ], [ -90.034158, 35.281341 ], [ -90.027526, 35.280752 ], [ -90.027002, 35.280706 ], [ -90.026528, 35.283747 ], [ -90.026141, 35.284913 ], [ -90.024415, 35.284742 ], [ -90.024233, 35.285836 ], [ -90.024091, 35.285825 ], [ -90.024009, 35.285819 ], [ -90.023503, 35.285785 ], [ -90.022799, 35.285738 ], [ -90.022424, 35.285698 ], [ -90.022091, 35.285628 ], [ -90.021999, 35.285598 ], [ -90.021677, 35.285496 ], [ -90.02152, 35.285435 ], [ -90.021341, 35.285843 ], [ -90.021249, 35.286092 ], [ -90.021193, 35.286317 ], [ -90.021141, 35.286617 ], [ -90.02108, 35.286969 ], [ -90.018987, 35.286864 ], [ -90.018952, 35.287287 ], [ -90.007886, 35.28619 ], [ -89.998705, 35.28563 ], [ -89.99575, 35.285452 ], [ -89.988525, 35.284978 ], [ -89.988187, 35.287046 ], [ -89.987978, 35.288441 ], [ -89.98726, 35.289568 ], [ -89.986068, 35.289399 ], [ -89.985668, 35.289899 ], [ -89.984965, 35.290779 ], [ -89.979707, 35.290346 ], [ -89.979842, 35.28964 ], [ -89.979911, 35.28927 ], [ -89.979205, 35.289441 ], [ -89.979279, 35.289023 ], [ -89.978533, 35.289185 ], [ -89.978048, 35.288347 ], [ -89.97803, 35.288305 ], [ -89.978989, 35.287814 ], [ -89.978426, 35.287302 ], [ -89.978062, 35.286862 ], [ -89.978256, 35.286642 ], [ -89.976274, 35.286418 ], [ -89.976416, 35.285502 ], [ -89.975381, 35.285407 ], [ -89.975261, 35.285395 ], [ -89.974292, 35.285298 ], [ -89.973948, 35.28526 ], [ -89.973747, 35.285236 ], [ -89.973145, 35.285167 ], [ -89.972945, 35.285144 ], [ -89.972466, 35.285088 ], [ -89.971126, 35.284934 ], [ -89.97103, 35.284922 ], [ -89.970806, 35.284896 ], [ -89.970551, 35.284875 ], [ -89.970897, 35.284546 ], [ -89.971094, 35.284386 ], [ -89.971173, 35.284311 ], [ -89.972046, 35.28349 ], [ -89.972335, 35.283204 ], [ -89.973106, 35.282476 ], [ -89.973441, 35.282161 ], [ -89.974061, 35.281577 ], [ -89.976112, 35.279645 ], [ -89.976735, 35.279058 ], [ -89.97717, 35.278645 ], [ -89.979129, 35.276779 ], [ -89.979732, 35.276163 ], [ -89.980102, 35.275786 ], [ -89.980661, 35.275173 ], [ -89.980921, 35.27489 ], [ -89.98179, 35.273933 ], [ -89.981993, 35.273702 ], [ -89.981926, 35.273662 ], [ -89.981856, 35.273609 ], [ -89.982161, 35.273246 ], [ -89.982577, 35.27276 ], [ -89.982213, 35.272544 ], [ -89.982088, 35.272481 ], [ -89.981914, 35.27243 ], [ -89.981816, 35.272417 ], [ -89.981521, 35.272382 ], [ -89.981037, 35.272338 ], [ -89.980451, 35.272285 ], [ -89.979964, 35.272241 ], [ -89.977999, 35.272048 ], [ -89.976997, 35.27194 ], [ -89.976199, 35.271861 ], [ -89.97568, 35.271796 ], [ -89.974683, 35.271668 ], [ -89.974303, 35.271632 ], [ -89.974, 35.271615 ], [ -89.972089, 35.27151 ], [ -89.971645, 35.271509 ], [ -89.971111, 35.271526 ], [ -89.970163, 35.271518 ], [ -89.966868, 35.271494 ], [ -89.965839, 35.27149 ], [ -89.965719, 35.271511 ], [ -89.965663, 35.271521 ], [ -89.965513, 35.27159 ], [ -89.964857, 35.272055 ], [ -89.964704, 35.272125 ], [ -89.964617, 35.272146 ], [ -89.964532, 35.272148 ], [ -89.96442, 35.272132 ], [ -89.964724, 35.271902 ], [ -89.965245, 35.271511 ], [ -89.966482, 35.270581 ], [ -89.967212, 35.270019 ], [ -89.967705, 35.269627 ], [ -89.968515, 35.268985 ], [ -89.968885, 35.268509 ], [ -89.969218, 35.268115 ], [ -89.969601, 35.267599 ], [ -89.969885, 35.267114 ], [ -89.97022, 35.266449 ], [ -89.970403, 35.265931 ], [ -89.970613, 35.265233 ], [ -89.970748, 35.264404 ], [ -89.970761, 35.263554 ], [ -89.9706, 35.262462 ], [ -89.969934, 35.259519 ], [ -89.969472, 35.257455 ], [ -89.969403, 35.257143 ], [ -89.969273, 35.256584 ], [ -89.969254, 35.256504 ], [ -89.969236, 35.256424 ], [ -89.969214, 35.256327 ], [ -89.969058, 35.255656 ], [ -89.968828, 35.254729 ], [ -89.968654, 35.254893 ], [ -89.968144, 35.255413 ], [ -89.967626, 35.255942 ], [ -89.967484, 35.256087 ], [ -89.96727, 35.256305 ], [ -89.966997, 35.256583 ], [ -89.966704, 35.257197 ], [ -89.966619, 35.257377 ], [ -89.966279, 35.257699 ], [ -89.966129, 35.257841 ], [ -89.965849, 35.258026 ], [ -89.965379, 35.25827 ], [ -89.964757, 35.25844 ], [ -89.964301, 35.258453 ], [ -89.963983, 35.258458 ], [ -89.96352, 35.258526 ], [ -89.962963, 35.258616 ], [ -89.962298, 35.258702 ], [ -89.961405, 35.258806 ], [ -89.95945, 35.25906 ], [ -89.956448, 35.259466 ], [ -89.952831, 35.259947 ], [ -89.948963, 35.260462 ], [ -89.947639, 35.260627 ], [ -89.946963, 35.26071 ], [ -89.944049, 35.26102 ], [ -89.942276, 35.261209 ], [ -89.939496, 35.261505 ], [ -89.93499, 35.26214 ], [ -89.931878, 35.262579 ], [ -89.930477, 35.262776 ], [ -89.929508, 35.262913 ], [ -89.929427, 35.26294 ], [ -89.92934, 35.262971 ], [ -89.929253, 35.263002 ], [ -89.927608, 35.263601 ], [ -89.927576, 35.263612 ], [ -89.927021, 35.263812 ], [ -89.926783, 35.263901 ], [ -89.926611, 35.263964 ], [ -89.926329, 35.264165 ], [ -89.925925, 35.264307 ], [ -89.925807, 35.264356 ], [ -89.925629, 35.264417 ], [ -89.925482, 35.264469 ], [ -89.925403, 35.264501 ], [ -89.925238, 35.26455 ], [ -89.92513, 35.264612 ], [ -89.925091, 35.264629 ], [ -89.925048, 35.264637 ], [ -89.924726, 35.264755 ], [ -89.92453, 35.264836 ], [ -89.924494, 35.264857 ], [ -89.924254, 35.264949 ], [ -89.924169, 35.264968 ], [ -89.924045, 35.265006 ], [ -89.924002, 35.265013 ], [ -89.923879, 35.265055 ], [ -89.923752, 35.265084 ], [ -89.923629, 35.265125 ], [ -89.923464, 35.265174 ], [ -89.923379, 35.265194 ], [ -89.923339, 35.265209 ], [ -89.923227, 35.265265 ], [ -89.923072, 35.265332 ], [ -89.922991, 35.265361 ], [ -89.922834, 35.265425 ], [ -89.922799, 35.265447 ], [ -89.922761, 35.265465 ], [ -89.922678, 35.265489 ], [ -89.922528, 35.265564 ], [ -89.922292, 35.265662 ], [ -89.922067, 35.265738 ], [ -89.922047, 35.265745 ], [ -89.921765, 35.265849 ], [ -89.92168, 35.265868 ], [ -89.921309, 35.265981 ], [ -89.920863, 35.26614 ], [ -89.920745, 35.266188 ], [ -89.920633, 35.266244 ], [ -89.920599, 35.266266 ], [ -89.920524, 35.266304 ], [ -89.920121, 35.266448 ], [ -89.919887, 35.266548 ], [ -89.919777, 35.266606 ], [ -89.919569, 35.266668 ], [ -89.919488, 35.266696 ], [ -89.919362, 35.26673 ], [ -89.919276, 35.266744 ], [ -89.919236, 35.266759 ], [ -89.918983, 35.266821 ], [ -89.918943, 35.266837 ], [ -89.918858, 35.266856 ], [ -89.918653, 35.266923 ], [ -89.918585, 35.266969 ], [ -89.918459, 35.267 ], [ -89.918346, 35.267056 ], [ -89.918303, 35.267066 ], [ -89.918145, 35.267128 ], [ -89.918062, 35.267152 ], [ -89.918023, 35.267169 ], [ -89.917987, 35.26719 ], [ -89.917908, 35.267221 ], [ -89.917823, 35.267241 ], [ -89.917705, 35.267291 ], [ -89.917624, 35.267318 ], [ -89.91751, 35.267373 ], [ -89.917383, 35.267412 ], [ -89.917262, 35.267449 ], [ -89.917147, 35.267501 ], [ -89.917022, 35.267539 ], [ -89.916784, 35.267632 ], [ -89.916714, 35.267676 ], [ -89.916631, 35.2677 ], [ -89.916391, 35.26779 ], [ -89.916323, 35.267836 ], [ -89.916244, 35.267869 ], [ -89.916208, 35.267888 ], [ -89.916142, 35.267936 ], [ -89.916103, 35.267952 ], [ -89.916059, 35.26796 ], [ -89.915977, 35.267986 ], [ -89.915898, 35.268018 ], [ -89.915814, 35.268041 ], [ -89.915653, 35.268099 ], [ -89.915525, 35.268129 ], [ -89.915437, 35.268136 ], [ -89.915376, 35.268172 ], [ -89.915337, 35.268189 ], [ -89.915253, 35.268211 ], [ -89.915125, 35.268238 ], [ -89.915083, 35.268251 ], [ -89.915046, 35.26827 ], [ -89.914966, 35.2683 ], [ -89.914801, 35.268352 ], [ -89.91468, 35.268397 ], [ -89.914473, 35.26846 ], [ -89.914315, 35.268523 ], [ -89.914126, 35.268616 ], [ -89.914002, 35.268654 ], [ -89.913608, 35.268811 ], [ -89.913486, 35.268852 ], [ -89.913442, 35.268859 ], [ -89.913402, 35.268874 ], [ -89.913365, 35.268894 ], [ -89.91312, 35.268972 ], [ -89.912908, 35.26902 ], [ -89.912618, 35.269105 ], [ -89.912579, 35.26912 ], [ -89.912494, 35.269142 ], [ -89.91234, 35.26921 ], [ -89.912306, 35.269234 ], [ -89.912229, 35.269268 ], [ -89.912196, 35.269292 ], [ -89.912071, 35.269364 ], [ -89.911771, 35.269515 ], [ -89.911689, 35.269541 ], [ -89.911611, 35.269576 ], [ -89.911412, 35.269652 ], [ -89.911335, 35.269688 ], [ -89.911293, 35.269699 ], [ -89.911096, 35.269777 ], [ -89.910805, 35.26986 ], [ -89.91072, 35.26988 ], [ -89.910642, 35.269914 ], [ -89.910474, 35.26996 ], [ -89.910317, 35.270024 ], [ -89.910111, 35.270088 ], [ -89.91003, 35.270117 ], [ -89.909902, 35.270145 ], [ -89.909862, 35.27016 ], [ -89.909652, 35.270214 ], [ -89.909451, 35.270285 ], [ -89.909326, 35.270322 ], [ -89.909207, 35.270363 ], [ -89.909036, 35.270409 ], [ -89.908921, 35.27046 ], [ -89.908878, 35.270469 ], [ -89.908837, 35.270483 ], [ -89.908763, 35.270522 ], [ -89.908682, 35.270551 ], [ -89.908607, 35.270588 ], [ -89.908525, 35.270616 ], [ -89.908271, 35.270677 ], [ -89.908193, 35.27071 ], [ -89.908118, 35.270748 ], [ -89.908052, 35.270795 ], [ -89.908013, 35.270812 ], [ -89.90797, 35.270822 ], [ -89.907897, 35.270861 ], [ -89.907662, 35.270961 ], [ -89.907581, 35.270989 ], [ -89.907452, 35.271014 ], [ -89.90741, 35.271026 ], [ -89.90717, 35.271114 ], [ -89.907046, 35.271152 ], [ -89.906903, 35.271236 ], [ -89.906865, 35.271254 ], [ -89.906665, 35.27133 ], [ -89.906626, 35.271348 ], [ -89.906463, 35.271403 ], [ -89.906428, 35.271425 ], [ -89.906314, 35.27148 ], [ -89.906153, 35.271537 ], [ -89.906079, 35.271577 ], [ -89.905997, 35.271604 ], [ -89.905922, 35.271641 ], [ -89.905837, 35.271661 ], [ -89.905682, 35.271726 ], [ -89.905641, 35.27174 ], [ -89.905515, 35.271771 ], [ -89.905437, 35.271803 ], [ -89.9054, 35.271823 ], [ -89.905322, 35.271856 ], [ -89.905238, 35.271878 ], [ -89.904998, 35.27197 ], [ -89.904956, 35.271979 ], [ -89.904881, 35.272016 ], [ -89.904798, 35.272041 ], [ -89.904717, 35.272071 ], [ -89.904641, 35.272108 ], [ -89.904558, 35.272131 ], [ -89.904481, 35.272166 ], [ -89.90432, 35.272225 ], [ -89.904285, 35.272246 ], [ -89.904245, 35.272262 ], [ -89.90416, 35.272283 ], [ -89.904121, 35.2723 ], [ -89.904, 35.272341 ], [ -89.903916, 35.272362 ], [ -89.903834, 35.272389 ], [ -89.90375, 35.27241 ], [ -89.903707, 35.272417 ], [ -89.903627, 35.272449 ], [ -89.903463, 35.2725 ], [ -89.903338, 35.272534 ], [ -89.903258, 35.272565 ], [ -89.903032, 35.272676 ], [ -89.902916, 35.272727 ], [ -89.902844, 35.272769 ], [ -89.902779, 35.272817 ], [ -89.902742, 35.272836 ], [ -89.902582, 35.272896 ], [ -89.902511, 35.272938 ], [ -89.902386, 35.272974 ], [ -89.902292, 35.272997 ], [ -89.902175, 35.273025 ], [ -89.902094, 35.273054 ], [ -89.901772, 35.273146 ], [ -89.901718, 35.273162 ], [ -89.901633, 35.273179 ], [ -89.901549, 35.273202 ], [ -89.901387, 35.273257 ], [ -89.901221, 35.273307 ], [ -89.901141, 35.273336 ], [ -89.901058, 35.273361 ], [ -89.900935, 35.273387 ], [ -89.900802, 35.273415 ], [ -89.900266, 35.273878 ], [ -89.899779, 35.274164 ], [ -89.899681, 35.27421 ], [ -89.899548, 35.2743 ], [ -89.899284, 35.274448 ], [ -89.898524, 35.274817 ], [ -89.897605, 35.274923 ], [ -89.897003, 35.27493 ], [ -89.896896, 35.274993 ], [ -89.89666, 35.27509 ], [ -89.896617, 35.275099 ], [ -89.896402, 35.275147 ], [ -89.896271, 35.275162 ], [ -89.896095, 35.275157 ], [ -89.896008, 35.275147 ], [ -89.895707, 35.275093 ], [ -89.895621, 35.275083 ], [ -89.895372, 35.275011 ], [ -89.895033, 35.274927 ], [ -89.894947, 35.27491 ], [ -89.894682, 35.274911 ], [ -89.894342, 35.274992 ], [ -89.894001, 35.275066 ], [ -89.893698, 35.275104 ], [ -89.893432, 35.275103 ], [ -89.893345, 35.275095 ], [ -89.89295, 35.275076 ], [ -89.892689, 35.275054 ], [ -89.892603, 35.275043 ], [ -89.892294, 35.275039 ], [ -89.892073, 35.27505 ], [ -89.891586, 35.275051 ], [ -89.891482, 35.27505 ], [ -89.891172, 35.27506 ], [ -89.890909, 35.275052 ], [ -89.89076, 35.275046 ], [ -89.890241, 35.275027 ], [ -89.889846, 35.275022 ], [ -89.889758, 35.275018 ], [ -89.889449, 35.275024 ], [ -89.889273, 35.275017 ], [ -89.888744, 35.274983 ], [ -89.888524, 35.274981 ], [ -89.888283, 35.274971 ], [ -89.888171, 35.274967 ], [ -89.887995, 35.27497 ], [ -89.887907, 35.274968 ], [ -89.887687, 35.274976 ], [ -89.887458, 35.274997 ], [ -89.88739, 35.275002 ], [ -89.887378, 35.275004 ], [ -89.887351, 35.275005 ], [ -89.887188, 35.27501 ], [ -89.887159, 35.275012 ], [ -89.887121, 35.275011 ], [ -89.886911, 35.275003 ], [ -89.886719, 35.274996 ], [ -89.886544, 35.274978 ], [ -89.886459, 35.274958 ], [ -89.886415, 35.274957 ], [ -89.88629, 35.27498 ], [ -89.886081, 35.27498 ], [ -89.885848, 35.274979 ], [ -89.885716, 35.274973 ], [ -89.885276, 35.274989 ], [ -89.885101, 35.274973 ], [ -89.884965, 35.274969 ], [ -89.884749, 35.274965 ], [ -89.884397, 35.27493 ], [ -89.884265, 35.274932 ], [ -89.883957, 35.274952 ], [ -89.883782, 35.274959 ], [ -89.883651, 35.274949 ], [ -89.883607, 35.274942 ], [ -89.88352, 35.274935 ], [ -89.883346, 35.274931 ], [ -89.883302, 35.274934 ], [ -89.882995, 35.274912 ], [ -89.882512, 35.274914 ], [ -89.882205, 35.274896 ], [ -89.882137, 35.274898 ], [ -89.882117, 35.274899 ], [ -89.88181, 35.274891 ], [ -89.881591, 35.274895 ], [ -89.881239, 35.274908 ], [ -89.881151, 35.274908 ], [ -89.880915, 35.274918 ], [ -89.880695, 35.274935 ], [ -89.880607, 35.274938 ], [ -89.880563, 35.274944 ], [ -89.880475, 35.274946 ], [ -89.880342, 35.274942 ], [ -89.880167, 35.274925 ], [ -89.880124, 35.274918 ], [ -89.879993, 35.274906 ], [ -89.879685, 35.274896 ], [ -89.879511, 35.27488 ], [ -89.879423, 35.274876 ], [ -89.879073, 35.274847 ], [ -89.878942, 35.274831 ], [ -89.878856, 35.274816 ], [ -89.878596, 35.27478 ], [ -89.878464, 35.274768 ], [ -89.878333, 35.274774 ], [ -89.878245, 35.274782 ], [ -89.878072, 35.27481 ], [ -89.877282, 35.274849 ], [ -89.877149, 35.274852 ], [ -89.877105, 35.27485 ], [ -89.876665, 35.27487 ], [ -89.876488, 35.274874 ], [ -89.876135, 35.274873 ], [ -89.875915, 35.274859 ], [ -89.875566, 35.274818 ], [ -89.875478, 35.274811 ], [ -89.87539, 35.27481 ], [ -89.875083, 35.274785 ], [ -89.874373, 35.274847 ], [ -89.874201, 35.274873 ], [ -89.873938, 35.274878 ], [ -89.873807, 35.274869 ], [ -89.873763, 35.274869 ], [ -89.873156, 35.274763 ], [ -89.872939, 35.27474 ], [ -89.872546, 35.274737 ], [ -89.872459, 35.274741 ], [ -89.872415, 35.274737 ], [ -89.872327, 35.274741 ], [ -89.871934, 35.274745 ], [ -89.871583, 35.274758 ], [ -89.871495, 35.274758 ], [ -89.871232, 35.274767 ], [ -89.871013, 35.274784 ], [ -89.870408, 35.274877 ], [ -89.870384, 35.274883 ], [ -89.870242, 35.274922 ], [ -89.870158, 35.27494 ], [ -89.870034, 35.274973 ], [ -89.869314, 35.275317 ], [ -89.868801, 35.275654 ], [ -89.868707, 35.275714 ], [ -89.868179, 35.276039 ], [ -89.867332, 35.27615 ], [ -89.866845, 35.276154 ], [ -89.866806, 35.276152 ], [ -89.866298, 35.275978 ], [ -89.866096, 35.275908 ], [ -89.865538, 35.275713 ], [ -89.865446, 35.275682 ], [ -89.864233, 35.275653 ], [ -89.863966, 35.275688 ], [ -89.863468, 35.275753 ], [ -89.862527, 35.275874 ], [ -89.862116, 35.275927 ], [ -89.860839, 35.276031 ], [ -89.860702, 35.276038 ], [ -89.859327, 35.276155 ], [ -89.857317, 35.276207 ], [ -89.856483, 35.276229 ], [ -89.85529, 35.276289 ], [ -89.854804, 35.276313 ], [ -89.854534, 35.276255 ], [ -89.854515, 35.276274 ], [ -89.854483, 35.276307 ], [ -89.854425, 35.276365 ], [ -89.854367, 35.276424 ], [ -89.854328, 35.276463 ], [ -89.853776, 35.277018 ], [ -89.85318, 35.277614 ], [ -89.851232, 35.279569 ], [ -89.849445, 35.281361 ], [ -89.8482, 35.28261 ], [ -89.844808, 35.286013 ], [ -89.84218, 35.288651 ], [ -89.834627, 35.29622 ], [ -89.832398, 35.298454 ], [ -89.831231, 35.29962 ], [ -89.831706, 35.299658 ], [ -89.832112, 35.299683 ], [ -89.832304, 35.299692 ], [ -89.83553, 35.299847 ], [ -89.835917, 35.299866 ], [ -89.836605, 35.299915 ], [ -89.836572, 35.300193 ], [ -89.836334, 35.301627 ], [ -89.836284, 35.301933 ], [ -89.83622, 35.302334 ], [ -89.836178, 35.302608 ], [ -89.836088, 35.303204 ], [ -89.835961, 35.304051 ], [ -89.835722, 35.305532 ], [ -89.835667, 35.305919 ], [ -89.83563, 35.306209 ], [ -89.835562, 35.306771 ], [ -89.835493, 35.307367 ], [ -89.835453, 35.3077 ], [ -89.835327, 35.308489 ], [ -89.835303, 35.308691 ], [ -89.835287, 35.308867 ], [ -89.835221, 35.309625 ], [ -89.835159, 35.310011 ], [ -89.835098, 35.31039 ], [ -89.835088, 35.310449 ], [ -89.83488, 35.311803 ], [ -89.834619, 35.313429 ], [ -89.834576, 35.313698 ], [ -89.834364, 35.315036 ], [ -89.834304, 35.315427 ], [ -89.834197, 35.316219 ], [ -89.834152, 35.316575 ], [ -89.834101, 35.316976 ], [ -89.833676, 35.320826 ], [ -89.833527, 35.322109 ], [ -89.833485, 35.322467 ], [ -89.83343, 35.322702 ], [ -89.833371, 35.322862 ], [ -89.833256, 35.323065 ], [ -89.833185, 35.32317 ], [ -89.833013, 35.323396 ], [ -89.832907, 35.323507 ], [ -89.83279, 35.323632 ], [ -89.832432, 35.323941 ], [ -89.831159, 35.324914 ], [ -89.830901, 35.32513 ], [ -89.830783, 35.325269 ], [ -89.830711, 35.325429 ], [ -89.830681, 35.325633 ], [ -89.830674, 35.325809 ], [ -89.830673, 35.325835 ], [ -89.829352, 35.325738 ], [ -89.82725, 35.32555 ], [ -89.826899, 35.325519 ], [ -89.824124, 35.325305 ], [ -89.823776, 35.325289 ], [ -89.823012, 35.325212 ], [ -89.819125, 35.324861 ], [ -89.818609, 35.324828 ], [ -89.816985, 35.324689 ], [ -89.813844, 35.324422 ], [ -89.813563, 35.324405 ], [ -89.809119, 35.324032 ], [ -89.80709, 35.323827 ], [ -89.797298, 35.322845 ], [ -89.793934, 35.322488 ], [ -89.793532, 35.322493 ], [ -89.792419, 35.32274 ], [ -89.790884, 35.323141 ], [ -89.790496, 35.323241 ], [ -89.790355, 35.323278 ], [ -89.787714, 35.323915 ], [ -89.785838, 35.324442 ], [ -89.783697, 35.324961 ], [ -89.783029, 35.325123 ], [ -89.781957, 35.325419 ], [ -89.778224, 35.326429 ], [ -89.775663, 35.327054 ], [ -89.775114, 35.327175 ], [ -89.772124, 35.32802 ], [ -89.770643, 35.328366 ], [ -89.768867, 35.328821 ], [ -89.768444, 35.32892 ], [ -89.767707, 35.329232 ], [ -89.767493, 35.329364 ], [ -89.766554, 35.330215 ], [ -89.766104, 35.330665 ], [ -89.765239, 35.331659 ], [ -89.764651, 35.332478 ], [ -89.764616, 35.332527 ], [ -89.762328, 35.335767 ], [ -89.760556, 35.338172 ], [ -89.760135, 35.337676 ], [ -89.759017, 35.336355 ], [ -89.758875, 35.336188 ], [ -89.758456, 35.335692 ], [ -89.758143, 35.335365 ], [ -89.758114, 35.335338 ], [ -89.757618, 35.33488 ], [ -89.757301, 35.334618 ], [ -89.756986, 35.334395 ], [ -89.756827, 35.334283 ], [ -89.756578, 35.334123 ], [ -89.756425, 35.334273 ], [ -89.756083, 35.334612 ], [ -89.755961, 35.334719 ], [ -89.755801, 35.334861 ], [ -89.75526, 35.334486 ], [ -89.755188, 35.334437 ], [ -89.754584, 35.334033 ], [ -89.753931, 35.335388 ], [ -89.751335, 35.335099 ], [ -89.751107, 35.335996 ], [ -89.746917, 35.335605 ], [ -89.743473, 35.335284 ], [ -89.743437, 35.336374 ], [ -89.74342, 35.336883 ], [ -89.741334, 35.336864 ], [ -89.738466, 35.336838 ], [ -89.738462, 35.335746 ], [ -89.734664, 35.335614 ], [ -89.734614, 35.337851 ], [ -89.73465, 35.33926 ], [ -89.736285, 35.339276 ], [ -89.736952, 35.339466 ], [ -89.736931, 35.339642 ], [ -89.736466, 35.340066 ], [ -89.734921, 35.340601 ], [ -89.735138, 35.341623 ], [ -89.734901, 35.342144 ], [ -89.734901, 35.342399 ], [ -89.735912, 35.343627 ], [ -89.736456, 35.343786 ], [ -89.736294, 35.344433 ], [ -89.735022, 35.344367 ], [ -89.732099, 35.344798 ], [ -89.732094, 35.344928 ], [ -89.732074, 35.345669 ], [ -89.73205, 35.346596 ], [ -89.732006, 35.348696 ], [ -89.731682, 35.34869 ], [ -89.731153, 35.348676 ], [ -89.728596, 35.348612 ], [ -89.728074, 35.3486 ], [ -89.727744, 35.348596 ], [ -89.727158, 35.350148 ], [ -89.727136, 35.350202 ], [ -89.724596, 35.350189 ], [ -89.72064, 35.350168 ], [ -89.720571, 35.351218 ], [ -89.71872, 35.351175 ], [ -89.718447, 35.354725 ], [ -89.718143, 35.358687 ], [ -89.715056, 35.358746 ], [ -89.715, 35.360847 ], [ -89.70837, 35.36055 ], [ -89.708258, 35.364485 ], [ -89.704809, 35.364361 ], [ -89.704188, 35.364339 ], [ -89.699911, 35.364197 ], [ -89.701162, 35.365623 ], [ -89.702718, 35.367396 ], [ -89.703859, 35.368686 ], [ -89.704033, 35.368879 ], [ -89.70493, 35.369893 ], [ -89.705583, 35.37063 ], [ -89.70618, 35.371322 ], [ -89.708329, 35.373733 ], [ -89.709534, 35.375085 ], [ -89.709689, 35.375245 ], [ -89.709749, 35.375355 ], [ -89.710132, 35.375783 ], [ -89.710466, 35.376163 ], [ -89.710836, 35.376585 ], [ -89.710997, 35.376848 ], [ -89.712876, 35.379666 ], [ -89.714086, 35.381497 ], [ -89.714251, 35.381747 ], [ -89.715903, 35.384168 ], [ -89.717535, 35.38656 ], [ -89.718526, 35.388013 ], [ -89.720519, 35.390858 ], [ -89.721445, 35.39222 ], [ -89.722478, 35.393707 ], [ -89.723284, 35.394867 ], [ -89.723345, 35.394965 ], [ -89.723378, 35.395081 ], [ -89.723385, 35.396196 ], [ -89.723391, 35.396329 ], [ -89.723454, 35.396336 ], [ -89.723639, 35.396356 ], [ -89.724406, 35.396439 ], [ -89.725093, 35.396499 ], [ -89.725757, 35.396528 ], [ -89.726284, 35.396512 ], [ -89.726363, 35.39651 ], [ -89.727559, 35.396448 ], [ -89.727819, 35.396421 ], [ -89.728098, 35.39637 ], [ -89.728391, 35.396282 ], [ -89.731173, 35.39521 ], [ -89.73136, 35.395114 ], [ -89.73155, 35.39498 ], [ -89.731716, 35.394828 ], [ -89.731885, 35.394604 ], [ -89.733268, 35.392342 ], [ -89.733751, 35.391554 ], [ -89.733913, 35.391336 ], [ -89.734072, 35.391179 ], [ -89.735248, 35.390276 ], [ -89.735311, 35.390226 ], [ -89.736836, 35.389048 ], [ -89.736957, 35.388922 ], [ -89.737018, 35.38882 ], [ -89.737051, 35.388712 ], [ -89.737202, 35.387663 ], [ -89.737277, 35.387674 ], [ -89.737723, 35.387712 ], [ -89.738764, 35.387785 ], [ -89.740679, 35.387959 ], [ -89.741222, 35.388022 ], [ -89.742025, 35.38811 ], [ -89.742345, 35.388163 ], [ -89.742543, 35.388223 ], [ -89.742599, 35.388188 ], [ -89.742635, 35.388166 ], [ -89.74268, 35.388134 ], [ -89.742829, 35.388169 ], [ -89.743512, 35.388228 ], [ -89.744427, 35.388311 ], [ -89.745212, 35.388397 ], [ -89.746242, 35.388533 ], [ -89.746546, 35.388566 ], [ -89.746752, 35.388575 ], [ -89.748056, 35.388601 ], [ -89.74856, 35.388627 ], [ -89.749248, 35.388729 ], [ -89.750772, 35.388878 ], [ -89.752637, 35.38905 ], [ -89.753166, 35.385048 ], [ -89.753822, 35.38506 ], [ -89.754194, 35.382232 ], [ -89.769607, 35.383495 ], [ -89.769623, 35.383361 ], [ -89.769822, 35.381718 ], [ -89.770147, 35.379346 ], [ -89.770253, 35.378577 ], [ -89.770355, 35.377619 ], [ -89.770427, 35.37695 ], [ -89.770478, 35.376568 ], [ -89.770863, 35.376601 ], [ -89.77142, 35.376647 ], [ -89.771516, 35.375417 ], [ -89.772302, 35.375554 ], [ -89.772982, 35.375231 ], [ -89.773263, 35.373193 ], [ -89.78108, 35.373884 ], [ -89.781061, 35.374048 ], [ -89.780814, 35.37617 ], [ -89.7815, 35.376234 ], [ -89.78143, 35.376869 ], [ -89.782817, 35.377006 ], [ -89.782742, 35.377585 ], [ -89.782715, 35.377741 ], [ -89.784939, 35.377956 ], [ -89.785828, 35.378042 ], [ -89.786756, 35.378131 ], [ -89.787761, 35.378229 ], [ -89.788713, 35.378329 ], [ -89.790693, 35.378514 ], [ -89.790826, 35.378526 ], [ -89.792486, 35.378686 ], [ -89.792701, 35.378706 ], [ -89.793968, 35.378825 ], [ -89.794048, 35.378832 ], [ -89.794143, 35.378842 ], [ -89.794642, 35.378888 ], [ -89.795025, 35.378924 ], [ -89.796398, 35.379056 ], [ -89.796955, 35.379109 ], [ -89.797426, 35.379152 ], [ -89.798041, 35.379214 ], [ -89.798787, 35.379288 ], [ -89.799433, 35.379356 ], [ -89.801815, 35.379593 ], [ -89.802144, 35.379626 ], [ -89.803173, 35.379726 ], [ -89.803494, 35.379729 ], [ -89.803716, 35.379708 ], [ -89.803881, 35.379693 ], [ -89.80436, 35.379619 ], [ -89.806844, 35.379124 ], [ -89.806898, 35.379113 ], [ -89.807404, 35.380381 ], [ -89.807465, 35.38048 ], [ -89.807584, 35.380792 ], [ -89.807612, 35.380864 ], [ -89.807726, 35.381172 ], [ -89.807934, 35.381551 ], [ -89.807981, 35.381754 ], [ -89.808142, 35.382227 ], [ -89.808296, 35.382496 ], [ -89.808423, 35.382842 ], [ -89.808551, 35.383078 ], [ -89.80906, 35.384286 ], [ -89.809107, 35.384341 ], [ -89.809228, 35.384616 ], [ -89.809242, 35.384912 ], [ -89.809362, 35.38522 ], [ -89.809329, 35.385346 ], [ -89.809134, 35.385555 ], [ -89.808928, 35.385654 ], [ -89.808852, 35.385692 ], [ -89.808765, 35.38572 ], [ -89.808531, 35.385901 ], [ -89.808531, 35.386055 ], [ -89.808631, 35.386247 ], [ -89.808832, 35.386439 ], [ -89.808846, 35.386516 ], [ -89.808645, 35.387016 ], [ -89.808705, 35.387065 ], [ -89.808765, 35.387065 ], [ -89.809141, 35.387021 ], [ -89.809228, 35.386988 ], [ -89.809295, 35.387006 ], [ -89.809396, 35.387032 ], [ -89.809496, 35.387104 ], [ -89.809523, 35.387274 ], [ -89.809644, 35.387461 ], [ -89.809805, 35.387642 ], [ -89.810207, 35.387889 ], [ -89.810261, 35.387972 ], [ -89.8102, 35.388136 ], [ -89.809463, 35.388966 ], [ -89.809362, 35.389158 ], [ -89.809329, 35.389345 ], [ -89.809469, 35.390081 ], [ -89.809523, 35.390152 ], [ -89.809637, 35.390201 ], [ -89.810073, 35.390234 ], [ -89.810469, 35.390119 ], [ -89.810817, 35.390152 ], [ -89.811374, 35.390125 ], [ -89.811669, 35.390212 ], [ -89.811703, 35.390267 ], [ -89.81165, 35.390319 ], [ -89.811728, 35.390365 ], [ -89.81177, 35.390425 ], [ -89.811728, 35.390548 ], [ -89.811197, 35.391175 ], [ -89.811125, 35.391319 ], [ -89.811104, 35.391458 ], [ -89.811221, 35.392001 ], [ -89.811262, 35.392052 ], [ -89.811347, 35.392087 ], [ -89.81167, 35.392103 ], [ -89.811962, 35.392011 ], [ -89.81222, 35.392029 ], [ -89.812632, 35.392 ], [ -89.812852, 35.392059 ], [ -89.812878, 35.392099 ], [ -89.812829, 35.392149 ], [ -89.812633, 35.392268 ], [ -89.812615, 35.392305 ], [ -89.812652, 35.392398 ], [ -89.812721, 35.392421 ], [ -89.812842, 35.392487 ], [ -89.812947, 35.392505 ], [ -89.813022, 35.392539 ], [ -89.813119, 35.392635 ], [ -89.813294, 35.3927 ], [ -89.81332, 35.392731 ], [ -89.813321, 35.392752 ], [ -89.813257, 35.392806 ], [ -89.812961, 35.392903 ], [ -89.812883, 35.392957 ], [ -89.812884, 35.392994 ], [ -89.813001, 35.393109 ], [ -89.81328, 35.393327 ], [ -89.81332, 35.393394 ], [ -89.813323, 35.393513 ], [ -89.813347, 35.393675 ], [ -89.813429, 35.393759 ], [ -89.81365, 35.393863 ], [ -89.813731, 35.393951 ], [ -89.81377, 35.394092 ], [ -89.813789, 35.394263 ], [ -89.813837, 35.394387 ], [ -89.813902, 35.394422 ], [ -89.813996, 35.394441 ], [ -89.814075, 35.394418 ], [ -89.814158, 35.394343 ], [ -89.814365, 35.394053 ], [ -89.814488, 35.393973 ], [ -89.81466, 35.393929 ], [ -89.81484, 35.393981 ], [ -89.814896, 35.394029 ], [ -89.814923, 35.394109 ], [ -89.814918, 35.394329 ], [ -89.814818, 35.394734 ], [ -89.814668, 35.39506 ], [ -89.814502, 35.395181 ], [ -89.814417, 35.395191 ], [ -89.814178, 35.395173 ], [ -89.813955, 35.395186 ], [ -89.813826, 35.395234 ], [ -89.813769, 35.395296 ], [ -89.813745, 35.395374 ], [ -89.813798, 35.395482 ], [ -89.813894, 35.395545 ], [ -89.814099, 35.395606 ], [ -89.814566, 35.395806 ], [ -89.814666, 35.395829 ], [ -89.814781, 35.395862 ], [ -89.814903, 35.395977 ], [ -89.815013, 35.396023 ], [ -89.815297, 35.396054 ], [ -89.81553, 35.396027 ], [ -89.815625, 35.396041 ], [ -89.815691, 35.396089 ], [ -89.815742, 35.396173 ], [ -89.815881, 35.396361 ], [ -89.815967, 35.39644 ], [ -89.816024, 35.39652 ], [ -89.816025, 35.396569 ], [ -89.815942, 35.396632 ], [ -89.815547, 35.396751 ], [ -89.815253, 35.396909 ], [ -89.81519, 35.396983 ], [ -89.815162, 35.397078 ], [ -89.81519, 35.397175 ], [ -89.815255, 35.397206 ], [ -89.815378, 35.39717 ], [ -89.815478, 35.397168 ], [ -89.815622, 35.397213 ], [ -89.815827, 35.397228 ], [ -89.816411, 35.396926 ], [ -89.816479, 35.396868 ], [ -89.816573, 35.396849 ], [ -89.816624, 35.396884 ], [ -89.816685, 35.396987 ], [ -89.816739, 35.397083 ], [ -89.816793, 35.397259 ], [ -89.816725, 35.397375 ], [ -89.816649, 35.397462 ], [ -89.816374, 35.397775 ], [ -89.816347, 35.397874 ], [ -89.816428, 35.398001 ], [ -89.816824, 35.398261 ], [ -89.817005, 35.398444 ], [ -89.817017, 35.398504 ], [ -89.816984, 35.398625 ], [ -89.816748, 35.39885 ], [ -89.81639, 35.399213 ], [ -89.816316, 35.399372 ], [ -89.816133, 35.399592 ], [ -89.815958, 35.399706 ], [ -89.815851, 35.39981 ], [ -89.815783, 35.399942 ], [ -89.815789, 35.400059 ], [ -89.815949, 35.400416 ], [ -89.815895, 35.40062 ], [ -89.81586, 35.400824 ], [ -89.815933, 35.40127 ], [ -89.815892, 35.401446 ], [ -89.815892, 35.401544 ], [ -89.815971, 35.401815 ], [ -89.816213, 35.402234 ], [ -89.816317, 35.402351 ], [ -89.816322, 35.402364 ], [ -89.816329, 35.402458 ], [ -89.816385, 35.402526 ], [ -89.816405, 35.402559 ], [ -89.816539, 35.40263 ], [ -89.817022, 35.402674 ], [ -89.817338, 35.402735 ], [ -89.81778, 35.402779 ], [ -89.818089, 35.402735 ], [ -89.818283, 35.402746 ], [ -89.819068, 35.402916 ], [ -89.819337, 35.403009 ], [ -89.819404, 35.403053 ], [ -89.819478, 35.40307 ], [ -89.819531, 35.403064 ], [ -89.819632, 35.403092 ], [ -89.819793, 35.403113 ], [ -89.819974, 35.403168 ], [ -89.820148, 35.403207 ], [ -89.820323, 35.403267 ], [ -89.820537, 35.403393 ], [ -89.820853, 35.403652 ], [ -89.821249, 35.403954 ], [ -89.821443, 35.404118 ], [ -89.821557, 35.404157 ], [ -89.821611, 35.404184 ], [ -89.822195, 35.404426 ], [ -89.822356, 35.404519 ], [ -89.822537, 35.404602 ], [ -89.822933, 35.404728 ], [ -89.823302, 35.404794 ], [ -89.823731, 35.40497 ], [ -89.823939, 35.405024 ], [ -89.824207, 35.405156 ], [ -89.824616, 35.405304 ], [ -89.824972, 35.405376 ], [ -89.82528, 35.405403 ], [ -89.825556, 35.405436 ], [ -89.825717, 35.405513 ], [ -89.825898, 35.405535 ], [ -89.826086, 35.405469 ], [ -89.826233, 35.405447 ], [ -89.826508, 35.405474 ], [ -89.826703, 35.405639 ], [ -89.826844, 35.405694 ], [ -89.827186, 35.405705 ], [ -89.82738, 35.405672 ], [ -89.827588, 35.405721 ], [ -89.827713, 35.405785 ], [ -89.827907, 35.405981 ], [ -89.828189, 35.406084 ], [ -89.828108, 35.406342 ], [ -89.827674, 35.406471 ], [ -89.827619, 35.406632 ], [ -89.827932, 35.407112 ], [ -89.828265, 35.407464 ], [ -89.828374, 35.407929 ], [ -89.828528, 35.40811 ], [ -89.828722, 35.408459 ], [ -89.82881, 35.408616 ], [ -89.82883, 35.40872 ], [ -89.828854, 35.408764 ], [ -89.832565, 35.406572 ], [ -89.832701, 35.406496 ], [ -89.833308, 35.406154 ], [ -89.835909, 35.404641 ], [ -89.840319, 35.402065 ], [ -89.841947, 35.40093 ], [ -89.843682, 35.399303 ], [ -89.843856, 35.399458 ], [ -89.843908, 35.399406 ], [ -89.844175, 35.399118 ], [ -89.844582, 35.39865 ], [ -89.844913, 35.398245 ], [ -89.844939, 35.398211 ], [ -89.845965, 35.398773 ], [ -89.84622, 35.398916 ], [ -89.846484, 35.399041 ], [ -89.846544, 35.399069 ], [ -89.846324, 35.399264 ], [ -89.846207, 35.399367 ], [ -89.845199, 35.400265 ], [ -89.844864, 35.400565 ], [ -89.844907, 35.400599 ], [ -89.845036, 35.400703 ], [ -89.845079, 35.400738 ], [ -89.845407, 35.40043 ], [ -89.845448, 35.400393 ], [ -89.845501, 35.400344 ], [ -89.846411, 35.399527 ], [ -89.846746, 35.399227 ], [ -89.846845, 35.399139 ], [ -89.846904, 35.399086 ], [ -89.847378, 35.398662 ], [ -89.847537, 35.398522 ], [ -89.847773, 35.398311 ], [ -89.848392, 35.397759 ], [ -89.848482, 35.397678 ], [ -89.848719, 35.397468 ], [ -89.84882, 35.397519 ], [ -89.849123, 35.397674 ], [ -89.849225, 35.397726 ], [ -89.850706, 35.398342 ], [ -89.85108, 35.398497 ], [ -89.851434, 35.398601 ], [ -89.851567, 35.398645 ], [ -89.851855, 35.39874 ], [ -89.852145, 35.398769 ], [ -89.852306, 35.398786 ], [ -89.85232, 35.398701 ], [ -89.852684, 35.396876 ], [ -89.852535, 35.396869 ], [ -89.852552, 35.396742 ], [ -89.852879, 35.396762 ], [ -89.853104, 35.396775 ], [ -89.853218, 35.396744 ], [ -89.8535, 35.39685 ], [ -89.854058, 35.396969 ], [ -89.854563, 35.397481 ], [ -89.854895, 35.396395 ], [ -89.856211, 35.396423 ], [ -89.856193, 35.396152 ], [ -89.857049, 35.396144 ], [ -89.857123, 35.394732 ], [ -89.85716, 35.394023 ], [ -89.857715, 35.39407 ], [ -89.858782, 35.394162 ], [ -89.858832, 35.393362 ], [ -89.859274, 35.39315 ], [ -89.85997, 35.392815 ], [ -89.86017, 35.390643 ], [ -89.865515, 35.39077 ], [ -89.883987, 35.391185 ], [ -89.885052, 35.391129 ], [ -89.888251, 35.390962 ], [ -89.889317, 35.390906 ], [ -89.889283, 35.391025 ], [ -89.889175, 35.391234 ], [ -89.889088, 35.39142 ], [ -89.889081, 35.391541 ], [ -89.889215, 35.391788 ], [ -89.889195, 35.391882 ], [ -89.889074, 35.391975 ], [ -89.88896, 35.391997 ], [ -89.888585, 35.391936 ], [ -89.888484, 35.391953 ], [ -89.88835, 35.392024 ], [ -89.888296, 35.392134 ], [ -89.88831, 35.392233 ], [ -89.888477, 35.392689 ], [ -89.88849, 35.392815 ], [ -89.88849, 35.392985 ], [ -89.88855, 35.393194 ], [ -89.888611, 35.393238 ], [ -89.888728, 35.393253 ], [ -89.888866, 35.393271 ], [ -89.888973, 35.393337 ], [ -89.889033, 35.393469 ], [ -89.888999, 35.393798 ], [ -89.889053, 35.393853 ], [ -89.889147, 35.393903 ], [ -89.889294, 35.393925 ], [ -89.889355, 35.393969 ], [ -89.889388, 35.394112 ], [ -89.889382, 35.394161 ], [ -89.889428, 35.394282 ], [ -89.889522, 35.39437 ], [ -89.889791, 35.394474 ], [ -89.889931, 35.394562 ], [ -89.890018, 35.394661 ], [ -89.890038, 35.394716 ], [ -89.890092, 35.394936 ], [ -89.890072, 35.395424 ], [ -89.890078, 35.395726 ], [ -89.890179, 35.395858 ], [ -89.890252, 35.395858 ], [ -89.89046, 35.395754 ], [ -89.890749, 35.395666 ], [ -89.890843, 35.395606 ], [ -89.890943, 35.395568 ], [ -89.891151, 35.395535 ], [ -89.891259, 35.395562 ], [ -89.891319, 35.395661 ], [ -89.891312, 35.395771 ], [ -89.891124, 35.395947 ], [ -89.890983, 35.39604 ], [ -89.89093, 35.3961 ], [ -89.890869, 35.396221 ], [ -89.890876, 35.396331 ], [ -89.89093, 35.396419 ], [ -89.891003, 35.396435 ], [ -89.89107, 35.396424 ], [ -89.891473, 35.396276 ], [ -89.891688, 35.396276 ], [ -89.891761, 35.396337 ], [ -89.891835, 35.396447 ], [ -89.891915, 35.396705 ], [ -89.891929, 35.396979 ], [ -89.891801, 35.39715 ], [ -89.891358, 35.397259 ], [ -89.891291, 35.397303 ], [ -89.891244, 35.397385 ], [ -89.891217, 35.397556 ], [ -89.89111, 35.397704 ], [ -89.890956, 35.397753 ], [ -89.890835, 35.397819 ], [ -89.890694, 35.398061 ], [ -89.890687, 35.398209 ], [ -89.89066, 35.39827 ], [ -89.89066, 35.398467 ], [ -89.890619, 35.399049 ], [ -89.890619, 35.399199 ], [ -89.890619, 35.399802 ], [ -89.890572, 35.400241 ], [ -89.890565, 35.400466 ], [ -89.890545, 35.400829 ], [ -89.890537, 35.401916 ], [ -89.890564, 35.402152 ], [ -89.890509, 35.402572 ], [ -89.890593, 35.402582 ], [ -89.890903, 35.402613 ], [ -89.891753, 35.4027 ], [ -89.892085, 35.402733 ], [ -89.89248, 35.402773 ], [ -89.892669, 35.402792 ], [ -89.893238, 35.402849 ], [ -89.893428, 35.402868 ], [ -89.894124, 35.402938 ], [ -89.894659, 35.402992 ], [ -89.894787, 35.403006 ], [ -89.895173, 35.403047 ], [ -89.896214, 35.403146 ], [ -89.896911, 35.403213 ], [ -89.897025, 35.403232 ], [ -89.897523, 35.403285 ], [ -89.89759, 35.402957 ], [ -89.897911, 35.402915 ], [ -89.897904, 35.402845 ], [ -89.897867, 35.402482 ], [ -89.898048, 35.402495 ], [ -89.898356, 35.402516 ], [ -89.898385, 35.402262 ], [ -89.901382, 35.402523 ], [ -89.902105, 35.397389 ], [ -89.90516, 35.397697 ], [ -89.905464, 35.397511 ], [ -89.906081, 35.396687 ], [ -89.906229, 35.396462 ], [ -89.906584, 35.396028 ], [ -89.906974, 35.395649 ], [ -89.907215, 35.39538 ], [ -89.907591, 35.394975 ], [ -89.907839, 35.39471 ], [ -89.90794, 35.394634 ], [ -89.908289, 35.394326 ], [ -89.908329, 35.394304 ], [ -89.908416, 35.394282 ], [ -89.908604, 35.394112 ], [ -89.908825, 35.393854 ], [ -89.908926, 35.393761 ], [ -89.909121, 35.393404 ], [ -89.909291, 35.392775 ], [ -89.909663, 35.3928 ], [ -89.91101, 35.392836 ], [ -89.91617, 35.392975 ], [ -89.917891, 35.393022 ], [ -89.917887, 35.393037 ], [ -89.917833, 35.393378 ], [ -89.917759, 35.393636 ], [ -89.917692, 35.393933 ], [ -89.917686, 35.394114 ], [ -89.917685, 35.394174 ], [ -89.917605, 35.39457 ], [ -89.917504, 35.39497 ], [ -89.917437, 35.395025 ], [ -89.917403, 35.395113 ], [ -89.917289, 35.395602 ], [ -89.917276, 35.395811 ], [ -89.917195, 35.396212 ], [ -89.917188, 35.396547 ], [ -89.917222, 35.396865 ], [ -89.917242, 35.397162 ], [ -89.917232, 35.397375 ], [ -89.917228, 35.397486 ], [ -89.917255, 35.397524 ], [ -89.917329, 35.397546 ], [ -89.917396, 35.397535 ], [ -89.917483, 35.39753 ], [ -89.917637, 35.397771 ], [ -89.917845, 35.39792 ], [ -89.917849, 35.398104 ], [ -89.917852, 35.398216 ], [ -89.917892, 35.398277 ], [ -89.917912, 35.398458 ], [ -89.917872, 35.398518 ], [ -89.917604, 35.398573 ], [ -89.917476, 35.398623 ], [ -89.917376, 35.398732 ], [ -89.917382, 35.398826 ], [ -89.917671, 35.399117 ], [ -89.917697, 35.399188 ], [ -89.917684, 35.399238 ], [ -89.917583, 35.399359 ], [ -89.917416, 35.399402 ], [ -89.917369, 35.399556 ], [ -89.917308, 35.399639 ], [ -89.917228, 35.399644 ], [ -89.917114, 35.399704 ], [ -89.917114, 35.399781 ], [ -89.917335, 35.399968 ], [ -89.917355, 35.400012 ], [ -89.917302, 35.40016 ], [ -89.917067, 35.400391 ], [ -89.917013, 35.400523 ], [ -89.917033, 35.40066 ], [ -89.917094, 35.400709 ], [ -89.917355, 35.400814 ], [ -89.917462, 35.400874 ], [ -89.917469, 35.400913 ], [ -89.917449, 35.401012 ], [ -89.917389, 35.401072 ], [ -89.917275, 35.401077 ], [ -89.917221, 35.40111 ], [ -89.917201, 35.401176 ], [ -89.917295, 35.40133 ], [ -89.917288, 35.401391 ], [ -89.917147, 35.401638 ], [ -89.917147, 35.401693 ], [ -89.917161, 35.4017 ], [ -89.917355, 35.401797 ], [ -89.917476, 35.401918 ], [ -89.917697, 35.402401 ], [ -89.917771, 35.402582 ], [ -89.917724, 35.402791 ], [ -89.917589, 35.402945 ], [ -89.917596, 35.403049 ], [ -89.917636, 35.403093 ], [ -89.91777, 35.403258 ], [ -89.917778, 35.403272 ], [ -89.917985, 35.403631 ], [ -89.918025, 35.403835 ], [ -89.917992, 35.404016 ], [ -89.918065, 35.404131 ], [ -89.91822, 35.404214 ], [ -89.918313, 35.404222 ], [ -89.918309, 35.404264 ], [ -89.917602, 35.404201 ], [ -89.917404, 35.404183 ], [ -89.916711, 35.40859 ], [ -89.91671, 35.408921 ], [ -89.916708, 35.409637 ], [ -89.916189, 35.41252 ], [ -89.915145, 35.412409 ], [ -89.914981, 35.412392 ], [ -89.914739, 35.412345 ], [ -89.91451, 35.412273 ], [ -89.914509, 35.412383 ], [ -89.914533, 35.412531 ], [ -89.914597, 35.412769 ], [ -89.91473, 35.413212 ], [ -89.914764, 35.413397 ], [ -89.914763, 35.413548 ], [ -89.914733, 35.413754 ], [ -89.91455, 35.414401 ], [ -89.914487, 35.414692 ], [ -89.914465, 35.414984 ], [ -89.914482, 35.415374 ], [ -89.914535, 35.415902 ], [ -89.914664, 35.416847 ], [ -89.914714, 35.417174 ], [ -89.914728, 35.417418 ], [ -89.914722, 35.417766 ], [ -89.914777, 35.418437 ], [ -89.914766, 35.418556 ], [ -89.91473, 35.418685 ], [ -89.914591, 35.419043 ], [ -89.914408, 35.419603 ], [ -89.914306, 35.419887 ], [ -89.914289, 35.419972 ], [ -89.914294, 35.420131 ], [ -89.914312, 35.420439 ], [ -89.914291, 35.42061 ], [ -89.921238, 35.421408 ], [ -89.92277, 35.421584 ], [ -89.922798, 35.421444 ], [ -89.927572, 35.421916 ], [ -89.934216, 35.422573 ], [ -89.933586, 35.426998 ], [ -89.933541, 35.427314 ], [ -89.93453, 35.427413 ], [ -89.941982, 35.428161 ], [ -89.945009, 35.428526 ], [ -89.949292, 35.42908 ], [ -89.949084, 35.43113 ], [ -89.955445, 35.431386 ], [ -89.955447, 35.431793 ], [ -89.955288, 35.434811 ], [ -89.958034, 35.435012 ], [ -89.957908, 35.438228 ], [ -89.960147, 35.438111 ], [ -89.960939, 35.436426 ], [ -89.964235, 35.437069 ], [ -89.964336, 35.436797 ], [ -89.964411, 35.43654 ], [ -89.964465, 35.436406 ], [ -89.964561, 35.436199 ], [ -89.964638, 35.436078 ], [ -89.964809, 35.435846 ], [ -89.965244, 35.435212 ], [ -89.965306, 35.43508 ], [ -89.965498, 35.434446 ], [ -89.965658, 35.433983 ], [ -89.966051, 35.433041 ], [ -89.966147, 35.43284 ], [ -89.966455, 35.432091 ], [ -89.966794, 35.431408 ], [ -89.966986, 35.430975 ], [ -89.967028, 35.430908 ], [ -89.967173, 35.430684 ], [ -89.967818, 35.429794 ], [ -89.968003, 35.42957 ], [ -89.968291, 35.429268 ], [ -89.96852, 35.429007 ], [ -89.968743, 35.428719 ], [ -89.968863, 35.428587 ], [ -89.969131, 35.42832 ], [ -89.969805, 35.427703 ], [ -89.969954, 35.427558 ], [ -89.970118, 35.427374 ], [ -89.970496, 35.426893 ], [ -89.97082, 35.426433 ], [ -89.972025, 35.424621 ], [ -89.972364, 35.424067 ], [ -89.972707, 35.423562 ], [ -89.972899, 35.423281 ], [ -89.97313, 35.422992 ], [ -89.973219, 35.42285 ], [ -89.973246, 35.422773 ], [ -89.973265, 35.422662 ], [ -89.973265, 35.422556 ], [ -89.973142, 35.42171 ], [ -89.9731, 35.421173 ], [ -89.97313, 35.420785 ], [ -89.973238, 35.420467 ], [ -89.97335, 35.420252 ], [ -89.973956, 35.419324 ], [ -89.974112, 35.419126 ], [ -89.974247, 35.419014 ], [ -89.974628, 35.418773 ], [ -89.974992, 35.418522 ], [ -89.975414, 35.418194 ], [ -89.976202, 35.4175 ], [ -89.976782, 35.416891 ], [ -89.977024, 35.416609 ], [ -89.977178, 35.416409 ], [ -89.977276, 35.416303 ], [ -89.977471, 35.416128 ], [ -89.977902, 35.415807 ], [ -89.979114, 35.414871 ], [ -89.979513, 35.414502 ], [ -89.979781, 35.414212 ], [ -89.980162, 35.413714 ], [ -89.980587, 35.413257 ], [ -89.981498, 35.412114 ], [ -89.981533, 35.412076 ], [ -89.981635, 35.411968 ], [ -89.982516, 35.411348 ], [ -89.982791, 35.411183 ], [ -89.983304, 35.410846 ], [ -89.983477, 35.410714 ], [ -89.983835, 35.410422 ], [ -89.984578, 35.409862 ], [ -89.985366, 35.409314 ], [ -89.985649, 35.409136 ], [ -89.986005, 35.408912 ], [ -89.986236, 35.408726 ], [ -89.986582, 35.408361 ], [ -89.986873, 35.40801 ], [ -89.987358, 35.407257 ], [ -89.987638, 35.406794 ], [ -89.987798, 35.406332 ], [ -89.987977, 35.405875 ], [ -89.988283, 35.405221 ], [ -89.988605, 35.404432 ], [ -89.98868, 35.404269 ], [ -89.988859, 35.403967 ], [ -89.989215, 35.403503 ], [ -89.989304, 35.403346 ], [ -89.989629, 35.402556 ], [ -89.989859, 35.401922 ], [ -89.98994, 35.401735 ], [ -89.990326, 35.400712 ], [ -89.990577, 35.400017 ], [ -89.99061, 35.39983 ], [ -89.990598, 35.399709 ], [ -89.990593, 35.39966 ], [ -89.990518, 35.399445 ], [ -89.990424, 35.399245 ], [ -89.990424, 35.399106 ], [ -89.990499, 35.398768 ], [ -89.990631, 35.398399 ], [ -89.990763, 35.398122 ], [ -89.991027, 35.397707 ], [ -89.991348, 35.397261 ], [ -89.991481, 35.397046 ], [ -89.991556, 35.396862 ], [ -89.991613, 35.396662 ], [ -89.991726, 35.395878 ], [ -89.991863, 35.395488 ], [ -89.992031, 35.394959 ], [ -89.992095, 35.394757 ], [ -89.99212, 35.394621 ], [ -89.995964, 35.394826 ], [ -90.000133, 35.39505 ], [ -90.004032, 35.395166 ], [ -90.007506, 35.395269 ], [ -90.011355, 35.395385 ], [ -90.014554, 35.395497 ], [ -90.024153, 35.395834 ], [ -90.027164, 35.39594 ], [ -90.027353, 35.395952 ], [ -90.028396, 35.396015 ], [ -90.028458, 35.396018 ], [ -90.02944, 35.396078 ], [ -90.031617, 35.39621 ], [ -90.031777, 35.396213 ], [ -90.032886, 35.396241 ], [ -90.03461, 35.396281 ], [ -90.034839, 35.396287 ], [ -90.034866, 35.396288 ], [ -90.039777, 35.396531 ], [ -90.041371, 35.396612 ], [ -90.041501, 35.396618 ], [ -90.041563, 35.39662 ], [ -90.041628, 35.396542 ], [ -90.041695, 35.396463 ], [ -90.041857, 35.396272 ], [ -90.042019, 35.396082 ], [ -90.042326, 35.39572 ], [ -90.044582, 35.393073 ], [ -90.044639, 35.39305 ], [ -90.045736, 35.392615 ], [ -90.047453, 35.391947 ], [ -90.050694, 35.390688 ], [ -90.051622, 35.390327 ], [ -90.05255, 35.389966 ], [ -90.052604, 35.389944 ], [ -90.053193, 35.389716 ], [ -90.053837, 35.389465 ], [ -90.05408, 35.389371 ], [ -90.054322, 35.389277 ], [ -90.054378, 35.389346 ], [ -90.054434, 35.389416 ], [ -90.055073, 35.390209 ], [ -90.056379, 35.391829 ], [ -90.057328, 35.393006 ], [ -90.05808, 35.393939 ], [ -90.0598, 35.396078 ], [ -90.061154, 35.397763 ], [ -90.064228, 35.401587 ], [ -90.06496, 35.402498 ], [ -90.065142, 35.402724 ], [ -90.065454, 35.403112 ], [ -90.066681, 35.404638 ], [ -90.066954, 35.404973 ], [ -90.066886, 35.404517 ], [ -90.06714, 35.404319 ], [ -90.067395, 35.404144 ], [ -90.068334, 35.403462 ], [ -90.068676, 35.403287 ], [ -90.069079, 35.403188 ], [ -90.069844, 35.40288 ], [ -90.070347, 35.402644 ], [ -90.070856, 35.402424 ], [ -90.071634, 35.402133 ], [ -90.072218, 35.401979 ], [ -90.072338, 35.401868 ], [ -90.0725, 35.401721 ], [ -90.072781, 35.401513 ], [ -90.07317, 35.40126 ], [ -90.073452, 35.401106 ], [ -90.073714, 35.400985 ], [ -90.074223, 35.400661 ], [ -90.074485, 35.400529 ], [ -90.075015, 35.400277 ], [ -90.07527, 35.40015 ], [ -90.075538, 35.400035 ], [ -90.075914, 35.399881 ], [ -90.076229, 35.399684 ], [ -90.076417, 35.39953 ], [ -90.076792, 35.399261 ], [ -90.077677, 35.398525 ], [ -90.078127, 35.39808 ], [ -90.078335, 35.397893 ], [ -90.078422, 35.397855 ], [ -90.078529, 35.397866 ], [ -90.078697, 35.39792 ], [ -90.078871, 35.39792 ], [ -90.078938, 35.397866 ], [ -90.078958, 35.397838 ], [ -90.078301, 35.397509 ], [ -90.078408, 35.397487 ], [ -90.079173, 35.397701 ], [ -90.079743, 35.397942 ], [ -90.080099, 35.397992 ], [ -90.0803, 35.397959 ], [ -90.080441, 35.397871 ], [ -90.080548, 35.3977 ], [ -90.080568, 35.397464 ], [ -90.080474, 35.397157 ], [ -90.08036, 35.397058 ], [ -90.080152, 35.39702 ], [ -90.079864, 35.397014 ], [ -90.079689, 35.396959 ], [ -90.079589, 35.396888 ], [ -90.079548, 35.396745 ], [ -90.079495, 35.396185 ], [ -90.079488, 35.395905 ], [ -90.079562, 35.395729 ], [ -90.079682, 35.395537 ], [ -90.079971, 35.395246 ], [ -90.080614, 35.394784 ], [ -90.08093, 35.394532 ], [ -90.081171, 35.39429 ], [ -90.081453, 35.393894 ], [ -90.081788, 35.393307 ], [ -90.081949, 35.39295 ], [ -90.082572, 35.391719 ], [ -90.082647, 35.391566 ], [ -90.082921, 35.391011 ], [ -90.083001, 35.39083 ], [ -90.083089, 35.390786 ], [ -90.083337, 35.390841 ], [ -90.083699, 35.390983 ], [ -90.083866, 35.390983 ], [ -90.083947, 35.390934 ], [ -90.084121, 35.390681 ], [ -90.084155, 35.390533 ], [ -90.084041, 35.390434 ], [ -90.083833, 35.390297 ], [ -90.083786, 35.390132 ], [ -90.083745, 35.389715 ], [ -90.083665, 35.38955 ], [ -90.083605, 35.389539 ], [ -90.083538, 35.389605 ], [ -90.083464, 35.389748 ], [ -90.083357, 35.389885 ], [ -90.083269, 35.389924 ], [ -90.083129, 35.389896 ], [ -90.083001, 35.389808 ], [ -90.082914, 35.38961 ], [ -90.082887, 35.389402 ], [ -90.08292, 35.388858 ], [ -90.0829, 35.38866 ], [ -90.083061, 35.388468 ], [ -90.083081, 35.388375 ], [ -90.083115, 35.388221 ], [ -90.083135, 35.388084 ], [ -90.083184, 35.388012 ], [ -90.083202, 35.387985 ], [ -90.083527, 35.388178 ], [ -90.083243, 35.387951 ], [ -90.082565, 35.387408 ], [ -90.082037, 35.386985 ], [ -90.081745, 35.386761 ], [ -90.081553, 35.386561 ], [ -90.081508, 35.386514 ], [ -90.080909, 35.386034 ], [ -90.080873, 35.386005 ], [ -90.080826, 35.385927 ], [ -90.080773, 35.38584 ], [ -90.080718, 35.38575 ], [ -90.080666, 35.385664 ], [ -90.080466, 35.385319 ], [ -90.080274, 35.384972 ], [ -90.080091, 35.384622 ], [ -90.079915, 35.38427 ], [ -90.079748, 35.383914 ], [ -90.079588, 35.383556 ], [ -90.079437, 35.383196 ], [ -90.07916, 35.382469 ], [ -90.078951, 35.381845 ], [ -90.078806, 35.381363 ], [ -90.078717, 35.381036 ], [ -90.078613, 35.380618 ], [ -90.078529, 35.380244 ], [ -90.07846, 35.379903 ], [ -90.078387, 35.379491 ], [ -90.078329, 35.379113 ], [ -90.078279, 35.378734 ], [ -90.078251, 35.378483 ], [ -90.078202, 35.3779 ], [ -90.078168, 35.377213 ], [ -90.078162, 35.376832 ], [ -90.078165, 35.376451 ], [ -90.078176, 35.37607 ], [ -90.078196, 35.37569 ], [ -90.078225, 35.37531 ], [ -90.078263, 35.37493 ], [ -90.0798, 35.372486 ], [ -90.082374, 35.368321 ], [ -90.08386, 35.365599 ], [ -90.085682, 35.363389 ], [ -90.087188, 35.361354 ], [ -90.087879, 35.360564 ], [ -90.088066, 35.360349 ], [ -90.08947, 35.358744 ], [ -90.091437, 35.356283 ], [ -90.092999, 35.354521 ], [ -90.093384, 35.354088 ], [ -90.094421, 35.352607 ], [ -90.095356, 35.350686 ], [ -90.096182, 35.348852 ], [ -90.097242, 35.345574 ], [ -90.098174, 35.342726 ], [ -90.098997, 35.340213 ], [ -90.100127, 35.336413 ], [ -90.100374, 35.335 ], [ -90.100577, 35.333833 ], [ -90.102225, 35.327934 ], [ -90.102915, 35.326202 ], [ -90.103783, 35.324259 ], [ -90.104804, 35.322448 ], [ -90.106929, 35.316822 ], [ -90.107702, 35.314598 ], [ -90.108076, 35.313445 ], [ -90.108211, 35.313029 ], [ -90.108555, 35.311968 ], [ -90.109966, 35.304988 ], [ -90.110233, 35.304945 ], [ -90.110846, 35.304891 ], [ -90.111826, 35.304827 ], [ -90.112499, 35.304754 ], [ -90.11296, 35.304646 ], [ -90.113441, 35.304533 ], [ -90.113894, 35.304373 ], [ -90.114039, 35.304324 ], [ -90.114406, 35.304166 ], [ -90.114874, 35.303897 ], [ -90.115454, 35.30353 ], [ -90.115905, 35.303435 ], [ -90.116114, 35.303412 ], [ -90.116866, 35.303366 ], [ -90.117167, 35.303364 ], [ -90.117436, 35.303389 ], [ -90.118434, 35.303541 ], [ -90.119213, 35.303722 ], [ -90.120036, 35.303928 ], [ -90.120673, 35.304091 ], [ -90.121456, 35.304292 ], [ -90.121816, 35.304366 ], [ -90.122013, 35.304406 ], [ -90.122489, 35.304512 ], [ -90.122831, 35.304538 ], [ -90.123146, 35.304514 ], [ -90.123574, 35.304445 ], [ -90.124389, 35.304252 ], [ -90.125056, 35.303984 ], [ -90.125653, 35.303679 ], [ -90.125992, 35.303514 ], [ -90.126249, 35.303419 ], [ -90.126893, 35.302835 ], [ -90.127245, 35.302589 ], [ -90.12756, 35.302386 ], [ -90.127986, 35.302116 ], [ -90.128207, 35.301976 ], [ -90.128741, 35.301682 ], [ -90.129253, 35.301426 ], [ -90.129849, 35.301166 ], [ -90.13043, 35.300972 ], [ -90.131949, 35.300517 ], [ -90.132854, 35.300231 ], [ -90.133651, 35.300005 ], [ -90.134448, 35.299824 ], [ -90.134587, 35.29979 ], [ -90.135143, 35.299667 ], [ -90.135362, 35.299618 ], [ -90.135766, 35.299526 ], [ -90.136846, 35.29927 ], [ -90.137923, 35.299084 ], [ -90.138648, 35.299013 ], [ -90.139393, 35.298997 ], [ -90.139928, 35.299033 ], [ -90.140272, 35.299085 ], [ -90.140509, 35.29912 ], [ -90.140657, 35.299144 ], [ -90.140928, 35.299258 ], [ -90.141223, 35.299361 ], [ -90.141519, 35.29951 ], [ -90.141796, 35.299656 ], [ -90.142191, 35.299895 ], [ -90.142543, 35.300119 ], [ -90.143075, 35.300464 ], [ -90.143535, 35.300768 ], [ -90.143957, 35.301016 ], [ -90.144407, 35.301278 ], [ -90.144696, 35.301413 ], [ -90.145216, 35.301639 ], [ -90.146294, 35.302059 ], [ -90.146996, 35.302339 ], [ -90.147768, 35.30265 ], [ -90.148127, 35.30278 ], [ -90.148276, 35.302824 ], [ -90.148499, 35.302889 ], [ -90.148818, 35.302983 ], [ -90.14904, 35.303025 ], [ -90.149296, 35.303073 ], [ -90.149585, 35.303127 ], [ -90.149789, 35.303147 ], [ -90.150029, 35.303151 ], [ -90.150228, 35.303154 ], [ -90.150536, 35.303133 ], [ -90.150893, 35.303084 ], [ -90.151351, 35.303024 ], [ -90.151561, 35.302987 ], [ -90.151725, 35.302974 ], [ -90.15194, 35.30295 ], [ -90.152288, 35.302884 ], [ -90.152712, 35.302804 ], [ -90.153049, 35.302732 ], [ -90.153701, 35.302581 ], [ -90.153901, 35.302536 ], [ -90.154247, 35.302447 ], [ -90.154848, 35.302295 ], [ -90.155331, 35.302166 ], [ -90.155557, 35.302105 ], [ -90.155718, 35.302055 ], [ -90.156012, 35.301957 ], [ -90.15641, 35.301825 ], [ -90.156942, 35.301649 ], [ -90.156999, 35.301631 ], [ -90.157325, 35.301492 ], [ -90.157936, 35.30123 ], [ -90.158321, 35.301006 ], [ -90.158663, 35.300806 ], [ -90.158879, 35.30065 ], [ -90.159606, 35.300111 ], [ -90.160144, 35.299701 ], [ -90.160609, 35.299368 ], [ -90.161153, 35.29898 ], [ -90.161273, 35.298883 ], [ -90.161327, 35.29884 ], [ -90.161625, 35.298596 ], [ -90.16191, 35.298364 ], [ -90.162058, 35.298255 ], [ -90.162253, 35.298047 ], [ -90.162471, 35.297797 ], [ -90.162642, 35.297614 ], [ -90.162779, 35.297449 ], [ -90.162838, 35.297366 ], [ -90.162956, 35.2972 ], [ -90.16318, 35.296883 ], [ -90.163412, 35.296554 ], [ -90.163732, 35.296074 ], [ -90.164098, 35.29551 ], [ -90.164565, 35.294582 ], [ -90.16473, 35.294265 ], [ -90.16486, 35.294014 ], [ -90.164968, 35.293808 ], [ -90.165123, 35.29344 ], [ -90.16528, 35.29307 ], [ -90.165327, 35.292909 ], [ -90.165875, 35.290816 ], [ -90.166681, 35.28793 ], [ -90.167215, 35.286271 ], [ -90.168074, 35.284064 ], [ -90.168643, 35.28244 ], [ -90.168875, 35.281516 ], [ -90.168937, 35.280652 ] ], [ [ -89.880476, 35.331979 ], [ -89.880437, 35.332277 ], [ -89.880358, 35.332893 ], [ -89.880341, 35.333024 ], [ -89.880321, 35.333172 ], [ -89.880283, 35.333471 ], [ -89.880224, 35.333915 ], [ -89.880149, 35.33448 ], [ -89.880044, 35.335247 ], [ -89.879984, 35.335691 ], [ -89.879973, 35.33577 ], [ -89.879943, 35.336006 ], [ -89.879934, 35.336086 ], [ -89.879873, 35.33655 ], [ -89.87984, 35.33681 ], [ -89.879787, 35.337208 ], [ -89.879685, 35.337944 ], [ -89.879658, 35.338146 ], [ -89.879604, 35.338263 ], [ -89.879522, 35.338342 ], [ -89.879509, 35.33836 ], [ -89.879411, 35.338407 ], [ -89.879315, 35.338427 ], [ -89.879158, 35.338422 ], [ -89.879044, 35.338419 ], [ -89.878071, 35.33833 ], [ -89.877709, 35.338298 ], [ -89.877677, 35.338535 ], [ -89.877603, 35.338621 ], [ -89.87759, 35.338717 ], [ -89.877503, 35.33938 ], [ -89.877413, 35.340054 ], [ -89.877407, 35.340105 ], [ -89.877353, 35.3405 ], [ -89.877051, 35.340473 ], [ -89.876145, 35.340393 ], [ -89.875843, 35.340367 ], [ -89.875645, 35.340349 ], [ -89.875053, 35.340295 ], [ -89.874856, 35.340278 ], [ -89.874676, 35.340262 ], [ -89.874187, 35.340218 ], [ -89.872182, 35.340041 ], [ -89.872013, 35.340027 ], [ -89.871514, 35.339981 ], [ -89.871523, 35.339915 ], [ -89.871557, 35.339654 ], [ -89.871563, 35.339616 ], [ -89.871572, 35.339538 ], [ -89.871584, 35.339453 ], [ -89.871751, 35.338212 ], [ -89.871811, 35.33777 ], [ -89.871463, 35.337737 ], [ -89.87141, 35.337733 ], [ -89.870422, 35.337644 ], [ -89.870075, 35.337614 ], [ -89.869589, 35.33757 ], [ -89.86901, 35.337519 ], [ -89.868132, 35.337439 ], [ -89.867647, 35.337395 ], [ -89.867691, 35.337071 ], [ -89.867739, 35.336724 ], [ -89.867824, 35.3361 ], [ -89.867869, 35.335777 ], [ -89.867888, 35.335626 ], [ -89.867949, 35.335176 ], [ -89.86797, 35.335026 ], [ -89.868039, 35.334504 ], [ -89.86825, 35.33294 ], [ -89.86832, 35.332419 ], [ -89.868804, 35.332463 ], [ -89.869052, 35.332486 ], [ -89.869664, 35.33253 ], [ -89.870259, 35.332581 ], [ -89.870744, 35.332623 ], [ -89.871788, 35.332717 ], [ -89.872386, 35.332771 ], [ -89.874443, 35.332951 ], [ -89.87462, 35.332966 ], [ -89.874922, 35.332993 ], [ -89.875676, 35.333062 ], [ -89.875967, 35.333086 ], [ -89.87617, 35.331597 ], [ -89.876499, 35.331626 ], [ -89.877603, 35.331722 ], [ -89.878267, 35.331781 ], [ -89.878556, 35.331806 ], [ -89.87894, 35.33184 ], [ -89.879919, 35.331928 ], [ -89.880092, 35.331943 ], [ -89.880476, 35.331979 ] ] ] } },
{ "type": "Feature", "properties": { "GEOID": "38134", "ZCTA5": "38134", "AREALAND": 48111248 }, "geometry": { "type": "Polygon", "coordinates": [ [ [ -89.898562, 35.17291 ], [ -89.898518, 35.172859 ], [ -89.898475, 35.172807 ], [ -89.898324, 35.172629 ], [ -89.898283, 35.172589 ], [ -89.898267, 35.172574 ], [ -89.89823, 35.172558 ], [ -89.898106, 35.17252 ], [ -89.898031, 35.172481 ], [ -89.897932, 35.17241 ], [ -89.897903, 35.172383 ], [ -89.897617, 35.17206 ], [ -89.897426, 35.171844 ], [ -89.897361, 35.171771 ], [ -89.897169, 35.171555 ], [ -89.897106, 35.171483 ], [ -89.896682, 35.171005 ], [ -89.896206, 35.170468 ], [ -89.895751, 35.169955 ], [ -89.89542, 35.169566 ], [ -89.895008, 35.16908 ], [ -89.894949, 35.169011 ], [ -89.894877, 35.168926 ], [ -89.894775, 35.168806 ], [ -89.894717, 35.168738 ], [ -89.894675, 35.168688 ], [ -89.894438, 35.168386 ], [ -89.894388, 35.168314 ], [ -89.894308, 35.1682 ], [ -89.894092, 35.167848 ], [ -89.893995, 35.167676 ], [ -89.89389, 35.167491 ], [ -89.89351, 35.16697 ], [ -89.893419, 35.166845 ], [ -89.893201, 35.166576 ], [ -89.893182, 35.166547 ], [ -89.893119, 35.166449 ], [ -89.892979, 35.166268 ], [ -89.8929, 35.166198 ], [ -89.892889, 35.166188 ], [ -89.89263, 35.165995 ], [ -89.892474, 35.165871 ], [ -89.892157, 35.16562 ], [ -89.891829, 35.165377 ], [ -89.891468, 35.165109 ], [ -89.891307, 35.164989 ], [ -89.891107, 35.164841 ], [ -89.890825, 35.164631 ], [ -89.890666, 35.164511 ], [ -89.889751, 35.16382 ], [ -89.889468, 35.163607 ], [ -89.888073, 35.162566 ], [ -89.887559, 35.162227 ], [ -89.887481, 35.162192 ], [ -89.887391, 35.162106 ], [ -89.887203, 35.161956 ], [ -89.886981, 35.161791 ], [ -89.886903, 35.161745 ], [ -89.886009, 35.161185 ], [ -89.885726, 35.161007 ], [ -89.884877, 35.160476 ], [ -89.884739, 35.16039 ], [ -89.884593, 35.160301 ], [ -89.882232, 35.158856 ], [ -89.882098, 35.158774 ], [ -89.881819, 35.1586 ], [ -89.881091, 35.158135 ], [ -89.880965, 35.158035 ], [ -89.880505, 35.15765 ], [ -89.880272, 35.157436 ], [ -89.88014, 35.157293 ], [ -89.880043, 35.157173 ], [ -89.879913, 35.157029 ], [ -89.879891, 35.156998 ], [ -89.879874, 35.156965 ], [ -89.879835, 35.156863 ], [ -89.879802, 35.156836 ], [ -89.879765, 35.156795 ], [ -89.87975, 35.156779 ], [ -89.879593, 35.15656 ], [ -89.87955, 35.156501 ], [ -89.879538, 35.156481 ], [ -89.879494, 35.156408 ], [ -89.879453, 35.156341 ], [ -89.879433, 35.156292 ], [ -89.87942, 35.156279 ], [ -89.879419, 35.156258 ], [ -89.879387, 35.156182 ], [ -89.879383, 35.156171 ], [ -89.879361, 35.156102 ], [ -89.879328, 35.155998 ], [ -89.879275, 35.155826 ], [ -89.879257, 35.155756 ], [ -89.879247, 35.155685 ], [ -89.879244, 35.155661 ], [ -89.879233, 35.155578 ], [ -89.879209, 35.15551 ], [ -89.879205, 35.155475 ], [ -89.879208, 35.155404 ], [ -89.879191, 35.155288 ], [ -89.879069, 35.154411 ], [ -89.879029, 35.154119 ], [ -89.878989, 35.153834 ], [ -89.878921, 35.153348 ], [ -89.878872, 35.152979 ], [ -89.878835, 35.152695 ], [ -89.878774, 35.152239 ], [ -89.878594, 35.150872 ], [ -89.878534, 35.150417 ], [ -89.878455, 35.149823 ], [ -89.878429, 35.149625 ], [ -89.878411, 35.149555 ], [ -89.878377, 35.149452 ], [ -89.878285, 35.149251 ], [ -89.878262, 35.149221 ], [ -89.878176, 35.149139 ], [ -89.877387, 35.148463 ], [ -89.876932, 35.148074 ], [ -89.876317, 35.147549 ], [ -89.875242, 35.146632 ], [ -89.87448, 35.145971 ], [ -89.87387, 35.145443 ], [ -89.873734, 35.145325 ], [ -89.873616, 35.145219 ], [ -89.873345, 35.144938 ], [ -89.873288, 35.144884 ], [ -89.873236, 35.144827 ], [ -89.873075, 35.144574 ], [ -89.873027, 35.144437 ], [ -89.872919, 35.144241 ], [ -89.872844, 35.144115 ], [ -89.872805, 35.144049 ], [ -89.87272, 35.143884 ], [ -89.87265, 35.143794 ], [ -89.872618, 35.143769 ], [ -89.872582, 35.143748 ], [ -89.872541, 35.143731 ], [ -89.872499, 35.14372 ], [ -89.872412, 35.143706 ], [ -89.872242, 35.143667 ], [ -89.871995, 35.143592 ], [ -89.871761, 35.143491 ], [ -89.871397, 35.143288 ], [ -89.870365, 35.142736 ], [ -89.870222, 35.142652 ], [ -89.870066, 35.142586 ], [ -89.869776, 35.142423 ], [ -89.869543, 35.14232 ], [ -89.869341, 35.142248 ], [ -89.869188, 35.142177 ], [ -89.869002, 35.14208 ], [ -89.868659, 35.141917 ], [ -89.86841, 35.141763 ], [ -89.868274, 35.141679 ], [ -89.867997, 35.14145 ], [ -89.867793, 35.141314 ], [ -89.867756, 35.141293 ], [ -89.867483, 35.141178 ], [ -89.867357, 35.141143 ], [ -89.867155, 35.141071 ], [ -89.867027, 35.141045 ], [ -89.866919, 35.140993 ], [ -89.866607, 35.140828 ], [ -89.866307, 35.140677 ], [ -89.866237, 35.140634 ], [ -89.866162, 35.140596 ], [ -89.865957, 35.140461 ], [ -89.865801, 35.140335 ], [ -89.86563, 35.140222 ], [ -89.865559, 35.14018 ], [ -89.865294, 35.140052 ], [ -89.864353, 35.139518 ], [ -89.86416, 35.139431 ], [ -89.863987, 35.13932 ], [ -89.863585, 35.139078 ], [ -89.863487, 35.139006 ], [ -89.863348, 35.138909 ], [ -89.862611, 35.138515 ], [ -89.862395, 35.138391 ], [ -89.861866, 35.138067 ], [ -89.861238, 35.137673 ], [ -89.860986, 35.137471 ], [ -89.860623, 35.137159 ], [ -89.860214, 35.136833 ], [ -89.858995, 35.135902 ], [ -89.857915, 35.135114 ], [ -89.856923, 35.13439 ], [ -89.856833, 35.134331 ], [ -89.856785, 35.1343 ], [ -89.856657, 35.134202 ], [ -89.85657, 35.134122 ], [ -89.856412, 35.133949 ], [ -89.856323, 35.133826 ], [ -89.856274, 35.133766 ], [ -89.855956, 35.13347 ], [ -89.855894, 35.133419 ], [ -89.855821, 35.133379 ], [ -89.855475, 35.133155 ], [ -89.855445, 35.133129 ], [ -89.855382, 35.133072 ], [ -89.855304, 35.133 ], [ -89.855273, 35.132972 ], [ -89.855229, 35.132931 ], [ -89.855164, 35.132871 ], [ -89.855095, 35.132807 ], [ -89.854656, 35.133124 ], [ -89.854279, 35.133439 ], [ -89.853528, 35.133989 ], [ -89.853067, 35.134292 ], [ -89.852688, 35.134519 ], [ -89.852385, 35.134671 ], [ -89.851995, 35.134828 ], [ -89.85173, 35.13491 ], [ -89.851446, 35.13498 ], [ -89.851172, 35.13503 ], [ -89.850913, 35.135071 ], [ -89.850562, 35.1351 ], [ -89.850168, 35.135116 ], [ -89.849816, 35.135115 ], [ -89.848849, 35.135071 ], [ -89.847143, 35.134984 ], [ -89.844525, 35.134854 ], [ -89.840282, 35.134637 ], [ -89.836108, 35.134429 ], [ -89.834598, 35.134354 ], [ -89.83032, 35.134133 ], [ -89.830235, 35.134129 ], [ -89.829703, 35.134105 ], [ -89.827771, 35.133973 ], [ -89.826691, 35.133914 ], [ -89.824685, 35.133812 ], [ -89.823585, 35.133757 ], [ -89.818872, 35.133518 ], [ -89.818728, 35.133511 ], [ -89.809593, 35.133046 ], [ -89.807064, 35.132917 ], [ -89.80505, 35.132814 ], [ -89.804463, 35.132787 ], [ -89.803709, 35.132747 ], [ -89.801945, 35.132655 ], [ -89.801766, 35.132639 ], [ -89.801161, 35.132585 ], [ -89.800807, 35.132531 ], [ -89.799578, 35.13232 ], [ -89.798013, 35.132034 ], [ -89.797709, 35.131978 ], [ -89.797234, 35.131895 ], [ -89.7972, 35.131888 ], [ -89.797152, 35.131879 ], [ -89.797135, 35.131942 ], [ -89.797127, 35.131996 ], [ -89.797074, 35.131989 ], [ -89.796971, 35.131967 ], [ -89.796966, 35.13198 ], [ -89.796952, 35.132019 ], [ -89.796948, 35.132033 ], [ -89.796936, 35.132067 ], [ -89.796923, 35.132104 ], [ -89.796894, 35.132184 ], [ -89.79682, 35.132403 ], [ -89.796715, 35.132717 ], [ -89.796488, 35.133533 ], [ -89.796414, 35.133803 ], [ -89.796399, 35.133863 ], [ -89.796386, 35.133912 ], [ -89.796308, 35.134198 ], [ -89.796208, 35.134573 ], [ -89.796103, 35.135066 ], [ -89.796042, 35.135357 ], [ -89.796129, 35.135359 ], [ -89.796211, 35.135365 ], [ -89.796783, 35.135443 ], [ -89.798027, 35.135585 ], [ -89.79825, 35.135611 ], [ -89.799032, 35.135731 ], [ -89.79934, 35.135759 ], [ -89.799806, 35.135816 ], [ -89.800534, 35.135942 ], [ -89.800923, 35.135979 ], [ -89.801726, 35.136073 ], [ -89.802062, 35.136144 ], [ -89.802275, 35.136215 ], [ -89.802385, 35.13627 ], [ -89.80247, 35.136326 ], [ -89.802578, 35.136416 ], [ -89.802715, 35.136563 ], [ -89.802806, 35.136688 ], [ -89.80285, 35.136804 ], [ -89.802977, 35.137431 ], [ -89.803038, 35.137621 ], [ -89.803042, 35.137632 ], [ -89.803085, 35.137734 ], [ -89.803162, 35.137879 ], [ -89.803246, 35.137991 ], [ -89.803403, 35.138153 ], [ -89.803521, 35.138245 ], [ -89.803818, 35.138418 ], [ -89.804031, 35.138518 ], [ -89.804431, 35.138724 ], [ -89.804587, 35.138814 ], [ -89.804839, 35.138938 ], [ -89.805598, 35.139313 ], [ -89.805852, 35.139438 ], [ -89.806528, 35.139779 ], [ -89.807592, 35.140317 ], [ -89.808113, 35.140585 ], [ -89.80831, 35.140687 ], [ -89.808551, 35.140814 ], [ -89.809223, 35.141165 ], [ -89.810903, 35.142033 ], [ -89.810999, 35.142083 ], [ -89.81129, 35.142253 ], [ -89.81195, 35.142668 ], [ -89.812457, 35.142995 ], [ -89.81431, 35.144211 ], [ -89.814708, 35.144472 ], [ -89.815386, 35.14493 ], [ -89.815622, 35.145126 ], [ -89.815643, 35.145148 ], [ -89.815826, 35.145342 ], [ -89.816401, 35.14605 ], [ -89.816845, 35.146609 ], [ -89.817004, 35.146806 ], [ -89.817481, 35.147399 ], [ -89.81764, 35.147597 ], [ -89.817676, 35.147642 ], [ -89.817789, 35.147774 ], [ -89.817827, 35.147819 ], [ -89.818488, 35.147868 ], [ -89.819523, 35.147988 ], [ -89.820814, 35.148221 ], [ -89.820873, 35.148232 ], [ -89.822752, 35.148586 ], [ -89.82282, 35.148599 ], [ -89.824938, 35.149032 ], [ -89.829694, 35.149983 ], [ -89.832653, 35.150575 ], [ -89.833544, 35.150747 ], [ -89.83378, 35.150792 ], [ -89.836217, 35.151263 ], [ -89.837109, 35.151436 ], [ -89.837106, 35.151485 ], [ -89.837106, 35.151606 ], [ -89.837105, 35.151917 ], [ -89.837105, 35.152449 ], [ -89.837105, 35.153362 ], [ -89.837105, 35.153844 ], [ -89.837106, 35.15399 ], [ -89.83711, 35.154428 ], [ -89.837112, 35.154575 ], [ -89.837114, 35.154743 ], [ -89.83712, 35.15525 ], [ -89.837121, 35.155299 ], [ -89.837119, 35.155419 ], [ -89.837117, 35.155649 ], [ -89.837113, 35.156298 ], [ -89.837112, 35.15634 ], [ -89.837111, 35.156571 ], [ -89.836896, 35.156574 ], [ -89.836532, 35.156579 ], [ -89.836529, 35.156809 ], [ -89.836482, 35.16011 ], [ -89.836245, 35.16011 ], [ -89.83624, 35.160286 ], [ -89.836407, 35.160436 ], [ -89.837027, 35.160995 ], [ -89.837024, 35.161089 ], [ -89.837003, 35.161789 ], [ -89.836993, 35.162127 ], [ -89.836984, 35.162474 ], [ -89.836954, 35.163255 ], [ -89.836868, 35.165576 ], [ -89.836867, 35.165601 ], [ -89.836844, 35.166383 ], [ -89.835967, 35.166442 ], [ -89.834865, 35.166518 ], [ -89.834386, 35.166549 ], [ -89.833336, 35.166616 ], [ -89.83284, 35.166649 ], [ -89.832524, 35.166633 ], [ -89.832461, 35.16662 ], [ -89.832743, 35.16685 ], [ -89.833261, 35.167311 ], [ -89.833486, 35.167511 ], [ -89.833778, 35.167808 ], [ -89.83392, 35.167992 ], [ -89.834256, 35.168472 ], [ -89.834568, 35.168954 ], [ -89.834731, 35.169278 ], [ -89.834867, 35.169672 ], [ -89.834931, 35.16995 ], [ -89.834935, 35.169967 ], [ -89.835017, 35.170328 ], [ -89.835024, 35.17036 ], [ -89.83504, 35.17043 ], [ -89.835177, 35.17098 ], [ -89.835202, 35.171084 ], [ -89.83528, 35.171396 ], [ -89.835306, 35.171501 ], [ -89.834914, 35.171603 ], [ -89.834646, 35.171703 ], [ -89.83456, 35.171742 ], [ -89.834422, 35.171808 ], [ -89.834099, 35.171999 ], [ -89.833798, 35.172183 ], [ -89.83353, 35.172308 ], [ -89.833311, 35.17239 ], [ -89.833177, 35.172433 ], [ -89.832914, 35.17249 ], [ -89.832638, 35.172533 ], [ -89.832484, 35.172563 ], [ -89.832388, 35.172588 ], [ -89.832319, 35.172607 ], [ -89.832111, 35.17264 ], [ -89.831619, 35.172742 ], [ -89.831108, 35.172855 ], [ -89.830817, 35.172952 ], [ -89.830556, 35.173062 ], [ -89.830381, 35.173151 ], [ -89.830192, 35.173281 ], [ -89.830089, 35.173352 ], [ -89.829805, 35.173585 ], [ -89.829569, 35.173779 ], [ -89.829281, 35.173964 ], [ -89.828999, 35.174099 ], [ -89.828746, 35.174192 ], [ -89.828346, 35.174297 ], [ -89.828156, 35.174347 ], [ -89.82829, 35.174711 ], [ -89.828472, 35.175202 ], [ -89.828488, 35.175341 ], [ -89.828405, 35.176711 ], [ -89.82836, 35.177507 ], [ -89.828381, 35.177604 ], [ -89.828035, 35.178431 ], [ -89.828082, 35.178866 ], [ -89.828437, 35.178706 ], [ -89.832434, 35.17691 ], [ -89.833133, 35.176596 ], [ -89.836436, 35.175116 ], [ -89.836429, 35.175253 ], [ -89.836424, 35.17534 ], [ -89.836379, 35.176186 ], [ -89.836362, 35.176494 ], [ -89.836347, 35.176779 ], [ -89.836327, 35.177152 ], [ -89.83632, 35.177338 ], [ -89.836304, 35.177792 ], [ -89.836294, 35.178062 ], [ -89.836286, 35.178262 ], [ -89.836274, 35.17858 ], [ -89.837013, 35.178579 ], [ -89.83749, 35.1785 ], [ -89.83806, 35.178341 ], [ -89.838603, 35.178116 ], [ -89.839132, 35.17793 ], [ -89.839636, 35.177798 ], [ -89.840192, 35.177692 ], [ -89.841192, 35.177638 ], [ -89.841182, 35.17772 ], [ -89.841115, 35.177934 ], [ -89.840941, 35.178286 ], [ -89.840867, 35.178483 ], [ -89.840801, 35.179082 ], [ -89.840433, 35.180258 ], [ -89.840059, 35.181543 ], [ -89.839745, 35.182795 ], [ -89.839425, 35.18374 ], [ -89.83939, 35.183955 ], [ -89.839358, 35.184157 ], [ -89.839104, 35.184844 ], [ -89.838823, 35.1853 ], [ -89.83816, 35.186067 ], [ -89.838101, 35.186135 ], [ -89.837799, 35.186499 ], [ -89.837746, 35.186564 ], [ -89.837405, 35.186937 ], [ -89.836603, 35.187508 ], [ -89.836502, 35.187565 ], [ -89.836014, 35.187844 ], [ -89.83602, 35.187888 ], [ -89.836023, 35.187935 ], [ -89.836045, 35.18821 ], [ -89.836053, 35.188302 ], [ -89.836076, 35.188626 ], [ -89.836147, 35.189601 ], [ -89.836171, 35.189926 ], [ -89.836219, 35.190985 ], [ -89.836337, 35.193577 ], [ -89.836363, 35.194164 ], [ -89.836411, 35.195224 ], [ -89.837208, 35.195206 ], [ -89.837495, 35.195181 ], [ -89.837696, 35.195139 ], [ -89.83816, 35.19497 ], [ -89.838358, 35.194906 ], [ -89.838738, 35.194813 ], [ -89.838978, 35.194777 ], [ -89.83928, 35.194765 ], [ -89.839761, 35.194767 ], [ -89.839767, 35.194546 ], [ -89.839776, 35.194178 ], [ -89.839778, 35.194084 ], [ -89.84488, 35.194166 ], [ -89.844775, 35.194283 ], [ -89.843842, 35.195328 ], [ -89.843736, 35.195446 ], [ -89.843436, 35.195726 ], [ -89.843033, 35.1961 ], [ -89.840649, 35.198312 ], [ -89.84057, 35.198387 ], [ -89.840157, 35.198787 ], [ -89.839832, 35.199101 ], [ -89.839511, 35.199412 ], [ -89.839073, 35.199825 ], [ -89.838955, 35.199947 ], [ -89.838826, 35.200075 ], [ -89.838546, 35.200346 ], [ -89.838411, 35.200476 ], [ -89.838136, 35.200743 ], [ -89.8375, 35.201345 ], [ -89.837331, 35.201537 ], [ -89.837246, 35.201602 ], [ -89.837191, 35.201645 ], [ -89.836973, 35.201859 ], [ -89.836797, 35.202032 ], [ -89.836788, 35.202041 ], [ -89.836762, 35.202041 ], [ -89.836763, 35.202066 ], [ -89.836764, 35.20208 ], [ -89.836767, 35.20215 ], [ -89.836688, 35.202225 ], [ -89.836607, 35.202303 ], [ -89.836595, 35.202314 ], [ -89.836399, 35.202501 ], [ -89.836314, 35.202582 ], [ -89.836071, 35.202814 ], [ -89.835654, 35.203212 ], [ -89.835547, 35.203135 ], [ -89.835334, 35.203339 ], [ -89.835423, 35.2034 ], [ -89.83539, 35.203432 ], [ -89.835207, 35.203611 ], [ -89.835141, 35.203566 ], [ -89.835113, 35.203593 ], [ -89.834889, 35.203812 ], [ -89.834937, 35.203845 ], [ -89.834907, 35.203875 ], [ -89.834892, 35.203888 ], [ -89.834472, 35.2043 ], [ -89.834258, 35.204509 ], [ -89.834148, 35.20461 ], [ -89.833601, 35.205111 ], [ -89.833591, 35.20512 ], [ -89.833553, 35.205155 ], [ -89.833522, 35.205236 ], [ -89.833478, 35.205346 ], [ -89.833872, 35.205392 ], [ -89.834113, 35.205432 ], [ -89.834406, 35.205482 ], [ -89.834904, 35.205532 ], [ -89.834776, 35.205961 ], [ -89.835163, 35.205991 ], [ -89.835148, 35.206125 ], [ -89.83682, 35.206311 ], [ -89.836878, 35.206303 ], [ -89.83696, 35.206289 ], [ -89.837293, 35.206232 ], [ -89.837427, 35.206388 ], [ -89.837433, 35.206833 ], [ -89.837607, 35.207311 ], [ -89.838246, 35.207526 ], [ -89.838352, 35.208087 ], [ -89.838518, 35.208229 ], [ -89.839161, 35.208282 ], [ -89.840581, 35.208413 ], [ -89.840562, 35.208564 ], [ -89.840465, 35.209015 ], [ -89.840458, 35.209049 ], [ -89.840324, 35.20951 ], [ -89.840186, 35.209886 ], [ -89.840033, 35.21025 ], [ -89.839861, 35.210589 ], [ -89.839786, 35.210719 ], [ -89.839634, 35.210989 ], [ -89.839528, 35.211156 ], [ -89.839471, 35.211245 ], [ -89.839324, 35.211449 ], [ -89.839212, 35.211607 ], [ -89.838868, 35.21205 ], [ -89.838714, 35.212249 ], [ -89.83833, 35.212739 ], [ -89.837536, 35.21376 ], [ -89.837398, 35.213939 ], [ -89.837198, 35.214237 ], [ -89.837096, 35.214391 ], [ -89.836877, 35.214774 ], [ -89.836668, 35.215193 ], [ -89.836628, 35.215275 ], [ -89.836512, 35.21556 ], [ -89.836355, 35.216011 ], [ -89.836218, 35.21652 ], [ -89.836195, 35.216607 ], [ -89.836131, 35.21698 ], [ -89.836345, 35.216979 ], [ -89.836509, 35.216984 ], [ -89.836894, 35.216997 ], [ -89.837433, 35.216997 ], [ -89.837644, 35.217 ], [ -89.838023, 35.217008 ], [ -89.838739, 35.217026 ], [ -89.838837, 35.217028 ], [ -89.840967, 35.217079 ], [ -89.84128, 35.217089 ], [ -89.841436, 35.217094 ], [ -89.842095, 35.21711 ], [ -89.842405, 35.217117 ], [ -89.843109, 35.217134 ], [ -89.843336, 35.217119 ], [ -89.843643, 35.217081 ], [ -89.843766, 35.217062 ], [ -89.843969, 35.217017 ], [ -89.844129, 35.21697 ], [ -89.84425, 35.216936 ], [ -89.844696, 35.216795 ], [ -89.844742, 35.216782 ], [ -89.845065, 35.216693 ], [ -89.845434, 35.216628 ], [ -89.845804, 35.216598 ], [ -89.846113, 35.216597 ], [ -89.846272, 35.216609 ], [ -89.846787, 35.216649 ], [ -89.846729, 35.216811 ], [ -89.846635, 35.21707 ], [ -89.847114, 35.217158 ], [ -89.848119, 35.217235 ], [ -89.850103, 35.217242 ], [ -89.852575, 35.217141 ], [ -89.854235, 35.217627 ], [ -89.854477, 35.2174 ], [ -89.854621, 35.217265 ], [ -89.854862, 35.217387 ], [ -89.854978, 35.217443 ], [ -89.855066, 35.217481 ], [ -89.855482, 35.217661 ], [ -89.855929, 35.217826 ], [ -89.856353, 35.217951 ], [ -89.856465, 35.217976 ], [ -89.856949, 35.218087 ], [ -89.857192, 35.218131 ], [ -89.857239, 35.21814 ], [ -89.857578, 35.218186 ], [ -89.857931, 35.218212 ], [ -89.858179, 35.218231 ], [ -89.858394, 35.218239 ], [ -89.859042, 35.218264 ], [ -89.859258, 35.218273 ], [ -89.859629, 35.218286 ], [ -89.860744, 35.218326 ], [ -89.861116, 35.21834 ], [ -89.861487, 35.218349 ], [ -89.862104, 35.218364 ], [ -89.8626, 35.218378 ], [ -89.862971, 35.21839 ], [ -89.86313, 35.218391 ], [ -89.863236, 35.218396 ], [ -89.863313, 35.218454 ], [ -89.864376, 35.218492 ], [ -89.864929, 35.218537 ], [ -89.865022, 35.21855 ], [ -89.865239, 35.218579 ], [ -89.866097, 35.218728 ], [ -89.866511, 35.218788 ], [ -89.866919, 35.218823 ], [ -89.867397, 35.218844 ], [ -89.867972, 35.218866 ], [ -89.86798, 35.218826 ], [ -89.867999, 35.218737 ], [ -89.868094, 35.218735 ], [ -89.868186, 35.218734 ], [ -89.868311, 35.218733 ], [ -89.868702, 35.218714 ], [ -89.868748, 35.218707 ], [ -89.868935, 35.218684 ], [ -89.869117, 35.218661 ], [ -89.870197, 35.218487 ], [ -89.870305, 35.21847 ], [ -89.870693, 35.218415 ], [ -89.871045, 35.218381 ], [ -89.871178, 35.218378 ], [ -89.871386, 35.218372 ], [ -89.871875, 35.218379 ], [ -89.872134, 35.218394 ], [ -89.872592, 35.218447 ], [ -89.872976, 35.218511 ], [ -89.873559, 35.218646 ], [ -89.873977, 35.218778 ], [ -89.874035, 35.218797 ], [ -89.874504, 35.218982 ], [ -89.874841, 35.219139 ], [ -89.875145, 35.219294 ], [ -89.875203, 35.219324 ], [ -89.875253, 35.219349 ], [ -89.8755, 35.219468 ], [ -89.875669, 35.219549 ], [ -89.876333, 35.219867 ], [ -89.876849, 35.220042 ], [ -89.877012, 35.220081 ], [ -89.877309, 35.220142 ], [ -89.877403, 35.220162 ], [ -89.87775, 35.220204 ], [ -89.877888, 35.220213 ], [ -89.877985, 35.22022 ], [ -89.878054, 35.22022 ], [ -89.878186, 35.220221 ], [ -89.878555, 35.220226 ], [ -89.878723, 35.220228 ], [ -89.879069, 35.220231 ], [ -89.879513, 35.220237 ], [ -89.879923, 35.220274 ], [ -89.880103, 35.220305 ], [ -89.880445, 35.220366 ], [ -89.880523, 35.220382 ], [ -89.880596, 35.220396 ], [ -89.880943, 35.220466 ], [ -89.881626, 35.220606 ], [ -89.882447, 35.220724 ], [ -89.882671, 35.220757 ], [ -89.882916, 35.220845 ], [ -89.882938, 35.220846 ], [ -89.882921, 35.220911 ], [ -89.882854, 35.221216 ], [ -89.883449, 35.221283 ], [ -89.883452, 35.221322 ], [ -89.885155, 35.221312 ], [ -89.885165, 35.220865 ], [ -89.885541, 35.220867 ], [ -89.886005, 35.220869 ], [ -89.8874, 35.220875 ], [ -89.887865, 35.220877 ], [ -89.888078, 35.220878 ], [ -89.888433, 35.220881 ], [ -89.888718, 35.220896 ], [ -89.888931, 35.220918 ], [ -89.889347, 35.220951 ], [ -89.890602, 35.220971 ], [ -89.891021, 35.220978 ], [ -89.891661, 35.220992 ], [ -89.892205, 35.221004 ], [ -89.892467, 35.221034 ], [ -89.892697, 35.221079 ], [ -89.893085, 35.221198 ], [ -89.893437, 35.221287 ], [ -89.893445, 35.220522 ], [ -89.89358, 35.220524 ], [ -89.893603, 35.219697 ], [ -89.893766, 35.219694 ], [ -89.89377, 35.219267 ], [ -89.894023, 35.21927 ], [ -89.894222, 35.219272 ], [ -89.894261, 35.219272 ], [ -89.89427, 35.218952 ], [ -89.894286, 35.218398 ], [ -89.894297, 35.217992 ], [ -89.894307, 35.217673 ], [ -89.894321, 35.217172 ], [ -89.894365, 35.215673 ], [ -89.89438, 35.215173 ], [ -89.894393, 35.214789 ], [ -89.894434, 35.213639 ], [ -89.894448, 35.213256 ], [ -89.894457, 35.212891 ], [ -89.894488, 35.211796 ], [ -89.894498, 35.211432 ], [ -89.894501, 35.211313 ], [ -89.894504, 35.211208 ], [ -89.894516, 35.210838 ], [ -89.894522, 35.210548 ], [ -89.894527, 35.210306 ], [ -89.894574, 35.208323 ], [ -89.894581, 35.207899 ], [ -89.894584, 35.207781 ], [ -89.894605, 35.207016 ], [ -89.894605, 35.20693 ], [ -89.894609, 35.20686 ], [ -89.894621, 35.206409 ], [ -89.894636, 35.20591 ], [ -89.894639, 35.205789 ], [ -89.89466, 35.20542 ], [ -89.89467, 35.20526 ], [ -89.894709, 35.204863 ], [ -89.894721, 35.204748 ], [ -89.894743, 35.204595 ], [ -89.89483, 35.203995 ], [ -89.894854, 35.203865 ], [ -89.894779, 35.203797 ], [ -89.894789, 35.20372 ], [ -89.894798, 35.203667 ], [ -89.894923, 35.202807 ], [ -89.89495, 35.202614 ], [ -89.895001, 35.202261 ], [ -89.895099, 35.201545 ], [ -89.89513, 35.201314 ], [ -89.895135, 35.201253 ], [ -89.895195, 35.200546 ], [ -89.895271, 35.1989 ], [ -89.895276, 35.197191 ], [ -89.895292, 35.196412 ], [ -89.895297, 35.196207 ], [ -89.895344, 35.195531 ], [ -89.895348, 35.195471 ], [ -89.895357, 35.195353 ], [ -89.895442, 35.194403 ], [ -89.895461, 35.194194 ], [ -89.895471, 35.194082 ], [ -89.895546, 35.193307 ], [ -89.895577, 35.192906 ], [ -89.895579, 35.192878 ], [ -89.895703, 35.191593 ], [ -89.895709, 35.191531 ], [ -89.895743, 35.191165 ], [ -89.895784, 35.190703 ], [ -89.895911, 35.18932 ], [ -89.895923, 35.189189 ], [ -89.89594, 35.188982 ], [ -89.895951, 35.188859 ], [ -89.895955, 35.188809 ], [ -89.895979, 35.188536 ], [ -89.895989, 35.188426 ], [ -89.895999, 35.188329 ], [ -89.896034, 35.187963 ], [ -89.896073, 35.187569 ], [ -89.896105, 35.187247 ], [ -89.896132, 35.18697 ], [ -89.896134, 35.186938 ], [ -89.896218, 35.186013 ], [ -89.896226, 35.185925 ], [ -89.896294, 35.185863 ], [ -89.896303, 35.185734 ], [ -89.896209, 35.185727 ], [ -89.896038, 35.185713 ], [ -89.895682, 35.185669 ], [ -89.894253, 35.185496 ], [ -89.893824, 35.185449 ], [ -89.893204, 35.185383 ], [ -89.893228, 35.185206 ], [ -89.893243, 35.184907 ], [ -89.893253, 35.184307 ], [ -89.89326, 35.183919 ], [ -89.893266, 35.183693 ], [ -89.89329, 35.18349 ], [ -89.893327, 35.183363 ], [ -89.893428, 35.183169 ], [ -89.893551, 35.183014 ], [ -89.893713, 35.182872 ], [ -89.893763, 35.182838 ], [ -89.893985, 35.182717 ], [ -89.894176, 35.182653 ], [ -89.894335, 35.182615 ], [ -89.894603, 35.182594 ], [ -89.895151, 35.182601 ], [ -89.895304, 35.182605 ], [ -89.895996, 35.182623 ], [ -89.896344, 35.182613 ], [ -89.896382, 35.182613 ], [ -89.896406, 35.181211 ], [ -89.896419, 35.180464 ], [ -89.89643, 35.179936 ], [ -89.896445, 35.179155 ], [ -89.896461, 35.178531 ], [ -89.896501, 35.177907 ], [ -89.896583, 35.177262 ], [ -89.896633, 35.177019 ], [ -89.896731, 35.176549 ], [ -89.896865, 35.176067 ], [ -89.89695, 35.175801 ], [ -89.896971, 35.175739 ], [ -89.896989, 35.175687 ], [ -89.896996, 35.175667 ], [ -89.897024, 35.175589 ], [ -89.897143, 35.175271 ], [ -89.897227, 35.175059 ], [ -89.897494, 35.174487 ], [ -89.897664, 35.174172 ], [ -89.897812, 35.174044 ], [ -89.897997, 35.173733 ], [ -89.898299, 35.17327 ], [ -89.898427, 35.173095 ], [ -89.898562, 35.17291 ] ] ] } },
{ "type": "Feature", "properties": { "GEOID": "38018", "ZCTA5": "38018", "AREALAND": 48313625 }, "geometry": { "type": "Polygon", "coordinates": [ [ [ -89.837121, 35.155299 ], [ -89.83712, 35.15525 ], [ -89.837114, 35.154743 ], [ -89.837112, 35.154575 ], [ -89.83711, 35.154428 ], [ -89.837106, 35.15399 ], [ -89.837105, 35.153844 ], [ -89.837105, 35.153362 ], [ -89.837105, 35.152449 ], [ -89.837105, 35.151917 ], [ -89.837106, 35.151606 ], [ -89.837106, 35.151485 ], [ -89.837109, 35.151436 ], [ -89.836217, 35.151263 ], [ -89.83378, 35.150792 ], [ -89.833544, 35.150747 ], [ -89.832653, 35.150575 ], [ -89.829694, 35.149983 ], [ -89.824938, 35.149032 ], [ -89.82282, 35.148599 ], [ -89.822752, 35.148586 ], [ -89.820873, 35.148232 ], [ -89.820814, 35.148221 ], [ -89.819523, 35.147988 ], [ -89.818488, 35.147868 ], [ -89.817827, 35.147819 ], [ -89.817789, 35.147774 ], [ -89.817676, 35.147642 ], [ -89.81764, 35.147597 ], [ -89.817481, 35.147399 ], [ -89.817004, 35.146806 ], [ -89.816845, 35.146609 ], [ -89.816401, 35.14605 ], [ -89.815826, 35.145342 ], [ -89.815643, 35.145148 ], [ -89.815622, 35.145126 ], [ -89.815386, 35.14493 ], [ -89.814708, 35.144472 ], [ -89.81431, 35.144211 ], [ -89.812457, 35.142995 ], [ -89.81195, 35.142668 ], [ -89.81129, 35.142253 ], [ -89.810999, 35.142083 ], [ -89.810903, 35.142033 ], [ -89.809223, 35.141165 ], [ -89.808551, 35.140814 ], [ -89.80831, 35.140687 ], [ -89.808113, 35.140585 ], [ -89.807592, 35.140317 ], [ -89.806528, 35.139779 ], [ -89.805852, 35.139438 ], [ -89.805598, 35.139313 ], [ -89.804839, 35.138938 ], [ -89.804587, 35.138814 ], [ -89.804431, 35.138724 ], [ -89.804031, 35.138518 ], [ -89.803818, 35.138418 ], [ -89.803521, 35.138245 ], [ -89.803403, 35.138153 ], [ -89.803246, 35.137991 ], [ -89.803162, 35.137879 ], [ -89.803085, 35.137734 ], [ -89.803042, 35.137632 ], [ -89.803038, 35.137621 ], [ -89.802977, 35.137431 ], [ -89.80285, 35.136804 ], [ -89.802806, 35.136688 ], [ -89.802715, 35.136563 ], [ -89.802578, 35.136416 ], [ -89.80247, 35.136326 ], [ -89.802385, 35.13627 ], [ -89.802275, 35.136215 ], [ -89.802062, 35.136144 ], [ -89.801726, 35.136073 ], [ -89.800923, 35.135979 ], [ -89.800534, 35.135942 ], [ -89.799806, 35.135816 ], [ -89.79934, 35.135759 ], [ -89.799032, 35.135731 ], [ -89.79825, 35.135611 ], [ -89.798027, 35.135585 ], [ -89.796783, 35.135443 ], [ -89.796211, 35.135365 ], [ -89.796129, 35.135359 ], [ -89.796042, 35.135357 ], [ -89.796103, 35.135066 ], [ -89.796208, 35.134573 ], [ -89.796308, 35.134198 ], [ -89.796386, 35.133912 ], [ -89.796399, 35.133863 ], [ -89.796414, 35.133803 ], [ -89.796488, 35.133533 ], [ -89.796715, 35.132717 ], [ -89.79682, 35.132403 ], [ -89.796894, 35.132184 ], [ -89.796923, 35.132104 ], [ -89.796936, 35.132067 ], [ -89.796948, 35.132033 ], [ -89.796952, 35.132019 ], [ -89.796966, 35.13198 ], [ -89.796971, 35.131967 ], [ -89.796981, 35.131927 ], [ -89.796985, 35.131913 ], [ -89.797, 35.131848 ], [ -89.797029, 35.13166 ], [ -89.797042, 35.131617 ], [ -89.797086, 35.131419 ], [ -89.797103, 35.131336 ], [ -89.797159, 35.131082 ], [ -89.797196, 35.130938 ], [ -89.797588, 35.129464 ], [ -89.797754, 35.128842 ], [ -89.797772, 35.128779 ], [ -89.797794, 35.128703 ], [ -89.79785, 35.128493 ], [ -89.798035, 35.127815 ], [ -89.798134, 35.127446 ], [ -89.798229, 35.127098 ], [ -89.798309, 35.126799 ], [ -89.798487, 35.126138 ], [ -89.79854, 35.12594 ], [ -89.79855, 35.125903 ], [ -89.798639, 35.125607 ], [ -89.798854, 35.124805 ], [ -89.7995, 35.122399 ], [ -89.799716, 35.121598 ], [ -89.799816, 35.121228 ], [ -89.800118, 35.120119 ], [ -89.80022, 35.11975 ], [ -89.800235, 35.119695 ], [ -89.800368, 35.119181 ], [ -89.800641, 35.118127 ], [ -89.800666, 35.118031 ], [ -89.800691, 35.117935 ], [ -89.800717, 35.117839 ], [ -89.800744, 35.117742 ], [ -89.800817, 35.117475 ], [ -89.800928, 35.117072 ], [ -89.800954, 35.116977 ], [ -89.800957, 35.116964 ], [ -89.799472, 35.116652 ], [ -89.797056, 35.116146 ], [ -89.795355, 35.114884 ], [ -89.793806, 35.113225 ], [ -89.79291, 35.112689 ], [ -89.792824, 35.112638 ], [ -89.79129, 35.111719 ], [ -89.786573, 35.10988 ], [ -89.785978, 35.109647 ], [ -89.784169, 35.108943 ], [ -89.784176, 35.1086 ], [ -89.783932, 35.108504 ], [ -89.783334, 35.108268 ], [ -89.782833, 35.10807 ], [ -89.782355, 35.107879 ], [ -89.782316, 35.107875 ], [ -89.782245, 35.107835 ], [ -89.782172, 35.107793 ], [ -89.782022, 35.107718 ], [ -89.781939, 35.107616 ], [ -89.781918, 35.107589 ], [ -89.781863, 35.107533 ], [ -89.781796, 35.107486 ], [ -89.781691, 35.107421 ], [ -89.781598, 35.107427 ], [ -89.781465, 35.107428 ], [ -89.781421, 35.107425 ], [ -89.781334, 35.107411 ], [ -89.781251, 35.107386 ], [ -89.780397, 35.107031 ], [ -89.77968, 35.106733 ], [ -89.779606, 35.106693 ], [ -89.778958, 35.106415 ], [ -89.778125, 35.106057 ], [ -89.777961, 35.106004 ], [ -89.777874, 35.105989 ], [ -89.777826, 35.105941 ], [ -89.777759, 35.105894 ], [ -89.777722, 35.105875 ], [ -89.777562, 35.105813 ], [ -89.777238, 35.1057 ], [ -89.776874, 35.105582 ], [ -89.776459, 35.105448 ], [ -89.77608, 35.105351 ], [ -89.776, 35.10532 ], [ -89.775887, 35.105318 ], [ -89.775327, 35.105215 ], [ -89.775238, 35.105215 ], [ -89.775151, 35.105226 ], [ -89.775082, 35.105201 ], [ -89.774911, 35.105167 ], [ -89.774785, 35.105134 ], [ -89.774699, 35.105118 ], [ -89.774655, 35.105115 ], [ -89.774566, 35.105117 ], [ -89.774435, 35.105134 ], [ -89.774351, 35.105156 ], [ -89.774017, 35.105076 ], [ -89.773931, 35.105061 ], [ -89.773843, 35.105054 ], [ -89.773756, 35.104986 ], [ -89.773684, 35.104945 ], [ -89.773605, 35.104913 ], [ -89.77352, 35.104893 ], [ -89.771841, 35.104584 ], [ -89.770282, 35.104307 ], [ -89.769771, 35.104217 ], [ -89.769684, 35.104206 ], [ -89.769639, 35.104204 ], [ -89.769551, 35.104211 ], [ -89.769512, 35.104204 ], [ -89.769436, 35.104166 ], [ -89.769354, 35.10414 ], [ -89.768622, 35.104005 ], [ -89.768362, 35.103963 ], [ -89.768068, 35.103928 ], [ -89.767772, 35.103892 ], [ -89.767282, 35.103833 ], [ -89.766886, 35.103784 ], [ -89.766591, 35.103749 ], [ -89.766525, 35.103741 ], [ -89.76633, 35.103717 ], [ -89.766265, 35.10371 ], [ -89.766189, 35.10372 ], [ -89.766144, 35.103721 ], [ -89.765208, 35.103623 ], [ -89.764962, 35.103598 ], [ -89.764789, 35.103569 ], [ -89.764659, 35.103552 ], [ -89.764272, 35.103476 ], [ -89.763862, 35.103342 ], [ -89.763737, 35.103308 ], [ -89.763536, 35.103234 ], [ -89.763483, 35.103218 ], [ -89.763287, 35.103158 ], [ -89.763207, 35.103129 ], [ -89.763123, 35.103105 ], [ -89.762996, 35.103075 ], [ -89.762865, 35.103057 ], [ -89.762734, 35.103044 ], [ -89.76238, 35.103028 ], [ -89.762292, 35.103034 ], [ -89.762103, 35.103077 ], [ -89.761868, 35.103133 ], [ -89.761569, 35.103197 ], [ -89.761086, 35.103374 ], [ -89.760998, 35.10335 ], [ -89.760911, 35.103336 ], [ -89.760823, 35.103334 ], [ -89.760779, 35.103339 ], [ -89.759601, 35.103579 ], [ -89.759136, 35.103674 ], [ -89.757758, 35.103955 ], [ -89.757549, 35.103998 ], [ -89.757391, 35.104031 ], [ -89.757303, 35.104037 ], [ -89.757259, 35.104036 ], [ -89.757199, 35.104068 ], [ -89.757118, 35.104097 ], [ -89.755015, 35.104525 ], [ -89.754891, 35.104563 ], [ -89.754701, 35.104654 ], [ -89.754634, 35.104642 ], [ -89.754546, 35.104635 ], [ -89.754502, 35.104636 ], [ -89.754415, 35.104648 ], [ -89.752147, 35.105105 ], [ -89.751331, 35.10527 ], [ -89.750441, 35.105482 ], [ -89.750018, 35.105601 ], [ -89.749889, 35.105634 ], [ -89.749861, 35.105428 ], [ -89.749621, 35.105516 ], [ -89.749111, 35.105565 ], [ -89.748644, 35.105718 ], [ -89.748294, 35.1058 ], [ -89.747344, 35.106011 ], [ -89.747143, 35.10607 ], [ -89.746588, 35.106158 ], [ -89.745289, 35.106482 ], [ -89.745088, 35.10653 ], [ -89.744538, 35.106783 ], [ -89.744229, 35.10689 ], [ -89.743895, 35.106948 ], [ -89.743541, 35.10695 ], [ -89.743167, 35.106986 ], [ -89.742806, 35.107021 ], [ -89.742317, 35.107181 ], [ -89.742061, 35.107344 ], [ -89.741854, 35.107359 ], [ -89.741754, 35.107391 ], [ -89.741505, 35.10757 ], [ -89.741167, 35.107908 ], [ -89.74083, 35.108135 ], [ -89.740567, 35.10838 ], [ -89.740464, 35.108533 ], [ -89.740319, 35.108922 ], [ -89.740128, 35.109294 ], [ -89.739985, 35.109447 ], [ -89.739757, 35.109555 ], [ -89.739503, 35.109569 ], [ -89.739118, 35.109412 ], [ -89.7389, 35.109278 ], [ -89.738416, 35.109026 ], [ -89.738091, 35.108914 ], [ -89.737931, 35.108857 ], [ -89.737371, 35.108826 ], [ -89.737593, 35.109504 ], [ -89.737521, 35.109893 ], [ -89.737404, 35.110233 ], [ -89.737176, 35.110511 ], [ -89.736992, 35.110656 ], [ -89.736719, 35.110789 ], [ -89.736386, 35.110867 ], [ -89.736157, 35.110834 ], [ -89.735712, 35.110739 ], [ -89.734845, 35.110565 ], [ -89.734815, 35.110578 ], [ -89.734754, 35.110599 ], [ -89.734641, 35.110622 ], [ -89.73457, 35.110627 ], [ -89.734498, 35.110625 ], [ -89.734428, 35.110616 ], [ -89.734359, 35.110601 ], [ -89.734293, 35.110579 ], [ -89.73423, 35.11055 ], [ -89.734172, 35.110516 ], [ -89.734119, 35.110477 ], [ -89.734072, 35.110433 ], [ -89.733976, 35.110321 ], [ -89.733887, 35.110205 ], [ -89.733729, 35.109964 ], [ -89.733599, 35.109712 ], [ -89.733146, 35.108832 ], [ -89.73282, 35.108193 ], [ -89.732758, 35.108069 ], [ -89.732446, 35.107442 ], [ -89.731539, 35.105631 ], [ -89.731547, 35.105786 ], [ -89.731527, 35.106216 ], [ -89.731458, 35.107573 ], [ -89.731375, 35.109096 ], [ -89.731451, 35.10979 ], [ -89.731497, 35.110028 ], [ -89.73155, 35.110242 ], [ -89.731676, 35.110606 ], [ -89.731809, 35.110929 ], [ -89.731888, 35.111108 ], [ -89.731976, 35.111267 ], [ -89.732061, 35.111408 ], [ -89.73214, 35.111534 ], [ -89.732266, 35.111714 ], [ -89.732381, 35.111868 ], [ -89.732521, 35.112039 ], [ -89.732672, 35.112219 ], [ -89.732803, 35.112355 ], [ -89.732935, 35.112484 ], [ -89.733124, 35.112654 ], [ -89.733334, 35.112835 ], [ -89.733555, 35.113023 ], [ -89.734192, 35.113544 ], [ -89.734747, 35.114012 ], [ -89.735358, 35.114529 ], [ -89.735837, 35.114933 ], [ -89.735965, 35.115043 ], [ -89.736051, 35.11513 ], [ -89.736132, 35.115221 ], [ -89.736226, 35.115342 ], [ -89.73632, 35.115483 ], [ -89.736397, 35.115626 ], [ -89.736444, 35.11574 ], [ -89.736528, 35.116007 ], [ -89.736554, 35.116147 ], [ -89.736562, 35.116301 ], [ -89.736561, 35.11647 ], [ -89.736543, 35.116624 ], [ -89.736508, 35.116779 ], [ -89.736471, 35.116907 ], [ -89.736396, 35.117106 ], [ -89.736215, 35.117577 ], [ -89.73551, 35.119368 ], [ -89.735237, 35.120077 ], [ -89.735036, 35.120614 ], [ -89.734804, 35.12121 ], [ -89.734742, 35.121358 ], [ -89.7347, 35.121446 ], [ -89.734626, 35.121578 ], [ -89.734575, 35.121664 ], [ -89.734525, 35.121727 ], [ -89.734462, 35.121809 ], [ -89.734385, 35.121894 ], [ -89.734247, 35.122028 ], [ -89.734114, 35.122135 ], [ -89.733865, 35.1223 ], [ -89.732548, 35.122581 ], [ -89.732377, 35.122618 ], [ -89.730269, 35.123069 ], [ -89.72849, 35.12345 ], [ -89.728202, 35.123512 ], [ -89.727975, 35.123558 ], [ -89.727297, 35.123699 ], [ -89.727071, 35.123746 ], [ -89.724316, 35.124345 ], [ -89.716531, 35.126039 ], [ -89.716054, 35.126142 ], [ -89.713301, 35.126742 ], [ -89.712737, 35.126863 ], [ -89.711049, 35.127227 ], [ -89.710486, 35.127349 ], [ -89.710486, 35.127408 ], [ -89.710478, 35.127683 ], [ -89.710452, 35.128687 ], [ -89.710445, 35.128984 ], [ -89.710444, 35.129022 ], [ -89.710418, 35.129904 ], [ -89.710361, 35.131916 ], [ -89.710368, 35.132306 ], [ -89.719029, 35.132278 ], [ -89.719039, 35.135441 ], [ -89.718525, 35.135525 ], [ -89.718553, 35.136867 ], [ -89.719023, 35.136923 ], [ -89.719012, 35.137556 ], [ -89.71777, 35.137552 ], [ -89.717965, 35.139891 ], [ -89.717276, 35.141266 ], [ -89.717502, 35.141661 ], [ -89.71803, 35.141962 ], [ -89.718935, 35.142075 ], [ -89.718917, 35.143166 ], [ -89.716372, 35.1431 ], [ -89.716372, 35.143334 ], [ -89.715685, 35.143358 ], [ -89.715555, 35.144253 ], [ -89.713962, 35.144198 ], [ -89.713061, 35.143676 ], [ -89.713119, 35.145634 ], [ -89.711878, 35.145595 ], [ -89.711283, 35.145562 ], [ -89.711147, 35.14588 ], [ -89.710977, 35.146282 ], [ -89.710729, 35.146832 ], [ -89.710693, 35.146914 ], [ -89.710595, 35.147152 ], [ -89.710502, 35.147328 ], [ -89.710412, 35.14745 ], [ -89.710213, 35.147639 ], [ -89.709661, 35.148137 ], [ -89.7093, 35.148484 ], [ -89.709044, 35.148781 ], [ -89.708853, 35.149031 ], [ -89.708826, 35.149072 ], [ -89.708745, 35.149203 ], [ -89.708695, 35.149315 ], [ -89.708538, 35.149709 ], [ -89.708487, 35.149869 ], [ -89.708391, 35.150265 ], [ -89.708288, 35.150795 ], [ -89.708276, 35.150896 ], [ -89.708308, 35.151144 ], [ -89.708383, 35.151295 ], [ -89.708603, 35.151557 ], [ -89.70883, 35.151793 ], [ -89.709248, 35.152204 ], [ -89.709358, 35.15235 ], [ -89.709467, 35.152536 ], [ -89.709823, 35.153221 ], [ -89.710062, 35.1538 ], [ -89.710226, 35.154291 ], [ -89.710271, 35.15449 ], [ -89.710283, 35.154742 ], [ -89.710244, 35.155236 ], [ -89.710119, 35.156246 ], [ -89.710078, 35.156588 ], [ -89.709854, 35.157647 ], [ -89.709794, 35.158078 ], [ -89.709747, 35.158534 ], [ -89.709741, 35.158839 ], [ -89.709965, 35.159009 ], [ -89.71028, 35.159218 ], [ -89.710388, 35.159269 ], [ -89.71045, 35.159299 ], [ -89.710641, 35.159346 ], [ -89.710896, 35.159362 ], [ -89.712715, 35.159312 ], [ -89.713495, 35.159292 ], [ -89.714138, 35.159277 ], [ -89.714503, 35.159269 ], [ -89.714523, 35.159269 ], [ -89.715447, 35.159254 ], [ -89.715937, 35.159265 ], [ -89.716069, 35.159277 ], [ -89.716254, 35.159296 ], [ -89.716702, 35.159395 ], [ -89.716969, 35.159482 ], [ -89.717057, 35.159511 ], [ -89.71733, 35.159601 ], [ -89.717778, 35.15973 ], [ -89.717819, 35.159742 ], [ -89.718052, 35.159796 ], [ -89.718158, 35.159814 ], [ -89.718301, 35.15984 ], [ -89.71844, 35.159853 ], [ -89.718478, 35.159856 ], [ -89.718586, 35.159867 ], [ -89.718721, 35.15988 ], [ -89.718847, 35.159883 ], [ -89.719404, 35.159898 ], [ -89.719632, 35.159903 ], [ -89.719894, 35.159909 ], [ -89.720257, 35.159918 ], [ -89.720927, 35.159937 ], [ -89.721042, 35.159938 ], [ -89.721142, 35.15994 ], [ -89.721418, 35.159944 ], [ -89.721629, 35.159948 ], [ -89.721821, 35.159949 ], [ -89.722369, 35.159958 ], [ -89.722671, 35.159964 ], [ -89.722737, 35.159966 ], [ -89.722951, 35.159971 ], [ -89.723163, 35.159977 ], [ -89.723934, 35.159998 ], [ -89.725991, 35.160056 ], [ -89.726552, 35.160072 ], [ -89.727096, 35.160081 ], [ -89.727516, 35.160088 ], [ -89.727805, 35.160098 ], [ -89.728382, 35.160106 ], [ -89.729309, 35.160119 ], [ -89.730982, 35.160178 ], [ -89.731849, 35.160209 ], [ -89.731913, 35.160211 ], [ -89.732107, 35.16022 ], [ -89.732172, 35.160223 ], [ -89.732334, 35.16023 ], [ -89.732779, 35.160251 ], [ -89.732822, 35.160256 ], [ -89.732984, 35.160276 ], [ -89.733266, 35.160314 ], [ -89.733519, 35.160367 ], [ -89.733608, 35.160386 ], [ -89.733947, 35.160483 ], [ -89.734344, 35.160617 ], [ -89.734884, 35.160854 ], [ -89.735047, 35.160925 ], [ -89.735314, 35.161043 ], [ -89.735545, 35.161145 ], [ -89.735731, 35.161235 ], [ -89.735908, 35.161316 ], [ -89.736358, 35.161522 ], [ -89.737008, 35.161811 ], [ -89.737376, 35.161975 ], [ -89.737894, 35.162211 ], [ -89.737954, 35.162236 ], [ -89.738606, 35.162507 ], [ -89.739746, 35.162872 ], [ -89.740334, 35.163061 ], [ -89.740351, 35.163067 ], [ -89.740618, 35.163152 ], [ -89.74086, 35.163221 ], [ -89.741077, 35.163283 ], [ -89.741548, 35.163371 ], [ -89.741973, 35.163413 ], [ -89.742439, 35.163427 ], [ -89.742972, 35.163445 ], [ -89.743071, 35.16271 ], [ -89.743081, 35.162657 ], [ -89.743147, 35.162338 ], [ -89.743222, 35.162141 ], [ -89.743309, 35.161969 ], [ -89.743435, 35.161776 ], [ -89.743611, 35.16153 ], [ -89.743831, 35.161243 ], [ -89.744003, 35.160958 ], [ -89.744092, 35.160765 ], [ -89.744149, 35.160558 ], [ -89.744186, 35.160427 ], [ -89.744333, 35.159785 ], [ -89.744513, 35.159822 ], [ -89.744907, 35.159857 ], [ -89.74492, 35.159856 ], [ -89.745281, 35.159841 ], [ -89.745694, 35.159817 ], [ -89.746127, 35.159804 ], [ -89.746695, 35.159815 ], [ -89.747288, 35.159827 ], [ -89.748466, 35.159877 ], [ -89.749044, 35.159888 ], [ -89.749629, 35.159911 ], [ -89.749983, 35.159926 ], [ -89.750681, 35.159945 ], [ -89.750914, 35.159931 ], [ -89.751469, 35.159868 ], [ -89.751733, 35.159819 ], [ -89.751617, 35.16201 ], [ -89.751602, 35.162142 ], [ -89.751502, 35.162604 ], [ -89.751286, 35.163667 ], [ -89.751376, 35.163669 ], [ -89.751646, 35.163675 ], [ -89.751736, 35.163678 ], [ -89.752193, 35.163338 ], [ -89.752573, 35.163053 ], [ -89.752955, 35.162822 ], [ -89.753025, 35.162782 ], [ -89.754157, 35.162155 ], [ -89.754853, 35.161836 ], [ -89.755942, 35.161444 ], [ -89.75682, 35.161179 ], [ -89.757375, 35.161012 ], [ -89.758255, 35.160748 ], [ -89.758881, 35.16056 ], [ -89.759412, 35.160412 ], [ -89.759915, 35.160273 ], [ -89.760509, 35.160118 ], [ -89.761012, 35.159982 ], [ -89.761372, 35.159885 ], [ -89.761545, 35.159839 ], [ -89.761628, 35.159816 ], [ -89.761842, 35.159756 ], [ -89.762104, 35.159682 ], [ -89.762691, 35.159517 ], [ -89.763353, 35.159326 ], [ -89.765028, 35.158844 ], [ -89.767, 35.158297 ], [ -89.768773, 35.15777 ], [ -89.770576, 35.157236 ], [ -89.771367, 35.157003 ], [ -89.77135, 35.157446 ], [ -89.772024, 35.157397 ], [ -89.772612, 35.157195 ], [ -89.773219, 35.156924 ], [ -89.773342, 35.156863 ], [ -89.773485, 35.157008 ], [ -89.773507, 35.157067 ], [ -89.773548, 35.157173 ], [ -89.773898, 35.157037 ], [ -89.77393, 35.157085 ], [ -89.774017, 35.157064 ], [ -89.774011, 35.157313 ], [ -89.775732, 35.157346 ], [ -89.775736, 35.157232 ], [ -89.775809, 35.156953 ], [ -89.776037, 35.1569 ], [ -89.776458, 35.156876 ], [ -89.776626, 35.15691 ], [ -89.776712, 35.156928 ], [ -89.777004, 35.157045 ], [ -89.777022, 35.157022 ], [ -89.777076, 35.156953 ], [ -89.777094, 35.15693 ], [ -89.777167, 35.156835 ], [ -89.777388, 35.156551 ], [ -89.777462, 35.156457 ], [ -89.777436, 35.156384 ], [ -89.777436, 35.156347 ], [ -89.77744, 35.155998 ], [ -89.77745, 35.15589 ], [ -89.777556, 35.155891 ], [ -89.777874, 35.155896 ], [ -89.77798, 35.155898 ], [ -89.778315, 35.155904 ], [ -89.779174, 35.15592 ], [ -89.779323, 35.155923 ], [ -89.779659, 35.155932 ], [ -89.780073, 35.155943 ], [ -89.780279, 35.155948 ], [ -89.780265, 35.15635 ], [ -89.780259, 35.156527 ], [ -89.78023, 35.157437 ], [ -89.780225, 35.157559 ], [ -89.780223, 35.157632 ], [ -89.780208, 35.157962 ], [ -89.781495, 35.15805 ], [ -89.783493, 35.158187 ], [ -89.783523, 35.15898 ], [ -89.784605, 35.158957 ], [ -89.784647, 35.158956 ], [ -89.784652, 35.158498 ], [ -89.78496, 35.158226 ], [ -89.78517, 35.158042 ], [ -89.785134, 35.158008 ], [ -89.785333, 35.15787 ], [ -89.785492, 35.157782 ], [ -89.785726, 35.157655 ], [ -89.786151, 35.157474 ], [ -89.786666, 35.157295 ], [ -89.786695, 35.157286 ], [ -89.78708, 35.157203 ], [ -89.787199, 35.157188 ], [ -89.78732, 35.157177 ], [ -89.787809, 35.157137 ], [ -89.788043, 35.157134 ], [ -89.788125, 35.157134 ], [ -89.788269, 35.157133 ], [ -89.788285, 35.157134 ], [ -89.788284, 35.15706 ], [ -89.788284, 35.156987 ], [ -89.788283, 35.156661 ], [ -89.788453, 35.156697 ], [ -89.788536, 35.156714 ], [ -89.788619, 35.156732 ], [ -89.789592, 35.156938 ], [ -89.790813, 35.157198 ], [ -89.79152, 35.157348 ], [ -89.791681, 35.157382 ], [ -89.791841, 35.157416 ], [ -89.791864, 35.157332 ], [ -89.791882, 35.157243 ], [ -89.791912, 35.157092 ], [ -89.791928, 35.156801 ], [ -89.79194, 35.156575 ], [ -89.791949, 35.156416 ], [ -89.791962, 35.155797 ], [ -89.792012, 35.154637 ], [ -89.792015, 35.154563 ], [ -89.792045, 35.153893 ], [ -89.792672, 35.153905 ], [ -89.792714, 35.153906 ], [ -89.794194, 35.153948 ], [ -89.794556, 35.153956 ], [ -89.795184, 35.153972 ], [ -89.795188, 35.154021 ], [ -89.7952, 35.15417 ], [ -89.795204, 35.15422 ], [ -89.795374, 35.154229 ], [ -89.795388, 35.15423 ], [ -89.795409, 35.154509 ], [ -89.795448, 35.155024 ], [ -89.795468, 35.15529 ], [ -89.795491, 35.155748 ], [ -89.795502, 35.156364 ], [ -89.797893, 35.156492 ], [ -89.797954, 35.15582 ], [ -89.797979, 35.155753 ], [ -89.8002, 35.155841 ], [ -89.800317, 35.155896 ], [ -89.800396, 35.155848 ], [ -89.800613, 35.155737 ], [ -89.800742, 35.155672 ], [ -89.800768, 35.15566 ], [ -89.800941, 35.155597 ], [ -89.801182, 35.156001 ], [ -89.801546, 35.155856 ], [ -89.801599, 35.156101 ], [ -89.801503, 35.156318 ], [ -89.801538, 35.156475 ], [ -89.801559, 35.156571 ], [ -89.801587, 35.156656 ], [ -89.801704, 35.156839 ], [ -89.801894, 35.156993 ], [ -89.802078, 35.157075 ], [ -89.803201, 35.157335 ], [ -89.803282, 35.157339 ], [ -89.803397, 35.157456 ], [ -89.803352, 35.157579 ], [ -89.803271, 35.157812 ], [ -89.803245, 35.157889 ], [ -89.803223, 35.157952 ], [ -89.803196, 35.15803 ], [ -89.803173, 35.158095 ], [ -89.80315, 35.15816 ], [ -89.803123, 35.158238 ], [ -89.8031, 35.158305 ], [ -89.803078, 35.158368 ], [ -89.803052, 35.158446 ], [ -89.803032, 35.15851 ], [ -89.803005, 35.158595 ], [ -89.802973, 35.158697 ], [ -89.802938, 35.158808 ], [ -89.802922, 35.158861 ], [ -89.803598, 35.15897 ], [ -89.803681, 35.158979 ], [ -89.803768, 35.158983 ], [ -89.803968, 35.159019 ], [ -89.804077, 35.159033 ], [ -89.804221, 35.159051 ], [ -89.804299, 35.159062 ], [ -89.804453, 35.159083 ], [ -89.80514, 35.159176 ], [ -89.80552, 35.159224 ], [ -89.805599, 35.159246 ], [ -89.805886, 35.159324 ], [ -89.806238, 35.15942 ], [ -89.806397, 35.159487 ], [ -89.806764, 35.159656 ], [ -89.807072, 35.159857 ], [ -89.807151, 35.159909 ], [ -89.807505, 35.160167 ], [ -89.807658, 35.160348 ], [ -89.807717, 35.160417 ], [ -89.814549, 35.158496 ], [ -89.814942, 35.159426 ], [ -89.815384, 35.159575 ], [ -89.816674, 35.160009 ], [ -89.816799, 35.159588 ], [ -89.816861, 35.159348 ], [ -89.816883, 35.159181 ], [ -89.816916, 35.160889 ], [ -89.816945, 35.161611 ], [ -89.816775, 35.167736 ], [ -89.816774, 35.167778 ], [ -89.816783, 35.16844 ], [ -89.816735, 35.169832 ], [ -89.816619, 35.172337 ], [ -89.817151, 35.172369 ], [ -89.817716, 35.172403 ], [ -89.818289, 35.172422 ], [ -89.818648, 35.172415 ], [ -89.819143, 35.172384 ], [ -89.819476, 35.172322 ], [ -89.819805, 35.172218 ], [ -89.820134, 35.172075 ], [ -89.820586, 35.171838 ], [ -89.820847, 35.171676 ], [ -89.821527, 35.171186 ], [ -89.822261, 35.170679 ], [ -89.823199, 35.170097 ], [ -89.82325, 35.170062 ], [ -89.823277, 35.170049 ], [ -89.823971, 35.169643 ], [ -89.824272, 35.169491 ], [ -89.824514, 35.169406 ], [ -89.824595, 35.169384 ], [ -89.82476, 35.169355 ], [ -89.825457, 35.169277 ], [ -89.825791, 35.169224 ], [ -89.826075, 35.169158 ], [ -89.826474, 35.16902 ], [ -89.827012, 35.168813 ], [ -89.827159, 35.16873 ], [ -89.827347, 35.168574 ], [ -89.827646, 35.168259 ], [ -89.827701, 35.168203 ], [ -89.827899, 35.167954 ], [ -89.82808, 35.167714 ], [ -89.828157, 35.167633 ], [ -89.828233, 35.167583 ], [ -89.828275, 35.167556 ], [ -89.828409, 35.167499 ], [ -89.82881, 35.167401 ], [ -89.829008, 35.167354 ], [ -89.829122, 35.167327 ], [ -89.829465, 35.16725 ], [ -89.82958, 35.167224 ], [ -89.830004, 35.167129 ], [ -89.831277, 35.166847 ], [ -89.831702, 35.166753 ], [ -89.831852, 35.166719 ], [ -89.832263, 35.166629 ], [ -89.832306, 35.166627 ], [ -89.832461, 35.16662 ], [ -89.832524, 35.166633 ], [ -89.83284, 35.166649 ], [ -89.833336, 35.166616 ], [ -89.834386, 35.166549 ], [ -89.834865, 35.166518 ], [ -89.835967, 35.166442 ], [ -89.836844, 35.166383 ], [ -89.836867, 35.165601 ], [ -89.836868, 35.165576 ], [ -89.836954, 35.163255 ], [ -89.836984, 35.162474 ], [ -89.836993, 35.162127 ], [ -89.837003, 35.161789 ], [ -89.837024, 35.161089 ], [ -89.837027, 35.160995 ], [ -89.836407, 35.160436 ], [ -89.83624, 35.160286 ], [ -89.836245, 35.16011 ], [ -89.836482, 35.16011 ], [ -89.836529, 35.156809 ], [ -89.836532, 35.156579 ], [ -89.836896, 35.156574 ], [ -89.837111, 35.156571 ], [ -89.837112, 35.15634 ], [ -89.837113, 35.156298 ], [ -89.837117, 35.155649 ], [ -89.837119, 35.155419 ], [ -89.837121, 35.155299 ] ] ] } },
{ "type": "Feature", "properties": { "GEOID": "38139", "ZCTA5": "38139", "AREALAND": 22553689 }, "geometry": { "type": "Polygon", "coordinates": [ [ [ -89.790884, 35.084027 ], [ -89.790935, 35.083919 ], [ -89.790491, 35.083725 ], [ -89.789755, 35.083344 ], [ -89.789263, 35.083092 ], [ -89.787074, 35.081995 ], [ -89.78652, 35.081711 ], [ -89.78621, 35.081551 ], [ -89.78504, 35.080947 ], [ -89.783709, 35.080299 ], [ -89.782218, 35.079573 ], [ -89.782095, 35.079513 ], [ -89.781016, 35.07896 ], [ -89.779733, 35.078326 ], [ -89.779609, 35.078266 ], [ -89.778417, 35.077657 ], [ -89.775916, 35.076388 ], [ -89.773643, 35.075305 ], [ -89.773602, 35.075284 ], [ -89.773009, 35.074993 ], [ -89.770237, 35.073591 ], [ -89.769861, 35.073405 ], [ -89.769343, 35.073149 ], [ -89.768961, 35.072959 ], [ -89.768743, 35.072847 ], [ -89.768491, 35.072721 ], [ -89.768372, 35.072661 ], [ -89.767574, 35.072264 ], [ -89.766011, 35.071486 ], [ -89.765183, 35.071074 ], [ -89.764386, 35.070678 ], [ -89.764324, 35.070646 ], [ -89.764191, 35.07058 ], [ -89.764138, 35.070555 ], [ -89.764078, 35.070524 ], [ -89.762107, 35.069536 ], [ -89.762004, 35.069484 ], [ -89.760906, 35.068941 ], [ -89.760325, 35.068659 ], [ -89.759812, 35.068411 ], [ -89.759374, 35.068196 ], [ -89.758846, 35.067933 ], [ -89.758705, 35.067857 ], [ -89.758005, 35.067488 ], [ -89.757857, 35.067413 ], [ -89.756964, 35.066969 ], [ -89.756649, 35.066805 ], [ -89.755955, 35.066445 ], [ -89.755591, 35.066271 ], [ -89.755563, 35.066256 ], [ -89.755124, 35.066047 ], [ -89.754452, 35.065717 ], [ -89.754338, 35.065661 ], [ -89.753921, 35.065457 ], [ -89.753757, 35.065376 ], [ -89.753271, 35.065137 ], [ -89.752513, 35.064763 ], [ -89.751732, 35.064384 ], [ -89.751324, 35.064186 ], [ -89.751111, 35.064084 ], [ -89.750676, 35.063867 ], [ -89.750279, 35.063636 ], [ -89.749375, 35.063218 ], [ -89.749267, 35.063165 ], [ -89.748981, 35.063027 ], [ -89.748617, 35.062844 ], [ -89.748509, 35.06279 ], [ -89.747941, 35.062534 ], [ -89.747863, 35.062496 ], [ -89.747836, 35.062483 ], [ -89.74766, 35.062399 ], [ -89.74675, 35.061906 ], [ -89.746541, 35.061784 ], [ -89.746341, 35.061655 ], [ -89.746134, 35.061509 ], [ -89.745682, 35.061183 ], [ -89.745368, 35.060934 ], [ -89.744767, 35.060432 ], [ -89.744673, 35.060353 ], [ -89.74392, 35.059707 ], [ -89.743783, 35.059585 ], [ -89.741331, 35.057458 ], [ -89.741224, 35.057366 ], [ -89.741071, 35.057234 ], [ -89.740747, 35.056955 ], [ -89.740144, 35.056434 ], [ -89.739006, 35.05548 ], [ -89.738949, 35.055432 ], [ -89.738908, 35.055397 ], [ -89.738864, 35.055359 ], [ -89.738696, 35.055209 ], [ -89.738193, 35.054759 ], [ -89.738025, 35.054609 ], [ -89.737951, 35.054543 ], [ -89.737914, 35.05451 ], [ -89.737873, 35.054474 ], [ -89.737692, 35.054318 ], [ -89.737599, 35.054239 ], [ -89.737219, 35.053938 ], [ -89.736829, 35.053654 ], [ -89.736654, 35.053528 ], [ -89.736095, 35.053172 ], [ -89.735441, 35.052802 ], [ -89.735078, 35.052619 ], [ -89.734689, 35.052436 ], [ -89.734326, 35.052281 ], [ -89.73429, 35.052265 ], [ -89.733704, 35.05204 ], [ -89.733387, 35.051913 ], [ -89.733202, 35.051854 ], [ -89.733099, 35.05182 ], [ -89.733042, 35.051799 ], [ -89.732955, 35.05177 ], [ -89.732647, 35.05166 ], [ -89.732597, 35.051642 ], [ -89.732598, 35.051604 ], [ -89.732602, 35.051468 ], [ -89.732609, 35.051136 ], [ -89.732611, 35.051048 ], [ -89.732612, 35.050961 ], [ -89.732632, 35.049771 ], [ -89.732663, 35.048423 ], [ -89.732709, 35.047123 ], [ -89.732546, 35.047127 ], [ -89.732548, 35.047313 ], [ -89.732551, 35.047524 ], [ -89.732542, 35.047884 ], [ -89.732529, 35.04842 ], [ -89.732497, 35.049766 ], [ -89.732485, 35.050158 ], [ -89.732464, 35.050916 ], [ -89.73246, 35.051017 ], [ -89.73246, 35.051037 ], [ -89.732454, 35.051323 ], [ -89.732453, 35.051426 ], [ -89.732455, 35.051466 ], [ -89.732461, 35.051587 ], [ -89.732462, 35.051607 ], [ -89.732463, 35.051628 ], [ -89.732473, 35.051727 ], [ -89.732487, 35.051867 ], [ -89.732474, 35.052272 ], [ -89.732434, 35.053111 ], [ -89.732391, 35.053546 ], [ -89.732303, 35.054153 ], [ -89.732237, 35.054796 ], [ -89.732223, 35.055322 ], [ -89.732219, 35.055477 ], [ -89.732207, 35.055999 ], [ -89.732205, 35.05609 ], [ -89.732191, 35.056781 ], [ -89.732154, 35.05877 ], [ -89.732102, 35.061519 ], [ -89.732067, 35.06336 ], [ -89.73206, 35.063789 ], [ -89.732039, 35.064897 ], [ -89.732008, 35.065226 ], [ -89.732003, 35.065282 ], [ -89.731971, 35.065444 ], [ -89.731937, 35.065582 ], [ -89.731813, 35.065961 ], [ -89.731636, 35.06634 ], [ -89.731616, 35.066374 ], [ -89.7312, 35.06709 ], [ -89.730867, 35.06766 ], [ -89.730708, 35.068031 ], [ -89.730611, 35.068331 ], [ -89.73053, 35.068742 ], [ -89.730405, 35.069756 ], [ -89.7304, 35.069817 ], [ -89.730367, 35.070209 ], [ -89.730304, 35.070703 ], [ -89.730165, 35.071796 ], [ -89.730116, 35.072235 ], [ -89.730086, 35.072968 ], [ -89.73008, 35.073367 ], [ -89.73007, 35.074097 ], [ -89.730121, 35.074186 ], [ -89.73012, 35.074246 ], [ -89.730113, 35.074458 ], [ -89.730098, 35.074983 ], [ -89.730094, 35.075097 ], [ -89.730088, 35.075276 ], [ -89.730087, 35.07531 ], [ -89.730078, 35.075517 ], [ -89.730052, 35.07614 ], [ -89.730044, 35.076348 ], [ -89.730043, 35.076392 ], [ -89.730043, 35.076429 ], [ -89.730002, 35.077539 ], [ -89.729982, 35.077989 ], [ -89.729958, 35.078968 ], [ -89.729963, 35.079874 ], [ -89.72999, 35.080806 ], [ -89.72999, 35.081629 ], [ -89.729941, 35.082652 ], [ -89.729824, 35.083639 ], [ -89.729819, 35.083708 ], [ -89.729792, 35.08391 ], [ -89.729781, 35.084003 ], [ -89.729773, 35.084246 ], [ -89.729764, 35.084492 ], [ -89.729752, 35.084882 ], [ -89.729719, 35.086418 ], [ -89.72971, 35.086852 ], [ -89.729709, 35.086914 ], [ -89.729687, 35.087639 ], [ -89.729673, 35.088166 ], [ -89.729649, 35.088699 ], [ -89.729629, 35.089175 ], [ -89.729624, 35.089297 ], [ -89.729605, 35.089747 ], [ -89.729583, 35.090274 ], [ -89.729575, 35.090504 ], [ -89.729552, 35.091194 ], [ -89.729545, 35.091425 ], [ -89.729542, 35.091529 ], [ -89.729541, 35.091602 ], [ -89.729545, 35.091844 ], [ -89.729547, 35.09195 ], [ -89.729552, 35.092047 ], [ -89.729565, 35.09217 ], [ -89.729595, 35.092448 ], [ -89.729562, 35.092505 ], [ -89.729586, 35.092824 ], [ -89.729604, 35.093046 ], [ -89.729666, 35.093478 ], [ -89.729787, 35.09431 ], [ -89.729855, 35.094775 ], [ -89.729912, 35.095162 ], [ -89.729919, 35.095208 ], [ -89.729929, 35.095271 ], [ -89.729941, 35.095335 ], [ -89.730021, 35.095871 ], [ -89.730081, 35.096263 ], [ -89.730288, 35.097332 ], [ -89.730318, 35.097365 ], [ -89.730392, 35.097845 ], [ -89.730495, 35.098509 ], [ -89.730502, 35.098556 ], [ -89.73051, 35.098607 ], [ -89.730678, 35.099733 ], [ -89.730826, 35.100725 ], [ -89.730853, 35.100903 ], [ -89.731228, 35.103408 ], [ -89.731412, 35.104633 ], [ -89.731514, 35.105225 ], [ -89.731534, 35.105522 ], [ -89.731539, 35.105631 ], [ -89.732446, 35.107442 ], [ -89.732758, 35.108069 ], [ -89.73282, 35.108193 ], [ -89.733146, 35.108832 ], [ -89.733599, 35.109712 ], [ -89.733729, 35.109964 ], [ -89.733887, 35.110205 ], [ -89.733976, 35.110321 ], [ -89.734072, 35.110433 ], [ -89.734119, 35.110477 ], [ -89.734172, 35.110516 ], [ -89.73423, 35.11055 ], [ -89.734293, 35.110579 ], [ -89.734359, 35.110601 ], [ -89.734428, 35.110616 ], [ -89.734498, 35.110625 ], [ -89.73457, 35.110627 ], [ -89.734641, 35.110622 ], [ -89.734754, 35.110599 ], [ -89.734815, 35.110578 ], [ -89.734845, 35.110565 ], [ -89.735712, 35.110739 ], [ -89.736157, 35.110834 ], [ -89.736386, 35.110867 ], [ -89.736719, 35.110789 ], [ -89.736992, 35.110656 ], [ -89.737176, 35.110511 ], [ -89.737404, 35.110233 ], [ -89.737521, 35.109893 ], [ -89.737593, 35.109504 ], [ -89.737371, 35.108826 ], [ -89.737931, 35.108857 ], [ -89.738091, 35.108914 ], [ -89.738416, 35.109026 ], [ -89.7389, 35.109278 ], [ -89.739118, 35.109412 ], [ -89.739503, 35.109569 ], [ -89.739757, 35.109555 ], [ -89.739985, 35.109447 ], [ -89.740128, 35.109294 ], [ -89.740319, 35.108922 ], [ -89.740464, 35.108533 ], [ -89.740567, 35.10838 ], [ -89.74083, 35.108135 ], [ -89.741167, 35.107908 ], [ -89.741505, 35.10757 ], [ -89.741754, 35.107391 ], [ -89.741854, 35.107359 ], [ -89.742061, 35.107344 ], [ -89.742317, 35.107181 ], [ -89.742806, 35.107021 ], [ -89.743167, 35.106986 ], [ -89.743541, 35.10695 ], [ -89.743895, 35.106948 ], [ -89.744229, 35.10689 ], [ -89.744538, 35.106783 ], [ -89.745088, 35.10653 ], [ -89.745289, 35.106482 ], [ -89.746588, 35.106158 ], [ -89.747143, 35.10607 ], [ -89.747344, 35.106011 ], [ -89.748294, 35.1058 ], [ -89.748644, 35.105718 ], [ -89.749111, 35.105565 ], [ -89.749621, 35.105516 ], [ -89.749861, 35.105428 ], [ -89.749889, 35.105634 ], [ -89.750018, 35.105601 ], [ -89.750441, 35.105482 ], [ -89.751331, 35.10527 ], [ -89.752147, 35.105105 ], [ -89.754415, 35.104648 ], [ -89.754502, 35.104636 ], [ -89.754546, 35.104635 ], [ -89.754634, 35.104642 ], [ -89.754701, 35.104654 ], [ -89.754891, 35.104563 ], [ -89.755015, 35.104525 ], [ -89.757118, 35.104097 ], [ -89.757199, 35.104068 ], [ -89.757259, 35.104036 ], [ -89.757303, 35.104037 ], [ -89.757391, 35.104031 ], [ -89.757549, 35.103998 ], [ -89.757758, 35.103955 ], [ -89.759136, 35.103674 ], [ -89.759601, 35.103579 ], [ -89.760779, 35.103339 ], [ -89.760823, 35.103334 ], [ -89.760911, 35.103336 ], [ -89.760998, 35.10335 ], [ -89.761086, 35.103374 ], [ -89.761569, 35.103197 ], [ -89.761868, 35.103133 ], [ -89.762103, 35.103077 ], [ -89.762292, 35.103034 ], [ -89.76238, 35.103028 ], [ -89.762734, 35.103044 ], [ -89.762865, 35.103057 ], [ -89.762996, 35.103075 ], [ -89.763123, 35.103105 ], [ -89.763207, 35.103129 ], [ -89.763287, 35.103158 ], [ -89.763483, 35.103218 ], [ -89.763536, 35.103234 ], [ -89.763737, 35.103308 ], [ -89.763862, 35.103342 ], [ -89.764272, 35.103476 ], [ -89.764659, 35.103552 ], [ -89.764789, 35.103569 ], [ -89.764962, 35.103598 ], [ -89.765208, 35.103623 ], [ -89.766144, 35.103721 ], [ -89.766189, 35.10372 ], [ -89.766265, 35.10371 ], [ -89.76633, 35.103717 ], [ -89.766525, 35.103741 ], [ -89.766591, 35.103749 ], [ -89.766886, 35.103784 ], [ -89.767282, 35.103833 ], [ -89.767772, 35.103892 ], [ -89.768068, 35.103928 ], [ -89.768362, 35.103963 ], [ -89.768622, 35.104005 ], [ -89.769354, 35.10414 ], [ -89.769436, 35.104166 ], [ -89.769512, 35.104204 ], [ -89.769551, 35.104211 ], [ -89.769639, 35.104204 ], [ -89.769684, 35.104206 ], [ -89.769771, 35.104217 ], [ -89.770282, 35.104307 ], [ -89.771841, 35.104584 ], [ -89.77352, 35.104893 ], [ -89.773605, 35.104913 ], [ -89.773684, 35.104945 ], [ -89.773756, 35.104986 ], [ -89.773843, 35.105054 ], [ -89.773931, 35.105061 ], [ -89.774017, 35.105076 ], [ -89.774351, 35.105156 ], [ -89.774435, 35.105134 ], [ -89.774566, 35.105117 ], [ -89.774655, 35.105115 ], [ -89.774699, 35.105118 ], [ -89.774785, 35.105134 ], [ -89.774911, 35.105167 ], [ -89.775082, 35.105201 ], [ -89.775151, 35.105226 ], [ -89.775238, 35.105215 ], [ -89.775327, 35.105215 ], [ -89.775887, 35.105318 ], [ -89.776, 35.10532 ], [ -89.77608, 35.105351 ], [ -89.776459, 35.105448 ], [ -89.776874, 35.105582 ], [ -89.777238, 35.1057 ], [ -89.777562, 35.105813 ], [ -89.777722, 35.105875 ], [ -89.777759, 35.105894 ], [ -89.777826, 35.105941 ], [ -89.777874, 35.105989 ], [ -89.777961, 35.106004 ], [ -89.778125, 35.106057 ], [ -89.778958, 35.106415 ], [ -89.779606, 35.106693 ], [ -89.77968, 35.106733 ], [ -89.780397, 35.107031 ], [ -89.781251, 35.107386 ], [ -89.781334, 35.107411 ], [ -89.781421, 35.107425 ], [ -89.781465, 35.107428 ], [ -89.781598, 35.107427 ], [ -89.781691, 35.107421 ], [ -89.781796, 35.107486 ], [ -89.781863, 35.107533 ], [ -89.781918, 35.107589 ], [ -89.781939, 35.107616 ], [ -89.782022, 35.107718 ], [ -89.782172, 35.107793 ], [ -89.782245, 35.107835 ], [ -89.782316, 35.107875 ], [ -89.782355, 35.107879 ], [ -89.782833, 35.10807 ], [ -89.783334, 35.108268 ], [ -89.783932, 35.108504 ], [ -89.784176, 35.1086 ], [ -89.784169, 35.108943 ], [ -89.785978, 35.109647 ], [ -89.786573, 35.10988 ], [ -89.786835, 35.109096 ], [ -89.786957, 35.108756 ], [ -89.78703, 35.108585 ], [ -89.787084, 35.108275 ], [ -89.786991, 35.108118 ], [ -89.786768, 35.107952 ], [ -89.786448, 35.107783 ], [ -89.786158, 35.107614 ], [ -89.785896, 35.107438 ], [ -89.785768, 35.107259 ], [ -89.78571, 35.107202 ], [ -89.785493, 35.107176 ], [ -89.78533, 35.107144 ], [ -89.785196, 35.106927 ], [ -89.785265, 35.106826 ], [ -89.785317, 35.1067 ], [ -89.785477, 35.106604 ], [ -89.785787, 35.106416 ], [ -89.785995, 35.106211 ], [ -89.786011, 35.106023 ], [ -89.786005, 35.105897 ], [ -89.786001, 35.105793 ], [ -89.786039, 35.105505 ], [ -89.786129, 35.105291 ], [ -89.786499, 35.105049 ], [ -89.787119, 35.104905 ], [ -89.787375, 35.104803 ], [ -89.787614, 35.104732 ], [ -89.787551, 35.104637 ], [ -89.787483, 35.104534 ], [ -89.787455, 35.104414 ], [ -89.787541, 35.10426 ], [ -89.78763, 35.104218 ], [ -89.787809, 35.104081 ], [ -89.787914, 35.103915 ], [ -89.788207, 35.103669 ], [ -89.788287, 35.103598 ], [ -89.788407, 35.103554 ], [ -89.788513, 35.103504 ], [ -89.788601, 35.103506 ], [ -89.788721, 35.10355 ], [ -89.788818, 35.103588 ], [ -89.788946, 35.103578 ], [ -89.789157, 35.103571 ], [ -89.78936, 35.103464 ], [ -89.789467, 35.103378 ], [ -89.789574, 35.103233 ], [ -89.789593, 35.103098 ], [ -89.789607, 35.102982 ], [ -89.789603, 35.102857 ], [ -89.789609, 35.102669 ], [ -89.789622, 35.102513 ], [ -89.789631, 35.102413 ], [ -89.789663, 35.102343 ], [ -89.789719, 35.102306 ], [ -89.789785, 35.102298 ], [ -89.789839, 35.102301 ], [ -89.789917, 35.1023 ], [ -89.79004, 35.102322 ], [ -89.790123, 35.102357 ], [ -89.790197, 35.10241 ], [ -89.79028, 35.102475 ], [ -89.79047, 35.102474 ], [ -89.790588, 35.102434 ], [ -89.790665, 35.102332 ], [ -89.790716, 35.10219 ], [ -89.79076, 35.102066 ], [ -89.790753, 35.101939 ], [ -89.79062, 35.101522 ], [ -89.790566, 35.101367 ], [ -89.79048, 35.101121 ], [ -89.790359, 35.101049 ], [ -89.790199, 35.100884 ], [ -89.790159, 35.100874 ], [ -89.790124, 35.100793 ], [ -89.790092, 35.10072 ], [ -89.79004, 35.100649 ], [ -89.789744, 35.100243 ], [ -89.789646, 35.100108 ], [ -89.789571, 35.100006 ], [ -89.789548, 35.099942 ], [ -89.789451, 35.09966 ], [ -89.78935, 35.099533 ], [ -89.789329, 35.09951 ], [ -89.789267, 35.099444 ], [ -89.78915, 35.099319 ], [ -89.789141, 35.099298 ], [ -89.78907, 35.099132 ], [ -89.788909, 35.098918 ], [ -89.788863, 35.09877 ], [ -89.788903, 35.098583 ], [ -89.78895, 35.098466 ], [ -89.78897, 35.098418 ], [ -89.789077, 35.098286 ], [ -89.789364, 35.098111 ], [ -89.789571, 35.097754 ], [ -89.789718, 35.097149 ], [ -89.789698, 35.096578 ], [ -89.789725, 35.096364 ], [ -89.789852, 35.096155 ], [ -89.789953, 35.096061 ], [ -89.790006, 35.096013 ], [ -89.79038, 35.0957 ], [ -89.790486, 35.095516 ], [ -89.790507, 35.09548 ], [ -89.79054, 35.095378 ], [ -89.790392, 35.095377 ], [ -89.790317, 35.095377 ], [ -89.789951, 35.095372 ], [ -89.789867, 35.095371 ], [ -89.789804, 35.095371 ], [ -89.789674, 35.095367 ], [ -89.78967, 35.09492 ], [ -89.789641, 35.094912 ], [ -89.789641, 35.09457 ], [ -89.789775, 35.094572 ], [ -89.789777, 35.094547 ], [ -89.789794, 35.094021 ], [ -89.789177, 35.093993 ], [ -89.787884, 35.093948 ], [ -89.787864, 35.093646 ], [ -89.787823, 35.093425 ], [ -89.787792, 35.093002 ], [ -89.788007, 35.093003 ], [ -89.789817, 35.093007 ], [ -89.790497, 35.092865 ], [ -89.79042, 35.092579 ], [ -89.790413, 35.092552 ], [ -89.790497, 35.09249 ], [ -89.790482, 35.092424 ], [ -89.790443, 35.09223 ], [ -89.790432, 35.092042 ], [ -89.790427, 35.091952 ], [ -89.790429, 35.091555 ], [ -89.790449, 35.090884 ], [ -89.790462, 35.090499 ], [ -89.790471, 35.089953 ], [ -89.790467, 35.089818 ], [ -89.790465, 35.08974 ], [ -89.790436, 35.088698 ], [ -89.790464, 35.087775 ], [ -89.790485, 35.087095 ], [ -89.7905, 35.08665 ], [ -89.790545, 35.085317 ], [ -89.790552, 35.08513 ], [ -89.790608, 35.084879 ], [ -89.790669, 35.084685 ], [ -89.790693, 35.084612 ], [ -89.790738, 35.084464 ], [ -89.790759, 35.084395 ], [ -89.790776, 35.084339 ], [ -89.790856, 35.084105 ], [ -89.790884, 35.084027 ] ] ] } },
{ "type": "Feature", "properties": { "GEOID": "38107", "ZCTA5": "38107", "AREALAND": 14113058 }, "geometry": { "type": "Polygon", "coordinates": [ [ [ -90.0572, 35.182899 ], [ -90.05702, 35.182761 ], [ -90.056726, 35.181876 ], [ -90.056651, 35.181665 ], [ -90.05661, 35.181549 ], [ -90.056528, 35.1814 ], [ -90.056455, 35.181328 ], [ -90.056337, 35.181267 ], [ -90.05619, 35.181234 ], [ -90.056043, 35.181217 ], [ -90.05598, 35.181195 ], [ -90.055927, 35.18124 ], [ -90.055787, 35.181272 ], [ -90.055636, 35.181293 ], [ -90.055153, 35.18136 ], [ -90.055026, 35.181377 ], [ -90.05402, 35.181519 ], [ -90.053968, 35.181526 ], [ -90.053925, 35.181532 ], [ -90.053144, 35.181643 ], [ -90.052958, 35.18167 ], [ -90.052761, 35.181731 ], [ -90.052638, 35.181784 ], [ -90.052528, 35.181833 ], [ -90.051882, 35.182176 ], [ -90.051503, 35.182377 ], [ -90.050366, 35.18298 ], [ -90.049988, 35.183182 ], [ -90.04991, 35.183223 ], [ -90.049097, 35.183651 ], [ -90.047303, 35.184598 ], [ -90.046523, 35.185032 ], [ -90.046424, 35.185051 ], [ -90.046254, 35.185085 ], [ -90.046093, 35.185083 ], [ -90.045926, 35.185055 ], [ -90.045709, 35.184984 ], [ -90.045618, 35.184929 ], [ -90.045561, 35.184861 ], [ -90.045527, 35.184789 ], [ -90.045524, 35.184777 ], [ -90.045517, 35.184741 ], [ -90.045515, 35.18473 ], [ -90.045446, 35.184514 ], [ -90.045239, 35.183866 ], [ -90.045171, 35.183651 ], [ -90.045088, 35.183379 ], [ -90.045034, 35.183198 ], [ -90.044957, 35.182855 ], [ -90.044916, 35.182548 ], [ -90.044879, 35.182267 ], [ -90.044859, 35.18201 ], [ -90.044801, 35.181239 ], [ -90.044782, 35.180982 ], [ -90.044763, 35.180757 ], [ -90.044706, 35.180083 ], [ -90.044688, 35.179859 ], [ -90.044641, 35.179336 ], [ -90.044458, 35.177775 ], [ -90.044428, 35.177516 ], [ -90.044397, 35.177255 ], [ -90.044747, 35.177282 ], [ -90.045797, 35.177366 ], [ -90.046147, 35.177394 ], [ -90.046231, 35.177399 ], [ -90.046484, 35.177414 ], [ -90.046569, 35.177419 ], [ -90.046816, 35.17644 ], [ -90.046897, 35.176148 ], [ -90.047151, 35.175245 ], [ -90.047119, 35.174056 ], [ -90.046721, 35.172289 ], [ -90.046623, 35.171849 ], [ -90.046691, 35.17099 ], [ -90.047226, 35.170049 ], [ -90.047317, 35.169891 ], [ -90.047973, 35.16858 ], [ -90.048082, 35.168362 ], [ -90.048594, 35.167343 ], [ -90.048669, 35.167144 ], [ -90.049055, 35.166133 ], [ -90.049102, 35.16567 ], [ -90.049247, 35.164282 ], [ -90.049295, 35.16382 ], [ -90.049066, 35.16375 ], [ -90.04839, 35.163889 ], [ -90.047744, 35.163713 ], [ -90.047651, 35.163697 ], [ -90.047489, 35.163642 ], [ -90.046884, 35.163474 ], [ -90.047456, 35.162042 ], [ -90.047696, 35.161448 ], [ -90.04695, 35.161261 ], [ -90.046434, 35.161119 ], [ -90.045174, 35.160779 ], [ -90.045046, 35.160744 ], [ -90.044662, 35.160641 ], [ -90.044534, 35.160607 ], [ -90.0446, 35.1604 ], [ -90.044622, 35.160334 ], [ -90.044739, 35.160156 ], [ -90.044874, 35.159816 ], [ -90.044955, 35.159615 ], [ -90.044831, 35.15958 ], [ -90.044461, 35.159478 ], [ -90.044338, 35.159445 ], [ -90.044258, 35.159644 ], [ -90.044017, 35.160241 ], [ -90.043938, 35.160441 ], [ -90.043688, 35.160375 ], [ -90.042938, 35.160177 ], [ -90.042689, 35.160112 ], [ -90.042563, 35.160077 ], [ -90.042188, 35.159974 ], [ -90.042063, 35.15994 ], [ -90.041939, 35.159906 ], [ -90.041569, 35.159804 ], [ -90.041446, 35.159771 ], [ -90.04132, 35.159738 ], [ -90.040943, 35.159639 ], [ -90.040818, 35.159606 ], [ -90.040694, 35.159572 ], [ -90.040324, 35.159471 ], [ -90.040201, 35.159438 ], [ -90.040001, 35.159383 ], [ -90.039402, 35.15922 ], [ -90.039203, 35.159166 ], [ -90.039267, 35.158999 ], [ -90.03915, 35.159009 ], [ -90.03862, 35.159097 ], [ -90.038862, 35.158764 ], [ -90.038904, 35.158707 ], [ -90.038927, 35.158662 ], [ -90.038984, 35.158352 ], [ -90.039009, 35.158187 ], [ -90.03903, 35.158082 ], [ -90.039115, 35.157669 ], [ -90.03917, 35.157361 ], [ -90.039596, 35.157468 ], [ -90.039734, 35.157208 ], [ -90.039789, 35.157107 ], [ -90.038398, 35.156827 ], [ -90.03771, 35.156694 ], [ -90.037499, 35.15665 ], [ -90.037325, 35.156615 ], [ -90.037089, 35.156584 ], [ -90.03684, 35.156555 ], [ -90.036341, 35.15651 ], [ -90.03606, 35.1565 ], [ -90.035871, 35.156494 ], [ -90.035778, 35.156517 ], [ -90.035501, 35.156586 ], [ -90.035409, 35.15661 ], [ -90.035261, 35.156642 ], [ -90.03482, 35.15674 ], [ -90.034673, 35.156774 ], [ -90.034391, 35.156833 ], [ -90.033745, 35.156971 ], [ -90.033543, 35.156977 ], [ -90.033256, 35.156987 ], [ -90.033113, 35.156984 ], [ -90.032687, 35.156977 ], [ -90.032545, 35.156975 ], [ -90.03243, 35.156972 ], [ -90.032089, 35.156966 ], [ -90.031975, 35.156964 ], [ -90.031809, 35.15697 ], [ -90.031629, 35.156977 ], [ -90.030944, 35.157006 ], [ -90.030945, 35.156957 ], [ -90.030975, 35.156692 ], [ -90.029042, 35.156514 ], [ -90.029003, 35.156746 ], [ -90.028441, 35.156691 ], [ -90.028414, 35.156913 ], [ -90.028399, 35.157073 ], [ -90.02826, 35.157078 ], [ -90.027071, 35.157117 ], [ -90.026845, 35.15713 ], [ -90.026845, 35.157071 ], [ -90.026849, 35.156959 ], [ -90.02693, 35.156365 ], [ -90.026518, 35.156337 ], [ -90.025285, 35.156227 ], [ -90.02503, 35.156205 ], [ -90.024874, 35.156193 ], [ -90.024862, 35.156272 ], [ -90.024828, 35.156512 ], [ -90.024818, 35.156592 ], [ -90.024516, 35.156567 ], [ -90.02361, 35.156493 ], [ -90.023511, 35.156485 ], [ -90.02331, 35.15646 ], [ -90.023249, 35.15687 ], [ -90.02299, 35.156842 ], [ -90.022996, 35.15679 ], [ -90.022823, 35.156778 ], [ -90.02282, 35.156828 ], [ -90.021805, 35.156741 ], [ -90.021592, 35.156614 ], [ -90.021176, 35.156223 ], [ -90.021061, 35.156115 ], [ -90.02108, 35.156016 ], [ -90.021138, 35.155627 ], [ -90.021166, 35.155446 ], [ -90.021146, 35.155445 ], [ -90.021012, 35.155434 ], [ -90.020988, 35.155432 ], [ -90.020913, 35.155427 ], [ -90.020862, 35.155423 ], [ -90.020809, 35.155418 ], [ -90.020678, 35.155408 ], [ -90.020527, 35.155395 ], [ -90.019801, 35.155334 ], [ -90.019465, 35.155306 ], [ -90.019456, 35.155365 ], [ -90.019429, 35.155543 ], [ -90.019421, 35.155603 ], [ -90.019406, 35.155703 ], [ -90.019363, 35.156003 ], [ -90.019349, 35.156104 ], [ -90.018741, 35.156059 ], [ -90.017568, 35.155974 ], [ -90.017568, 35.156006 ], [ -90.017455, 35.155992 ], [ -90.017428, 35.155956 ], [ -90.017185, 35.155934 ], [ -90.015453, 35.155779 ], [ -90.015483, 35.15557 ], [ -90.015501, 35.155447 ], [ -90.015532, 35.155234 ], [ -90.015411, 35.155222 ], [ -90.015051, 35.155187 ], [ -90.014931, 35.155176 ], [ -90.014864, 35.155387 ], [ -90.01483, 35.155495 ], [ -90.014761, 35.155715 ], [ -90.01217, 35.155476 ], [ -90.00956, 35.155271 ], [ -90.00956, 35.155256 ], [ -90.00956, 35.155227 ], [ -90.008708, 35.155164 ], [ -90.00873, 35.155021 ], [ -90.008755, 35.154854 ], [ -90.008771, 35.154722 ], [ -90.0088, 35.154494 ], [ -90.008827, 35.154327 ], [ -90.00885, 35.154197 ], [ -90.00814, 35.154422 ], [ -90.006471, 35.154952 ], [ -90.006007, 35.155083 ], [ -90.005291, 35.155286 ], [ -90.005277, 35.155388 ], [ -90.005238, 35.155693 ], [ -90.005225, 35.155796 ], [ -90.004978, 35.155774 ], [ -90.004241, 35.155708 ], [ -90.003995, 35.155687 ], [ -90.003888, 35.155674 ], [ -90.003845, 35.15567 ], [ -90.00375, 35.155699 ], [ -90.003471, 35.155663 ], [ -90.00348, 35.155585 ], [ -90.003507, 35.155369 ], [ -90.003547, 35.155056 ], [ -90.001717, 35.154882 ], [ -89.999314, 35.154617 ], [ -89.999271, 35.154627 ], [ -89.997704, 35.154471 ], [ -89.997783, 35.153931 ], [ -89.997727, 35.153926 ], [ -89.997324, 35.153886 ], [ -89.997295, 35.154098 ], [ -89.997208, 35.154735 ], [ -89.997192, 35.154854 ], [ -89.997184, 35.154925 ], [ -89.997181, 35.154948 ], [ -89.99703, 35.154932 ], [ -89.996852, 35.154914 ], [ -89.995176, 35.154753 ], [ -89.9945, 35.15469 ], [ -89.993939, 35.154637 ], [ -89.993817, 35.154626 ], [ -89.992605, 35.154503 ], [ -89.992257, 35.154468 ], [ -89.992039, 35.154447 ], [ -89.991949, 35.154491 ], [ -89.991854, 35.154482 ], [ -89.991706, 35.154468 ], [ -89.991675, 35.154673 ], [ -89.991584, 35.15529 ], [ -89.991555, 35.155496 ], [ -89.991525, 35.155695 ], [ -89.991437, 35.156294 ], [ -89.991409, 35.156494 ], [ -89.991379, 35.156694 ], [ -89.991342, 35.156945 ], [ -89.99129, 35.157297 ], [ -89.991261, 35.157498 ], [ -89.991113, 35.158497 ], [ -89.99103, 35.159058 ], [ -89.990991, 35.159526 ], [ -89.990996, 35.15964 ], [ -89.991009, 35.159688 ], [ -89.990929, 35.15971 ], [ -89.990708, 35.159773 ], [ -89.988164, 35.160494 ], [ -89.986179, 35.161145 ], [ -89.98565, 35.161307 ], [ -89.985671, 35.161419 ], [ -89.985885, 35.16171 ], [ -89.986012, 35.16182 ], [ -89.986106, 35.162012 ], [ -89.986213, 35.162127 ], [ -89.986283, 35.162234 ], [ -89.986313, 35.162281 ], [ -89.986447, 35.162402 ], [ -89.986588, 35.162698 ], [ -89.986641, 35.162775 ], [ -89.986788, 35.162907 ], [ -89.986889, 35.163017 ], [ -89.986909, 35.163057 ], [ -89.987009, 35.163258 ], [ -89.987043, 35.163453 ], [ -89.98705, 35.16361 ], [ -89.98709, 35.16372 ], [ -89.987076, 35.163802 ], [ -89.987055, 35.164477 ], [ -89.986933, 35.165854 ], [ -89.986965, 35.166 ], [ -89.987002, 35.166184 ], [ -89.987104, 35.166186 ], [ -89.987263, 35.166166 ], [ -89.988837, 35.166197 ], [ -89.989432, 35.166209 ], [ -89.989508, 35.16621 ], [ -89.990843, 35.166236 ], [ -89.990834, 35.166615 ], [ -89.990827, 35.166987 ], [ -89.990825, 35.167093 ], [ -89.99082, 35.167413 ], [ -89.990819, 35.16752 ], [ -89.990818, 35.167562 ], [ -89.990816, 35.167603 ], [ -89.990981, 35.167568 ], [ -89.991438, 35.167527 ], [ -89.991809, 35.167542 ], [ -89.992115, 35.167556 ], [ -89.993486, 35.167748 ], [ -89.994356, 35.167863 ], [ -89.994693, 35.167979 ], [ -89.995184, 35.168157 ], [ -89.995689, 35.168348 ], [ -89.995847, 35.168401 ], [ -89.996126, 35.168512 ], [ -89.99659, 35.16868 ], [ -89.996803, 35.168736 ], [ -89.997205, 35.168788 ], [ -89.99758, 35.168792 ], [ -89.998056, 35.168822 ], [ -89.998436, 35.168816 ], [ -89.999045, 35.168816 ], [ -89.99937, 35.168847 ], [ -89.999499, 35.16886 ], [ -90.000088, 35.168911 ], [ -90.000302, 35.168941 ], [ -90.000653, 35.168991 ], [ -90.000952, 35.168986 ], [ -90.000981, 35.168986 ], [ -90.00183, 35.169025 ], [ -90.0028, 35.169025 ], [ -90.002912, 35.169017 ], [ -90.003565, 35.168977 ], [ -90.003866, 35.168958 ], [ -90.004191, 35.168938 ], [ -90.004412, 35.168933 ], [ -90.004771, 35.168924 ], [ -90.005074, 35.168917 ], [ -90.005191, 35.168883 ], [ -90.005282, 35.168857 ], [ -90.005553, 35.168837 ], [ -90.005596, 35.168835 ], [ -90.005676, 35.168838 ], [ -90.005897, 35.168846 ], [ -90.006091, 35.168873 ], [ -90.00642, 35.169011 ], [ -90.006499, 35.169044 ], [ -90.006652, 35.169154 ], [ -90.006833, 35.169341 ], [ -90.007121, 35.169544 ], [ -90.007267, 35.169648 ], [ -90.007909, 35.170006 ], [ -90.00829, 35.170286 ], [ -90.008332, 35.170312 ], [ -90.008765, 35.170577 ], [ -90.008982, 35.170733 ], [ -90.008794, 35.171104 ], [ -90.008676, 35.171384 ], [ -90.008558, 35.171766 ], [ -90.008501, 35.172052 ], [ -90.008489, 35.172304 ], [ -90.008474, 35.172663 ], [ -90.008471, 35.17272 ], [ -90.008467, 35.172785 ], [ -90.008459, 35.172974 ], [ -90.008455, 35.173048 ], [ -90.008594, 35.173054 ], [ -90.00864, 35.173057 ], [ -90.009014, 35.173061 ], [ -90.009155, 35.173063 ], [ -90.0094, 35.173053 ], [ -90.00964, 35.173045 ], [ -90.010133, 35.173003 ], [ -90.01023, 35.172995 ], [ -90.010378, 35.172981 ], [ -90.010382, 35.173423 ], [ -90.01046, 35.173659 ], [ -90.010562, 35.173967 ], [ -90.010615, 35.174027 ], [ -90.010923, 35.174153 ], [ -90.011103, 35.174291 ], [ -90.011268, 35.174517 ], [ -90.011291, 35.174547 ], [ -90.011492, 35.17482 ], [ -90.012649, 35.176303 ], [ -90.015632, 35.178493 ], [ -90.015691, 35.178537 ], [ -90.01617, 35.178979 ], [ -90.016384, 35.179275 ], [ -90.016461, 35.179553 ], [ -90.016507, 35.17993 ], [ -90.016486, 35.180144 ], [ -90.016308, 35.180776 ], [ -90.016333, 35.180775 ], [ -90.016418, 35.180778 ], [ -90.016438, 35.18078 ], [ -90.017058, 35.180855 ], [ -90.017221, 35.180896 ], [ -90.017262, 35.180857 ], [ -90.017293, 35.180814 ], [ -90.017312, 35.180777 ], [ -90.017319, 35.180715 ], [ -90.017328, 35.180428 ], [ -90.01734, 35.180173 ], [ -90.017383, 35.180293 ], [ -90.017416, 35.180364 ], [ -90.017475, 35.180461 ], [ -90.017531, 35.180531 ], [ -90.017581, 35.180579 ], [ -90.017651, 35.180621 ], [ -90.017722, 35.180645 ], [ -90.017845, 35.180651 ], [ -90.017864, 35.180652 ], [ -90.01789, 35.180653 ], [ -90.017934, 35.180656 ], [ -90.018039, 35.180662 ], [ -90.018015, 35.181028 ], [ -90.017974, 35.181684 ], [ -90.017961, 35.182129 ], [ -90.017957, 35.182305 ], [ -90.017958, 35.182497 ], [ -90.017958, 35.182562 ], [ -90.017956, 35.182892 ], [ -90.017952, 35.184078 ], [ -90.017952, 35.184183 ], [ -90.017955, 35.184474 ], [ -90.017956, 35.184592 ], [ -90.017959, 35.184947 ], [ -90.017961, 35.185066 ], [ -90.017961, 35.185116 ], [ -90.017959, 35.185384 ], [ -90.017956, 35.186053 ], [ -90.017954, 35.18634 ], [ -90.017953, 35.186659 ], [ -90.017952, 35.186679 ], [ -90.017952, 35.18674 ], [ -90.017952, 35.186761 ], [ -90.019663, 35.187337 ], [ -90.019753, 35.187348 ], [ -90.021276, 35.18755 ], [ -90.022784, 35.187723 ], [ -90.022996, 35.187818 ], [ -90.02337, 35.187868 ], [ -90.023894, 35.187862 ], [ -90.024343, 35.187943 ], [ -90.025001, 35.188032 ], [ -90.025382, 35.188043 ], [ -90.025899, 35.188059 ], [ -90.026918, 35.187979 ], [ -90.027483, 35.18799 ], [ -90.027956, 35.18831 ], [ -90.02841, 35.188617 ], [ -90.030008, 35.190413 ], [ -90.031054, 35.191504 ], [ -90.032476, 35.191845 ], [ -90.033566, 35.191316 ], [ -90.03447, 35.189983 ], [ -90.035172, 35.189713 ], [ -90.035419, 35.189724 ], [ -90.035649, 35.189735 ], [ -90.03616, 35.189797 ], [ -90.036407, 35.189827 ], [ -90.036695, 35.189827 ], [ -90.037297, 35.189718 ], [ -90.037352, 35.189658 ], [ -90.037889, 35.189908 ], [ -90.038768, 35.190575 ], [ -90.039599, 35.190952 ], [ -90.04005, 35.190976 ], [ -90.040359, 35.19123 ], [ -90.040782, 35.191643 ], [ -90.041011, 35.191868 ], [ -90.04141, 35.192161 ], [ -90.042195, 35.192839 ], [ -90.043026, 35.193398 ], [ -90.044482, 35.193803 ], [ -90.044921, 35.193896 ], [ -90.045373, 35.193744 ], [ -90.045666, 35.193471 ], [ -90.045832, 35.193305 ], [ -90.045959, 35.192992 ], [ -90.046025, 35.192374 ], [ -90.045985, 35.191635 ], [ -90.045686, 35.190977 ], [ -90.044974, 35.190312 ], [ -90.044417, 35.189871 ], [ -90.044243, 35.189734 ], [ -90.04412, 35.189549 ], [ -90.046012, 35.188455 ], [ -90.046229, 35.18833 ], [ -90.048197, 35.187441 ], [ -90.050401, 35.186021 ], [ -90.050919, 35.185509 ], [ -90.0512, 35.185443 ], [ -90.051481, 35.185377 ], [ -90.051862, 35.185287 ], [ -90.052246, 35.185055 ], [ -90.054007, 35.183993 ], [ -90.055451, 35.183356 ], [ -90.055539, 35.183317 ], [ -90.056042, 35.183182 ], [ -90.056842, 35.182968 ], [ -90.0572, 35.182899 ] ] ] } },
{ "type": "Feature", "properties": { "GEOID": "38105", "ZCTA5": "38105", "AREALAND": 4377796 }, "geometry": { "type": "MultiPolygon", "coordinates": [ [ [ [ -90.054888, 35.153131 ], [ -90.054895, 35.153105 ], [ -90.054849, 35.153106 ], [ -90.054422, 35.153108 ], [ -90.054271, 35.15311 ], [ -90.052741, 35.153124 ], [ -90.05273, 35.153124 ], [ -90.052614, 35.153123 ], [ -90.052571, 35.153122 ], [ -90.052487, 35.153123 ], [ -90.052469, 35.153122 ], [ -90.052448, 35.153122 ], [ -90.052312, 35.153123 ], [ -90.051908, 35.153129 ], [ -90.051866, 35.153129 ], [ -90.051773, 35.153132 ], [ -90.051736, 35.153132 ], [ -90.051627, 35.153133 ], [ -90.051591, 35.153134 ], [ -90.051491, 35.153133 ], [ -90.051169, 35.153129 ], [ -90.051064, 35.153129 ], [ -90.051039, 35.153191 ], [ -90.050966, 35.15338 ], [ -90.050939, 35.153454 ], [ -90.050733, 35.153956 ], [ -90.050515, 35.154505 ], [ -90.050118, 35.155498 ], [ -90.049712, 35.156497 ], [ -90.049634, 35.156687 ], [ -90.049519, 35.156972 ], [ -90.048882, 35.156791 ], [ -90.048685, 35.157294 ], [ -90.048039, 35.157123 ], [ -90.048425, 35.156166 ], [ -90.048439, 35.156131 ], [ -90.047789, 35.15596 ], [ -90.04819, 35.154969 ], [ -90.048589, 35.153975 ], [ -90.048469, 35.153942 ], [ -90.04811, 35.153846 ], [ -90.047991, 35.153814 ], [ -90.04802, 35.153771 ], [ -90.04821, 35.153311 ], [ -90.048268, 35.153124 ], [ -90.048282, 35.153065 ], [ -90.048301, 35.152999 ], [ -90.048322, 35.152925 ], [ -90.048355, 35.152818 ], [ -90.048755, 35.151833 ], [ -90.048833, 35.151633 ], [ -90.048929, 35.151371 ], [ -90.049055, 35.151059 ], [ -90.049133, 35.150867 ], [ -90.049188, 35.150759 ], [ -90.049226, 35.150663 ], [ -90.049477, 35.150041 ], [ -90.049561, 35.149834 ], [ -90.049312, 35.149766 ], [ -90.048568, 35.149562 ], [ -90.048321, 35.149495 ], [ -90.04824, 35.149693 ], [ -90.047999, 35.15029 ], [ -90.047919, 35.150489 ], [ -90.047364, 35.150339 ], [ -90.046874, 35.150207 ], [ -90.045701, 35.149892 ], [ -90.045545, 35.14985 ], [ -90.045147, 35.149743 ], [ -90.045226, 35.149542 ], [ -90.045464, 35.148939 ], [ -90.045544, 35.148739 ], [ -90.045319, 35.148683 ], [ -90.044646, 35.148518 ], [ -90.044422, 35.148463 ], [ -90.043799, 35.148306 ], [ -90.043639, 35.148265 ], [ -90.044017, 35.147254 ], [ -90.04394, 35.147235 ], [ -90.043867, 35.147215 ], [ -90.04175, 35.146635 ], [ -90.04177, 35.146562 ], [ -90.04179, 35.146426 ], [ -90.041884, 35.145796 ], [ -90.041916, 35.145587 ], [ -90.041541, 35.145486 ], [ -90.040417, 35.145186 ], [ -90.04016, 35.145117 ], [ -90.040043, 35.145086 ], [ -90.040124, 35.144867 ], [ -90.040214, 35.144626 ], [ -90.040354, 35.144207 ], [ -90.04039, 35.144101 ], [ -90.041273, 35.14433 ], [ -90.041547, 35.1444 ], [ -90.041606, 35.144415 ], [ -90.041829, 35.144472 ], [ -90.042019, 35.144492 ], [ -90.042424, 35.144626 ], [ -90.043298, 35.14491 ], [ -90.043495, 35.144975 ], [ -90.043736, 35.145039 ], [ -90.043644, 35.144802 ], [ -90.043573, 35.144617 ], [ -90.043526, 35.144441 ], [ -90.043504, 35.144208 ], [ -90.043508, 35.144063 ], [ -90.04351, 35.144028 ], [ -90.043553, 35.143815 ], [ -90.043594, 35.143691 ], [ -90.04361, 35.143654 ], [ -90.043682, 35.143503 ], [ -90.043694, 35.143367 ], [ -90.043729, 35.1433 ], [ -90.043906, 35.143096 ], [ -90.043697, 35.143051 ], [ -90.043631, 35.143038 ], [ -90.043146, 35.142906 ], [ -90.042897, 35.142817 ], [ -90.042767, 35.142762 ], [ -90.042468, 35.142636 ], [ -90.042367, 35.142584 ], [ -90.042317, 35.142558 ], [ -90.042167, 35.142482 ], [ -90.042118, 35.142457 ], [ -90.041967, 35.142394 ], [ -90.041539, 35.142216 ], [ -90.041363, 35.14216 ], [ -90.041179, 35.142114 ], [ -90.041124, 35.142101 ], [ -90.040976, 35.142048 ], [ -90.038459, 35.14135 ], [ -90.038044, 35.141242 ], [ -90.037623, 35.14113 ], [ -90.037506, 35.141099 ], [ -90.036609, 35.14085 ], [ -90.036359, 35.140801 ], [ -90.035932, 35.140719 ], [ -90.035867, 35.140711 ], [ -90.035715, 35.140695 ], [ -90.035673, 35.140695 ], [ -90.035608, 35.140696 ], [ -90.035576, 35.1409 ], [ -90.035483, 35.141511 ], [ -90.035452, 35.141716 ], [ -90.03542, 35.141914 ], [ -90.035324, 35.142509 ], [ -90.035293, 35.142708 ], [ -90.035165, 35.142689 ], [ -90.035043, 35.142727 ], [ -90.034974, 35.142718 ], [ -90.034876, 35.142708 ], [ -90.033807, 35.142608 ], [ -90.033606, 35.142583 ], [ -90.033456, 35.142565 ], [ -90.033183, 35.142558 ], [ -90.032942, 35.142567 ], [ -90.032714, 35.142588 ], [ -90.032316, 35.142626 ], [ -90.032026, 35.142642 ], [ -90.031434, 35.142631 ], [ -90.031308, 35.142637 ], [ -90.030926, 35.142657 ], [ -90.03084, 35.142669 ], [ -90.030561, 35.142716 ], [ -90.030509, 35.142726 ], [ -90.030332, 35.142765 ], [ -90.030198, 35.142792 ], [ -90.0299, 35.142836 ], [ -90.029592, 35.142855 ], [ -90.029514, 35.142853 ], [ -90.029459, 35.142852 ], [ -90.029315, 35.142848 ], [ -90.02918, 35.14284 ], [ -90.028681, 35.142793 ], [ -90.027612, 35.142702 ], [ -90.027503, 35.142691 ], [ -90.026941, 35.142624 ], [ -90.026576, 35.142588 ], [ -90.0252, 35.142455 ], [ -90.024099, 35.142346 ], [ -90.02329, 35.142271 ], [ -90.023277, 35.14227 ], [ -90.023074, 35.142251 ], [ -90.022911, 35.142236 ], [ -90.022781, 35.142226 ], [ -90.022736, 35.142223 ], [ -90.022582, 35.143269 ], [ -90.022408, 35.143251 ], [ -90.021654, 35.143175 ], [ -90.021597, 35.143649 ], [ -90.021004, 35.143615 ], [ -90.020976, 35.143826 ], [ -90.020968, 35.143959 ], [ -90.020964, 35.14404 ], [ -90.020959, 35.144146 ], [ -90.020974, 35.144437 ], [ -90.020983, 35.144597 ], [ -90.020934, 35.145239 ], [ -90.020908, 35.145411 ], [ -90.020367, 35.145394 ], [ -90.020302, 35.145901 ], [ -90.020231, 35.145911 ], [ -90.020147, 35.146428 ], [ -90.019982, 35.146413 ], [ -90.019622, 35.148375 ], [ -90.019634, 35.14845 ], [ -90.019569, 35.148444 ], [ -90.019542, 35.148667 ], [ -90.020407, 35.148756 ], [ -90.020396, 35.148832 ], [ -90.020364, 35.149053 ], [ -90.020303, 35.149493 ], [ -90.020277, 35.149673 ], [ -90.020234, 35.149979 ], [ -90.019894, 35.149942 ], [ -90.019731, 35.149924 ], [ -90.019706, 35.150693 ], [ -90.019527, 35.150675 ], [ -90.019424, 35.151427 ], [ -90.01967, 35.151447 ], [ -90.020014, 35.151476 ], [ -90.02, 35.151571 ], [ -90.019961, 35.151858 ], [ -90.019952, 35.151925 ], [ -90.019948, 35.151954 ], [ -90.019919, 35.152147 ], [ -90.019835, 35.152725 ], [ -90.019807, 35.152919 ], [ -90.019426, 35.152883 ], [ -90.019217, 35.152864 ], [ -90.019151, 35.153419 ], [ -90.019036, 35.153408 ], [ -90.018943, 35.154079 ], [ -90.019639, 35.154145 ], [ -90.019621, 35.15425 ], [ -90.019601, 35.154362 ], [ -90.019573, 35.15455 ], [ -90.019491, 35.155117 ], [ -90.019465, 35.155306 ], [ -90.019801, 35.155334 ], [ -90.020527, 35.155395 ], [ -90.020678, 35.155408 ], [ -90.020809, 35.155418 ], [ -90.020862, 35.155423 ], [ -90.020913, 35.155427 ], [ -90.020988, 35.155432 ], [ -90.021012, 35.155434 ], [ -90.021146, 35.155445 ], [ -90.021166, 35.155446 ], [ -90.021138, 35.155627 ], [ -90.02108, 35.156016 ], [ -90.021061, 35.156115 ], [ -90.021176, 35.156223 ], [ -90.021592, 35.156614 ], [ -90.021805, 35.156741 ], [ -90.02282, 35.156828 ], [ -90.022823, 35.156778 ], [ -90.022996, 35.15679 ], [ -90.02299, 35.156842 ], [ -90.023249, 35.15687 ], [ -90.02331, 35.15646 ], [ -90.023511, 35.156485 ], [ -90.02361, 35.156493 ], [ -90.024516, 35.156567 ], [ -90.024818, 35.156592 ], [ -90.024828, 35.156512 ], [ -90.024862, 35.156272 ], [ -90.024874, 35.156193 ], [ -90.02503, 35.156205 ], [ -90.025285, 35.156227 ], [ -90.026518, 35.156337 ], [ -90.02693, 35.156365 ], [ -90.026849, 35.156959 ], [ -90.026845, 35.157071 ], [ -90.026845, 35.15713 ], [ -90.027071, 35.157117 ], [ -90.02826, 35.157078 ], [ -90.028399, 35.157073 ], [ -90.028414, 35.156913 ], [ -90.028441, 35.156691 ], [ -90.029003, 35.156746 ], [ -90.029042, 35.156514 ], [ -90.030975, 35.156692 ], [ -90.030945, 35.156957 ], [ -90.030944, 35.157006 ], [ -90.031629, 35.156977 ], [ -90.031809, 35.15697 ], [ -90.031975, 35.156964 ], [ -90.032089, 35.156966 ], [ -90.03243, 35.156972 ], [ -90.032545, 35.156975 ], [ -90.032687, 35.156977 ], [ -90.033113, 35.156984 ], [ -90.033256, 35.156987 ], [ -90.033543, 35.156977 ], [ -90.033745, 35.156971 ], [ -90.034391, 35.156833 ], [ -90.034673, 35.156774 ], [ -90.03482, 35.15674 ], [ -90.035261, 35.156642 ], [ -90.035409, 35.15661 ], [ -90.035501, 35.156586 ], [ -90.035778, 35.156517 ], [ -90.035871, 35.156494 ], [ -90.03606, 35.1565 ], [ -90.036341, 35.15651 ], [ -90.03684, 35.156555 ], [ -90.037089, 35.156584 ], [ -90.037325, 35.156615 ], [ -90.037499, 35.15665 ], [ -90.03771, 35.156694 ], [ -90.038398, 35.156827 ], [ -90.039789, 35.157107 ], [ -90.039734, 35.157208 ], [ -90.039596, 35.157468 ], [ -90.03917, 35.157361 ], [ -90.039115, 35.157669 ], [ -90.03903, 35.158082 ], [ -90.039009, 35.158187 ], [ -90.038984, 35.158352 ], [ -90.038927, 35.158662 ], [ -90.038904, 35.158707 ], [ -90.038862, 35.158764 ], [ -90.03862, 35.159097 ], [ -90.03915, 35.159009 ], [ -90.039267, 35.158999 ], [ -90.039203, 35.159166 ], [ -90.039402, 35.15922 ], [ -90.040001, 35.159383 ], [ -90.040201, 35.159438 ], [ -90.040324, 35.159471 ], [ -90.040694, 35.159572 ], [ -90.040818, 35.159606 ], [ -90.040943, 35.159639 ], [ -90.04132, 35.159738 ], [ -90.041446, 35.159771 ], [ -90.041569, 35.159804 ], [ -90.041939, 35.159906 ], [ -90.042063, 35.15994 ], [ -90.042188, 35.159974 ], [ -90.042563, 35.160077 ], [ -90.042689, 35.160112 ], [ -90.042938, 35.160177 ], [ -90.043688, 35.160375 ], [ -90.043938, 35.160441 ], [ -90.044017, 35.160241 ], [ -90.044258, 35.159644 ], [ -90.044338, 35.159445 ], [ -90.044461, 35.159478 ], [ -90.044831, 35.15958 ], [ -90.044955, 35.159615 ], [ -90.044874, 35.159816 ], [ -90.044739, 35.160156 ], [ -90.044622, 35.160334 ], [ -90.0446, 35.1604 ], [ -90.044534, 35.160607 ], [ -90.044662, 35.160641 ], [ -90.045046, 35.160744 ], [ -90.045174, 35.160779 ], [ -90.046434, 35.161119 ], [ -90.04695, 35.161261 ], [ -90.047696, 35.161448 ], [ -90.047456, 35.162042 ], [ -90.046884, 35.163474 ], [ -90.047489, 35.163642 ], [ -90.047651, 35.163697 ], [ -90.047744, 35.163713 ], [ -90.04839, 35.163889 ], [ -90.049066, 35.16375 ], [ -90.049295, 35.16382 ], [ -90.049305, 35.163624 ], [ -90.049359, 35.162618 ], [ -90.049564, 35.16172 ], [ -90.050048, 35.160418 ], [ -90.050863, 35.159589 ], [ -90.052475, 35.158311 ], [ -90.053228, 35.157694 ], [ -90.054633, 35.153842 ], [ -90.054822, 35.153325 ], [ -90.054834, 35.153286 ], [ -90.054841, 35.153266 ], [ -90.054874, 35.153169 ], [ -90.054888, 35.153131 ] ] ], [ [ [ -90.02765, 35.142252 ], [ -90.027759, 35.14136 ], [ -90.027505, 35.141346 ], [ -90.027016, 35.141296 ], [ -90.026753, 35.141235 ], [ -90.026732, 35.141231 ], [ -90.026662, 35.141221 ], [ -90.026617, 35.141924 ], [ -90.027155, 35.141969 ], [ -90.027121, 35.14223 ], [ -90.02765, 35.142252 ] ] ], [ [ [ -90.043176, 35.145219 ], [ -90.043182, 35.145162 ], [ -90.043168, 35.145129 ], [ -90.04311, 35.145093 ], [ -90.042876, 35.145017 ], [ -90.042352, 35.144846 ], [ -90.041873, 35.144716 ], [ -90.041858, 35.144712 ], [ -90.041528, 35.144669 ], [ -90.04153, 35.144793 ], [ -90.041532, 35.14487 ], [ -90.04154, 35.145023 ], [ -90.041513, 35.145115 ], [ -90.041494, 35.145159 ], [ -90.041464, 35.145236 ], [ -90.041465, 35.145278 ], [ -90.041475, 35.145307 ], [ -90.041505, 35.145338 ], [ -90.041575, 35.145364 ], [ -90.041734, 35.145403 ], [ -90.042219, 35.145525 ], [ -90.042643, 35.14564 ], [ -90.042894, 35.145709 ], [ -90.042947, 35.145704 ], [ -90.042986, 35.145674 ], [ -90.043013, 35.145608 ], [ -90.043151, 35.145276 ], [ -90.043176, 35.145219 ] ] ] ] } },
{ "type": "Feature", "properties": { "GEOID": "38104", "ZCTA5": "38104", "AREALAND": 12825565 }, "geometry": { "type": "Polygon", "coordinates": [ [ [ -90.033071, 35.126048 ], [ -90.033072, 35.125965 ], [ -90.032927, 35.125962 ], [ -90.032493, 35.125953 ], [ -90.032349, 35.125951 ], [ -90.032356, 35.125745 ], [ -90.032378, 35.125128 ], [ -90.032386, 35.124923 ], [ -90.032386, 35.124852 ], [ -90.032388, 35.124642 ], [ -90.032388, 35.124569 ], [ -90.032388, 35.124524 ], [ -90.032308, 35.124522 ], [ -90.032068, 35.124516 ], [ -90.031989, 35.124515 ], [ -90.031609, 35.12452 ], [ -90.031483, 35.124517 ], [ -90.029966, 35.124486 ], [ -90.029461, 35.124476 ], [ -90.028971, 35.124443 ], [ -90.028641, 35.124419 ], [ -90.02782, 35.12436 ], [ -90.026691, 35.124277 ], [ -90.026187, 35.124202 ], [ -90.026153, 35.124197 ], [ -90.025461, 35.124012 ], [ -90.025393, 35.123994 ], [ -90.025199, 35.123932 ], [ -90.025029, 35.123877 ], [ -90.024077, 35.123587 ], [ -90.023926, 35.123538 ], [ -90.023561, 35.123421 ], [ -90.023503, 35.1234 ], [ -90.023332, 35.123339 ], [ -90.023275, 35.123319 ], [ -90.022884, 35.123225 ], [ -90.022476, 35.123127 ], [ -90.022084, 35.123027 ], [ -90.021707, 35.122967 ], [ -90.021594, 35.12295 ], [ -90.021311, 35.122905 ], [ -90.021312, 35.122856 ], [ -90.021316, 35.12277 ], [ -90.021317, 35.122748 ], [ -90.021318, 35.12271 ], [ -90.021321, 35.122662 ], [ -90.021324, 35.122587 ], [ -90.021327, 35.122525 ], [ -90.021333, 35.122363 ], [ -90.021337, 35.122289 ], [ -90.021342, 35.12214 ], [ -90.021356, 35.121789 ], [ -90.021359, 35.121696 ], [ -90.021366, 35.121548 ], [ -90.020907, 35.121167 ], [ -90.019532, 35.120025 ], [ -90.019074, 35.119645 ], [ -90.018717, 35.11925 ], [ -90.018645, 35.119162 ], [ -90.018093, 35.118495 ], [ -90.017435, 35.117651 ], [ -90.017038, 35.117143 ], [ -90.016793, 35.117386 ], [ -90.015785, 35.11749 ], [ -90.015448, 35.117526 ], [ -90.015775, 35.117904 ], [ -90.015837, 35.118004 ], [ -90.015909, 35.118117 ], [ -90.015961, 35.118282 ], [ -90.015968, 35.118501 ], [ -90.015879, 35.118775 ], [ -90.015604, 35.119213 ], [ -90.015319, 35.119625 ], [ -90.015306, 35.119643 ], [ -90.014955, 35.120152 ], [ -90.014918, 35.120581 ], [ -90.014885, 35.120981 ], [ -90.014914, 35.121157 ], [ -90.014962, 35.121332 ], [ -90.015124, 35.121597 ], [ -90.015282, 35.121751 ], [ -90.015313, 35.121781 ], [ -90.015647, 35.12198 ], [ -90.015144, 35.122069 ], [ -90.015063, 35.122084 ], [ -90.014467, 35.122319 ], [ -90.013741, 35.122669 ], [ -90.013282, 35.122892 ], [ -90.013162, 35.12292 ], [ -90.012805, 35.123007 ], [ -90.012686, 35.123037 ], [ -90.012596, 35.123065 ], [ -90.012327, 35.123152 ], [ -90.012238, 35.123181 ], [ -90.012184, 35.123234 ], [ -90.012024, 35.123394 ], [ -90.011971, 35.123448 ], [ -90.011906, 35.123455 ], [ -90.011589, 35.123467 ], [ -90.01091, 35.123494 ], [ -90.010637, 35.123505 ], [ -90.010321, 35.123518 ], [ -90.009955, 35.12353 ], [ -90.00952, 35.123545 ], [ -90.00886, 35.123581 ], [ -90.008496, 35.123601 ], [ -90.00807, 35.123627 ], [ -90.006792, 35.123707 ], [ -90.006367, 35.123735 ], [ -90.004687, 35.123823 ], [ -90.003431, 35.123872 ], [ -90.001442, 35.123927 ], [ -89.998354, 35.124119 ], [ -89.998396, 35.124018 ], [ -89.998403, 35.123814 ], [ -89.998406, 35.123726 ], [ -89.998424, 35.123204 ], [ -89.998432, 35.123001 ], [ -89.99844, 35.122807 ], [ -89.998466, 35.122225 ], [ -89.998476, 35.122032 ], [ -89.998484, 35.121823 ], [ -89.99851, 35.121196 ], [ -89.99852, 35.120988 ], [ -89.998529, 35.120754 ], [ -89.998556, 35.120053 ], [ -89.998566, 35.11982 ], [ -89.998606, 35.118885 ], [ -89.998641, 35.117915 ], [ -89.998647, 35.117748 ], [ -89.998656, 35.117494 ], [ -89.998349, 35.117517 ], [ -89.99824, 35.117482 ], [ -89.995504, 35.117404 ], [ -89.995508, 35.117276 ], [ -89.995518, 35.116975 ], [ -89.995539, 35.116232 ], [ -89.995019, 35.11622 ], [ -89.994697, 35.116212 ], [ -89.994606, 35.11621 ], [ -89.994478, 35.116207 ], [ -89.99445, 35.116964 ], [ -89.993915, 35.11695 ], [ -89.993923, 35.11662 ], [ -89.993395, 35.116585 ], [ -89.99341, 35.116184 ], [ -89.993207, 35.116178 ], [ -89.9926, 35.116163 ], [ -89.992398, 35.116158 ], [ -89.992164, 35.116151 ], [ -89.991462, 35.116132 ], [ -89.991229, 35.116126 ], [ -89.991, 35.116121 ], [ -89.990316, 35.116106 ], [ -89.990088, 35.116102 ], [ -89.989902, 35.116097 ], [ -89.989348, 35.116083 ], [ -89.989163, 35.116079 ], [ -89.98898, 35.116074 ], [ -89.988431, 35.116061 ], [ -89.988249, 35.116057 ], [ -89.988068, 35.116052 ], [ -89.987528, 35.116039 ], [ -89.987348, 35.116035 ], [ -89.987172, 35.116031 ], [ -89.986644, 35.116019 ], [ -89.986469, 35.116015 ], [ -89.985676, 35.115995 ], [ -89.984639, 35.115973 ], [ -89.984474, 35.11597 ], [ -89.984436, 35.11597 ], [ -89.98436, 35.115968 ], [ -89.984277, 35.115966 ], [ -89.984244, 35.115965 ], [ -89.984211, 35.115964 ], [ -89.983673, 35.115952 ], [ -89.98084, 35.11589 ], [ -89.980687, 35.115885 ], [ -89.980395, 35.115875 ], [ -89.98035, 35.115873 ], [ -89.979909, 35.116271 ], [ -89.979038, 35.11706 ], [ -89.978623, 35.117504 ], [ -89.978218, 35.117939 ], [ -89.977987, 35.118226 ], [ -89.977594, 35.118715 ], [ -89.977307, 35.119097 ], [ -89.977086, 35.119392 ], [ -89.97687, 35.1197 ], [ -89.976226, 35.120624 ], [ -89.976011, 35.120933 ], [ -89.975354, 35.121754 ], [ -89.973826, 35.123877 ], [ -89.973244, 35.124694 ], [ -89.972978, 35.125053 ], [ -89.972712, 35.125411 ], [ -89.97264, 35.125509 ], [ -89.972268, 35.126048 ], [ -89.972154, 35.126199 ], [ -89.971943, 35.126506 ], [ -89.971785, 35.126738 ], [ -89.971705, 35.126883 ], [ -89.971596, 35.127058 ], [ -89.971578, 35.127088 ], [ -89.971478, 35.127265 ], [ -89.971298, 35.127626 ], [ -89.971251, 35.127735 ], [ -89.971156, 35.127958 ], [ -89.971046, 35.128222 ], [ -89.971033, 35.128263 ], [ -89.970882, 35.128759 ], [ -89.970793, 35.129219 ], [ -89.970731, 35.129543 ], [ -89.970605, 35.130512 ], [ -89.970593, 35.13061 ], [ -89.970224, 35.133236 ], [ -89.970206, 35.133417 ], [ -89.970197, 35.133507 ], [ -89.970135, 35.134134 ], [ -89.97012, 35.134292 ], [ -89.970114, 35.13435 ], [ -89.971313, 35.133814 ], [ -89.97127, 35.133773 ], [ -89.971219, 35.133704 ], [ -89.971193, 35.133624 ], [ -89.971191, 35.133536 ], [ -89.971191, 35.133257 ], [ -89.971345, 35.130794 ], [ -89.971355, 35.130544 ], [ -89.971374, 35.130105 ], [ -89.971378, 35.129797 ], [ -89.971383, 35.129548 ], [ -89.971405, 35.128415 ], [ -89.971413, 35.128019 ], [ -89.97145, 35.127844 ], [ -89.971517, 35.127679 ], [ -89.971593, 35.127535 ], [ -89.971817, 35.127544 ], [ -89.972308, 35.127545 ], [ -89.973497, 35.127592 ], [ -89.974638, 35.127596 ], [ -89.976077, 35.127602 ], [ -89.976217, 35.127969 ], [ -89.976425, 35.128513 ], [ -89.976523, 35.128774 ], [ -89.976578, 35.128919 ], [ -89.97716, 35.128666 ], [ -89.97741, 35.128587 ], [ -89.978919, 35.127873 ], [ -89.980166, 35.127422 ], [ -89.980273, 35.126876 ], [ -89.978993, 35.126858 ], [ -89.97897, 35.125782 ], [ -89.979109, 35.125786 ], [ -89.979689, 35.125799 ], [ -89.97962, 35.126579 ], [ -89.980331, 35.126583 ], [ -89.980483, 35.125819 ], [ -89.981239, 35.125836 ], [ -89.982469, 35.125865 ], [ -89.983503, 35.125898 ], [ -89.984011, 35.12592 ], [ -89.984053, 35.125922 ], [ -89.984191, 35.125928 ], [ -89.984263, 35.125931 ], [ -89.98423, 35.126441 ], [ -89.984222, 35.126606 ], [ -89.984215, 35.126784 ], [ -89.98421, 35.127392 ], [ -89.984185, 35.127858 ], [ -89.984184, 35.127891 ], [ -89.984173, 35.128073 ], [ -89.984158, 35.128276 ], [ -89.98415, 35.128369 ], [ -89.984124, 35.128484 ], [ -89.984082, 35.128626 ], [ -89.98401, 35.128878 ], [ -89.983996, 35.12895 ], [ -89.983984, 35.129009 ], [ -89.983962, 35.12929 ], [ -89.983793, 35.129355 ], [ -89.983756, 35.129369 ], [ -89.983755, 35.129434 ], [ -89.983726, 35.130603 ], [ -89.983709, 35.130676 ], [ -89.983648, 35.13112 ], [ -89.983639, 35.131845 ], [ -89.983627, 35.132086 ], [ -89.983648, 35.132816 ], [ -89.983658, 35.133032 ], [ -89.983647, 35.133471 ], [ -89.98364, 35.133556 ], [ -89.983638, 35.133588 ], [ -89.98362, 35.133977 ], [ -89.983607, 35.134058 ], [ -89.983558, 35.134231 ], [ -89.98346, 35.13443 ], [ -89.983415, 35.134569 ], [ -89.983303, 35.135104 ], [ -89.983268, 35.13533 ], [ -89.98322, 35.135685 ], [ -89.983208, 35.135764 ], [ -89.983188, 35.1359 ], [ -89.983164, 35.136046 ], [ -89.981528, 35.136045 ], [ -89.98139, 35.13604 ], [ -89.979873, 35.135986 ], [ -89.979757, 35.137406 ], [ -89.979601, 35.139286 ], [ -89.979908, 35.139393 ], [ -89.98016, 35.139481 ], [ -89.980376, 35.139558 ], [ -89.981027, 35.139789 ], [ -89.981244, 35.139867 ], [ -89.981608, 35.139997 ], [ -89.982211, 35.140213 ], [ -89.982663, 35.140386 ], [ -89.983059, 35.140541 ], [ -89.983414, 35.140684 ], [ -89.983682, 35.140792 ], [ -89.983978, 35.140912 ], [ -89.984487, 35.141095 ], [ -89.984713, 35.141177 ], [ -89.984853, 35.141208 ], [ -89.985112, 35.141252 ], [ -89.985251, 35.141269 ], [ -89.986084, 35.141375 ], [ -89.986453, 35.141417 ], [ -89.98676, 35.141453 ], [ -89.986855, 35.141462 ], [ -89.98737, 35.141506 ], [ -89.98759, 35.141525 ], [ -89.988337, 35.141602 ], [ -89.988916, 35.141651 ], [ -89.989432, 35.141696 ], [ -89.989465, 35.141699 ], [ -89.98982, 35.141729 ], [ -89.990987, 35.141833 ], [ -89.991343, 35.141865 ], [ -89.991376, 35.141868 ], [ -89.991563, 35.141884 ], [ -89.991588, 35.141887 ], [ -89.991758, 35.142932 ], [ -89.991822, 35.143202 ], [ -89.992215, 35.144358 ], [ -89.9924, 35.14479 ], [ -89.99273, 35.145457 ], [ -89.992811, 35.145622 ], [ -89.992914, 35.145784 ], [ -89.993023, 35.145927 ], [ -89.993236, 35.146196 ], [ -89.993544, 35.146467 ], [ -89.993828, 35.146722 ], [ -89.993877, 35.146752 ], [ -89.993907, 35.14676 ], [ -89.993968, 35.146756 ], [ -89.99404, 35.146735 ], [ -89.994328, 35.146426 ], [ -89.99463, 35.146136 ], [ -89.994977, 35.145837 ], [ -89.995327, 35.145467 ], [ -89.995374, 35.145398 ], [ -89.995426, 35.145269 ], [ -89.995473, 35.145105 ], [ -89.995519, 35.144863 ], [ -89.995535, 35.144522 ], [ -89.99553, 35.143729 ], [ -89.99554, 35.143573 ], [ -89.995595, 35.143355 ], [ -89.995624, 35.143278 ], [ -89.995722, 35.14306 ], [ -89.995802, 35.14292 ], [ -89.995888, 35.142794 ], [ -89.995978, 35.1427 ], [ -89.996165, 35.142502 ], [ -89.99617, 35.14254 ], [ -89.996226, 35.142639 ], [ -89.996335, 35.142729 ], [ -89.99636, 35.142762 ], [ -89.996373, 35.14282 ], [ -89.996329, 35.143163 ], [ -89.996305, 35.143343 ], [ -89.996291, 35.143458 ], [ -89.996196, 35.144153 ], [ -89.996049, 35.145105 ], [ -89.995869, 35.146433 ], [ -89.995829, 35.146687 ], [ -89.99577, 35.147075 ], [ -89.995736, 35.147432 ], [ -89.995712, 35.147686 ], [ -89.995724, 35.147748 ], [ -89.995778, 35.147759 ], [ -89.995832, 35.147765 ], [ -89.997018, 35.147887 ], [ -89.997137, 35.147053 ], [ -89.99717, 35.146676 ], [ -89.997172, 35.146038 ], [ -89.997188, 35.145728 ], [ -89.997413, 35.144282 ], [ -89.99766, 35.142441 ], [ -89.998944, 35.142532 ], [ -89.99888, 35.142952 ], [ -89.999461, 35.143023 ], [ -89.999352, 35.14378 ], [ -90.000133, 35.14386 ], [ -90.000191, 35.143486 ], [ -90.000364, 35.143504 ], [ -90.000383, 35.143367 ], [ -90.000526, 35.143382 ], [ -90.000632, 35.14267 ], [ -90.000699, 35.142676 ], [ -90.000959, 35.142696 ], [ -90.001113, 35.142708 ], [ -90.001578, 35.142744 ], [ -90.001733, 35.142756 ], [ -90.001831, 35.142763 ], [ -90.002126, 35.142787 ], [ -90.002225, 35.142795 ], [ -90.002356, 35.142805 ], [ -90.002751, 35.142838 ], [ -90.002883, 35.142849 ], [ -90.002998, 35.142858 ], [ -90.003345, 35.142886 ], [ -90.003461, 35.142896 ], [ -90.003628, 35.142909 ], [ -90.004131, 35.142948 ], [ -90.004299, 35.142961 ], [ -90.004559, 35.142981 ], [ -90.005209, 35.143033 ], [ -90.005339, 35.143043 ], [ -90.005599, 35.143065 ], [ -90.005945, 35.143091 ], [ -90.007071, 35.143178 ], [ -90.007095, 35.14318 ], [ -90.007149, 35.143185 ], [ -90.007817, 35.143241 ], [ -90.008414, 35.143293 ], [ -90.008538, 35.143304 ], [ -90.008912, 35.143337 ], [ -90.009037, 35.143349 ], [ -90.009159, 35.143359 ], [ -90.009525, 35.143392 ], [ -90.009648, 35.143404 ], [ -90.009803, 35.143418 ], [ -90.009896, 35.143427 ], [ -90.010475, 35.14348 ], [ -90.010516, 35.143481 ], [ -90.010623, 35.143492 ], [ -90.010691, 35.143499 ], [ -90.011174, 35.143544 ], [ -90.011263, 35.143553 ], [ -90.011335, 35.14356 ], [ -90.011434, 35.143569 ], [ -90.011733, 35.143596 ], [ -90.011833, 35.143605 ], [ -90.011786, 35.143939 ], [ -90.012324, 35.144005 ], [ -90.012363, 35.14401 ], [ -90.012091, 35.14567 ], [ -90.011945, 35.145658 ], [ -90.011898, 35.145856 ], [ -90.012059, 35.145887 ], [ -90.011805, 35.147635 ], [ -90.011755, 35.147977 ], [ -90.011612, 35.149005 ], [ -90.01156, 35.149005 ], [ -90.011545, 35.149087 ], [ -90.011576, 35.149168 ], [ -90.011207, 35.151742 ], [ -90.011126, 35.152364 ], [ -90.011683, 35.152411 ], [ -90.011668, 35.152502 ], [ -90.011646, 35.152758 ], [ -90.011654, 35.15289 ], [ -90.012415, 35.152802 ], [ -90.01267, 35.152781 ], [ -90.012662, 35.152829 ], [ -90.012638, 35.152975 ], [ -90.01263, 35.153024 ], [ -90.012627, 35.15304 ], [ -90.01262, 35.153087 ], [ -90.012617, 35.153105 ], [ -90.012601, 35.153204 ], [ -90.012593, 35.15326 ], [ -90.012566, 35.153434 ], [ -90.012558, 35.153472 ], [ -90.012552, 35.153501 ], [ -90.012548, 35.153522 ], [ -90.012541, 35.153554 ], [ -90.012532, 35.1536 ], [ -90.012089, 35.153486 ], [ -90.011656, 35.153385 ], [ -90.011506, 35.153353 ], [ -90.011309, 35.153317 ], [ -90.011251, 35.153312 ], [ -90.01114, 35.153309 ], [ -90.01099, 35.153309 ], [ -90.010813, 35.15331 ], [ -90.010542, 35.153334 ], [ -90.010526, 35.153336 ], [ -90.010394, 35.153357 ], [ -90.010102, 35.153404 ], [ -90.009225, 35.153545 ], [ -90.008934, 35.153593 ], [ -90.008926, 35.153653 ], [ -90.008914, 35.153762 ], [ -90.008898, 35.153908 ], [ -90.008868, 35.154088 ], [ -90.00885, 35.154197 ], [ -90.008827, 35.154327 ], [ -90.0088, 35.154494 ], [ -90.008771, 35.154722 ], [ -90.008755, 35.154854 ], [ -90.00873, 35.155021 ], [ -90.008708, 35.155164 ], [ -90.00956, 35.155227 ], [ -90.00956, 35.155256 ], [ -90.00956, 35.155271 ], [ -90.01217, 35.155476 ], [ -90.014761, 35.155715 ], [ -90.01483, 35.155495 ], [ -90.014864, 35.155387 ], [ -90.014931, 35.155176 ], [ -90.015051, 35.155187 ], [ -90.015411, 35.155222 ], [ -90.015532, 35.155234 ], [ -90.015501, 35.155447 ], [ -90.015483, 35.15557 ], [ -90.015453, 35.155779 ], [ -90.017185, 35.155934 ], [ -90.017428, 35.155956 ], [ -90.017455, 35.155992 ], [ -90.017568, 35.156006 ], [ -90.017568, 35.155974 ], [ -90.018741, 35.156059 ], [ -90.019349, 35.156104 ], [ -90.019363, 35.156003 ], [ -90.019406, 35.155703 ], [ -90.019421, 35.155603 ], [ -90.019429, 35.155543 ], [ -90.019456, 35.155365 ], [ -90.019465, 35.155306 ], [ -90.019491, 35.155117 ], [ -90.019573, 35.15455 ], [ -90.019601, 35.154362 ], [ -90.019621, 35.15425 ], [ -90.019639, 35.154145 ], [ -90.018943, 35.154079 ], [ -90.019036, 35.153408 ], [ -90.019151, 35.153419 ], [ -90.019217, 35.152864 ], [ -90.019426, 35.152883 ], [ -90.019807, 35.152919 ], [ -90.019835, 35.152725 ], [ -90.019919, 35.152147 ], [ -90.019948, 35.151954 ], [ -90.019952, 35.151925 ], [ -90.019961, 35.151858 ], [ -90.02, 35.151571 ], [ -90.020014, 35.151476 ], [ -90.01967, 35.151447 ], [ -90.019424, 35.151427 ], [ -90.019527, 35.150675 ], [ -90.019706, 35.150693 ], [ -90.019731, 35.149924 ], [ -90.019894, 35.149942 ], [ -90.020234, 35.149979 ], [ -90.020277, 35.149673 ], [ -90.020303, 35.149493 ], [ -90.020364, 35.149053 ], [ -90.020396, 35.148832 ], [ -90.020407, 35.148756 ], [ -90.019542, 35.148667 ], [ -90.019569, 35.148444 ], [ -90.019634, 35.14845 ], [ -90.019622, 35.148375 ], [ -90.019982, 35.146413 ], [ -90.020147, 35.146428 ], [ -90.020231, 35.145911 ], [ -90.020302, 35.145901 ], [ -90.020367, 35.145394 ], [ -90.020908, 35.145411 ], [ -90.020934, 35.145239 ], [ -90.020983, 35.144597 ], [ -90.020974, 35.144437 ], [ -90.020959, 35.144146 ], [ -90.020964, 35.14404 ], [ -90.020968, 35.143959 ], [ -90.020976, 35.143826 ], [ -90.021004, 35.143615 ], [ -90.021597, 35.143649 ], [ -90.021654, 35.143175 ], [ -90.022408, 35.143251 ], [ -90.022582, 35.143269 ], [ -90.022736, 35.142223 ], [ -90.022781, 35.142226 ], [ -90.022911, 35.142236 ], [ -90.023074, 35.142251 ], [ -90.023277, 35.14227 ], [ -90.02329, 35.142271 ], [ -90.024099, 35.142346 ], [ -90.0252, 35.142455 ], [ -90.026576, 35.142588 ], [ -90.026941, 35.142624 ], [ -90.027503, 35.142691 ], [ -90.027612, 35.142702 ], [ -90.027613, 35.142562 ], [ -90.02765, 35.142252 ], [ -90.027121, 35.14223 ], [ -90.027155, 35.141969 ], [ -90.026617, 35.141924 ], [ -90.026662, 35.141221 ], [ -90.026732, 35.141231 ], [ -90.026753, 35.141235 ], [ -90.027016, 35.141296 ], [ -90.027505, 35.141346 ], [ -90.027759, 35.14136 ], [ -90.027792, 35.141085 ], [ -90.027804, 35.140991 ], [ -90.027862, 35.140802 ], [ -90.028065, 35.140387 ], [ -90.028092, 35.140315 ], [ -90.028117, 35.140251 ], [ -90.028168, 35.14005 ], [ -90.028199, 35.139844 ], [ -90.028292, 35.139229 ], [ -90.028324, 35.139024 ], [ -90.028596, 35.139053 ], [ -90.029415, 35.13914 ], [ -90.029688, 35.13917 ], [ -90.029695, 35.139115 ], [ -90.029715, 35.138953 ], [ -90.029723, 35.138899 ], [ -90.029746, 35.138749 ], [ -90.029814, 35.138301 ], [ -90.029838, 35.138152 ], [ -90.030049, 35.138174 ], [ -90.030682, 35.138241 ], [ -90.030894, 35.138264 ], [ -90.030898, 35.138063 ], [ -90.030909, 35.137619 ], [ -90.030919, 35.137463 ], [ -90.030932, 35.137264 ], [ -90.03094, 35.137055 ], [ -90.030965, 35.136431 ], [ -90.030974, 35.136223 ], [ -90.03098, 35.136017 ], [ -90.031, 35.135402 ], [ -90.031007, 35.135197 ], [ -90.031015, 35.134853 ], [ -90.031017, 35.134793 ], [ -90.03101, 35.133824 ], [ -90.031028, 35.133482 ], [ -90.031031, 35.133382 ], [ -90.031039, 35.133084 ], [ -90.031043, 35.132985 ], [ -90.031045, 35.132954 ], [ -90.031048, 35.132868 ], [ -90.031061, 35.132518 ], [ -90.031066, 35.132402 ], [ -90.031067, 35.132288 ], [ -90.031069, 35.131947 ], [ -90.031071, 35.131834 ], [ -90.031371, 35.131812 ], [ -90.031673, 35.131762 ], [ -90.031883, 35.131711 ], [ -90.032258, 35.131587 ], [ -90.032464, 35.131492 ], [ -90.032566, 35.131428 ], [ -90.032294, 35.131157 ], [ -90.031981, 35.130897 ], [ -90.031875, 35.130809 ], [ -90.031052, 35.130109 ], [ -90.030743, 35.129846 ], [ -90.030747, 35.129672 ], [ -90.030762, 35.129151 ], [ -90.030768, 35.128978 ], [ -90.03098, 35.128991 ], [ -90.031065, 35.128993 ], [ -90.03196, 35.129014 ], [ -90.032259, 35.129022 ], [ -90.032286, 35.127873 ], [ -90.032303, 35.127382 ], [ -90.032304, 35.127359 ], [ -90.03232, 35.12693 ], [ -90.032731, 35.126935 ], [ -90.032744, 35.126521 ], [ -90.033066, 35.126517 ], [ -90.03307, 35.126382 ], [ -90.03307, 35.126298 ], [ -90.033071, 35.126048 ] ] ] } },
{ "type": "Feature", "properties": { "GEOID": "38106", "ZCTA5": "38106", "AREALAND": 26625080 }, "geometry": { "type": "Polygon", "coordinates": [ [ [ -90.086546, 35.121268 ], [ -90.087428, 35.120948 ], [ -90.08648, 35.119101 ], [ -90.085792, 35.117068 ], [ -90.085563, 35.116391 ], [ -90.085266, 35.115376 ], [ -90.084376, 35.112331 ], [ -90.08408, 35.111317 ], [ -90.084073, 35.111281 ], [ -90.084052, 35.111175 ], [ -90.084046, 35.11114 ], [ -90.083967, 35.110724 ], [ -90.083731, 35.109476 ], [ -90.083653, 35.109061 ], [ -90.083642, 35.108871 ], [ -90.083609, 35.108303 ], [ -90.083599, 35.108114 ], [ -90.083167, 35.108115 ], [ -90.081872, 35.10812 ], [ -90.081441, 35.108122 ], [ -90.081275, 35.108128 ], [ -90.08078, 35.108149 ], [ -90.080615, 35.108156 ], [ -90.079888, 35.108143 ], [ -90.078298, 35.108115 ], [ -90.077707, 35.108088 ], [ -90.077677, 35.108087 ], [ -90.077319, 35.108079 ], [ -90.076981, 35.108077 ], [ -90.076879, 35.108074 ], [ -90.076754, 35.10807 ], [ -90.076334, 35.108058 ], [ -90.076076, 35.108048 ], [ -90.075851, 35.108041 ], [ -90.075777, 35.108037 ], [ -90.07566, 35.108036 ], [ -90.075471, 35.109015 ], [ -90.07545, 35.109127 ], [ -90.075152, 35.110701 ], [ -90.075122, 35.110701 ], [ -90.074999, 35.110701 ], [ -90.074972, 35.110701 ], [ -90.074927, 35.1107 ], [ -90.074792, 35.1107 ], [ -90.074747, 35.1107 ], [ -90.074536, 35.110695 ], [ -90.073902, 35.110681 ], [ -90.07373, 35.110678 ], [ -90.073692, 35.110677 ], [ -90.073004, 35.110656 ], [ -90.072774, 35.110653 ], [ -90.0726, 35.110652 ], [ -90.072187, 35.110636 ], [ -90.07002, 35.110583 ], [ -90.069102, 35.110561 ], [ -90.069102, 35.11045 ], [ -90.069102, 35.110116 ], [ -90.069102, 35.110006 ], [ -90.068943, 35.109997 ], [ -90.068836, 35.109991 ], [ -90.068467, 35.109986 ], [ -90.068309, 35.109985 ], [ -90.068314, 35.109715 ], [ -90.06833, 35.108906 ], [ -90.068332, 35.108834 ], [ -90.068298, 35.108723 ], [ -90.06824, 35.108667 ], [ -90.068189, 35.108636 ], [ -90.068047, 35.108616 ], [ -90.067509, 35.108605 ], [ -90.067495, 35.108517 ], [ -90.067507, 35.10785 ], [ -90.067449, 35.107846 ], [ -90.067416, 35.107848 ], [ -90.066074, 35.107817 ], [ -90.065658, 35.107806 ], [ -90.065599, 35.107804 ], [ -90.065425, 35.107801 ], [ -90.065367, 35.1078 ], [ -90.065246, 35.107797 ], [ -90.064883, 35.10779 ], [ -90.064762, 35.107788 ], [ -90.064648, 35.107785 ], [ -90.064306, 35.107779 ], [ -90.064193, 35.107777 ], [ -90.064043, 35.107774 ], [ -90.063596, 35.107765 ], [ -90.063447, 35.107762 ], [ -90.063235, 35.107757 ], [ -90.062602, 35.107744 ], [ -90.062391, 35.10774 ], [ -90.062181, 35.107737 ], [ -90.062151, 35.107736 ], [ -90.061434, 35.107721 ], [ -90.061195, 35.107716 ], [ -90.061119, 35.107714 ], [ -90.060891, 35.107709 ], [ -90.060816, 35.107708 ], [ -90.060676, 35.107704 ], [ -90.060256, 35.107695 ], [ -90.060116, 35.107692 ], [ -90.059977, 35.107689 ], [ -90.059561, 35.107681 ], [ -90.059423, 35.107679 ], [ -90.059258, 35.107675 ], [ -90.058763, 35.107665 ], [ -90.058599, 35.107662 ], [ -90.058436, 35.107658 ], [ -90.058061, 35.10765 ], [ -90.057948, 35.107647 ], [ -90.057786, 35.107645 ], [ -90.058218, 35.106455 ], [ -90.059402, 35.103201 ], [ -90.059509, 35.102884 ], [ -90.059916, 35.101686 ], [ -90.060179, 35.101033 ], [ -90.060308, 35.100758 ], [ -90.060515, 35.100319 ], [ -90.060637, 35.100104 ], [ -90.060768, 35.099873 ], [ -90.061528, 35.098852 ], [ -90.062035, 35.0983 ], [ -90.062152, 35.098174 ], [ -90.062726, 35.097568 ], [ -90.062738, 35.097093 ], [ -90.062773, 35.095669 ], [ -90.062786, 35.095195 ], [ -90.062596, 35.095263 ], [ -90.062511, 35.095284 ], [ -90.061669, 35.095495 ], [ -90.061389, 35.095566 ], [ -90.061173, 35.095619 ], [ -90.060528, 35.095779 ], [ -90.060313, 35.095833 ], [ -90.060057, 35.095895 ], [ -90.05929, 35.096082 ], [ -90.059035, 35.096145 ], [ -90.058632, 35.096218 ], [ -90.058372, 35.096245 ], [ -90.058091, 35.096275 ], [ -90.057712, 35.096288 ], [ -90.057184, 35.09627 ], [ -90.056365, 35.096219 ], [ -90.055841, 35.096187 ], [ -90.055769, 35.096183 ], [ -90.055746, 35.096181 ], [ -90.055728, 35.09618 ], [ -90.055697, 35.096178 ], [ -90.055663, 35.096176 ], [ -90.055317, 35.096155 ], [ -90.055299, 35.096152 ], [ -90.055035, 35.096114 ], [ -90.05483, 35.096056 ], [ -90.054523, 35.095934 ], [ -90.054174, 35.095771 ], [ -90.053813, 35.095603 ], [ -90.053772, 35.095584 ], [ -90.053573, 35.095494 ], [ -90.053466, 35.095445 ], [ -90.053281, 35.095361 ], [ -90.05299, 35.095255 ], [ -90.052646, 35.095174 ], [ -90.052371, 35.095137 ], [ -90.052322, 35.095131 ], [ -90.051991, 35.095116 ], [ -90.052009, 35.094412 ], [ -90.052063, 35.0923 ], [ -90.052082, 35.091597 ], [ -90.050847, 35.091593 ], [ -90.050456, 35.091592 ], [ -90.049259, 35.09157 ], [ -90.047297, 35.091575 ], [ -90.047146, 35.091575 ], [ -90.045912, 35.091579 ], [ -90.046891, 35.090709 ], [ -90.04694, 35.090663 ], [ -90.048476, 35.089233 ], [ -90.048896, 35.088649 ], [ -90.049571, 35.087658 ], [ -90.049635, 35.087564 ], [ -90.050416, 35.08643 ], [ -90.050777, 35.085956 ], [ -90.051302, 35.085269 ], [ -90.051747, 35.084654 ], [ -90.051822, 35.084511 ], [ -90.051951, 35.084268 ], [ -90.052069, 35.083971 ], [ -90.050566, 35.083945 ], [ -90.048437, 35.083909 ], [ -90.047115, 35.083873 ], [ -90.046867, 35.083854 ], [ -90.046553, 35.083801 ], [ -90.046071, 35.083717 ], [ -90.045792, 35.083669 ], [ -90.044586, 35.083487 ], [ -90.044588, 35.083456 ], [ -90.044597, 35.083363 ], [ -90.044601, 35.083333 ], [ -90.045628, 35.083508 ], [ -90.046305, 35.083624 ], [ -90.046622, 35.083673 ], [ -90.046972, 35.083726 ], [ -90.047244, 35.083684 ], [ -90.047808, 35.083544 ], [ -90.048687, 35.083306 ], [ -90.049694, 35.083035 ], [ -90.050488, 35.083006 ], [ -90.051457, 35.082971 ], [ -90.052364, 35.081884 ], [ -90.052874, 35.081275 ], [ -90.052899, 35.081302 ], [ -90.052975, 35.081386 ], [ -90.053001, 35.081414 ], [ -90.052885, 35.080784 ], [ -90.052848, 35.080582 ], [ -90.052633, 35.079322 ], [ -90.052563, 35.078893 ], [ -90.052537, 35.078732 ], [ -90.052462, 35.078262 ], [ -90.052437, 35.078121 ], [ -90.052123, 35.078092 ], [ -90.051558, 35.078031 ], [ -90.051288, 35.078015 ], [ -90.05049, 35.077942 ], [ -90.049433, 35.07782 ], [ -90.048792, 35.077724 ], [ -90.048249, 35.077625 ], [ -90.047065, 35.077357 ], [ -90.046306, 35.077154 ], [ -90.044684, 35.076666 ], [ -90.042691, 35.076075 ], [ -90.042253, 35.075931 ], [ -90.041673, 35.075762 ], [ -90.040982, 35.075579 ], [ -90.040141, 35.075366 ], [ -90.040014, 35.075332 ], [ -90.03889, 35.075073 ], [ -90.036879, 35.074617 ], [ -90.034519, 35.074096 ], [ -90.031567, 35.073445 ], [ -90.030503, 35.073222 ], [ -90.02875, 35.072854 ], [ -90.028273, 35.072748 ], [ -90.028037, 35.0727 ], [ -90.028049, 35.072576 ], [ -90.028059, 35.072482 ], [ -90.028102, 35.072174 ], [ -90.028114, 35.071884 ], [ -90.028127, 35.071596 ], [ -90.028103, 35.070918 ], [ -90.02807, 35.070555 ], [ -90.027999, 35.070108 ], [ -90.027995, 35.070088 ], [ -90.027971, 35.069935 ], [ -90.02789, 35.069497 ], [ -90.027799, 35.069119 ], [ -90.027755, 35.068935 ], [ -90.027656, 35.06861 ], [ -90.027577, 35.068387 ], [ -90.027414, 35.068023 ], [ -90.027406, 35.068004 ], [ -90.027313, 35.067794 ], [ -90.027252, 35.067671 ], [ -90.027168, 35.067502 ], [ -90.027085, 35.067334 ], [ -90.02703, 35.067224 ], [ -90.026977, 35.067132 ], [ -90.026748, 35.066737 ], [ -90.026542, 35.066422 ], [ -90.026274, 35.066054 ], [ -90.025945, 35.065643 ], [ -90.025912, 35.065601 ], [ -90.025541, 35.065194 ], [ -90.025089, 35.064777 ], [ -90.024546, 35.064276 ], [ -90.023999, 35.063829 ], [ -90.0237, 35.063611 ], [ -90.023676, 35.063594 ], [ -90.023462, 35.063446 ], [ -90.02325, 35.0633 ], [ -90.023169, 35.063247 ], [ -90.023151, 35.063313 ], [ -90.023105, 35.063496 ], [ -90.0231, 35.063513 ], [ -90.023088, 35.063558 ], [ -90.023082, 35.06358 ], [ -90.023076, 35.063599 ], [ -90.023062, 35.063658 ], [ -90.023058, 35.063678 ], [ -90.023015, 35.063855 ], [ -90.02289, 35.064386 ], [ -90.022848, 35.064564 ], [ -90.022821, 35.064656 ], [ -90.022743, 35.064936 ], [ -90.022717, 35.065029 ], [ -90.022687, 35.065144 ], [ -90.022622, 35.065407 ], [ -90.0226, 35.065491 ], [ -90.022576, 35.06559 ], [ -90.022572, 35.065607 ], [ -90.022549, 35.0657 ], [ -90.022526, 35.065792 ], [ -90.022447, 35.066112 ], [ -90.022074, 35.067627 ], [ -90.02195, 35.068133 ], [ -90.021823, 35.068649 ], [ -90.021444, 35.070197 ], [ -90.021318, 35.070714 ], [ -90.021288, 35.070836 ], [ -90.0212, 35.071206 ], [ -90.021172, 35.071326 ], [ -90.02105, 35.071315 ], [ -90.020827, 35.071297 ], [ -90.020156, 35.071273 ], [ -90.019866, 35.071276 ], [ -90.019737, 35.071278 ], [ -90.01921, 35.071303 ], [ -90.018404, 35.071385 ], [ -90.016692, 35.071641 ], [ -90.015982, 35.071768 ], [ -90.01528, 35.071894 ], [ -90.014697, 35.072001 ], [ -90.014652, 35.072009 ], [ -90.014516, 35.072033 ], [ -90.014472, 35.072042 ], [ -90.01374, 35.072186 ], [ -90.013505, 35.072228 ], [ -90.012282, 35.07245 ], [ -90.01185, 35.072529 ], [ -90.010599, 35.072753 ], [ -90.00963, 35.072927 ], [ -90.009485, 35.072951 ], [ -90.009044, 35.073022 ], [ -90.007855, 35.073239 ], [ -90.007663, 35.073274 ], [ -90.00669, 35.07345 ], [ -90.005756, 35.07362 ], [ -90.004133, 35.073909 ], [ -90.003773, 35.073974 ], [ -90.002801, 35.07415 ], [ -90.002767, 35.074156 ], [ -90.002667, 35.074173 ], [ -90.002634, 35.07418 ], [ -90.002601, 35.074185 ], [ -90.002505, 35.074202 ], [ -90.002473, 35.074209 ], [ -90.00244, 35.074214 ], [ -90.002344, 35.074231 ], [ -90.002313, 35.074238 ], [ -90.001655, 35.074356 ], [ -90.001402, 35.074402 ], [ -90.000817, 35.074505 ], [ -89.999683, 35.074706 ], [ -89.999322, 35.07477 ], [ -89.999324, 35.075042 ], [ -90.0, 35.074924 ], [ -90.002288, 35.074526 ], [ -90.002722, 35.074434 ], [ -90.003612, 35.074273 ], [ -90.004052, 35.074196 ], [ -90.005157, 35.074083 ], [ -90.007194, 35.073876 ], [ -90.008115, 35.073787 ], [ -90.008321, 35.073763 ], [ -90.008328, 35.07724 ], [ -90.008455, 35.077589 ], [ -90.00854, 35.077822 ], [ -90.008809, 35.07783 ], [ -90.009617, 35.077857 ], [ -90.009887, 35.077866 ], [ -90.010087, 35.077872 ], [ -90.010687, 35.07789 ], [ -90.010887, 35.077896 ], [ -90.010879, 35.078063 ], [ -90.010857, 35.078567 ], [ -90.01085, 35.078735 ], [ -90.010393, 35.07872 ], [ -90.01009, 35.078711 ], [ -90.00981, 35.078735 ], [ -90.009674, 35.078769 ], [ -90.009522, 35.078824 ], [ -90.009275, 35.078932 ], [ -90.009789, 35.080393 ], [ -90.010088, 35.081244 ], [ -90.010169, 35.08125 ], [ -90.010734, 35.081291 ], [ -90.010708, 35.081791 ], [ -90.0107, 35.081958 ], [ -90.010681, 35.08219 ], [ -90.010626, 35.082886 ], [ -90.010608, 35.083119 ], [ -90.010576, 35.083547 ], [ -90.010547, 35.083953 ], [ -90.01051, 35.084833 ], [ -90.010492, 35.085263 ], [ -90.010474, 35.085706 ], [ -90.010424, 35.087036 ], [ -90.010408, 35.08748 ], [ -90.010391, 35.087733 ], [ -90.010388, 35.087802 ], [ -90.010351, 35.088772 ], [ -90.010339, 35.089096 ], [ -90.010333, 35.089219 ], [ -90.010319, 35.089589 ], [ -90.010314, 35.089713 ], [ -90.010295, 35.090201 ], [ -90.010282, 35.090547 ], [ -90.010258, 35.091667 ], [ -90.010248, 35.092156 ], [ -90.00959, 35.092146 ], [ -90.009073, 35.092127 ], [ -90.008223, 35.092097 ], [ -90.005853, 35.092032 ], [ -90.005551, 35.092023 ], [ -90.00447, 35.091994 ], [ -90.004441, 35.091994 ], [ -90.004401, 35.092057 ], [ -90.004512, 35.092354 ], [ -90.004512, 35.092613 ], [ -90.004466, 35.093387 ], [ -90.004452, 35.093614 ], [ -90.004451, 35.093635 ], [ -90.004376, 35.094614 ], [ -90.004384, 35.095108 ], [ -90.004346, 35.095936 ], [ -90.004331, 35.096553 ], [ -90.004271, 35.098251 ], [ -90.004271, 35.098455 ], [ -90.004257, 35.098553 ], [ -90.004233, 35.098727 ], [ -90.004159, 35.098946 ], [ -90.004036, 35.099158 ], [ -90.003934, 35.099309 ], [ -90.003406, 35.09993 ], [ -90.003836, 35.099645 ], [ -90.004305, 35.099335 ], [ -90.004677, 35.099091 ], [ -90.00514, 35.098813 ], [ -90.005583, 35.098548 ], [ -90.00558, 35.098877 ], [ -90.005575, 35.099484 ], [ -90.005555, 35.099762 ], [ -90.005552, 35.099865 ], [ -90.005545, 35.100195 ], [ -90.005605, 35.100197 ], [ -90.005788, 35.100204 ], [ -90.005849, 35.100207 ], [ -90.005956, 35.100211 ], [ -90.00628, 35.100223 ], [ -90.006388, 35.100228 ], [ -90.006374, 35.100418 ], [ -90.006367, 35.100816 ], [ -90.006356, 35.101474 ], [ -90.006315, 35.102581 ], [ -90.006294, 35.10317 ], [ -90.006293, 35.103206 ], [ -90.006291, 35.103232 ], [ -90.006282, 35.103419 ], [ -90.00628, 35.103482 ], [ -90.006255, 35.103967 ], [ -90.006182, 35.105424 ], [ -90.006158, 35.10591 ], [ -90.005918, 35.105761 ], [ -90.005198, 35.105317 ], [ -90.004958, 35.105169 ], [ -90.004707, 35.105035 ], [ -90.004309, 35.104823 ], [ -90.003953, 35.104641 ], [ -90.003701, 35.104513 ], [ -90.003683, 35.104677 ], [ -90.003533, 35.105602 ], [ -90.003783, 35.105702 ], [ -90.00401, 35.105707 ], [ -90.004211, 35.105711 ], [ -90.004217, 35.106111 ], [ -90.004273, 35.106117 ], [ -90.004375, 35.106128 ], [ -90.004305, 35.107909 ], [ -90.004288, 35.108356 ], [ -90.004566, 35.108353 ], [ -90.004569, 35.108405 ], [ -90.004721, 35.108424 ], [ -90.004832, 35.108438 ], [ -90.004827, 35.108556 ], [ -90.004821, 35.108711 ], [ -90.004818, 35.108802 ], [ -90.004813, 35.108944 ], [ -90.005091, 35.108955 ], [ -90.005086, 35.109052 ], [ -90.005082, 35.109128 ], [ -90.005076, 35.10927 ], [ -90.005037, 35.110218 ], [ -90.005024, 35.110534 ], [ -90.005016, 35.110726 ], [ -90.004995, 35.111302 ], [ -90.004988, 35.111495 ], [ -90.004981, 35.111684 ], [ -90.004964, 35.112252 ], [ -90.004958, 35.112442 ], [ -90.004951, 35.112638 ], [ -90.004932, 35.113229 ], [ -90.004926, 35.113426 ], [ -90.004919, 35.113616 ], [ -90.004898, 35.114186 ], [ -90.004891, 35.114376 ], [ -90.004874, 35.114725 ], [ -90.004824, 35.115774 ], [ -90.004815, 35.115966 ], [ -90.004832, 35.116123 ], [ -90.005118, 35.116142 ], [ -90.005543, 35.116171 ], [ -90.005805, 35.116217 ], [ -90.005975, 35.116224 ], [ -90.006013, 35.116226 ], [ -90.006263, 35.116218 ], [ -90.00641, 35.116201 ], [ -90.006559, 35.116197 ], [ -90.0068, 35.116191 ], [ -90.006914, 35.116193 ], [ -90.006919, 35.115912 ], [ -90.006921, 35.115798 ], [ -90.010363, 35.115863 ], [ -90.010383, 35.115877 ], [ -90.010374, 35.116085 ], [ -90.010371, 35.11617 ], [ -90.010398, 35.116244 ], [ -90.010418, 35.116265 ], [ -90.010469, 35.116297 ], [ -90.010647, 35.116304 ], [ -90.011452, 35.116339 ], [ -90.011506, 35.116342 ], [ -90.011543, 35.116351 ], [ -90.011684, 35.116457 ], [ -90.01167, 35.11647 ], [ -90.011627, 35.11651 ], [ -90.011614, 35.116524 ], [ -90.011688, 35.116536 ], [ -90.011911, 35.116573 ], [ -90.011986, 35.116586 ], [ -90.012379, 35.116631 ], [ -90.012698, 35.116686 ], [ -90.012944, 35.116729 ], [ -90.013791, 35.116948 ], [ -90.014623, 35.117204 ], [ -90.014777, 35.117264 ], [ -90.015448, 35.117526 ], [ -90.015785, 35.11749 ], [ -90.016793, 35.117386 ], [ -90.017038, 35.117143 ], [ -90.017435, 35.117651 ], [ -90.018093, 35.118495 ], [ -90.018645, 35.119162 ], [ -90.018717, 35.11925 ], [ -90.019074, 35.119645 ], [ -90.019532, 35.120025 ], [ -90.020907, 35.121167 ], [ -90.021366, 35.121548 ], [ -90.021359, 35.121696 ], [ -90.021356, 35.121789 ], [ -90.021342, 35.12214 ], [ -90.021337, 35.122289 ], [ -90.021333, 35.122363 ], [ -90.021327, 35.122525 ], [ -90.021324, 35.122587 ], [ -90.021321, 35.122662 ], [ -90.021318, 35.12271 ], [ -90.021317, 35.122748 ], [ -90.021316, 35.12277 ], [ -90.021312, 35.122856 ], [ -90.021311, 35.122905 ], [ -90.021594, 35.12295 ], [ -90.021707, 35.122967 ], [ -90.022084, 35.123027 ], [ -90.022476, 35.123127 ], [ -90.022884, 35.123225 ], [ -90.023275, 35.123319 ], [ -90.023332, 35.123339 ], [ -90.023503, 35.1234 ], [ -90.023561, 35.123421 ], [ -90.023926, 35.123538 ], [ -90.024077, 35.123587 ], [ -90.025029, 35.123877 ], [ -90.025199, 35.123932 ], [ -90.025393, 35.123994 ], [ -90.025461, 35.124012 ], [ -90.026153, 35.124197 ], [ -90.026187, 35.124202 ], [ -90.026691, 35.124277 ], [ -90.02782, 35.12436 ], [ -90.028641, 35.124419 ], [ -90.028971, 35.124443 ], [ -90.029461, 35.124476 ], [ -90.029966, 35.124486 ], [ -90.031483, 35.124517 ], [ -90.031609, 35.12452 ], [ -90.031989, 35.124515 ], [ -90.032068, 35.124516 ], [ -90.032308, 35.124522 ], [ -90.032388, 35.124524 ], [ -90.032389, 35.124461 ], [ -90.032391, 35.124371 ], [ -90.032403, 35.123915 ], [ -90.032408, 35.123763 ], [ -90.032441, 35.122874 ], [ -90.032457, 35.122427 ], [ -90.03247, 35.122105 ], [ -90.032483, 35.12173 ], [ -90.032539, 35.120209 ], [ -90.032572, 35.119321 ], [ -90.032629, 35.119322 ], [ -90.0328, 35.119326 ], [ -90.032858, 35.119328 ], [ -90.032863, 35.119171 ], [ -90.032878, 35.1187 ], [ -90.032884, 35.118544 ], [ -90.032673, 35.118537 ], [ -90.03204, 35.118517 ], [ -90.031999, 35.118516 ], [ -90.03183, 35.118526 ], [ -90.031841, 35.118293 ], [ -90.031843, 35.118265 ], [ -90.031348, 35.118227 ], [ -90.03135, 35.117677 ], [ -90.031349, 35.117612 ], [ -90.031349, 35.117417 ], [ -90.031349, 35.117352 ], [ -90.031455, 35.117354 ], [ -90.031776, 35.117362 ], [ -90.031883, 35.117365 ], [ -90.031888, 35.117221 ], [ -90.031905, 35.116791 ], [ -90.031911, 35.116661 ], [ -90.031919, 35.116651 ], [ -90.031941, 35.116636 ], [ -90.032002, 35.116622 ], [ -90.032119, 35.116625 ], [ -90.032739, 35.116644 ], [ -90.032946, 35.116651 ], [ -90.032952, 35.116462 ], [ -90.032964, 35.116109 ], [ -90.033835, 35.116134 ], [ -90.034736, 35.116161 ], [ -90.034829, 35.116149 ], [ -90.034908, 35.116141 ], [ -90.03565, 35.116151 ], [ -90.036218, 35.116168 ], [ -90.03645, 35.116171 ], [ -90.037189, 35.116183 ], [ -90.037322, 35.116172 ], [ -90.037262, 35.115959 ], [ -90.037826, 35.11595 ], [ -90.037876, 35.116131 ], [ -90.040371, 35.116183 ], [ -90.040378, 35.116032 ], [ -90.040983, 35.116047 ], [ -90.040965, 35.116693 ], [ -90.041192, 35.116698 ], [ -90.041281, 35.1167 ], [ -90.041873, 35.116711 ], [ -90.042101, 35.116716 ], [ -90.043267, 35.116742 ], [ -90.043278, 35.116331 ], [ -90.043283, 35.116149 ], [ -90.043486, 35.116129 ], [ -90.043534, 35.116331 ], [ -90.043543, 35.11637 ], [ -90.046467, 35.116423 ], [ -90.046469, 35.116337 ], [ -90.046471, 35.11628 ], [ -90.047151, 35.11629 ], [ -90.047215, 35.116338 ], [ -90.047177, 35.11622 ], [ -90.04717, 35.116185 ], [ -90.047185, 35.116141 ], [ -90.047146, 35.116049 ], [ -90.047072, 35.11587 ], [ -90.047185, 35.115871 ], [ -90.047442, 35.115875 ], [ -90.047524, 35.115877 ], [ -90.047638, 35.11588 ], [ -90.047756, 35.115883 ], [ -90.047898, 35.115887 ], [ -90.047928, 35.116117 ], [ -90.048145, 35.116135 ], [ -90.04813, 35.116367 ], [ -90.051215, 35.116464 ], [ -90.051226, 35.116147 ], [ -90.051234, 35.11596 ], [ -90.051467, 35.115965 ], [ -90.051492, 35.116459 ], [ -90.051812, 35.116464 ], [ -90.051785, 35.117869 ], [ -90.051699, 35.119265 ], [ -90.051816, 35.119277 ], [ -90.051823, 35.119307 ], [ -90.052362, 35.119325 ], [ -90.052361, 35.119392 ], [ -90.052355, 35.119687 ], [ -90.05237, 35.119771 ], [ -90.052617, 35.119776 ], [ -90.053359, 35.119794 ], [ -90.053607, 35.1198 ], [ -90.053902, 35.119806 ], [ -90.054788, 35.119827 ], [ -90.05503, 35.119833 ], [ -90.055084, 35.119834 ], [ -90.05507, 35.120203 ], [ -90.055031, 35.121312 ], [ -90.055019, 35.121682 ], [ -90.055015, 35.121765 ], [ -90.055006, 35.122018 ], [ -90.055004, 35.122102 ], [ -90.054998, 35.122242 ], [ -90.054984, 35.122663 ], [ -90.05498, 35.122804 ], [ -90.054973, 35.122974 ], [ -90.054954, 35.123488 ], [ -90.054948, 35.123659 ], [ -90.054917, 35.124574 ], [ -90.05482, 35.124571 ], [ -90.053886, 35.124546 ], [ -90.053867, 35.12499 ], [ -90.053879, 35.125528 ], [ -90.054089, 35.125544 ], [ -90.054088, 35.125648 ], [ -90.054084, 35.12618 ], [ -90.054861, 35.126201 ], [ -90.054859, 35.126262 ], [ -90.054844, 35.126778 ], [ -90.055065, 35.126781 ], [ -90.055401, 35.126786 ], [ -90.055729, 35.126793 ], [ -90.055951, 35.126799 ], [ -90.056175, 35.126799 ], [ -90.05685, 35.126801 ], [ -90.057075, 35.126802 ], [ -90.057348, 35.126812 ], [ -90.05817, 35.126845 ], [ -90.058444, 35.126856 ], [ -90.058582, 35.126862 ], [ -90.058997, 35.126881 ], [ -90.059136, 35.126888 ], [ -90.059269, 35.12689 ], [ -90.059668, 35.126897 ], [ -90.059802, 35.1269 ], [ -90.060213, 35.126917 ], [ -90.061449, 35.126971 ], [ -90.061861, 35.126989 ], [ -90.061861, 35.126973 ], [ -90.061862, 35.126928 ], [ -90.061863, 35.126913 ], [ -90.06221, 35.126928 ], [ -90.062577, 35.126945 ], [ -90.063226, 35.12698 ], [ -90.063254, 35.126981 ], [ -90.063602, 35.126997 ], [ -90.063602, 35.127007 ], [ -90.063602, 35.127027 ], [ -90.063602, 35.127037 ], [ -90.063602, 35.127047 ], [ -90.063754, 35.127045 ], [ -90.064209, 35.127042 ], [ -90.064362, 35.127041 ], [ -90.064556, 35.127024 ], [ -90.064874, 35.126997 ], [ -90.065135, 35.12694 ], [ -90.065327, 35.1269 ], [ -90.065466, 35.126861 ], [ -90.065773, 35.126778 ], [ -90.065881, 35.126738 ], [ -90.066017, 35.12669 ], [ -90.066197, 35.126645 ], [ -90.066738, 35.12651 ], [ -90.066919, 35.126466 ], [ -90.067015, 35.126424 ], [ -90.067018, 35.126303 ], [ -90.067017, 35.126169 ], [ -90.067049, 35.125638 ], [ -90.067088, 35.124987 ], [ -90.067095, 35.12481 ], [ -90.067189, 35.124813 ], [ -90.067267, 35.124814 ], [ -90.068245, 35.124845 ], [ -90.069429, 35.124868 ], [ -90.069515, 35.12487 ], [ -90.070003, 35.124881 ], [ -90.07028, 35.124879 ], [ -90.070737, 35.124892 ], [ -90.071402, 35.124918 ], [ -90.071776, 35.124946 ], [ -90.072047, 35.125 ], [ -90.072391, 35.125103 ], [ -90.072456, 35.125127 ], [ -90.072502, 35.12505 ], [ -90.072757, 35.125162 ], [ -90.07298, 35.125289 ], [ -90.073175, 35.125431 ], [ -90.073865, 35.125996 ], [ -90.07396, 35.126084 ], [ -90.074173, 35.126281 ], [ -90.074245, 35.126347 ], [ -90.074258, 35.126358 ], [ -90.074343, 35.126434 ], [ -90.074682, 35.126697 ], [ -90.075194, 35.127096 ], [ -90.075698, 35.127489 ], [ -90.075893, 35.127641 ], [ -90.076036, 35.127755 ], [ -90.076376, 35.128028 ], [ -90.07762, 35.127135 ], [ -90.079152, 35.126007 ], [ -90.080552, 35.125108 ], [ -90.081464, 35.124469 ], [ -90.082473, 35.123712 ], [ -90.083405, 35.123094 ], [ -90.083901, 35.122728 ], [ -90.084532, 35.12229 ], [ -90.084954, 35.122017 ], [ -90.085577, 35.121624 ], [ -90.086546, 35.121268 ] ] ] } },
{ "type": "Feature", "properties": { "GEOID": "38114", "ZCTA5": "38114", "AREALAND": 19676930 }, "geometry": { "type": "Polygon", "coordinates": [ [ [ -90.015968, 35.118501 ], [ -90.015961, 35.118282 ], [ -90.015909, 35.118117 ], [ -90.015837, 35.118004 ], [ -90.015775, 35.117904 ], [ -90.015448, 35.117526 ], [ -90.014777, 35.117264 ], [ -90.014623, 35.117204 ], [ -90.013791, 35.116948 ], [ -90.012944, 35.116729 ], [ -90.012698, 35.116686 ], [ -90.012379, 35.116631 ], [ -90.011986, 35.116586 ], [ -90.011911, 35.116573 ], [ -90.011688, 35.116536 ], [ -90.011614, 35.116524 ], [ -90.011627, 35.11651 ], [ -90.01167, 35.11647 ], [ -90.011684, 35.116457 ], [ -90.011543, 35.116351 ], [ -90.011506, 35.116342 ], [ -90.011452, 35.116339 ], [ -90.010647, 35.116304 ], [ -90.010469, 35.116297 ], [ -90.010418, 35.116265 ], [ -90.010398, 35.116244 ], [ -90.010371, 35.11617 ], [ -90.010374, 35.116085 ], [ -90.010383, 35.115877 ], [ -90.010363, 35.115863 ], [ -90.006921, 35.115798 ], [ -90.006919, 35.115912 ], [ -90.006914, 35.116193 ], [ -90.0068, 35.116191 ], [ -90.006559, 35.116197 ], [ -90.00641, 35.116201 ], [ -90.006263, 35.116218 ], [ -90.006013, 35.116226 ], [ -90.005975, 35.116224 ], [ -90.005805, 35.116217 ], [ -90.005543, 35.116171 ], [ -90.005118, 35.116142 ], [ -90.004832, 35.116123 ], [ -90.004815, 35.115966 ], [ -90.004824, 35.115774 ], [ -90.004874, 35.114725 ], [ -90.004891, 35.114376 ], [ -90.004898, 35.114186 ], [ -90.004919, 35.113616 ], [ -90.004926, 35.113426 ], [ -90.004932, 35.113229 ], [ -90.004951, 35.112638 ], [ -90.004958, 35.112442 ], [ -90.004964, 35.112252 ], [ -90.004981, 35.111684 ], [ -90.004988, 35.111495 ], [ -90.004995, 35.111302 ], [ -90.005016, 35.110726 ], [ -90.005024, 35.110534 ], [ -90.005037, 35.110218 ], [ -90.005076, 35.10927 ], [ -90.005082, 35.109128 ], [ -90.005086, 35.109052 ], [ -90.005091, 35.108955 ], [ -90.004813, 35.108944 ], [ -90.004818, 35.108802 ], [ -90.004821, 35.108711 ], [ -90.004827, 35.108556 ], [ -90.004832, 35.108438 ], [ -90.004721, 35.108424 ], [ -90.004569, 35.108405 ], [ -90.004566, 35.108353 ], [ -90.004288, 35.108356 ], [ -90.004305, 35.107909 ], [ -90.004375, 35.106128 ], [ -90.004273, 35.106117 ], [ -90.004217, 35.106111 ], [ -90.004211, 35.105711 ], [ -90.00401, 35.105707 ], [ -90.003783, 35.105702 ], [ -90.003533, 35.105602 ], [ -90.003683, 35.104677 ], [ -90.003701, 35.104513 ], [ -90.003953, 35.104641 ], [ -90.004309, 35.104823 ], [ -90.004707, 35.105035 ], [ -90.004958, 35.105169 ], [ -90.005198, 35.105317 ], [ -90.005918, 35.105761 ], [ -90.006158, 35.10591 ], [ -90.006182, 35.105424 ], [ -90.006255, 35.103967 ], [ -90.00628, 35.103482 ], [ -90.006282, 35.103419 ], [ -90.006291, 35.103232 ], [ -90.006293, 35.103206 ], [ -90.006294, 35.10317 ], [ -90.006315, 35.102581 ], [ -90.006356, 35.101474 ], [ -90.006367, 35.100816 ], [ -90.006374, 35.100418 ], [ -90.006388, 35.100228 ], [ -90.00628, 35.100223 ], [ -90.005956, 35.100211 ], [ -90.005849, 35.100207 ], [ -90.005788, 35.100204 ], [ -90.005605, 35.100197 ], [ -90.005545, 35.100195 ], [ -90.005552, 35.099865 ], [ -90.005555, 35.099762 ], [ -90.005575, 35.099484 ], [ -90.00558, 35.098877 ], [ -90.005583, 35.098548 ], [ -90.00514, 35.098813 ], [ -90.004677, 35.099091 ], [ -90.004305, 35.099335 ], [ -90.003836, 35.099645 ], [ -90.003406, 35.09993 ], [ -90.003934, 35.099309 ], [ -90.004036, 35.099158 ], [ -90.004159, 35.098946 ], [ -90.004233, 35.098727 ], [ -90.004257, 35.098553 ], [ -90.004271, 35.098455 ], [ -90.004271, 35.098251 ], [ -90.004331, 35.096553 ], [ -90.004346, 35.095936 ], [ -90.004384, 35.095108 ], [ -90.004376, 35.094614 ], [ -90.004451, 35.093635 ], [ -90.004452, 35.093614 ], [ -90.004466, 35.093387 ], [ -90.004512, 35.092613 ], [ -90.004512, 35.092354 ], [ -90.004401, 35.092057 ], [ -90.004441, 35.091994 ], [ -90.00447, 35.091994 ], [ -90.005551, 35.092023 ], [ -90.005853, 35.092032 ], [ -90.008223, 35.092097 ], [ -90.009073, 35.092127 ], [ -90.00959, 35.092146 ], [ -90.010248, 35.092156 ], [ -90.010258, 35.091667 ], [ -90.010282, 35.090547 ], [ -90.010295, 35.090201 ], [ -90.010314, 35.089713 ], [ -90.010319, 35.089589 ], [ -90.010333, 35.089219 ], [ -90.010339, 35.089096 ], [ -90.010351, 35.088772 ], [ -90.010388, 35.087802 ], [ -90.010391, 35.087733 ], [ -90.010408, 35.08748 ], [ -90.010424, 35.087036 ], [ -90.010474, 35.085706 ], [ -90.010492, 35.085263 ], [ -90.01051, 35.084833 ], [ -90.010547, 35.083953 ], [ -90.010576, 35.083547 ], [ -90.010608, 35.083119 ], [ -90.010626, 35.082886 ], [ -90.010681, 35.08219 ], [ -90.0107, 35.081958 ], [ -90.010708, 35.081791 ], [ -90.010734, 35.081291 ], [ -90.010169, 35.08125 ], [ -90.010088, 35.081244 ], [ -90.009789, 35.080393 ], [ -90.009275, 35.078932 ], [ -90.009522, 35.078824 ], [ -90.009674, 35.078769 ], [ -90.00981, 35.078735 ], [ -90.01009, 35.078711 ], [ -90.010393, 35.07872 ], [ -90.01085, 35.078735 ], [ -90.010857, 35.078567 ], [ -90.010879, 35.078063 ], [ -90.010887, 35.077896 ], [ -90.010687, 35.07789 ], [ -90.010087, 35.077872 ], [ -90.009887, 35.077866 ], [ -90.009617, 35.077857 ], [ -90.008809, 35.07783 ], [ -90.00854, 35.077822 ], [ -90.008455, 35.077589 ], [ -90.008328, 35.07724 ], [ -90.008321, 35.073763 ], [ -90.008115, 35.073787 ], [ -90.007194, 35.073876 ], [ -90.005157, 35.074083 ], [ -90.004052, 35.074196 ], [ -90.003612, 35.074273 ], [ -90.002722, 35.074434 ], [ -90.002288, 35.074526 ], [ -90.0, 35.074924 ], [ -89.999324, 35.075042 ], [ -89.999322, 35.07477 ], [ -89.999026, 35.074823 ], [ -89.998374, 35.074939 ], [ -89.998281, 35.074955 ], [ -89.997464, 35.0751 ], [ -89.992781, 35.075934 ], [ -89.992486, 35.075987 ], [ -89.991601, 35.076122 ], [ -89.991213, 35.076167 ], [ -89.991014, 35.076189 ], [ -89.990841, 35.07621 ], [ -89.990419, 35.076246 ], [ -89.990221, 35.076264 ], [ -89.989578, 35.076303 ], [ -89.989319, 35.076309 ], [ -89.988806, 35.076322 ], [ -89.988604, 35.076326 ], [ -89.98745, 35.076301 ], [ -89.986612, 35.076246 ], [ -89.986372, 35.076231 ], [ -89.986285, 35.076225 ], [ -89.985712, 35.076188 ], [ -89.985677, 35.076185 ], [ -89.985665, 35.076184 ], [ -89.985583, 35.076179 ], [ -89.985525, 35.076174 ], [ -89.985479, 35.076171 ], [ -89.985454, 35.076292 ], [ -89.985443, 35.076341 ], [ -89.985423, 35.076442 ], [ -89.985331, 35.076852 ], [ -89.985324, 35.076887 ], [ -89.985294, 35.077023 ], [ -89.985225, 35.07702 ], [ -89.985166, 35.077018 ], [ -89.985021, 35.077011 ], [ -89.984953, 35.077008 ], [ -89.984555, 35.07698 ], [ -89.984086, 35.076947 ], [ -89.983364, 35.076888 ], [ -89.982967, 35.076856 ], [ -89.982937, 35.076853 ], [ -89.982847, 35.076846 ], [ -89.982818, 35.076844 ], [ -89.981464, 35.076734 ], [ -89.981159, 35.076702 ], [ -89.980677, 35.076666 ], [ -89.979263, 35.076561 ], [ -89.979046, 35.076551 ], [ -89.978958, 35.076547 ], [ -89.978283, 35.076529 ], [ -89.977549, 35.07653 ], [ -89.976748, 35.076562 ], [ -89.975644, 35.076648 ], [ -89.974509, 35.076756 ], [ -89.974247, 35.076782 ], [ -89.973272, 35.076877 ], [ -89.972359, 35.076966 ], [ -89.972109, 35.07699 ], [ -89.971913, 35.077009 ], [ -89.968079, 35.077385 ], [ -89.96649, 35.077541 ], [ -89.964995, 35.077687 ], [ -89.964247, 35.077783 ], [ -89.963684, 35.077862 ], [ -89.963185, 35.077986 ], [ -89.962642, 35.078127 ], [ -89.96246, 35.078182 ], [ -89.962069, 35.078299 ], [ -89.961874, 35.078353 ], [ -89.961607, 35.078434 ], [ -89.961544, 35.078456 ], [ -89.960907, 35.078683 ], [ -89.96057, 35.078811 ], [ -89.960247, 35.078934 ], [ -89.959585, 35.079185 ], [ -89.9576, 35.079939 ], [ -89.957193, 35.080094 ], [ -89.956989, 35.080172 ], [ -89.95694, 35.080192 ], [ -89.956742, 35.08027 ], [ -89.956152, 35.080507 ], [ -89.955955, 35.080586 ], [ -89.956104, 35.080711 ], [ -89.956517, 35.081057 ], [ -89.956547, 35.081082 ], [ -89.956621, 35.081142 ], [ -89.956704, 35.081211 ], [ -89.956926, 35.081401 ], [ -89.956946, 35.081418 ], [ -89.957117, 35.081561 ], [ -89.957458, 35.081846 ], [ -89.957602, 35.081963 ], [ -89.957773, 35.082103 ], [ -89.957828, 35.082151 ], [ -89.957836, 35.082158 ], [ -89.957863, 35.082181 ], [ -89.957872, 35.082189 ], [ -89.958113, 35.082393 ], [ -89.958431, 35.082661 ], [ -89.958713, 35.082897 ], [ -89.958841, 35.083003 ], [ -89.958897, 35.08305 ], [ -89.959053, 35.083178 ], [ -89.959085, 35.083205 ], [ -89.959509, 35.083569 ], [ -89.959933, 35.083931 ], [ -89.960337, 35.08426 ], [ -89.960362, 35.084278 ], [ -89.960414, 35.084321 ], [ -89.96057, 35.08445 ], [ -89.960622, 35.084494 ], [ -89.960664, 35.084529 ], [ -89.96079, 35.084634 ], [ -89.960833, 35.08467 ], [ -89.960882, 35.08471 ], [ -89.961029, 35.084832 ], [ -89.961078, 35.084873 ], [ -89.961304, 35.08506 ], [ -89.961339, 35.08509 ], [ -89.961618, 35.085332 ], [ -89.962113, 35.085759 ], [ -89.962154, 35.085794 ], [ -89.962363, 35.085991 ], [ -89.962304, 35.086031 ], [ -89.962188, 35.086115 ], [ -89.961922, 35.086311 ], [ -89.961784, 35.086467 ], [ -89.961726, 35.086553 ], [ -89.96169, 35.086607 ], [ -89.961633, 35.086745 ], [ -89.961374, 35.086701 ], [ -89.961346, 35.086697 ], [ -89.960986, 35.086656 ], [ -89.96066, 35.086646 ], [ -89.960475, 35.086645 ], [ -89.960185, 35.086645 ], [ -89.959756, 35.086655 ], [ -89.959418, 35.086664 ], [ -89.958471, 35.086641 ], [ -89.958043, 35.086631 ], [ -89.957829, 35.086625 ], [ -89.957487, 35.086615 ], [ -89.957308, 35.089928 ], [ -89.956923, 35.089928 ], [ -89.956906, 35.090574 ], [ -89.957136, 35.090578 ], [ -89.957166, 35.090666 ], [ -89.957232, 35.091375 ], [ -89.957352, 35.091887 ], [ -89.957189, 35.092774 ], [ -89.957044, 35.094793 ], [ -89.957041, 35.094902 ], [ -89.95689, 35.094899 ], [ -89.956863, 35.096028 ], [ -89.957309, 35.09604 ], [ -89.95734, 35.095547 ], [ -89.957672, 35.095549 ], [ -89.957685, 35.095406 ], [ -89.958534, 35.095451 ], [ -89.958704, 35.095247 ], [ -89.958771, 35.095135 ], [ -89.958785, 35.095111 ], [ -89.9588, 35.095052 ], [ -89.958816, 35.094996 ], [ -89.95882, 35.094828 ], [ -89.959304, 35.094837 ], [ -89.960757, 35.094865 ], [ -89.961242, 35.094875 ], [ -89.961223, 35.095441 ], [ -89.96117, 35.097142 ], [ -89.961152, 35.09771 ], [ -89.961142, 35.098062 ], [ -89.961116, 35.099118 ], [ -89.961107, 35.099471 ], [ -89.961087, 35.100415 ], [ -89.961114, 35.100545 ], [ -89.961167, 35.100648 ], [ -89.961258, 35.100743 ], [ -89.961437, 35.100847 ], [ -89.961581, 35.100948 ], [ -89.961643, 35.101022 ], [ -89.961703, 35.101147 ], [ -89.96173, 35.101301 ], [ -89.961723, 35.101479 ], [ -89.961688, 35.102482 ], [ -89.961677, 35.102817 ], [ -89.961673, 35.102941 ], [ -89.961664, 35.103314 ], [ -89.961661, 35.103439 ], [ -89.961645, 35.103773 ], [ -89.961601, 35.104775 ], [ -89.961587, 35.10511 ], [ -89.961579, 35.105278 ], [ -89.961559, 35.105783 ], [ -89.961552, 35.105952 ], [ -89.961546, 35.106074 ], [ -89.961529, 35.106443 ], [ -89.961524, 35.106566 ], [ -89.961521, 35.106629 ], [ -89.961513, 35.106821 ], [ -89.961511, 35.106885 ], [ -89.961504, 35.107074 ], [ -89.961493, 35.107415 ], [ -89.961477, 35.107641 ], [ -89.961464, 35.107831 ], [ -89.961716, 35.107839 ], [ -89.962475, 35.107863 ], [ -89.962728, 35.107871 ], [ -89.962958, 35.107875 ], [ -89.963648, 35.10789 ], [ -89.963879, 35.107896 ], [ -89.964131, 35.107903 ], [ -89.96489, 35.107924 ], [ -89.965143, 35.107931 ], [ -89.965265, 35.107934 ], [ -89.965632, 35.107945 ], [ -89.965755, 35.107949 ], [ -89.965756, 35.108016 ], [ -89.965759, 35.10828 ], [ -89.96626, 35.1083 ], [ -89.966289, 35.108301 ], [ -89.9663, 35.110044 ], [ -89.966067, 35.110039 ], [ -89.965996, 35.110028 ], [ -89.965971, 35.110094 ], [ -89.965993, 35.110821 ], [ -89.965481, 35.11081 ], [ -89.965478, 35.110969 ], [ -89.965472, 35.111448 ], [ -89.965471, 35.111608 ], [ -89.965517, 35.111608 ], [ -89.965657, 35.11161 ], [ -89.965704, 35.111611 ], [ -89.965824, 35.111614 ], [ -89.966185, 35.111626 ], [ -89.966306, 35.11163 ], [ -89.966649, 35.111638 ], [ -89.967681, 35.111665 ], [ -89.968025, 35.111674 ], [ -89.968203, 35.111675 ], [ -89.96843, 35.111678 ], [ -89.968556, 35.111688 ], [ -89.968735, 35.111717 ], [ -89.968911, 35.111747 ], [ -89.968974, 35.111758 ], [ -89.969164, 35.111791 ], [ -89.969228, 35.111803 ], [ -89.969192, 35.111974 ], [ -89.969167, 35.112195 ], [ -89.969153, 35.112334 ], [ -89.969133, 35.113387 ], [ -89.969126, 35.113785 ], [ -89.969123, 35.113968 ], [ -89.969114, 35.114521 ], [ -89.969112, 35.114705 ], [ -89.96911, 35.114799 ], [ -89.969105, 35.115083 ], [ -89.969104, 35.115178 ], [ -89.969103, 35.11519 ], [ -89.969103, 35.115227 ], [ -89.969103, 35.11524 ], [ -89.969101, 35.115361 ], [ -89.9691, 35.115467 ], [ -89.969098, 35.115601 ], [ -89.969171, 35.115604 ], [ -89.969624, 35.115623 ], [ -89.970695, 35.115649 ], [ -89.970908, 35.115653 ], [ -89.97155, 35.115667 ], [ -89.971764, 35.115672 ], [ -89.971933, 35.115675 ], [ -89.972442, 35.115685 ], [ -89.972612, 35.115689 ], [ -89.97279, 35.115694 ], [ -89.973324, 35.115709 ], [ -89.973503, 35.115715 ], [ -89.973661, 35.115717 ], [ -89.974138, 35.115725 ], [ -89.974297, 35.115728 ], [ -89.974668, 35.115736 ], [ -89.975784, 35.115763 ], [ -89.976156, 35.115772 ], [ -89.976994, 35.11579 ], [ -89.977915, 35.115811 ], [ -89.979511, 35.11585 ], [ -89.980078, 35.115864 ], [ -89.98035, 35.115873 ], [ -89.980395, 35.115875 ], [ -89.980687, 35.115885 ], [ -89.98084, 35.11589 ], [ -89.983673, 35.115952 ], [ -89.984211, 35.115964 ], [ -89.984244, 35.115965 ], [ -89.984277, 35.115966 ], [ -89.98436, 35.115968 ], [ -89.984436, 35.11597 ], [ -89.984474, 35.11597 ], [ -89.984639, 35.115973 ], [ -89.985676, 35.115995 ], [ -89.986469, 35.116015 ], [ -89.986644, 35.116019 ], [ -89.987172, 35.116031 ], [ -89.987348, 35.116035 ], [ -89.987528, 35.116039 ], [ -89.988068, 35.116052 ], [ -89.988249, 35.116057 ], [ -89.988431, 35.116061 ], [ -89.98898, 35.116074 ], [ -89.989163, 35.116079 ], [ -89.989348, 35.116083 ], [ -89.989902, 35.116097 ], [ -89.990088, 35.116102 ], [ -89.990316, 35.116106 ], [ -89.991, 35.116121 ], [ -89.991229, 35.116126 ], [ -89.991462, 35.116132 ], [ -89.992164, 35.116151 ], [ -89.992398, 35.116158 ], [ -89.9926, 35.116163 ], [ -89.993207, 35.116178 ], [ -89.99341, 35.116184 ], [ -89.993395, 35.116585 ], [ -89.993923, 35.11662 ], [ -89.993915, 35.11695 ], [ -89.99445, 35.116964 ], [ -89.994478, 35.116207 ], [ -89.994606, 35.11621 ], [ -89.994697, 35.116212 ], [ -89.995019, 35.11622 ], [ -89.995539, 35.116232 ], [ -89.995518, 35.116975 ], [ -89.995508, 35.117276 ], [ -89.995504, 35.117404 ], [ -89.99824, 35.117482 ], [ -89.998349, 35.117517 ], [ -89.998656, 35.117494 ], [ -89.998647, 35.117748 ], [ -89.998641, 35.117915 ], [ -89.998606, 35.118885 ], [ -89.998566, 35.11982 ], [ -89.998556, 35.120053 ], [ -89.998529, 35.120754 ], [ -89.99852, 35.120988 ], [ -89.99851, 35.121196 ], [ -89.998484, 35.121823 ], [ -89.998476, 35.122032 ], [ -89.998466, 35.122225 ], [ -89.99844, 35.122807 ], [ -89.998432, 35.123001 ], [ -89.998424, 35.123204 ], [ -89.998406, 35.123726 ], [ -89.998403, 35.123814 ], [ -89.998396, 35.124018 ], [ -89.998354, 35.124119 ], [ -90.001442, 35.123927 ], [ -90.003431, 35.123872 ], [ -90.004687, 35.123823 ], [ -90.006367, 35.123735 ], [ -90.006792, 35.123707 ], [ -90.00807, 35.123627 ], [ -90.008496, 35.123601 ], [ -90.00886, 35.123581 ], [ -90.00952, 35.123545 ], [ -90.009955, 35.12353 ], [ -90.010321, 35.123518 ], [ -90.010637, 35.123505 ], [ -90.01091, 35.123494 ], [ -90.011589, 35.123467 ], [ -90.011906, 35.123455 ], [ -90.011971, 35.123448 ], [ -90.012024, 35.123394 ], [ -90.012184, 35.123234 ], [ -90.012238, 35.123181 ], [ -90.012327, 35.123152 ], [ -90.012596, 35.123065 ], [ -90.012686, 35.123037 ], [ -90.012805, 35.123007 ], [ -90.013162, 35.12292 ], [ -90.013282, 35.122892 ], [ -90.013741, 35.122669 ], [ -90.014467, 35.122319 ], [ -90.015063, 35.122084 ], [ -90.015144, 35.122069 ], [ -90.015647, 35.12198 ], [ -90.015313, 35.121781 ], [ -90.015282, 35.121751 ], [ -90.015124, 35.121597 ], [ -90.014962, 35.121332 ], [ -90.014914, 35.121157 ], [ -90.014885, 35.120981 ], [ -90.014918, 35.120581 ], [ -90.014955, 35.120152 ], [ -90.015306, 35.119643 ], [ -90.015319, 35.119625 ], [ -90.015604, 35.119213 ], [ -90.015879, 35.118775 ], [ -90.015968, 35.118501 ] ] ] } },
{ "type": "Feature", "properties": { "GEOID": "38103", "ZCTA5": "38103", "AREALAND": 6858983 }, "geometry": { "type": "Polygon", "coordinates": [ [ [ -90.076272, 35.128104 ], [ -90.076376, 35.128028 ], [ -90.076036, 35.127755 ], [ -90.075893, 35.127641 ], [ -90.075698, 35.127489 ], [ -90.075194, 35.127096 ], [ -90.074682, 35.126697 ], [ -90.074343, 35.126434 ], [ -90.074258, 35.126358 ], [ -90.074245, 35.126347 ], [ -90.074173, 35.126281 ], [ -90.07396, 35.126084 ], [ -90.073865, 35.125996 ], [ -90.073175, 35.125431 ], [ -90.07298, 35.125289 ], [ -90.072757, 35.125162 ], [ -90.072502, 35.12505 ], [ -90.072456, 35.125127 ], [ -90.072391, 35.125103 ], [ -90.072047, 35.125 ], [ -90.071776, 35.124946 ], [ -90.071402, 35.124918 ], [ -90.070737, 35.124892 ], [ -90.07028, 35.124879 ], [ -90.070003, 35.124881 ], [ -90.069515, 35.12487 ], [ -90.069429, 35.124868 ], [ -90.068245, 35.124845 ], [ -90.067267, 35.124814 ], [ -90.067189, 35.124813 ], [ -90.067095, 35.12481 ], [ -90.067088, 35.124987 ], [ -90.067049, 35.125638 ], [ -90.067017, 35.126169 ], [ -90.067018, 35.126303 ], [ -90.067015, 35.126424 ], [ -90.066919, 35.126466 ], [ -90.066738, 35.12651 ], [ -90.066197, 35.126645 ], [ -90.066017, 35.12669 ], [ -90.065881, 35.126738 ], [ -90.065773, 35.126778 ], [ -90.065466, 35.126861 ], [ -90.065327, 35.1269 ], [ -90.065135, 35.12694 ], [ -90.064874, 35.126997 ], [ -90.064556, 35.127024 ], [ -90.064362, 35.127041 ], [ -90.064209, 35.127042 ], [ -90.063754, 35.127045 ], [ -90.063602, 35.127047 ], [ -90.063602, 35.127037 ], [ -90.063602, 35.127027 ], [ -90.063602, 35.127007 ], [ -90.063602, 35.126997 ], [ -90.063254, 35.126981 ], [ -90.063226, 35.12698 ], [ -90.062577, 35.126945 ], [ -90.06221, 35.126928 ], [ -90.061863, 35.126913 ], [ -90.061862, 35.126928 ], [ -90.061861, 35.126973 ], [ -90.061861, 35.126989 ], [ -90.061449, 35.126971 ], [ -90.060213, 35.126917 ], [ -90.059802, 35.1269 ], [ -90.059668, 35.126897 ], [ -90.059269, 35.12689 ], [ -90.059136, 35.126888 ], [ -90.058997, 35.126881 ], [ -90.058582, 35.126862 ], [ -90.058444, 35.126856 ], [ -90.05817, 35.126845 ], [ -90.057348, 35.126812 ], [ -90.057075, 35.126802 ], [ -90.057071, 35.12685 ], [ -90.057061, 35.126997 ], [ -90.057058, 35.127046 ], [ -90.057254, 35.127232 ], [ -90.057635, 35.127595 ], [ -90.057698, 35.127876 ], [ -90.057758, 35.128141 ], [ -90.057533, 35.128134 ], [ -90.056859, 35.128116 ], [ -90.056635, 35.12811 ], [ -90.056628, 35.12833 ], [ -90.056611, 35.128993 ], [ -90.056606, 35.129214 ], [ -90.0571, 35.129233 ], [ -90.058014, 35.129269 ], [ -90.058091, 35.129272 ], [ -90.058582, 35.129289 ], [ -90.059077, 35.129307 ], [ -90.059079, 35.129534 ], [ -90.059082, 35.129814 ], [ -90.059069, 35.130217 ], [ -90.059063, 35.130445 ], [ -90.058565, 35.130434 ], [ -90.058368, 35.130431 ], [ -90.058343, 35.13162 ], [ -90.05833, 35.132105 ], [ -90.057816, 35.132095 ], [ -90.057801, 35.132217 ], [ -90.057152, 35.1322 ], [ -90.057159, 35.131599 ], [ -90.057043, 35.131598 ], [ -90.056546, 35.13159 ], [ -90.056537, 35.131826 ], [ -90.056514, 35.132534 ], [ -90.056506, 35.132771 ], [ -90.055818, 35.132751 ], [ -90.055184, 35.132745 ], [ -90.05462, 35.132739 ], [ -90.054626, 35.132873 ], [ -90.05466, 35.133044 ], [ -90.054724, 35.133207 ], [ -90.054803, 35.133341 ], [ -90.054981, 35.133608 ], [ -90.055027, 35.133698 ], [ -90.055075, 35.133871 ], [ -90.055085, 35.134012 ], [ -90.055079, 35.134228 ], [ -90.055061, 35.134434 ], [ -90.054995, 35.134674 ], [ -90.054925, 35.134826 ], [ -90.054757, 35.135137 ], [ -90.054418, 35.135773 ], [ -90.054339, 35.13589 ], [ -90.053698, 35.136729 ], [ -90.053568, 35.136886 ], [ -90.053338, 35.137168 ], [ -90.053187, 35.137366 ], [ -90.053064, 35.137529 ], [ -90.052506, 35.137237 ], [ -90.052323, 35.137157 ], [ -90.052102, 35.13709 ], [ -90.051935, 35.137061 ], [ -90.051717, 35.137061 ], [ -90.051466, 35.137072 ], [ -90.050985, 35.13717 ], [ -90.050593, 35.137241 ], [ -90.05035, 35.137273 ], [ -90.050096, 35.137282 ], [ -90.049701, 35.137244 ], [ -90.049293, 35.137203 ], [ -90.048949, 35.137169 ], [ -90.048068, 35.13709 ], [ -90.04766, 35.137055 ], [ -90.04737, 35.137025 ], [ -90.046895, 35.136978 ], [ -90.046505, 35.136924 ], [ -90.046343, 35.136902 ], [ -90.04626, 35.13689 ], [ -90.046218, 35.136884 ], [ -90.046203, 35.136978 ], [ -90.046151, 35.137161 ], [ -90.046091, 35.137288 ], [ -90.046056, 35.137366 ], [ -90.045948, 35.137617 ], [ -90.045767, 35.137566 ], [ -90.045653, 35.137544 ], [ -90.044498, 35.137433 ], [ -90.044451, 35.137389 ], [ -90.044445, 35.137275 ], [ -90.044528, 35.136689 ], [ -90.044485, 35.136685 ], [ -90.043931, 35.13663 ], [ -90.043359, 35.136574 ], [ -90.043332, 35.136792 ], [ -90.043307, 35.137004 ], [ -90.043236, 35.137447 ], [ -90.043202, 35.137665 ], [ -90.042556, 35.137598 ], [ -90.040886, 35.137428 ], [ -90.040621, 35.137403 ], [ -90.039976, 35.137344 ], [ -90.039979, 35.137134 ], [ -90.039988, 35.136504 ], [ -90.039989, 35.13646 ], [ -90.040006, 35.136295 ], [ -90.039458, 35.136231 ], [ -90.038152, 35.13608 ], [ -90.037984, 35.136065 ], [ -90.037815, 35.13605 ], [ -90.037266, 35.136002 ], [ -90.03679, 35.135959 ], [ -90.036368, 35.135921 ], [ -90.035436, 35.135851 ], [ -90.035364, 35.135843 ], [ -90.034891, 35.13579 ], [ -90.034893, 35.135867 ], [ -90.034897, 35.13595 ], [ -90.034916, 35.136097 ], [ -90.034927, 35.136174 ], [ -90.034953, 35.136286 ], [ -90.034981, 35.136353 ], [ -90.035036, 35.136426 ], [ -90.035137, 35.136562 ], [ -90.035222, 35.136648 ], [ -90.035642, 35.137002 ], [ -90.035856, 35.137183 ], [ -90.035835, 35.137202 ], [ -90.035774, 35.137258 ], [ -90.035754, 35.137278 ], [ -90.035609, 35.137413 ], [ -90.035454, 35.137528 ], [ -90.03533, 35.137583 ], [ -90.035178, 35.13762 ], [ -90.035091, 35.137624 ], [ -90.035071, 35.137623 ], [ -90.034874, 35.137616 ], [ -90.034547, 35.13759 ], [ -90.034233, 35.137565 ], [ -90.033569, 35.137501 ], [ -90.033244, 35.13747 ], [ -90.033247, 35.13709 ], [ -90.033248, 35.137018 ], [ -90.033286, 35.135951 ], [ -90.033292, 35.135807 ], [ -90.033302, 35.135572 ], [ -90.033168, 35.135553 ], [ -90.032768, 35.135497 ], [ -90.032635, 35.135479 ], [ -90.032307, 35.135433 ], [ -90.031937, 35.135382 ], [ -90.031492, 35.135317 ], [ -90.031328, 35.135276 ], [ -90.031007, 35.135197 ], [ -90.031, 35.135402 ], [ -90.03098, 35.136017 ], [ -90.030974, 35.136223 ], [ -90.030965, 35.136431 ], [ -90.03094, 35.137055 ], [ -90.030932, 35.137264 ], [ -90.030919, 35.137463 ], [ -90.030909, 35.137619 ], [ -90.030898, 35.138063 ], [ -90.030894, 35.138264 ], [ -90.030682, 35.138241 ], [ -90.030049, 35.138174 ], [ -90.029838, 35.138152 ], [ -90.029814, 35.138301 ], [ -90.029746, 35.138749 ], [ -90.029723, 35.138899 ], [ -90.029715, 35.138953 ], [ -90.029695, 35.139115 ], [ -90.029688, 35.13917 ], [ -90.029415, 35.13914 ], [ -90.028596, 35.139053 ], [ -90.028324, 35.139024 ], [ -90.028292, 35.139229 ], [ -90.028199, 35.139844 ], [ -90.028168, 35.14005 ], [ -90.028117, 35.140251 ], [ -90.028092, 35.140315 ], [ -90.028065, 35.140387 ], [ -90.027862, 35.140802 ], [ -90.027804, 35.140991 ], [ -90.027792, 35.141085 ], [ -90.027759, 35.14136 ], [ -90.02765, 35.142252 ], [ -90.027613, 35.142562 ], [ -90.027612, 35.142702 ], [ -90.028681, 35.142793 ], [ -90.02918, 35.14284 ], [ -90.029315, 35.142848 ], [ -90.029459, 35.142852 ], [ -90.029514, 35.142853 ], [ -90.029592, 35.142855 ], [ -90.0299, 35.142836 ], [ -90.030198, 35.142792 ], [ -90.030332, 35.142765 ], [ -90.030509, 35.142726 ], [ -90.030561, 35.142716 ], [ -90.03084, 35.142669 ], [ -90.030926, 35.142657 ], [ -90.031308, 35.142637 ], [ -90.031434, 35.142631 ], [ -90.032026, 35.142642 ], [ -90.032316, 35.142626 ], [ -90.032714, 35.142588 ], [ -90.032942, 35.142567 ], [ -90.033183, 35.142558 ], [ -90.033456, 35.142565 ], [ -90.033606, 35.142583 ], [ -90.033807, 35.142608 ], [ -90.034876, 35.142708 ], [ -90.034974, 35.142718 ], [ -90.035043, 35.142727 ], [ -90.035165, 35.142689 ], [ -90.035293, 35.142708 ], [ -90.035324, 35.142509 ], [ -90.03542, 35.141914 ], [ -90.035452, 35.141716 ], [ -90.035483, 35.141511 ], [ -90.035576, 35.1409 ], [ -90.035608, 35.140696 ], [ -90.035673, 35.140695 ], [ -90.035715, 35.140695 ], [ -90.035867, 35.140711 ], [ -90.035932, 35.140719 ], [ -90.036359, 35.140801 ], [ -90.036609, 35.14085 ], [ -90.037506, 35.141099 ], [ -90.037623, 35.14113 ], [ -90.038044, 35.141242 ], [ -90.038459, 35.14135 ], [ -90.040976, 35.142048 ], [ -90.041124, 35.142101 ], [ -90.041179, 35.142114 ], [ -90.041363, 35.14216 ], [ -90.041539, 35.142216 ], [ -90.041967, 35.142394 ], [ -90.042118, 35.142457 ], [ -90.042167, 35.142482 ], [ -90.042317, 35.142558 ], [ -90.042367, 35.142584 ], [ -90.042468, 35.142636 ], [ -90.042767, 35.142762 ], [ -90.042897, 35.142817 ], [ -90.043146, 35.142906 ], [ -90.043631, 35.143038 ], [ -90.043697, 35.143051 ], [ -90.043906, 35.143096 ], [ -90.043729, 35.1433 ], [ -90.043694, 35.143367 ], [ -90.043682, 35.143503 ], [ -90.04361, 35.143654 ], [ -90.043594, 35.143691 ], [ -90.043553, 35.143815 ], [ -90.04351, 35.144028 ], [ -90.043508, 35.144063 ], [ -90.043504, 35.144208 ], [ -90.043526, 35.144441 ], [ -90.043573, 35.144617 ], [ -90.043644, 35.144802 ], [ -90.043736, 35.145039 ], [ -90.043495, 35.144975 ], [ -90.043298, 35.14491 ], [ -90.042424, 35.144626 ], [ -90.042019, 35.144492 ], [ -90.041829, 35.144472 ], [ -90.041606, 35.144415 ], [ -90.041547, 35.1444 ], [ -90.041273, 35.14433 ], [ -90.04039, 35.144101 ], [ -90.040354, 35.144207 ], [ -90.040214, 35.144626 ], [ -90.040124, 35.144867 ], [ -90.040043, 35.145086 ], [ -90.04016, 35.145117 ], [ -90.040417, 35.145186 ], [ -90.041541, 35.145486 ], [ -90.041916, 35.145587 ], [ -90.041884, 35.145796 ], [ -90.04179, 35.146426 ], [ -90.04177, 35.146562 ], [ -90.04175, 35.146635 ], [ -90.043867, 35.147215 ], [ -90.04394, 35.147235 ], [ -90.044017, 35.147254 ], [ -90.043639, 35.148265 ], [ -90.043799, 35.148306 ], [ -90.044422, 35.148463 ], [ -90.044646, 35.148518 ], [ -90.045319, 35.148683 ], [ -90.045544, 35.148739 ], [ -90.045464, 35.148939 ], [ -90.045226, 35.149542 ], [ -90.045147, 35.149743 ], [ -90.045545, 35.14985 ], [ -90.045701, 35.149892 ], [ -90.046874, 35.150207 ], [ -90.047364, 35.150339 ], [ -90.047919, 35.150489 ], [ -90.047999, 35.15029 ], [ -90.04824, 35.149693 ], [ -90.048321, 35.149495 ], [ -90.048568, 35.149562 ], [ -90.049312, 35.149766 ], [ -90.049561, 35.149834 ], [ -90.049477, 35.150041 ], [ -90.049226, 35.150663 ], [ -90.049188, 35.150759 ], [ -90.049133, 35.150867 ], [ -90.049055, 35.151059 ], [ -90.048929, 35.151371 ], [ -90.048833, 35.151633 ], [ -90.048755, 35.151833 ], [ -90.048355, 35.152818 ], [ -90.048322, 35.152925 ], [ -90.048301, 35.152999 ], [ -90.048282, 35.153065 ], [ -90.048268, 35.153124 ], [ -90.04821, 35.153311 ], [ -90.04802, 35.153771 ], [ -90.047991, 35.153814 ], [ -90.04811, 35.153846 ], [ -90.048469, 35.153942 ], [ -90.048589, 35.153975 ], [ -90.04819, 35.154969 ], [ -90.047789, 35.15596 ], [ -90.048439, 35.156131 ], [ -90.048425, 35.156166 ], [ -90.048039, 35.157123 ], [ -90.048685, 35.157294 ], [ -90.048882, 35.156791 ], [ -90.049519, 35.156972 ], [ -90.049634, 35.156687 ], [ -90.049712, 35.156497 ], [ -90.050118, 35.155498 ], [ -90.050515, 35.154505 ], [ -90.050733, 35.153956 ], [ -90.050939, 35.153454 ], [ -90.050966, 35.15338 ], [ -90.051039, 35.153191 ], [ -90.051064, 35.153129 ], [ -90.051169, 35.153129 ], [ -90.051491, 35.153133 ], [ -90.051591, 35.153134 ], [ -90.051627, 35.153133 ], [ -90.051736, 35.153132 ], [ -90.051773, 35.153132 ], [ -90.051866, 35.153129 ], [ -90.051908, 35.153129 ], [ -90.052312, 35.153123 ], [ -90.052448, 35.153122 ], [ -90.052469, 35.153122 ], [ -90.052487, 35.153123 ], [ -90.052571, 35.153122 ], [ -90.052614, 35.153123 ], [ -90.05273, 35.153124 ], [ -90.052741, 35.153124 ], [ -90.054271, 35.15311 ], [ -90.054422, 35.153108 ], [ -90.054849, 35.153106 ], [ -90.054895, 35.153105 ], [ -90.054888, 35.153131 ], [ -90.054874, 35.153169 ], [ -90.054841, 35.153266 ], [ -90.054834, 35.153286 ], [ -90.054822, 35.153325 ], [ -90.054633, 35.153842 ], [ -90.053228, 35.157694 ], [ -90.052475, 35.158311 ], [ -90.050863, 35.159589 ], [ -90.050048, 35.160418 ], [ -90.049564, 35.16172 ], [ -90.049359, 35.162618 ], [ -90.049305, 35.163624 ], [ -90.049295, 35.16382 ], [ -90.049247, 35.164282 ], [ -90.049102, 35.16567 ], [ -90.049055, 35.166133 ], [ -90.048669, 35.167144 ], [ -90.048594, 35.167343 ], [ -90.048082, 35.168362 ], [ -90.047973, 35.16858 ], [ -90.047317, 35.169891 ], [ -90.047226, 35.170049 ], [ -90.046691, 35.17099 ], [ -90.046623, 35.171849 ], [ -90.046721, 35.172289 ], [ -90.047119, 35.174056 ], [ -90.047151, 35.175245 ], [ -90.046897, 35.176148 ], [ -90.046816, 35.17644 ], [ -90.046569, 35.177419 ], [ -90.046484, 35.177414 ], [ -90.046231, 35.177399 ], [ -90.046147, 35.177394 ], [ -90.045797, 35.177366 ], [ -90.044747, 35.177282 ], [ -90.044397, 35.177255 ], [ -90.044428, 35.177516 ], [ -90.044458, 35.177775 ], [ -90.044641, 35.179336 ], [ -90.044688, 35.179859 ], [ -90.044706, 35.180083 ], [ -90.044763, 35.180757 ], [ -90.044782, 35.180982 ], [ -90.044801, 35.181239 ], [ -90.044859, 35.18201 ], [ -90.044879, 35.182267 ], [ -90.044916, 35.182548 ], [ -90.044957, 35.182855 ], [ -90.045034, 35.183198 ], [ -90.045088, 35.183379 ], [ -90.045171, 35.183651 ], [ -90.045239, 35.183866 ], [ -90.045446, 35.184514 ], [ -90.045515, 35.18473 ], [ -90.045517, 35.184741 ], [ -90.045524, 35.184777 ], [ -90.045527, 35.184789 ], [ -90.045561, 35.184861 ], [ -90.045618, 35.184929 ], [ -90.045709, 35.184984 ], [ -90.045926, 35.185055 ], [ -90.046093, 35.185083 ], [ -90.046254, 35.185085 ], [ -90.046424, 35.185051 ], [ -90.046523, 35.185032 ], [ -90.047303, 35.184598 ], [ -90.049097, 35.183651 ], [ -90.04991, 35.183223 ], [ -90.049988, 35.183182 ], [ -90.050366, 35.18298 ], [ -90.051503, 35.182377 ], [ -90.051882, 35.182176 ], [ -90.052528, 35.181833 ], [ -90.052638, 35.181784 ], [ -90.052761, 35.181731 ], [ -90.052958, 35.18167 ], [ -90.053144, 35.181643 ], [ -90.053925, 35.181532 ], [ -90.053968, 35.181526 ], [ -90.05402, 35.181519 ], [ -90.055026, 35.181377 ], [ -90.055153, 35.18136 ], [ -90.055636, 35.181293 ], [ -90.055787, 35.181272 ], [ -90.055927, 35.18124 ], [ -90.05598, 35.181195 ], [ -90.056043, 35.181217 ], [ -90.05619, 35.181234 ], [ -90.056337, 35.181267 ], [ -90.056455, 35.181328 ], [ -90.056528, 35.1814 ], [ -90.05661, 35.181549 ], [ -90.056651, 35.181665 ], [ -90.056726, 35.181876 ], [ -90.05702, 35.182761 ], [ -90.0572, 35.182899 ], [ -90.05731, 35.182878 ], [ -90.057421, 35.182857 ], [ -90.057479, 35.182919 ], [ -90.057543, 35.182989 ], [ -90.057485, 35.183141 ], [ -90.057455, 35.183222 ], [ -90.058025, 35.182821 ], [ -90.058856, 35.182385 ], [ -90.06078, 35.181379 ], [ -90.061158, 35.18114 ], [ -90.062475, 35.180308 ], [ -90.062979, 35.17999 ], [ -90.063088, 35.17991 ], [ -90.064414, 35.178953 ], [ -90.064465, 35.178313 ], [ -90.064509, 35.177783 ], [ -90.064569, 35.176391 ], [ -90.064598, 35.175751 ], [ -90.064667, 35.171192 ], [ -90.064682, 35.170202 ], [ -90.064726, 35.167362 ], [ -90.064637, 35.165201 ], [ -90.06446, 35.160897 ], [ -90.064169, 35.157534 ], [ -90.064102, 35.156757 ], [ -90.063922, 35.154679 ], [ -90.064608, 35.153131 ], [ -90.065283, 35.153132 ], [ -90.065415, 35.153132 ], [ -90.06633, 35.153135 ], [ -90.066261, 35.153017 ], [ -90.065832, 35.152286 ], [ -90.065381, 35.151383 ], [ -90.065043, 35.150575 ], [ -90.064516, 35.14897 ], [ -90.064648, 35.148216 ], [ -90.064849, 35.147058 ], [ -90.064399, 35.14182 ], [ -90.064491, 35.141417 ], [ -90.064655, 35.140863 ], [ -90.065866, 35.14053 ], [ -90.06621, 35.139224 ], [ -90.066483, 35.138621 ], [ -90.066747, 35.13805 ], [ -90.067182, 35.137401 ], [ -90.067556, 35.136843 ], [ -90.068075, 35.136069 ], [ -90.069255, 35.134452 ], [ -90.070609, 35.132878 ], [ -90.071065, 35.132345 ], [ -90.072495, 35.131042 ], [ -90.072647, 35.130922 ], [ -90.073926, 35.128332 ], [ -90.074115, 35.128144 ], [ -90.075472, 35.128691 ], [ -90.075659, 35.128544 ], [ -90.075985, 35.12831 ], [ -90.076272, 35.128104 ] ], [ [ -90.043182, 35.145162 ], [ -90.043176, 35.145219 ], [ -90.043151, 35.145276 ], [ -90.043013, 35.145608 ], [ -90.042986, 35.145674 ], [ -90.042947, 35.145704 ], [ -90.042894, 35.145709 ], [ -90.042643, 35.14564 ], [ -90.042219, 35.145525 ], [ -90.041734, 35.145403 ], [ -90.041575, 35.145364 ], [ -90.041505, 35.145338 ], [ -90.041475, 35.145307 ], [ -90.041465, 35.145278 ], [ -90.041464, 35.145236 ], [ -90.041494, 35.145159 ], [ -90.041513, 35.145115 ], [ -90.04154, 35.145023 ], [ -90.041532, 35.14487 ], [ -90.04153, 35.144793 ], [ -90.041528, 35.144669 ], [ -90.041858, 35.144712 ], [ -90.041873, 35.144716 ], [ -90.042352, 35.144846 ], [ -90.042876, 35.145017 ], [ -90.04311, 35.145093 ], [ -90.043168, 35.145129 ], [ -90.043182, 35.145162 ] ] ] } },
{ "type": "Feature", "properties": { "GEOID": "38111", "ZCTA5": "38111", "AREALAND": 25314390 }, "geometry": { "type": "Polygon", "coordinates": [ [ [ -89.98035, 35.115873 ], [ -89.980078, 35.115864 ], [ -89.979511, 35.11585 ], [ -89.977915, 35.115811 ], [ -89.976994, 35.11579 ], [ -89.976156, 35.115772 ], [ -89.975784, 35.115763 ], [ -89.974668, 35.115736 ], [ -89.974297, 35.115728 ], [ -89.974138, 35.115725 ], [ -89.973661, 35.115717 ], [ -89.973503, 35.115715 ], [ -89.973324, 35.115709 ], [ -89.97279, 35.115694 ], [ -89.972612, 35.115689 ], [ -89.972442, 35.115685 ], [ -89.971933, 35.115675 ], [ -89.971764, 35.115672 ], [ -89.97155, 35.115667 ], [ -89.970908, 35.115653 ], [ -89.970695, 35.115649 ], [ -89.969624, 35.115623 ], [ -89.969171, 35.115604 ], [ -89.969098, 35.115601 ], [ -89.9691, 35.115467 ], [ -89.969101, 35.115361 ], [ -89.969103, 35.11524 ], [ -89.969103, 35.115227 ], [ -89.969103, 35.11519 ], [ -89.969104, 35.115178 ], [ -89.969105, 35.115083 ], [ -89.96911, 35.114799 ], [ -89.969112, 35.114705 ], [ -89.969114, 35.114521 ], [ -89.969123, 35.113968 ], [ -89.969126, 35.113785 ], [ -89.969133, 35.113387 ], [ -89.969153, 35.112334 ], [ -89.969167, 35.112195 ], [ -89.969192, 35.111974 ], [ -89.969228, 35.111803 ], [ -89.969164, 35.111791 ], [ -89.968974, 35.111758 ], [ -89.968911, 35.111747 ], [ -89.968735, 35.111717 ], [ -89.968556, 35.111688 ], [ -89.96843, 35.111678 ], [ -89.968203, 35.111675 ], [ -89.968025, 35.111674 ], [ -89.967681, 35.111665 ], [ -89.966649, 35.111638 ], [ -89.966306, 35.11163 ], [ -89.966185, 35.111626 ], [ -89.965824, 35.111614 ], [ -89.965704, 35.111611 ], [ -89.965657, 35.11161 ], [ -89.965517, 35.111608 ], [ -89.965471, 35.111608 ], [ -89.965472, 35.111448 ], [ -89.965478, 35.110969 ], [ -89.965481, 35.11081 ], [ -89.965993, 35.110821 ], [ -89.965971, 35.110094 ], [ -89.965996, 35.110028 ], [ -89.966067, 35.110039 ], [ -89.9663, 35.110044 ], [ -89.966289, 35.108301 ], [ -89.96626, 35.1083 ], [ -89.965759, 35.10828 ], [ -89.965756, 35.108016 ], [ -89.965755, 35.107949 ], [ -89.965632, 35.107945 ], [ -89.965265, 35.107934 ], [ -89.965143, 35.107931 ], [ -89.96489, 35.107924 ], [ -89.964131, 35.107903 ], [ -89.963879, 35.107896 ], [ -89.963648, 35.10789 ], [ -89.962958, 35.107875 ], [ -89.962728, 35.107871 ], [ -89.962475, 35.107863 ], [ -89.961716, 35.107839 ], [ -89.961464, 35.107831 ], [ -89.961477, 35.107641 ], [ -89.961493, 35.107415 ], [ -89.961504, 35.107074 ], [ -89.961511, 35.106885 ], [ -89.961513, 35.106821 ], [ -89.961521, 35.106629 ], [ -89.961524, 35.106566 ], [ -89.961529, 35.106443 ], [ -89.961546, 35.106074 ], [ -89.961552, 35.105952 ], [ -89.961559, 35.105783 ], [ -89.961579, 35.105278 ], [ -89.961587, 35.10511 ], [ -89.961601, 35.104775 ], [ -89.961645, 35.103773 ], [ -89.961661, 35.103439 ], [ -89.961664, 35.103314 ], [ -89.961673, 35.102941 ], [ -89.961677, 35.102817 ], [ -89.961688, 35.102482 ], [ -89.961723, 35.101479 ], [ -89.96173, 35.101301 ], [ -89.961703, 35.101147 ], [ -89.961643, 35.101022 ], [ -89.961581, 35.100948 ], [ -89.961437, 35.100847 ], [ -89.961258, 35.100743 ], [ -89.961167, 35.100648 ], [ -89.961114, 35.100545 ], [ -89.961087, 35.100415 ], [ -89.961107, 35.099471 ], [ -89.961116, 35.099118 ], [ -89.961142, 35.098062 ], [ -89.961152, 35.09771 ], [ -89.96117, 35.097142 ], [ -89.961223, 35.095441 ], [ -89.961242, 35.094875 ], [ -89.960757, 35.094865 ], [ -89.959304, 35.094837 ], [ -89.95882, 35.094828 ], [ -89.958816, 35.094996 ], [ -89.9588, 35.095052 ], [ -89.958785, 35.095111 ], [ -89.958771, 35.095135 ], [ -89.958704, 35.095247 ], [ -89.958534, 35.095451 ], [ -89.957685, 35.095406 ], [ -89.957672, 35.095549 ], [ -89.95734, 35.095547 ], [ -89.957309, 35.09604 ], [ -89.956863, 35.096028 ], [ -89.95689, 35.094899 ], [ -89.957041, 35.094902 ], [ -89.957044, 35.094793 ], [ -89.957189, 35.092774 ], [ -89.957352, 35.091887 ], [ -89.957232, 35.091375 ], [ -89.957166, 35.090666 ], [ -89.957136, 35.090578 ], [ -89.956906, 35.090574 ], [ -89.956923, 35.089928 ], [ -89.957308, 35.089928 ], [ -89.957487, 35.086615 ], [ -89.957829, 35.086625 ], [ -89.958043, 35.086631 ], [ -89.958471, 35.086641 ], [ -89.959418, 35.086664 ], [ -89.959756, 35.086655 ], [ -89.960185, 35.086645 ], [ -89.960475, 35.086645 ], [ -89.96066, 35.086646 ], [ -89.960986, 35.086656 ], [ -89.961346, 35.086697 ], [ -89.961374, 35.086701 ], [ -89.961633, 35.086745 ], [ -89.96169, 35.086607 ], [ -89.961726, 35.086553 ], [ -89.961784, 35.086467 ], [ -89.961922, 35.086311 ], [ -89.962188, 35.086115 ], [ -89.962304, 35.086031 ], [ -89.962363, 35.085991 ], [ -89.962154, 35.085794 ], [ -89.962113, 35.085759 ], [ -89.961618, 35.085332 ], [ -89.961339, 35.08509 ], [ -89.961304, 35.08506 ], [ -89.961078, 35.084873 ], [ -89.961029, 35.084832 ], [ -89.960882, 35.08471 ], [ -89.960833, 35.08467 ], [ -89.96079, 35.084634 ], [ -89.960664, 35.084529 ], [ -89.960622, 35.084494 ], [ -89.96057, 35.08445 ], [ -89.960414, 35.084321 ], [ -89.960362, 35.084278 ], [ -89.960337, 35.08426 ], [ -89.959933, 35.083931 ], [ -89.959509, 35.083569 ], [ -89.959085, 35.083205 ], [ -89.959053, 35.083178 ], [ -89.958897, 35.08305 ], [ -89.958841, 35.083003 ], [ -89.958713, 35.082897 ], [ -89.958431, 35.082661 ], [ -89.958113, 35.082393 ], [ -89.957872, 35.082189 ], [ -89.957863, 35.082181 ], [ -89.957836, 35.082158 ], [ -89.957828, 35.082151 ], [ -89.957773, 35.082103 ], [ -89.957602, 35.081963 ], [ -89.957458, 35.081846 ], [ -89.957117, 35.081561 ], [ -89.956946, 35.081418 ], [ -89.956926, 35.081401 ], [ -89.956704, 35.081211 ], [ -89.956621, 35.081142 ], [ -89.956547, 35.081082 ], [ -89.956517, 35.081057 ], [ -89.956104, 35.080711 ], [ -89.955955, 35.080586 ], [ -89.955512, 35.080213 ], [ -89.955238, 35.080301 ], [ -89.954514, 35.080526 ], [ -89.954312, 35.080597 ], [ -89.953167, 35.080972 ], [ -89.952569, 35.081162 ], [ -89.951297, 35.081568 ], [ -89.950827, 35.081706 ], [ -89.950177, 35.081872 ], [ -89.949864, 35.081932 ], [ -89.949584, 35.081986 ], [ -89.949224, 35.082024 ], [ -89.94873, 35.082076 ], [ -89.948337, 35.082105 ], [ -89.94776, 35.082136 ], [ -89.947428, 35.082132 ], [ -89.947174, 35.082127 ], [ -89.946375, 35.082069 ], [ -89.945839, 35.082 ], [ -89.945508, 35.081958 ], [ -89.944105, 35.081755 ], [ -89.941102, 35.081321 ], [ -89.939524, 35.081093 ], [ -89.938198, 35.080904 ], [ -89.938123, 35.080888 ], [ -89.937663, 35.080789 ], [ -89.931322, 35.079865 ], [ -89.931272, 35.07986 ], [ -89.931125, 35.079844 ], [ -89.931077, 35.07984 ], [ -89.930283, 35.079714 ], [ -89.93017, 35.079698 ], [ -89.928024, 35.079414 ], [ -89.927512, 35.079347 ], [ -89.927439, 35.079337 ], [ -89.926529, 35.079217 ], [ -89.9265, 35.079212 ], [ -89.926413, 35.0792 ], [ -89.926384, 35.079196 ], [ -89.925756, 35.079105 ], [ -89.923873, 35.078832 ], [ -89.923246, 35.078742 ], [ -89.922751, 35.07867 ], [ -89.921268, 35.078455 ], [ -89.920774, 35.078384 ], [ -89.920771, 35.078556 ], [ -89.919251, 35.078336 ], [ -89.918542, 35.078243 ], [ -89.917993, 35.078924 ], [ -89.91796, 35.078911 ], [ -89.917907, 35.078904 ], [ -89.917652, 35.078898 ], [ -89.917645, 35.079232 ], [ -89.917616, 35.080674 ], [ -89.917445, 35.080937 ], [ -89.917403, 35.080974 ], [ -89.917328, 35.081042 ], [ -89.917039, 35.081147 ], [ -89.916986, 35.081244 ], [ -89.916475, 35.081437 ], [ -89.916531, 35.081569 ], [ -89.916552, 35.081619 ], [ -89.916595, 35.081719 ], [ -89.91666, 35.081877 ], [ -89.916782, 35.082173 ], [ -89.916838, 35.082358 ], [ -89.916852, 35.082404 ], [ -89.916877, 35.082525 ], [ -89.916902, 35.082681 ], [ -89.91691, 35.082835 ], [ -89.916915, 35.082915 ], [ -89.917378, 35.082944 ], [ -89.917498, 35.082951 ], [ -89.917498, 35.082971 ], [ -89.9175, 35.083185 ], [ -89.917501, 35.083321 ], [ -89.91747, 35.084588 ], [ -89.917356, 35.084685 ], [ -89.917338, 35.084765 ], [ -89.917319, 35.085059 ], [ -89.917199, 35.085056 ], [ -89.917083, 35.085053 ], [ -89.916855, 35.085047 ], [ -89.91685, 35.085206 ], [ -89.916839, 35.085686 ], [ -89.916836, 35.085846 ], [ -89.916829, 35.086066 ], [ -89.91681, 35.086726 ], [ -89.916804, 35.086947 ], [ -89.917316, 35.086961 ], [ -89.917296, 35.087273 ], [ -89.917524, 35.087517 ], [ -89.916923, 35.087508 ], [ -89.916925, 35.087883 ], [ -89.916786, 35.08788 ], [ -89.916784, 35.087921 ], [ -89.916781, 35.088044 ], [ -89.91678, 35.088086 ], [ -89.916775, 35.088232 ], [ -89.916762, 35.088673 ], [ -89.916759, 35.088784 ], [ -89.916758, 35.08882 ], [ -89.916757, 35.088866 ], [ -89.916749, 35.089145 ], [ -89.916738, 35.089534 ], [ -89.916722, 35.09012 ], [ -89.916713, 35.090446 ], [ -89.916951, 35.090449 ], [ -89.91699, 35.090449 ], [ -89.917356, 35.090455 ], [ -89.9173, 35.092437 ], [ -89.916902, 35.092427 ], [ -89.916801, 35.092424 ], [ -89.916668, 35.092422 ], [ -89.916662, 35.092629 ], [ -89.916647, 35.09325 ], [ -89.916642, 35.093458 ], [ -89.916638, 35.093557 ], [ -89.916633, 35.093735 ], [ -89.916623, 35.093792 ], [ -89.916603, 35.093852 ], [ -89.916573, 35.093947 ], [ -89.916535, 35.094026 ], [ -89.916447, 35.094138 ], [ -89.916405, 35.094177 ], [ -89.916254, 35.094322 ], [ -89.916134, 35.094481 ], [ -89.916083, 35.094606 ], [ -89.91606, 35.094772 ], [ -89.916055, 35.094921 ], [ -89.916047, 35.095209 ], [ -89.91604, 35.095362 ], [ -89.91602, 35.095825 ], [ -89.916014, 35.095979 ], [ -89.916008, 35.09614 ], [ -89.915991, 35.096627 ], [ -89.915986, 35.096789 ], [ -89.91621, 35.096794 ], [ -89.916695, 35.096807 ], [ -89.916628, 35.099243 ], [ -89.916425, 35.099239 ], [ -89.916368, 35.099238 ], [ -89.915917, 35.099222 ], [ -89.915911, 35.09942 ], [ -89.915898, 35.099906 ], [ -89.915895, 35.100016 ], [ -89.91589, 35.100215 ], [ -89.915884, 35.1004 ], [ -89.915869, 35.100958 ], [ -89.915864, 35.101145 ], [ -89.915858, 35.101328 ], [ -89.915843, 35.101878 ], [ -89.915838, 35.102062 ], [ -89.916623, 35.102082 ], [ -89.91803, 35.10212 ], [ -89.918948, 35.102123 ], [ -89.918979, 35.102124 ], [ -89.919456, 35.102154 ], [ -89.919561, 35.102172 ], [ -89.919753, 35.102232 ], [ -89.919831, 35.102261 ], [ -89.9199, 35.102304 ], [ -89.919969, 35.102348 ], [ -89.920101, 35.102466 ], [ -89.920118, 35.10249 ], [ -89.920206, 35.102611 ], [ -89.920275, 35.102511 ], [ -89.920919, 35.101533 ], [ -89.921037, 35.101305 ], [ -89.921767, 35.099891 ], [ -89.922488, 35.099905 ], [ -89.922893, 35.099913 ], [ -89.923381, 35.099923 ], [ -89.923388, 35.100185 ], [ -89.923406, 35.100465 ], [ -89.923406, 35.100584 ], [ -89.92341, 35.101784 ], [ -89.923412, 35.102109 ], [ -89.923387, 35.10218 ], [ -89.92333, 35.102235 ], [ -89.923772, 35.102713 ], [ -89.923772, 35.102846 ], [ -89.921032, 35.102782 ], [ -89.921025, 35.103512 ], [ -89.92117, 35.103551 ], [ -89.921134, 35.104079 ], [ -89.921111, 35.104428 ], [ -89.921143, 35.104471 ], [ -89.921232, 35.104551 ], [ -89.921322, 35.10458 ], [ -89.921472, 35.10458 ], [ -89.921936, 35.104583 ], [ -89.922127, 35.104616 ], [ -89.922221, 35.104653 ], [ -89.922339, 35.104728 ], [ -89.922476, 35.104872 ], [ -89.922551, 35.104928 ], [ -89.922609, 35.10495 ], [ -89.922623, 35.104956 ], [ -89.922722, 35.104964 ], [ -89.923025, 35.104938 ], [ -89.923182, 35.104924 ], [ -89.923251, 35.104919 ], [ -89.923442, 35.10493 ], [ -89.923653, 35.104942 ], [ -89.923811, 35.104952 ], [ -89.923983, 35.104958 ], [ -89.924149, 35.104964 ], [ -89.924122, 35.107344 ], [ -89.924306, 35.10735 ], [ -89.924405, 35.107353 ], [ -89.925773, 35.107383 ], [ -89.926229, 35.107393 ], [ -89.926228, 35.107461 ], [ -89.926222, 35.107857 ], [ -89.926205, 35.109249 ], [ -89.9262, 35.109714 ], [ -89.926171, 35.110364 ], [ -89.926085, 35.112318 ], [ -89.926057, 35.112969 ], [ -89.926033, 35.113521 ], [ -89.926002, 35.114274 ], [ -89.925975, 35.114921 ], [ -89.925975, 35.115178 ], [ -89.925976, 35.115305 ], [ -89.926012, 35.11573 ], [ -89.92601, 35.115771 ], [ -89.926005, 35.115895 ], [ -89.926004, 35.115937 ], [ -89.926726, 35.115956 ], [ -89.926742, 35.116468 ], [ -89.926744, 35.116543 ], [ -89.926746, 35.116605 ], [ -89.926803, 35.116606 ], [ -89.92681, 35.117158 ], [ -89.92681, 35.117372 ], [ -89.92597, 35.117359 ], [ -89.925939, 35.118465 ], [ -89.925926, 35.11895 ], [ -89.925921, 35.119102 ], [ -89.92591, 35.119561 ], [ -89.925907, 35.119715 ], [ -89.9259, 35.119881 ], [ -89.9259, 35.119906 ], [ -89.925895, 35.120113 ], [ -89.925885, 35.120383 ], [ -89.92588, 35.12055 ], [ -89.925877, 35.120602 ], [ -89.925872, 35.120759 ], [ -89.925871, 35.120812 ], [ -89.925864, 35.121 ], [ -89.925847, 35.121565 ], [ -89.925842, 35.121754 ], [ -89.925838, 35.121826 ], [ -89.92583, 35.122045 ], [ -89.925828, 35.122118 ], [ -89.925824, 35.122223 ], [ -89.925816, 35.122538 ], [ -89.925814, 35.122644 ], [ -89.925806, 35.122854 ], [ -89.925795, 35.123184 ], [ -89.925789, 35.12326 ], [ -89.925778, 35.123484 ], [ -89.925768, 35.123695 ], [ -89.925927, 35.123728 ], [ -89.926182, 35.123783 ], [ -89.926407, 35.12383 ], [ -89.928294, 35.124227 ], [ -89.928324, 35.124233 ], [ -89.928964, 35.124368 ], [ -89.929257, 35.124429 ], [ -89.929635, 35.124507 ], [ -89.930137, 35.124612 ], [ -89.930431, 35.124674 ], [ -89.930397, 35.124797 ], [ -89.93037, 35.124963 ], [ -89.930369, 35.124999 ], [ -89.930349, 35.125995 ], [ -89.930343, 35.126328 ], [ -89.930324, 35.126777 ], [ -89.930284, 35.127797 ], [ -89.930264, 35.127927 ], [ -89.930206, 35.128081 ], [ -89.930189, 35.12811 ], [ -89.93009, 35.128294 ], [ -89.93, 35.128428 ], [ -89.929956, 35.128495 ], [ -89.929947, 35.128534 ], [ -89.929875, 35.128711 ], [ -89.929852, 35.128724 ], [ -89.929856, 35.128807 ], [ -89.92986, 35.128865 ], [ -89.929885, 35.12919 ], [ -89.929926, 35.12937 ], [ -89.929984, 35.129515 ], [ -89.930131, 35.129779 ], [ -89.930188, 35.129901 ], [ -89.930226, 35.130103 ], [ -89.929501, 35.130088 ], [ -89.929207, 35.130082 ], [ -89.928914, 35.130074 ], [ -89.92785, 35.130047 ], [ -89.92778, 35.130045 ], [ -89.927611, 35.130041 ], [ -89.927519, 35.130038 ], [ -89.927462, 35.130037 ], [ -89.927326, 35.130036 ], [ -89.927174, 35.130035 ], [ -89.927169, 35.130074 ], [ -89.92712, 35.130129 ], [ -89.926972, 35.130244 ], [ -89.926913, 35.130305 ], [ -89.926845, 35.130332 ], [ -89.926809, 35.130328 ], [ -89.926791, 35.130317 ], [ -89.926877, 35.130635 ], [ -89.926949, 35.130928 ], [ -89.926993, 35.131171 ], [ -89.927011, 35.131267 ], [ -89.927011, 35.131535 ], [ -89.927332, 35.131541 ], [ -89.927839, 35.131553 ], [ -89.928168, 35.131562 ], [ -89.928298, 35.131565 ], [ -89.92862, 35.131573 ], [ -89.928579, 35.132833 ], [ -89.928573, 35.133032 ], [ -89.928481, 35.135359 ], [ -89.928434, 35.136615 ], [ -89.928396, 35.137675 ], [ -89.928389, 35.137876 ], [ -89.928364, 35.138502 ], [ -89.928292, 35.140379 ], [ -89.928268, 35.141006 ], [ -89.92826, 35.141229 ], [ -89.928247, 35.141615 ], [ -89.92961, 35.141661 ], [ -89.93021, 35.141664 ], [ -89.930506, 35.141693 ], [ -89.930535, 35.141704 ], [ -89.930564, 35.141749 ], [ -89.930575, 35.141866 ], [ -89.930567, 35.142182 ], [ -89.930549, 35.14223 ], [ -89.930508, 35.142262 ], [ -89.930398, 35.142286 ], [ -89.929847, 35.142361 ], [ -89.928669, 35.14255 ], [ -89.92821, 35.142611 ], [ -89.92821, 35.142666 ], [ -89.928213, 35.142803 ], [ -89.92846, 35.142764 ], [ -89.929202, 35.14265 ], [ -89.92945, 35.142612 ], [ -89.930015, 35.142527 ], [ -89.931435, 35.142316 ], [ -89.931712, 35.142275 ], [ -89.932278, 35.142191 ], [ -89.932835, 35.142103 ], [ -89.933095, 35.142062 ], [ -89.935546, 35.141675 ], [ -89.935644, 35.141672 ], [ -89.93598, 35.141622 ], [ -89.936362, 35.141564 ], [ -89.936604, 35.141516 ], [ -89.937302, 35.141428 ], [ -89.93772, 35.141329 ], [ -89.939246, 35.141097 ], [ -89.942095, 35.140717 ], [ -89.943414, 35.140495 ], [ -89.943742, 35.140436 ], [ -89.944266, 35.140359 ], [ -89.944811, 35.140275 ], [ -89.945066, 35.140242 ], [ -89.945607, 35.140155 ], [ -89.946221, 35.140095 ], [ -89.947432, 35.139873 ], [ -89.950349, 35.139424 ], [ -89.951738, 35.139211 ], [ -89.952846, 35.13904 ], [ -89.956171, 35.138528 ], [ -89.957071, 35.13839 ], [ -89.957197, 35.13837 ], [ -89.95728, 35.138358 ], [ -89.958159, 35.13822 ], [ -89.960797, 35.13781 ], [ -89.961677, 35.137673 ], [ -89.961929, 35.137628 ], [ -89.962592, 35.137512 ], [ -89.962687, 35.137491 ], [ -89.962939, 35.137437 ], [ -89.963552, 35.137257 ], [ -89.964114, 35.137084 ], [ -89.964357, 35.13701 ], [ -89.965162, 35.136711 ], [ -89.965912, 35.136418 ], [ -89.967557, 35.135777 ], [ -89.968701, 35.135332 ], [ -89.968971, 35.135228 ], [ -89.969784, 35.134919 ], [ -89.970055, 35.134817 ], [ -89.970065, 35.134731 ], [ -89.970099, 35.134475 ], [ -89.97011, 35.13439 ], [ -89.970114, 35.13435 ], [ -89.97012, 35.134292 ], [ -89.970135, 35.134134 ], [ -89.970197, 35.133507 ], [ -89.970206, 35.133417 ], [ -89.970224, 35.133236 ], [ -89.970593, 35.13061 ], [ -89.970605, 35.130512 ], [ -89.970731, 35.129543 ], [ -89.970793, 35.129219 ], [ -89.970882, 35.128759 ], [ -89.971033, 35.128263 ], [ -89.971046, 35.128222 ], [ -89.971156, 35.127958 ], [ -89.971251, 35.127735 ], [ -89.971298, 35.127626 ], [ -89.971478, 35.127265 ], [ -89.971578, 35.127088 ], [ -89.971596, 35.127058 ], [ -89.971705, 35.126883 ], [ -89.971785, 35.126738 ], [ -89.971943, 35.126506 ], [ -89.972154, 35.126199 ], [ -89.972268, 35.126048 ], [ -89.97264, 35.125509 ], [ -89.972712, 35.125411 ], [ -89.972978, 35.125053 ], [ -89.973244, 35.124694 ], [ -89.973826, 35.123877 ], [ -89.975354, 35.121754 ], [ -89.976011, 35.120933 ], [ -89.976226, 35.120624 ], [ -89.97687, 35.1197 ], [ -89.977086, 35.119392 ], [ -89.977307, 35.119097 ], [ -89.977594, 35.118715 ], [ -89.977987, 35.118226 ], [ -89.978218, 35.117939 ], [ -89.978623, 35.117504 ], [ -89.979038, 35.11706 ], [ -89.979909, 35.116271 ], [ -89.98035, 35.115873 ] ], [ [ -89.940768, 35.116476 ], [ -89.940755, 35.116719 ], [ -89.94072, 35.117449 ], [ -89.940708, 35.117693 ], [ -89.940701, 35.117853 ], [ -89.940684, 35.118335 ], [ -89.940678, 35.118496 ], [ -89.940675, 35.118607 ], [ -89.940667, 35.11894 ], [ -89.940665, 35.119052 ], [ -89.940659, 35.119186 ], [ -89.940644, 35.119592 ], [ -89.940639, 35.119727 ], [ -89.940635, 35.119806 ], [ -89.940626, 35.120043 ], [ -89.940623, 35.120123 ], [ -89.940619, 35.120226 ], [ -89.94061, 35.120538 ], [ -89.940607, 35.120642 ], [ -89.94033, 35.120634 ], [ -89.939585, 35.120615 ], [ -89.939501, 35.120613 ], [ -89.939225, 35.12061 ], [ -89.938922, 35.120601 ], [ -89.938015, 35.120577 ], [ -89.937787, 35.120571 ], [ -89.937746, 35.120554 ], [ -89.937729, 35.12053 ], [ -89.937719, 35.120472 ], [ -89.937718, 35.120388 ], [ -89.937717, 35.119962 ], [ -89.937717, 35.119821 ], [ -89.93752, 35.119814 ], [ -89.936932, 35.119793 ], [ -89.936889, 35.119792 ], [ -89.936751, 35.119728 ], [ -89.936666, 35.119705 ], [ -89.936454, 35.119698 ], [ -89.936205, 35.119691 ], [ -89.935556, 35.119684 ], [ -89.935419, 35.119683 ], [ -89.935257, 35.11968 ], [ -89.934959, 35.119674 ], [ -89.934068, 35.119656 ], [ -89.933771, 35.119651 ], [ -89.933793, 35.119014 ], [ -89.933861, 35.117105 ], [ -89.933876, 35.116694 ], [ -89.933881, 35.116576 ], [ -89.933919, 35.116476 ], [ -89.933976, 35.116412 ], [ -89.93408, 35.116362 ], [ -89.934204, 35.116337 ], [ -89.934462, 35.116342 ], [ -89.936219, 35.116379 ], [ -89.936805, 35.116392 ], [ -89.937597, 35.116408 ], [ -89.939975, 35.116459 ], [ -89.940768, 35.116476 ] ] ] } },
{ "type": "Feature", "properties": { "GEOID": "38117", "ZCTA5": "38117", "AREALAND": 24318584 }, "geometry": { "type": "Polygon", "coordinates": [ [ [ -89.930567, 35.142182 ], [ -89.930575, 35.141866 ], [ -89.930564, 35.141749 ], [ -89.930535, 35.141704 ], [ -89.930506, 35.141693 ], [ -89.93021, 35.141664 ], [ -89.92961, 35.141661 ], [ -89.928247, 35.141615 ], [ -89.92826, 35.141229 ], [ -89.928268, 35.141006 ], [ -89.928292, 35.140379 ], [ -89.928364, 35.138502 ], [ -89.928389, 35.137876 ], [ -89.928396, 35.137675 ], [ -89.928434, 35.136615 ], [ -89.928481, 35.135359 ], [ -89.928573, 35.133032 ], [ -89.928579, 35.132833 ], [ -89.92862, 35.131573 ], [ -89.928298, 35.131565 ], [ -89.928168, 35.131562 ], [ -89.927839, 35.131553 ], [ -89.927332, 35.131541 ], [ -89.927011, 35.131535 ], [ -89.927011, 35.131267 ], [ -89.926993, 35.131171 ], [ -89.926949, 35.130928 ], [ -89.926877, 35.130635 ], [ -89.926791, 35.130317 ], [ -89.926809, 35.130328 ], [ -89.926845, 35.130332 ], [ -89.926913, 35.130305 ], [ -89.926972, 35.130244 ], [ -89.92712, 35.130129 ], [ -89.927169, 35.130074 ], [ -89.927174, 35.130035 ], [ -89.927326, 35.130036 ], [ -89.927462, 35.130037 ], [ -89.927519, 35.130038 ], [ -89.927611, 35.130041 ], [ -89.92778, 35.130045 ], [ -89.92785, 35.130047 ], [ -89.928914, 35.130074 ], [ -89.929207, 35.130082 ], [ -89.929501, 35.130088 ], [ -89.930226, 35.130103 ], [ -89.930188, 35.129901 ], [ -89.930131, 35.129779 ], [ -89.929984, 35.129515 ], [ -89.929926, 35.12937 ], [ -89.929885, 35.12919 ], [ -89.92986, 35.128865 ], [ -89.929856, 35.128807 ], [ -89.929852, 35.128724 ], [ -89.929875, 35.128711 ], [ -89.929947, 35.128534 ], [ -89.929956, 35.128495 ], [ -89.93, 35.128428 ], [ -89.93009, 35.128294 ], [ -89.930189, 35.12811 ], [ -89.930206, 35.128081 ], [ -89.930264, 35.127927 ], [ -89.930284, 35.127797 ], [ -89.930324, 35.126777 ], [ -89.930343, 35.126328 ], [ -89.930349, 35.125995 ], [ -89.930369, 35.124999 ], [ -89.93037, 35.124963 ], [ -89.930397, 35.124797 ], [ -89.930431, 35.124674 ], [ -89.930137, 35.124612 ], [ -89.929635, 35.124507 ], [ -89.929257, 35.124429 ], [ -89.928964, 35.124368 ], [ -89.928324, 35.124233 ], [ -89.928294, 35.124227 ], [ -89.926407, 35.12383 ], [ -89.926182, 35.123783 ], [ -89.925927, 35.123728 ], [ -89.925768, 35.123695 ], [ -89.925778, 35.123484 ], [ -89.925789, 35.12326 ], [ -89.925795, 35.123184 ], [ -89.925806, 35.122854 ], [ -89.925814, 35.122644 ], [ -89.925816, 35.122538 ], [ -89.925824, 35.122223 ], [ -89.925828, 35.122118 ], [ -89.92583, 35.122045 ], [ -89.925838, 35.121826 ], [ -89.925842, 35.121754 ], [ -89.925847, 35.121565 ], [ -89.925864, 35.121 ], [ -89.925871, 35.120812 ], [ -89.925872, 35.120759 ], [ -89.925877, 35.120602 ], [ -89.92588, 35.12055 ], [ -89.925885, 35.120383 ], [ -89.925895, 35.120113 ], [ -89.9259, 35.119906 ], [ -89.9259, 35.119881 ], [ -89.925907, 35.119715 ], [ -89.92591, 35.119561 ], [ -89.925921, 35.119102 ], [ -89.925926, 35.11895 ], [ -89.925939, 35.118465 ], [ -89.92597, 35.117359 ], [ -89.92681, 35.117372 ], [ -89.92681, 35.117158 ], [ -89.926803, 35.116606 ], [ -89.926746, 35.116605 ], [ -89.926744, 35.116543 ], [ -89.926742, 35.116468 ], [ -89.926726, 35.115956 ], [ -89.926004, 35.115937 ], [ -89.926005, 35.115895 ], [ -89.92601, 35.115771 ], [ -89.926012, 35.11573 ], [ -89.925976, 35.115305 ], [ -89.925975, 35.115178 ], [ -89.925975, 35.114921 ], [ -89.926002, 35.114274 ], [ -89.926033, 35.113521 ], [ -89.926057, 35.112969 ], [ -89.926085, 35.112318 ], [ -89.926171, 35.110364 ], [ -89.9262, 35.109714 ], [ -89.926205, 35.109249 ], [ -89.926222, 35.107857 ], [ -89.926228, 35.107461 ], [ -89.926229, 35.107393 ], [ -89.925773, 35.107383 ], [ -89.924405, 35.107353 ], [ -89.924306, 35.10735 ], [ -89.924122, 35.107344 ], [ -89.924149, 35.104964 ], [ -89.923983, 35.104958 ], [ -89.923811, 35.104952 ], [ -89.923653, 35.104942 ], [ -89.923442, 35.10493 ], [ -89.923251, 35.104919 ], [ -89.923182, 35.104924 ], [ -89.923025, 35.104938 ], [ -89.922722, 35.104964 ], [ -89.922623, 35.104956 ], [ -89.922609, 35.10495 ], [ -89.922551, 35.104928 ], [ -89.922476, 35.104872 ], [ -89.922339, 35.104728 ], [ -89.922221, 35.104653 ], [ -89.922127, 35.104616 ], [ -89.921936, 35.104583 ], [ -89.921472, 35.10458 ], [ -89.921322, 35.10458 ], [ -89.921232, 35.104551 ], [ -89.921143, 35.104471 ], [ -89.921111, 35.104428 ], [ -89.921134, 35.104079 ], [ -89.92117, 35.103551 ], [ -89.921025, 35.103512 ], [ -89.921032, 35.102782 ], [ -89.923772, 35.102846 ], [ -89.923772, 35.102713 ], [ -89.92333, 35.102235 ], [ -89.923387, 35.10218 ], [ -89.923412, 35.102109 ], [ -89.92341, 35.101784 ], [ -89.923406, 35.100584 ], [ -89.923406, 35.100465 ], [ -89.923388, 35.100185 ], [ -89.923381, 35.099923 ], [ -89.922893, 35.099913 ], [ -89.922488, 35.099905 ], [ -89.921767, 35.099891 ], [ -89.921037, 35.101305 ], [ -89.920919, 35.101533 ], [ -89.920275, 35.102511 ], [ -89.920206, 35.102611 ], [ -89.920118, 35.10249 ], [ -89.920101, 35.102466 ], [ -89.919969, 35.102348 ], [ -89.9199, 35.102304 ], [ -89.919831, 35.102261 ], [ -89.919753, 35.102232 ], [ -89.919561, 35.102172 ], [ -89.919456, 35.102154 ], [ -89.918979, 35.102124 ], [ -89.918948, 35.102123 ], [ -89.91803, 35.10212 ], [ -89.916623, 35.102082 ], [ -89.915838, 35.102062 ], [ -89.915843, 35.101878 ], [ -89.915858, 35.101328 ], [ -89.915864, 35.101145 ], [ -89.915869, 35.100958 ], [ -89.915884, 35.1004 ], [ -89.91589, 35.100215 ], [ -89.915895, 35.100016 ], [ -89.915898, 35.099906 ], [ -89.915911, 35.09942 ], [ -89.915917, 35.099222 ], [ -89.916368, 35.099238 ], [ -89.916425, 35.099239 ], [ -89.916628, 35.099243 ], [ -89.916695, 35.096807 ], [ -89.91621, 35.096794 ], [ -89.915986, 35.096789 ], [ -89.915991, 35.096627 ], [ -89.916008, 35.09614 ], [ -89.916014, 35.095979 ], [ -89.91602, 35.095825 ], [ -89.91604, 35.095362 ], [ -89.916047, 35.095209 ], [ -89.916055, 35.094921 ], [ -89.91606, 35.094772 ], [ -89.916083, 35.094606 ], [ -89.916134, 35.094481 ], [ -89.916254, 35.094322 ], [ -89.916405, 35.094177 ], [ -89.916447, 35.094138 ], [ -89.916535, 35.094026 ], [ -89.916573, 35.093947 ], [ -89.916603, 35.093852 ], [ -89.916623, 35.093792 ], [ -89.916633, 35.093735 ], [ -89.916638, 35.093557 ], [ -89.916642, 35.093458 ], [ -89.916647, 35.09325 ], [ -89.916662, 35.092629 ], [ -89.916668, 35.092422 ], [ -89.916801, 35.092424 ], [ -89.916902, 35.092427 ], [ -89.9173, 35.092437 ], [ -89.917356, 35.090455 ], [ -89.91699, 35.090449 ], [ -89.916951, 35.090449 ], [ -89.916713, 35.090446 ], [ -89.916722, 35.09012 ], [ -89.916738, 35.089534 ], [ -89.916749, 35.089145 ], [ -89.916757, 35.088866 ], [ -89.916758, 35.08882 ], [ -89.916759, 35.088784 ], [ -89.916762, 35.088673 ], [ -89.916775, 35.088232 ], [ -89.91678, 35.088086 ], [ -89.916781, 35.088044 ], [ -89.916784, 35.087921 ], [ -89.916786, 35.08788 ], [ -89.916925, 35.087883 ], [ -89.916923, 35.087508 ], [ -89.917524, 35.087517 ], [ -89.917296, 35.087273 ], [ -89.917316, 35.086961 ], [ -89.916804, 35.086947 ], [ -89.91681, 35.086726 ], [ -89.916829, 35.086066 ], [ -89.916836, 35.085846 ], [ -89.916839, 35.085686 ], [ -89.91685, 35.085206 ], [ -89.916855, 35.085047 ], [ -89.917083, 35.085053 ], [ -89.917199, 35.085056 ], [ -89.917319, 35.085059 ], [ -89.917338, 35.084765 ], [ -89.917356, 35.084685 ], [ -89.91747, 35.084588 ], [ -89.917501, 35.083321 ], [ -89.9175, 35.083185 ], [ -89.917498, 35.082971 ], [ -89.917498, 35.082951 ], [ -89.917378, 35.082944 ], [ -89.916915, 35.082915 ], [ -89.91691, 35.082835 ], [ -89.916902, 35.082681 ], [ -89.916877, 35.082525 ], [ -89.916852, 35.082404 ], [ -89.916838, 35.082358 ], [ -89.916782, 35.082173 ], [ -89.91666, 35.081877 ], [ -89.916595, 35.081719 ], [ -89.916552, 35.081619 ], [ -89.916531, 35.081569 ], [ -89.916475, 35.081437 ], [ -89.916986, 35.081244 ], [ -89.917039, 35.081147 ], [ -89.917328, 35.081042 ], [ -89.917403, 35.080974 ], [ -89.917445, 35.080937 ], [ -89.917616, 35.080674 ], [ -89.917645, 35.079232 ], [ -89.917652, 35.078898 ], [ -89.917907, 35.078904 ], [ -89.91796, 35.078911 ], [ -89.917993, 35.078924 ], [ -89.918542, 35.078243 ], [ -89.919251, 35.078336 ], [ -89.920771, 35.078556 ], [ -89.920774, 35.078384 ], [ -89.919178, 35.078153 ], [ -89.918768, 35.078099 ], [ -89.918322, 35.078042 ], [ -89.917362, 35.077958 ], [ -89.916653, 35.077921 ], [ -89.91577, 35.077901 ], [ -89.912701, 35.07783 ], [ -89.911094, 35.077793 ], [ -89.910676, 35.077795 ], [ -89.910617, 35.077795 ], [ -89.910444, 35.077796 ], [ -89.910386, 35.077797 ], [ -89.909927, 35.077817 ], [ -89.909698, 35.077835 ], [ -89.909056, 35.07789 ], [ -89.908362, 35.077981 ], [ -89.907907, 35.078064 ], [ -89.907652, 35.078112 ], [ -89.907229, 35.078195 ], [ -89.906978, 35.078254 ], [ -89.906805, 35.078297 ], [ -89.90629, 35.078467 ], [ -89.90619, 35.0785 ], [ -89.905088, 35.078914 ], [ -89.90442, 35.079179 ], [ -89.904273, 35.079237 ], [ -89.903604, 35.079505 ], [ -89.903524, 35.079535 ], [ -89.903285, 35.079629 ], [ -89.903206, 35.07966 ], [ -89.902887, 35.079784 ], [ -89.902731, 35.079845 ], [ -89.902534, 35.079921 ], [ -89.90205, 35.080108 ], [ -89.898584, 35.081452 ], [ -89.897429, 35.0819 ], [ -89.896997, 35.082064 ], [ -89.89621, 35.082364 ], [ -89.895695, 35.082538 ], [ -89.895475, 35.082613 ], [ -89.895258, 35.082686 ], [ -89.89491, 35.082804 ], [ -89.894806, 35.082835 ], [ -89.894247, 35.083009 ], [ -89.893436, 35.083235 ], [ -89.893341, 35.083262 ], [ -89.892974, 35.083347 ], [ -89.893183, 35.083476 ], [ -89.893068, 35.083509 ], [ -89.892632, 35.083611 ], [ -89.892179, 35.083699 ], [ -89.892023, 35.083728 ], [ -89.891702, 35.083791 ], [ -89.890596, 35.083953 ], [ -89.888899, 35.084202 ], [ -89.887764, 35.084283 ], [ -89.886866, 35.084326 ], [ -89.885875, 35.084344 ], [ -89.884377, 35.084378 ], [ -89.885287, 35.084529 ], [ -89.885455, 35.084527 ], [ -89.885145, 35.085192 ], [ -89.885126, 35.085222 ], [ -89.884861, 35.085647 ], [ -89.885535, 35.087024 ], [ -89.885685, 35.08729 ], [ -89.885439, 35.087391 ], [ -89.885331, 35.087466 ], [ -89.885379, 35.087597 ], [ -89.885657, 35.087767 ], [ -89.885622, 35.087823 ], [ -89.885565, 35.08959 ], [ -89.885394, 35.089862 ], [ -89.885274, 35.08987 ], [ -89.884857, 35.089899 ], [ -89.884852, 35.089952 ], [ -89.884847, 35.090139 ], [ -89.884844, 35.090307 ], [ -89.884838, 35.090471 ], [ -89.884823, 35.090963 ], [ -89.884818, 35.091128 ], [ -89.885189, 35.091137 ], [ -89.885325, 35.09114 ], [ -89.885335, 35.091492 ], [ -89.885448, 35.09158 ], [ -89.885384, 35.093808 ], [ -89.885248, 35.093803 ], [ -89.885202, 35.093801 ], [ -89.88518, 35.094262 ], [ -89.884954, 35.094256 ], [ -89.884704, 35.094249 ], [ -89.884692, 35.094524 ], [ -89.884668, 35.09515 ], [ -89.88466, 35.095351 ], [ -89.884657, 35.095456 ], [ -89.884651, 35.095627 ], [ -89.884644, 35.095792 ], [ -89.884626, 35.09629 ], [ -89.88462, 35.096456 ], [ -89.884608, 35.096765 ], [ -89.884573, 35.097694 ], [ -89.884562, 35.098004 ], [ -89.884557, 35.098142 ], [ -89.884552, 35.098305 ], [ -89.884541, 35.098556 ], [ -89.884535, 35.098694 ], [ -89.884527, 35.098906 ], [ -89.884504, 35.099543 ], [ -89.884497, 35.099756 ], [ -89.884491, 35.099912 ], [ -89.884473, 35.100384 ], [ -89.884468, 35.100541 ], [ -89.884459, 35.100746 ], [ -89.884435, 35.101364 ], [ -89.884427, 35.10157 ], [ -89.884414, 35.101864 ], [ -89.884379, 35.102746 ], [ -89.884368, 35.103041 ], [ -89.884717, 35.103044 ], [ -89.884731, 35.103045 ], [ -89.885766, 35.103068 ], [ -89.886116, 35.103077 ], [ -89.886111, 35.103152 ], [ -89.886149, 35.103152 ], [ -89.886183, 35.10365 ], [ -89.886651, 35.103627 ], [ -89.886761, 35.103567 ], [ -89.888994, 35.103643 ], [ -89.889006, 35.104977 ], [ -89.890036, 35.105355 ], [ -89.890058, 35.105527 ], [ -89.890375, 35.105645 ], [ -89.890353, 35.105691 ], [ -89.890446, 35.105828 ], [ -89.89032, 35.106066 ], [ -89.890304, 35.106094 ], [ -89.890269, 35.106158 ], [ -89.89, 35.10664 ], [ -89.889287, 35.107925 ], [ -89.889198, 35.108055 ], [ -89.889037, 35.108245 ], [ -89.888634, 35.108723 ], [ -89.888567, 35.108797 ], [ -89.888489, 35.108919 ], [ -89.88842, 35.109058 ], [ -89.888377, 35.109148 ], [ -89.888307, 35.109356 ], [ -89.888303, 35.109382 ], [ -89.888263, 35.10969 ], [ -89.888234, 35.110118 ], [ -89.888218, 35.110364 ], [ -89.887933, 35.110354 ], [ -89.887819, 35.11035 ], [ -89.887617, 35.110314 ], [ -89.88745, 35.110243 ], [ -89.887056, 35.110884 ], [ -89.886883, 35.11523 ], [ -89.886914, 35.115242 ], [ -89.887964, 35.115639 ], [ -89.88796, 35.115752 ], [ -89.887952, 35.115957 ], [ -89.887946, 35.116081 ], [ -89.887931, 35.116454 ], [ -89.887926, 35.116579 ], [ -89.887922, 35.116646 ], [ -89.887912, 35.116848 ], [ -89.887909, 35.116916 ], [ -89.887906, 35.116968 ], [ -89.887899, 35.117124 ], [ -89.887897, 35.117177 ], [ -89.887885, 35.117459 ], [ -89.887852, 35.118309 ], [ -89.887841, 35.118592 ], [ -89.887838, 35.118653 ], [ -89.88783, 35.118837 ], [ -89.887828, 35.118899 ], [ -89.887794, 35.119731 ], [ -89.887787, 35.119903 ], [ -89.887758, 35.120599 ], [ -89.887734, 35.121161 ], [ -89.88773, 35.121229 ], [ -89.887722, 35.121436 ], [ -89.88772, 35.121506 ], [ -89.887711, 35.121705 ], [ -89.887688, 35.122305 ], [ -89.88768, 35.122506 ], [ -89.887668, 35.12279 ], [ -89.887636, 35.123642 ], [ -89.887626, 35.123927 ], [ -89.887175, 35.123852 ], [ -89.887052, 35.123828 ], [ -89.886862, 35.123791 ], [ -89.886837, 35.124184 ], [ -89.886823, 35.12441 ], [ -89.88473, 35.124059 ], [ -89.88444, 35.12401 ], [ -89.884426, 35.124206 ], [ -89.884404, 35.12451 ], [ -89.884377, 35.1249 ], [ -89.884369, 35.125009 ], [ -89.88711, 35.125493 ], [ -89.887562, 35.125488 ], [ -89.887549, 35.125823 ], [ -89.887543, 35.126011 ], [ -89.887525, 35.126427 ], [ -89.887484, 35.127436 ], [ -89.887474, 35.127676 ], [ -89.887457, 35.128093 ], [ -89.887446, 35.128342 ], [ -89.887444, 35.128409 ], [ -89.887415, 35.129092 ], [ -89.887405, 35.129342 ], [ -89.887395, 35.129565 ], [ -89.887369, 35.130237 ], [ -89.887361, 35.130461 ], [ -89.887348, 35.130719 ], [ -89.887317, 35.13135 ], [ -89.887311, 35.131493 ], [ -89.8873, 35.131752 ], [ -89.887294, 35.131889 ], [ -89.887275, 35.1323 ], [ -89.88727, 35.132438 ], [ -89.887261, 35.132667 ], [ -89.887235, 35.133356 ], [ -89.887227, 35.133586 ], [ -89.887222, 35.133685 ], [ -89.887209, 35.133983 ], [ -89.887205, 35.134083 ], [ -89.887197, 35.134373 ], [ -89.887192, 35.134588 ], [ -89.887163, 35.135246 ], [ -89.887151, 35.135537 ], [ -89.88654, 35.135533 ], [ -89.886226, 35.135531 ], [ -89.885564, 35.135527 ], [ -89.885459, 35.138199 ], [ -89.885688, 35.138202 ], [ -89.886447, 35.138214 ], [ -89.886711, 35.138217 ], [ -89.887053, 35.138221 ], [ -89.887042, 35.138489 ], [ -89.887035, 35.138664 ], [ -89.886456, 35.13865 ], [ -89.885773, 35.138633 ], [ -89.885991, 35.138835 ], [ -89.886047, 35.138835 ], [ -89.885779, 35.139206 ], [ -89.885751, 35.139651 ], [ -89.885747, 35.139972 ], [ -89.885742, 35.140393 ], [ -89.886529, 35.140414 ], [ -89.886636, 35.140481 ], [ -89.886733, 35.140542 ], [ -89.887162, 35.140545 ], [ -89.887322, 35.140532 ], [ -89.88736, 35.140579 ], [ -89.887424, 35.140645 ], [ -89.887469, 35.140692 ], [ -89.887581, 35.140775 ], [ -89.887861, 35.140931 ], [ -89.887909, 35.140958 ], [ -89.888092, 35.141053 ], [ -89.88823, 35.141166 ], [ -89.888315, 35.141262 ], [ -89.888377, 35.141389 ], [ -89.888405, 35.141525 ], [ -89.888402, 35.141643 ], [ -89.888395, 35.141965 ], [ -89.888393, 35.142001 ], [ -89.88839, 35.142111 ], [ -89.88839, 35.142148 ], [ -89.888382, 35.1424 ], [ -89.888377, 35.142528 ], [ -89.888362, 35.143016 ], [ -89.88834, 35.143668 ], [ -89.888328, 35.144048 ], [ -89.888104, 35.144043 ], [ -89.887985, 35.14404 ], [ -89.887832, 35.144036 ], [ -89.887835, 35.144338 ], [ -89.887699, 35.144515 ], [ -89.887682, 35.146189 ], [ -89.88775, 35.146226 ], [ -89.88786, 35.146286 ], [ -89.888252, 35.146284 ], [ -89.888246, 35.146478 ], [ -89.888245, 35.146513 ], [ -89.888239, 35.146722 ], [ -89.888226, 35.147085 ], [ -89.888187, 35.148176 ], [ -89.888186, 35.148207 ], [ -89.888174, 35.14854 ], [ -89.889129, 35.148324 ], [ -89.889932, 35.148144 ], [ -89.891122, 35.14791 ], [ -89.892009, 35.147746 ], [ -89.892366, 35.14768 ], [ -89.892972, 35.147569 ], [ -89.893148, 35.147544 ], [ -89.893679, 35.147473 ], [ -89.893857, 35.147449 ], [ -89.894061, 35.147422 ], [ -89.894673, 35.147344 ], [ -89.894878, 35.147318 ], [ -89.89549, 35.147239 ], [ -89.897327, 35.147004 ], [ -89.89794, 35.146926 ], [ -89.898614, 35.146805 ], [ -89.900638, 35.146444 ], [ -89.901313, 35.146324 ], [ -89.901458, 35.146297 ], [ -89.901896, 35.146219 ], [ -89.902042, 35.146193 ], [ -89.903228, 35.14596 ], [ -89.903344, 35.145938 ], [ -89.906783, 35.145242 ], [ -89.907969, 35.145003 ], [ -89.909574, 35.145023 ], [ -89.912268, 35.145059 ], [ -89.913205, 35.144999 ], [ -89.914068, 35.144929 ], [ -89.914385, 35.144892 ], [ -89.914888, 35.144834 ], [ -89.915977, 35.144678 ], [ -89.91625, 35.144626 ], [ -89.916401, 35.144598 ], [ -89.917078, 35.144512 ], [ -89.917355, 35.144477 ], [ -89.917438, 35.144464 ], [ -89.917688, 35.144429 ], [ -89.917772, 35.144418 ], [ -89.918767, 35.144256 ], [ -89.920404, 35.143991 ], [ -89.921752, 35.143774 ], [ -89.922748, 35.143615 ], [ -89.922939, 35.143583 ], [ -89.923512, 35.143491 ], [ -89.923703, 35.14346 ], [ -89.924605, 35.143328 ], [ -89.925297, 35.143228 ], [ -89.927311, 35.142934 ], [ -89.928213, 35.142803 ], [ -89.92821, 35.142666 ], [ -89.92821, 35.142611 ], [ -89.928669, 35.14255 ], [ -89.929847, 35.142361 ], [ -89.930398, 35.142286 ], [ -89.930508, 35.142262 ], [ -89.930549, 35.14223 ], [ -89.930567, 35.142182 ] ] ] } },
{ "type": "Feature", "properties": { "GEOID": "38119", "ZCTA5": "38119", "AREALAND": 22835327 }, "geometry": { "type": "Polygon", "coordinates": [ [ [ -89.893068, 35.083509 ], [ -89.893183, 35.083476 ], [ -89.892974, 35.083347 ], [ -89.892808, 35.083241 ], [ -89.892311, 35.082924 ], [ -89.892146, 35.082819 ], [ -89.891962, 35.082703 ], [ -89.89141, 35.082355 ], [ -89.891227, 35.082239 ], [ -89.891077, 35.082144 ], [ -89.891045, 35.082124 ], [ -89.890992, 35.082145 ], [ -89.890853, 35.082218 ], [ -89.890724, 35.082315 ], [ -89.890686, 35.082334 ], [ -89.890525, 35.082393 ], [ -89.890367, 35.082456 ], [ -89.890325, 35.082466 ], [ -89.890108, 35.082502 ], [ -89.890021, 35.082513 ], [ -89.889761, 35.082555 ], [ -89.889594, 35.082602 ], [ -89.889477, 35.082652 ], [ -89.889231, 35.082732 ], [ -89.889189, 35.082742 ], [ -89.889037, 35.082772 ], [ -89.888741, 35.082844 ], [ -89.88865, 35.082858 ], [ -89.88848, 35.082895 ], [ -89.88822, 35.082935 ], [ -89.888133, 35.082942 ], [ -89.887706, 35.083034 ], [ -89.887441, 35.083033 ], [ -89.88693, 35.08309 ], [ -89.886829, 35.083102 ], [ -89.886653, 35.083092 ], [ -89.886393, 35.083051 ], [ -89.886175, 35.083024 ], [ -89.886044, 35.083016 ], [ -89.886, 35.083019 ], [ -89.885832, 35.083063 ], [ -89.885644, 35.083154 ], [ -89.885586, 35.083204 ], [ -89.885552, 35.083227 ], [ -89.88536, 35.083308 ], [ -89.885318, 35.083318 ], [ -89.885274, 35.083323 ], [ -89.885187, 35.083325 ], [ -89.885144, 35.083332 ], [ -89.885056, 35.083326 ], [ -89.88497, 35.08331 ], [ -89.884759, 35.083261 ], [ -89.884583, 35.083257 ], [ -89.884276, 35.083236 ], [ -89.883886, 35.083173 ], [ -89.883321, 35.083122 ], [ -89.883279, 35.083112 ], [ -89.88291, 35.082996 ], [ -89.882812, 35.082966 ], [ -89.882652, 35.082908 ], [ -89.88261, 35.082901 ], [ -89.88249, 35.082857 ], [ -89.882452, 35.082838 ], [ -89.88233, 35.082798 ], [ -89.881961, 35.082688 ], [ -89.881463, 35.082553 ], [ -89.881379, 35.082535 ], [ -89.881298, 35.082508 ], [ -89.880911, 35.082342 ], [ -89.880798, 35.082288 ], [ -89.880614, 35.082191 ], [ -89.88047, 35.08211 ], [ -89.880249, 35.081993 ], [ -89.880024, 35.081881 ], [ -89.879946, 35.081847 ], [ -89.879744, 35.081777 ], [ -89.879197, 35.081544 ], [ -89.879054, 35.081462 ], [ -89.878979, 35.081424 ], [ -89.878818, 35.081302 ], [ -89.878668, 35.081172 ], [ -89.878498, 35.081059 ], [ -89.878434, 35.08101 ], [ -89.878296, 35.080922 ], [ -89.878114, 35.080821 ], [ -89.877766, 35.080671 ], [ -89.877442, 35.080559 ], [ -89.877241, 35.080485 ], [ -89.877163, 35.080451 ], [ -89.876923, 35.080295 ], [ -89.876828, 35.080221 ], [ -89.876662, 35.080105 ], [ -89.876632, 35.080079 ], [ -89.876497, 35.079988 ], [ -89.876272, 35.079875 ], [ -89.876131, 35.07979 ], [ -89.875909, 35.079675 ], [ -89.875831, 35.079641 ], [ -89.87579, 35.079628 ], [ -89.875522, 35.079507 ], [ -89.875411, 35.079448 ], [ -89.875182, 35.079342 ], [ -89.875122, 35.07931 ], [ -89.874999, 35.079244 ], [ -89.874883, 35.079191 ], [ -89.874851, 35.079167 ], [ -89.874777, 35.079129 ], [ -89.874707, 35.079086 ], [ -89.874678, 35.079059 ], [ -89.874601, 35.079024 ], [ -89.874508, 35.078948 ], [ -89.874395, 35.078839 ], [ -89.874376, 35.078807 ], [ -89.874347, 35.07874 ], [ -89.874214, 35.078514 ], [ -89.874162, 35.078457 ], [ -89.8741, 35.078406 ], [ -89.874023, 35.078372 ], [ -89.873822, 35.0783 ], [ -89.873738, 35.078278 ], [ -89.873566, 35.07825 ], [ -89.873435, 35.078237 ], [ -89.873216, 35.07826 ], [ -89.872996, 35.07826 ], [ -89.872786, 35.078206 ], [ -89.872708, 35.078172 ], [ -89.872674, 35.07815 ], [ -89.872544, 35.078008 ], [ -89.872511, 35.077984 ], [ -89.872474, 35.077964 ], [ -89.872389, 35.077884 ], [ -89.872323, 35.077838 ], [ -89.872297, 35.077808 ], [ -89.872262, 35.077788 ], [ -89.872146, 35.077736 ], [ -89.872073, 35.077697 ], [ -89.871676, 35.077542 ], [ -89.871523, 35.077472 ], [ -89.871494, 35.077455 ], [ -89.871415, 35.07741 ], [ -89.871386, 35.077384 ], [ -89.871319, 35.077338 ], [ -89.871289, 35.077312 ], [ -89.871124, 35.077145 ], [ -89.871055, 35.077054 ], [ -89.870953, 35.076986 ], [ -89.870915, 35.076968 ], [ -89.870849, 35.076921 ], [ -89.870778, 35.076879 ], [ -89.870702, 35.076849 ], [ -89.870501, 35.07677 ], [ -89.870076, 35.076676 ], [ -89.870036, 35.076661 ], [ -89.869999, 35.076642 ], [ -89.869876, 35.076602 ], [ -89.869838, 35.076585 ], [ -89.86973, 35.076523 ], [ -89.869655, 35.076485 ], [ -89.869623, 35.076461 ], [ -89.869601, 35.07643 ], [ -89.869495, 35.076366 ], [ -89.86943, 35.07632 ], [ -89.869336, 35.076246 ], [ -89.869249, 35.076167 ], [ -89.869183, 35.076074 ], [ -89.869118, 35.076026 ], [ -89.868979, 35.075938 ], [ -89.868866, 35.075884 ], [ -89.868786, 35.075854 ], [ -89.868457, 35.075754 ], [ -89.868175, 35.075652 ], [ -89.868026, 35.075593 ], [ -89.868008, 35.075584 ], [ -89.867874, 35.07552 ], [ -89.867846, 35.075493 ], [ -89.867782, 35.075444 ], [ -89.867648, 35.075352 ], [ -89.867508, 35.075266 ], [ -89.867407, 35.075198 ], [ -89.8673, 35.075138 ], [ -89.86718, 35.075093 ], [ -89.86714, 35.075082 ], [ -89.867056, 35.075058 ], [ -89.866882, 35.075034 ], [ -89.86683, 35.07502 ], [ -89.866756, 35.074982 ], [ -89.866475, 35.074812 ], [ -89.866288, 35.074718 ], [ -89.866254, 35.074696 ], [ -89.866115, 35.074609 ], [ -89.86605, 35.074561 ], [ -89.865999, 35.074503 ], [ -89.865905, 35.074428 ], [ -89.865812, 35.074372 ], [ -89.865698, 35.07432 ], [ -89.865376, 35.074206 ], [ -89.865, 35.074101 ], [ -89.864752, 35.074027 ], [ -89.864469, 35.073929 ], [ -89.864183, 35.073838 ], [ -89.863539, 35.073668 ], [ -89.863261, 35.073595 ], [ -89.863008, 35.073537 ], [ -89.862925, 35.073514 ], [ -89.862771, 35.073455 ], [ -89.862688, 35.073423 ], [ -89.862604, 35.07339 ], [ -89.862568, 35.07338 ], [ -89.862452, 35.073331 ], [ -89.862418, 35.073308 ], [ -89.862306, 35.073253 ], [ -89.862266, 35.073239 ], [ -89.862115, 35.073167 ], [ -89.861798, 35.073045 ], [ -89.861674, 35.073008 ], [ -89.861409, 35.072951 ], [ -89.861122, 35.07289 ], [ -89.861036, 35.072879 ], [ -89.860743, 35.072807 ], [ -89.860658, 35.072791 ], [ -89.860614, 35.072787 ], [ -89.860574, 35.072772 ], [ -89.860448, 35.07274 ], [ -89.860162, 35.072652 ], [ -89.860078, 35.072631 ], [ -89.859992, 35.072616 ], [ -89.859909, 35.072593 ], [ -89.859829, 35.072565 ], [ -89.859786, 35.072556 ], [ -89.85968, 35.07252 ], [ -89.859374, 35.072378 ], [ -89.859197, 35.072271 ], [ -89.859087, 35.072212 ], [ -89.85893, 35.072146 ], [ -89.858492, 35.071976 ], [ -89.858369, 35.071937 ], [ -89.858171, 35.071858 ], [ -89.857978, 35.071772 ], [ -89.857825, 35.07166 ], [ -89.857716, 35.07158 ], [ -89.857612, 35.071514 ], [ -89.857535, 35.071427 ], [ -89.857463, 35.071386 ], [ -89.857399, 35.071337 ], [ -89.857216, 35.071183 ], [ -89.85708, 35.071094 ], [ -89.857017, 35.071044 ], [ -89.856905, 35.070986 ], [ -89.8568, 35.070907 ], [ -89.856712, 35.070841 ], [ -89.856641, 35.070799 ], [ -89.856609, 35.070775 ], [ -89.856529, 35.07069 ], [ -89.856437, 35.070613 ], [ -89.856348, 35.070539 ], [ -89.856068, 35.070306 ], [ -89.855998, 35.070264 ], [ -89.855889, 35.070214 ], [ -89.855689, 35.070143 ], [ -89.855278, 35.070027 ], [ -89.855115, 35.069977 ], [ -89.855042, 35.069938 ], [ -89.854964, 35.069906 ], [ -89.854853, 35.06985 ], [ -89.854576, 35.069741 ], [ -89.854542, 35.069719 ], [ -89.854428, 35.069667 ], [ -89.854147, 35.069563 ], [ -89.854112, 35.069542 ], [ -89.853999, 35.069488 ], [ -89.853853, 35.069428 ], [ -89.853802, 35.069407 ], [ -89.853576, 35.069298 ], [ -89.853506, 35.069257 ], [ -89.853354, 35.069186 ], [ -89.853286, 35.069143 ], [ -89.853063, 35.069031 ], [ -89.852791, 35.06891 ], [ -89.852678, 35.068856 ], [ -89.852518, 35.068801 ], [ -89.852409, 35.068765 ], [ -89.852249, 35.068703 ], [ -89.851804, 35.068549 ], [ -89.851728, 35.068515 ], [ -89.851486, 35.068432 ], [ -89.851245, 35.068344 ], [ -89.850367, 35.068011 ], [ -89.850086, 35.067908 ], [ -89.849957, 35.06784 ], [ -89.849877, 35.067811 ], [ -89.8495, 35.067715 ], [ -89.849376, 35.067678 ], [ -89.849298, 35.067647 ], [ -89.849037, 35.067518 ], [ -89.848958, 35.067487 ], [ -89.848754, 35.067418 ], [ -89.848657, 35.067372 ], [ -89.848534, 35.067334 ], [ -89.848491, 35.067327 ], [ -89.848411, 35.067298 ], [ -89.848294, 35.067249 ], [ -89.847691, 35.067032 ], [ -89.847502, 35.066943 ], [ -89.847302, 35.066868 ], [ -89.847145, 35.066802 ], [ -89.846881, 35.066677 ], [ -89.846733, 35.066601 ], [ -89.846581, 35.066531 ], [ -89.846302, 35.066428 ], [ -89.846188, 35.066393 ], [ -89.845892, 35.066303 ], [ -89.845731, 35.066245 ], [ -89.845655, 35.066211 ], [ -89.845419, 35.066116 ], [ -89.845306, 35.066061 ], [ -89.8451, 35.066001 ], [ -89.844539, 35.065792 ], [ -89.844504, 35.065771 ], [ -89.84435, 35.065704 ], [ -89.844271, 35.065675 ], [ -89.844148, 35.065639 ], [ -89.843986, 35.065585 ], [ -89.843812, 35.065533 ], [ -89.84378, 35.065524 ], [ -89.843739, 35.065511 ], [ -89.843701, 35.065493 ], [ -89.843602, 35.065459 ], [ -89.843376, 35.065383 ], [ -89.843257, 35.065337 ], [ -89.843181, 35.065302 ], [ -89.842905, 35.065195 ], [ -89.842788, 35.065146 ], [ -89.84264, 35.065071 ], [ -89.842485, 35.065005 ], [ -89.842473, 35.064996 ], [ -89.84242, 35.064959 ], [ -89.842343, 35.064924 ], [ -89.842168, 35.064817 ], [ -89.842056, 35.064761 ], [ -89.841985, 35.064721 ], [ -89.841947, 35.064704 ], [ -89.841844, 35.064638 ], [ -89.841701, 35.064558 ], [ -89.84157, 35.064463 ], [ -89.84119, 35.064225 ], [ -89.841112, 35.064192 ], [ -89.841049, 35.064143 ], [ -89.840939, 35.064084 ], [ -89.840747, 35.063995 ], [ -89.840719, 35.063968 ], [ -89.840684, 35.063947 ], [ -89.840645, 35.06393 ], [ -89.840543, 35.063863 ], [ -89.84047, 35.063823 ], [ -89.840406, 35.063776 ], [ -89.840278, 35.063698 ], [ -89.840142, 35.063608 ], [ -89.839851, 35.063447 ], [ -89.839793, 35.063402 ], [ -89.839717, 35.063366 ], [ -89.839614, 35.063301 ], [ -89.839469, 35.06322 ], [ -89.839337, 35.063122 ], [ -89.839308, 35.063101 ], [ -89.83924, 35.063057 ], [ -89.839058, 35.062957 ], [ -89.838881, 35.062852 ], [ -89.838656, 35.06274 ], [ -89.838589, 35.062694 ], [ -89.838464, 35.062594 ], [ -89.838302, 35.062482 ], [ -89.83823, 35.062433 ], [ -89.8382, 35.062406 ], [ -89.838167, 35.062383 ], [ -89.838134, 35.062366 ], [ -89.837907, 35.062248 ], [ -89.837849, 35.062215 ], [ -89.837799, 35.062187 ], [ -89.837767, 35.062163 ], [ -89.837697, 35.062121 ], [ -89.837607, 35.062056 ], [ -89.837441, 35.061938 ], [ -89.837368, 35.061886 ], [ -89.83733, 35.061868 ], [ -89.837275, 35.061812 ], [ -89.837178, 35.06174 ], [ -89.837037, 35.06165 ], [ -89.836903, 35.061565 ], [ -89.83668, 35.061391 ], [ -89.836644, 35.061371 ], [ -89.836543, 35.061304 ], [ -89.836346, 35.061163 ], [ -89.836308, 35.061145 ], [ -89.836266, 35.061133 ], [ -89.836222, 35.061128 ], [ -89.836187, 35.061084 ], [ -89.836054, 35.06099 ], [ -89.835653, 35.060769 ], [ -89.835643, 35.060763 ], [ -89.835511, 35.060684 ], [ -89.835319, 35.060597 ], [ -89.835251, 35.060552 ], [ -89.83521, 35.060538 ], [ -89.835095, 35.060424 ], [ -89.835062, 35.060401 ], [ -89.834943, 35.060356 ], [ -89.834734, 35.060224 ], [ -89.834634, 35.060156 ], [ -89.834507, 35.060058 ], [ -89.834479, 35.06003 ], [ -89.834443, 35.060009 ], [ -89.834403, 35.059994 ], [ -89.83436, 35.059985 ], [ -89.834316, 35.059982 ], [ -89.834274, 35.059941 ], [ -89.83417, 35.059875 ], [ -89.83399, 35.059772 ], [ -89.83382, 35.05966 ], [ -89.833711, 35.0596 ], [ -89.833475, 35.059441 ], [ -89.832947, 35.059122 ], [ -89.832819, 35.059025 ], [ -89.832752, 35.058979 ], [ -89.832607, 35.058899 ], [ -89.832395, 35.05877 ], [ -89.832356, 35.058753 ], [ -89.832326, 35.058713 ], [ -89.832296, 35.058686 ], [ -89.832009, 35.058523 ], [ -89.831896, 35.058467 ], [ -89.831856, 35.058452 ], [ -89.831827, 35.058428 ], [ -89.831787, 35.058364 ], [ -89.831758, 35.058337 ], [ -89.831687, 35.058295 ], [ -89.831555, 35.05823 ], [ -89.831483, 35.058189 ], [ -89.830962, 35.057865 ], [ -89.830642, 35.057677 ], [ -89.830508, 35.057585 ], [ -89.830152, 35.057383 ], [ -89.829823, 35.057196 ], [ -89.829582, 35.057108 ], [ -89.829529, 35.057049 ], [ -89.829372, 35.056925 ], [ -89.829092, 35.056751 ], [ -89.828818, 35.056573 ], [ -89.828758, 35.056522 ], [ -89.828467, 35.056338 ], [ -89.828378, 35.056281 ], [ -89.828345, 35.056257 ], [ -89.828329, 35.056243 ], [ -89.828286, 35.056205 ], [ -89.827969, 35.056012 ], [ -89.827483, 35.055702 ], [ -89.827382, 35.055633 ], [ -89.827263, 35.055529 ], [ -89.827135, 35.055456 ], [ -89.826986, 35.055372 ], [ -89.826922, 35.055324 ], [ -89.826781, 35.05524 ], [ -89.82655, 35.055076 ], [ -89.826339, 35.054947 ], [ -89.826104, 35.054786 ], [ -89.825726, 35.054541 ], [ -89.825618, 35.05448 ], [ -89.82548, 35.054391 ], [ -89.825408, 35.05435 ], [ -89.82533, 35.054317 ], [ -89.825295, 35.054295 ], [ -89.825231, 35.054246 ], [ -89.82508, 35.054174 ], [ -89.824915, 35.054055 ], [ -89.82481, 35.053991 ], [ -89.824777, 35.053967 ], [ -89.82475, 35.053939 ], [ -89.82461, 35.053853 ], [ -89.824535, 35.053815 ], [ -89.824504, 35.053791 ], [ -89.824434, 35.053749 ], [ -89.824359, 35.053712 ], [ -89.82418, 35.053611 ], [ -89.823914, 35.053428 ], [ -89.823875, 35.053411 ], [ -89.823581, 35.053201 ], [ -89.823542, 35.053185 ], [ -89.823516, 35.053158 ], [ -89.823488, 35.053128 ], [ -89.823355, 35.053036 ], [ -89.823174, 35.052934 ], [ -89.823079, 35.05286 ], [ -89.823039, 35.052844 ], [ -89.822896, 35.052761 ], [ -89.822865, 35.052737 ], [ -89.822718, 35.052658 ], [ -89.822579, 35.052571 ], [ -89.822525, 35.052528 ], [ -89.822364, 35.052529 ], [ -89.821406, 35.052533 ], [ -89.820601, 35.052536 ], [ -89.818234, 35.052548 ], [ -89.813972, 35.052571 ], [ -89.813541, 35.052557 ], [ -89.813002, 35.0525 ], [ -89.812933, 35.052488 ], [ -89.812715, 35.052443 ], [ -89.8125, 35.052394 ], [ -89.81221, 35.052313 ], [ -89.811733, 35.052142 ], [ -89.811384, 35.051978 ], [ -89.811059, 35.051801 ], [ -89.810723, 35.051582 ], [ -89.810358, 35.051296 ], [ -89.810182, 35.051131 ], [ -89.809876, 35.050793 ], [ -89.809781, 35.050675 ], [ -89.809599, 35.050411 ], [ -89.809449, 35.050147 ], [ -89.809332, 35.049913 ], [ -89.809165, 35.049889 ], [ -89.808479, 35.04982 ], [ -89.807879, 35.049742 ], [ -89.807561, 35.049698 ], [ -89.807056, 35.049627 ], [ -89.806127, 35.0495 ], [ -89.803895, 35.049248 ], [ -89.801578, 35.048936 ], [ -89.801527, 35.048929 ], [ -89.800607, 35.048805 ], [ -89.799391, 35.048641 ], [ -89.799371, 35.048764 ], [ -89.799353, 35.049034 ], [ -89.79932, 35.049537 ], [ -89.799283, 35.050053 ], [ -89.799274, 35.050219 ], [ -89.799254, 35.050615 ], [ -89.798433, 35.05059 ], [ -89.795973, 35.050516 ], [ -89.795153, 35.050492 ], [ -89.795136, 35.05107 ], [ -89.795134, 35.051158 ], [ -89.79512, 35.051624 ], [ -89.795118, 35.051675 ], [ -89.795118, 35.0517 ], [ -89.795077, 35.052096 ], [ -89.794996, 35.052441 ], [ -89.794905, 35.052709 ], [ -89.794891, 35.052748 ], [ -89.794714, 35.053129 ], [ -89.794177, 35.054121 ], [ -89.793983, 35.054542 ], [ -89.793824, 35.054951 ], [ -89.793678, 35.05533 ], [ -89.793566, 35.055637 ], [ -89.793487, 35.055917 ], [ -89.793443, 35.056072 ], [ -89.793425, 35.056153 ], [ -89.793413, 35.056208 ], [ -89.793371, 35.056404 ], [ -89.793331, 35.056595 ], [ -89.793291, 35.056945 ], [ -89.793281, 35.057037 ], [ -89.793261, 35.057325 ], [ -89.793258, 35.057417 ], [ -89.793248, 35.057758 ], [ -89.793245, 35.057867 ], [ -89.793239, 35.058194 ], [ -89.793239, 35.058218 ], [ -89.793238, 35.058304 ], [ -89.793232, 35.058536 ], [ -89.793218, 35.059233 ], [ -89.793213, 35.059466 ], [ -89.793211, 35.059588 ], [ -89.793205, 35.059912 ], [ -89.793204, 35.059934 ], [ -89.793194, 35.060388 ], [ -89.794234, 35.06041 ], [ -89.795086, 35.060428 ], [ -89.79558, 35.060438 ], [ -89.795564, 35.06095 ], [ -89.795506, 35.061137 ], [ -89.795471, 35.061358 ], [ -89.795502, 35.061504 ], [ -89.795512, 35.06155 ], [ -89.795553, 35.061695 ], [ -89.795556, 35.061905 ], [ -89.794456, 35.061898 ], [ -89.793676, 35.061884 ], [ -89.793483, 35.06188 ], [ -89.79336, 35.061936 ], [ -89.79316, 35.061927 ], [ -89.793162, 35.062056 ], [ -89.793238, 35.062176 ], [ -89.793234, 35.062371 ], [ -89.793207, 35.06268 ], [ -89.793202, 35.062998 ], [ -89.793188, 35.063749 ], [ -89.793188, 35.063766 ], [ -89.793284, 35.063751 ], [ -89.793745, 35.063761 ], [ -89.794499, 35.063781 ], [ -89.794534, 35.063771 ], [ -89.794557, 35.063761 ], [ -89.794844, 35.063687 ], [ -89.795349, 35.063456 ], [ -89.796852, 35.063526 ], [ -89.796922, 35.063531 ], [ -89.796965, 35.063532 ], [ -89.797243, 35.063945 ], [ -89.798315, 35.06398 ], [ -89.798353, 35.063979 ], [ -89.798594, 35.063987 ], [ -89.798682, 35.06399 ], [ -89.799099, 35.064009 ], [ -89.799244, 35.064009 ], [ -89.79937, 35.064013 ], [ -89.801482, 35.064047 ], [ -89.802581, 35.064065 ], [ -89.802586, 35.064122 ], [ -89.802704, 35.064124 ], [ -89.802704, 35.064155 ], [ -89.802704, 35.064176 ], [ -89.803129, 35.064171 ], [ -89.803129, 35.064271 ], [ -89.80313, 35.064392 ], [ -89.803121, 35.065294 ], [ -89.803115, 35.065849 ], [ -89.80311, 35.066366 ], [ -89.803084, 35.066501 ], [ -89.803273, 35.066502 ], [ -89.803444, 35.066504 ], [ -89.803603, 35.066505 ], [ -89.803807, 35.066507 ], [ -89.803857, 35.066514 ], [ -89.803907, 35.06651 ], [ -89.804404, 35.066514 ], [ -89.804422, 35.066515 ], [ -89.804541, 35.066514 ], [ -89.8048, 35.066514 ], [ -89.80491, 35.066514 ], [ -89.805248, 35.066514 ], [ -89.805602, 35.066515 ], [ -89.805659, 35.066515 ], [ -89.805951, 35.066515 ], [ -89.80598, 35.066515 ], [ -89.806296, 35.066515 ], [ -89.806331, 35.066515 ], [ -89.806627, 35.066515 ], [ -89.806669, 35.066515 ], [ -89.806958, 35.066516 ], [ -89.807, 35.066516 ], [ -89.807339, 35.066516 ], [ -89.807431, 35.066523 ], [ -89.807549, 35.06653 ], [ -89.80787, 35.066524 ], [ -89.808003, 35.066521 ], [ -89.808388, 35.066527 ], [ -89.808506, 35.066529 ], [ -89.808725, 35.066532 ], [ -89.808756, 35.066533 ], [ -89.808879, 35.066535 ], [ -89.809066, 35.066538 ], [ -89.809144, 35.066539 ], [ -89.80925, 35.066541 ], [ -89.809395, 35.066543 ], [ -89.809596, 35.066546 ], [ -89.809629, 35.066547 ], [ -89.80973, 35.066548 ], [ -89.809998, 35.066553 ], [ -89.810071, 35.066554 ], [ -89.810191, 35.066556 ], [ -89.810282, 35.066557 ], [ -89.810366, 35.066559 ], [ -89.810396, 35.06656 ], [ -89.810541, 35.066562 ], [ -89.810653, 35.066563 ], [ -89.810732, 35.066564 ], [ -89.811075, 35.06657 ], [ -89.811097, 35.06657 ], [ -89.811386, 35.066575 ], [ -89.811407, 35.066575 ], [ -89.811454, 35.066576 ], [ -89.811465, 35.066576 ], [ -89.811748, 35.066581 ], [ -89.811779, 35.066581 ], [ -89.811828, 35.066582 ], [ -89.81231, 35.06659 ], [ -89.812512, 35.066599 ], [ -89.812497, 35.066949 ], [ -89.812492, 35.067075 ], [ -89.812478, 35.067278 ], [ -89.812449, 35.067724 ], [ -89.812446, 35.067889 ], [ -89.812444, 35.068094 ], [ -89.812833, 35.068097 ], [ -89.812937, 35.068094 ], [ -89.814418, 35.068061 ], [ -89.814912, 35.068051 ], [ -89.81516, 35.068047 ], [ -89.815907, 35.068036 ], [ -89.816079, 35.068034 ], [ -89.816156, 35.068036 ], [ -89.816367, 35.06804 ], [ -89.816411, 35.068039 ], [ -89.816574, 35.068036 ], [ -89.816664, 35.068034 ], [ -89.81711, 35.068012 ], [ -89.817175, 35.068004 ], [ -89.817429, 35.067975 ], [ -89.817499, 35.067963 ], [ -89.817653, 35.067938 ], [ -89.817709, 35.067925 ], [ -89.817779, 35.06791 ], [ -89.81783, 35.067899 ], [ -89.817898, 35.067876 ], [ -89.818021, 35.067837 ], [ -89.81816, 35.067775 ], [ -89.818224, 35.067747 ], [ -89.818251, 35.06773 ], [ -89.818261, 35.067749 ], [ -89.818293, 35.067808 ], [ -89.818304, 35.067828 ], [ -89.818181, 35.067884 ], [ -89.818121, 35.067912 ], [ -89.817947, 35.067977 ], [ -89.818031, 35.068173 ], [ -89.818339, 35.068391 ], [ -89.818502, 35.068148 ], [ -89.819543, 35.068003 ], [ -89.819818, 35.067963 ], [ -89.820253, 35.067896 ], [ -89.82034, 35.067885 ], [ -89.820358, 35.067882 ], [ -89.820279, 35.067695 ], [ -89.820571, 35.067608 ], [ -89.821006, 35.067474 ], [ -89.821154, 35.067429 ], [ -89.821384, 35.067358 ], [ -89.821491, 35.067411 ], [ -89.821621, 35.067475 ], [ -89.821958, 35.067387 ], [ -89.822004, 35.067375 ], [ -89.822039, 35.067365 ], [ -89.822052, 35.067349 ], [ -89.822209, 35.067152 ], [ -89.822271, 35.067074 ], [ -89.822402, 35.066909 ], [ -89.822391, 35.066768 ], [ -89.822388, 35.066735 ], [ -89.822567, 35.066651 ], [ -89.822849, 35.066519 ], [ -89.823265, 35.066509 ], [ -89.823276, 35.066366 ], [ -89.823337, 35.066375 ], [ -89.823795, 35.066436 ], [ -89.823939, 35.066457 ], [ -89.824016, 35.066468 ], [ -89.824111, 35.066481 ], [ -89.824036, 35.066439 ], [ -89.824113, 35.066334 ], [ -89.82489, 35.066217 ], [ -89.82509, 35.066187 ], [ -89.825192, 35.066436 ], [ -89.825219, 35.06651 ], [ -89.825226, 35.066528 ], [ -89.825288, 35.066698 ], [ -89.825325, 35.066788 ], [ -89.825395, 35.066957 ], [ -89.82545, 35.067053 ], [ -89.825458, 35.067083 ], [ -89.825487, 35.067195 ], [ -89.825628, 35.067176 ], [ -89.825932, 35.067136 ], [ -89.826218, 35.067079 ], [ -89.826712, 35.067012 ], [ -89.82696, 35.066958 ], [ -89.828108, 35.066777 ], [ -89.828439, 35.066736 ], [ -89.828448, 35.067187 ], [ -89.828443, 35.067355 ], [ -89.828439, 35.067517 ], [ -89.828425, 35.06804 ], [ -89.82842, 35.068204 ], [ -89.82841, 35.068557 ], [ -89.828409, 35.06863 ], [ -89.828407, 35.068694 ], [ -89.828397, 35.069056 ], [ -89.828393, 35.069202 ], [ -89.828378, 35.069751 ], [ -89.828374, 35.069912 ], [ -89.82837, 35.070062 ], [ -89.828355, 35.070604 ], [ -89.82835, 35.070762 ], [ -89.828345, 35.070947 ], [ -89.828333, 35.071407 ], [ -89.828327, 35.071615 ], [ -89.828323, 35.071778 ], [ -89.828313, 35.072147 ], [ -89.828303, 35.072498 ], [ -89.828303, 35.072533 ], [ -89.828303, 35.072584 ], [ -89.828304, 35.07269 ], [ -89.828291, 35.073052 ], [ -89.828282, 35.073305 ], [ -89.828273, 35.073547 ], [ -89.828265, 35.073795 ], [ -89.828256, 35.074048 ], [ -89.828247, 35.074299 ], [ -89.828238, 35.074554 ], [ -89.828233, 35.074703 ], [ -89.828229, 35.074804 ], [ -89.828221, 35.075054 ], [ -89.828212, 35.075304 ], [ -89.828203, 35.075563 ], [ -89.828194, 35.075824 ], [ -89.828185, 35.076059 ], [ -89.828176, 35.076338 ], [ -89.828172, 35.076442 ], [ -89.82816, 35.076793 ], [ -89.828145, 35.077212 ], [ -89.828133, 35.077555 ], [ -89.828132, 35.077671 ], [ -89.828166, 35.077672 ], [ -89.828423, 35.077678 ], [ -89.828946, 35.077689 ], [ -89.828979, 35.077689 ], [ -89.829066, 35.077691 ], [ -89.829088, 35.077691 ], [ -89.829251, 35.077695 ], [ -89.829328, 35.077696 ], [ -89.829559, 35.077701 ], [ -89.829637, 35.077703 ], [ -89.829639, 35.077874 ], [ -89.829645, 35.078185 ], [ -89.829639, 35.078387 ], [ -89.829634, 35.078559 ], [ -89.829628, 35.07869 ], [ -89.829612, 35.079083 ], [ -89.829607, 35.079215 ], [ -89.829553, 35.081798 ], [ -89.829514, 35.082804 ], [ -89.830044, 35.082822 ], [ -89.830455, 35.082834 ], [ -89.830609, 35.082838 ], [ -89.830699, 35.082841 ], [ -89.830632, 35.084131 ], [ -89.830603, 35.084747 ], [ -89.830582, 35.085176 ], [ -89.830559, 35.085657 ], [ -89.830531, 35.086241 ], [ -89.830528, 35.0863 ], [ -89.830518, 35.086509 ], [ -89.830482, 35.087262 ], [ -89.830485, 35.08759 ], [ -89.830465, 35.087621 ], [ -89.830463, 35.087655 ], [ -89.830376, 35.089476 ], [ -89.830375, 35.089613 ], [ -89.830356, 35.090001 ], [ -89.830354, 35.090062 ], [ -89.83034, 35.090354 ], [ -89.830338, 35.090404 ], [ -89.830299, 35.091226 ], [ -89.830288, 35.091464 ], [ -89.830293, 35.093406 ], [ -89.830288, 35.094451 ], [ -89.830283, 35.094502 ], [ -89.830272, 35.094656 ], [ -89.830268, 35.094708 ], [ -89.830391, 35.094725 ], [ -89.830761, 35.094779 ], [ -89.830885, 35.094797 ], [ -89.832676, 35.095055 ], [ -89.836994, 35.09568 ], [ -89.837827, 35.095776 ], [ -89.838054, 35.095808 ], [ -89.838524, 35.095874 ], [ -89.838959, 35.095935 ], [ -89.839848, 35.096057 ], [ -89.840975, 35.096239 ], [ -89.841024, 35.096247 ], [ -89.842119, 35.096392 ], [ -89.843134, 35.096558 ], [ -89.844114, 35.096782 ], [ -89.844342, 35.09685 ], [ -89.845436, 35.097179 ], [ -89.845443, 35.097611 ], [ -89.845455, 35.098384 ], [ -89.845456, 35.098407 ], [ -89.845474, 35.098688 ], [ -89.845488, 35.098805 ], [ -89.845503, 35.098902 ], [ -89.845572, 35.099319 ], [ -89.846417, 35.099478 ], [ -89.846556, 35.099502 ], [ -89.846976, 35.099576 ], [ -89.847116, 35.099601 ], [ -89.847406, 35.099654 ], [ -89.848275, 35.099811 ], [ -89.848565, 35.099865 ], [ -89.849232, 35.099987 ], [ -89.850466, 35.100215 ], [ -89.850685, 35.100254 ], [ -89.851103, 35.10033 ], [ -89.851232, 35.100355 ], [ -89.851897, 35.100482 ], [ -89.852087, 35.100521 ], [ -89.852651, 35.100627 ], [ -89.854916, 35.101054 ], [ -89.855671, 35.101197 ], [ -89.855643, 35.101295 ], [ -89.855532, 35.101679 ], [ -89.855493, 35.101821 ], [ -89.855466, 35.101904 ], [ -89.855372, 35.102202 ], [ -89.855227, 35.102482 ], [ -89.854947, 35.102898 ], [ -89.854391, 35.103724 ], [ -89.854351, 35.103797 ], [ -89.85429, 35.103912 ], [ -89.854201, 35.104114 ], [ -89.854128, 35.104325 ], [ -89.854118, 35.104487 ], [ -89.854138, 35.104886 ], [ -89.854202, 35.105132 ], [ -89.854289, 35.105339 ], [ -89.854447, 35.105596 ], [ -89.854465, 35.105617 ], [ -89.854645, 35.105823 ], [ -89.854788, 35.105947 ], [ -89.854905, 35.106049 ], [ -89.855122, 35.106186 ], [ -89.855335, 35.1063 ], [ -89.855621, 35.10641 ], [ -89.85594, 35.106489 ], [ -89.856146, 35.106519 ], [ -89.856462, 35.106538 ], [ -89.856645, 35.106529 ], [ -89.856929, 35.1065 ], [ -89.85711, 35.106473 ], [ -89.857799, 35.106371 ], [ -89.858334, 35.106292 ], [ -89.858722, 35.106248 ], [ -89.858997, 35.106217 ], [ -89.859117, 35.106211 ], [ -89.859184, 35.106217 ], [ -89.859387, 35.106235 ], [ -89.859638, 35.106273 ], [ -89.859776, 35.106308 ], [ -89.86049, 35.106493 ], [ -89.860806, 35.10654 ], [ -89.861132, 35.106552 ], [ -89.862115, 35.10656 ], [ -89.862904, 35.106567 ], [ -89.862955, 35.106564 ], [ -89.863749, 35.106523 ], [ -89.864143, 35.106503 ], [ -89.864134, 35.106148 ], [ -89.864139, 35.105595 ], [ -89.864114, 35.105426 ], [ -89.864062, 35.105239 ], [ -89.863909, 35.104875 ], [ -89.863845, 35.104694 ], [ -89.863666, 35.104258 ], [ -89.863594, 35.104083 ], [ -89.863536, 35.103901 ], [ -89.863515, 35.103742 ], [ -89.863516, 35.103574 ], [ -89.863536, 35.103306 ], [ -89.863651, 35.102727 ], [ -89.864195, 35.102814 ], [ -89.864643, 35.102907 ], [ -89.865292, 35.103036 ], [ -89.866106, 35.103225 ], [ -89.866915, 35.103426 ], [ -89.868787, 35.103828 ], [ -89.869346, 35.103929 ], [ -89.869899, 35.104047 ], [ -89.870018, 35.10407 ], [ -89.870221, 35.104117 ], [ -89.870485, 35.104178 ], [ -89.870585, 35.104201 ], [ -89.870709, 35.104229 ], [ -89.871879, 35.104491 ], [ -89.872577, 35.104649 ], [ -89.872793, 35.10471 ], [ -89.872876, 35.104734 ], [ -89.8733, 35.104827 ], [ -89.873451, 35.104855 ], [ -89.873673, 35.104897 ], [ -89.873926, 35.104956 ], [ -89.874689, 35.105135 ], [ -89.874806, 35.105152 ], [ -89.874946, 35.105154 ], [ -89.875187, 35.105215 ], [ -89.875705, 35.105346 ], [ -89.875913, 35.105398 ], [ -89.87595, 35.105408 ], [ -89.876156, 35.10546 ], [ -89.87637, 35.105513 ], [ -89.877012, 35.105672 ], [ -89.877227, 35.105725 ], [ -89.877207, 35.105822 ], [ -89.877185, 35.10609 ], [ -89.87717, 35.106286 ], [ -89.877717, 35.10629 ], [ -89.877717, 35.106748 ], [ -89.878284, 35.106878 ], [ -89.878251, 35.108102 ], [ -89.878662, 35.108105 ], [ -89.8787, 35.107188 ], [ -89.879136, 35.107196 ], [ -89.879441, 35.107202 ], [ -89.879567, 35.107204 ], [ -89.879619, 35.106325 ], [ -89.879897, 35.106394 ], [ -89.880015, 35.106423 ], [ -89.88182, 35.106875 ], [ -89.881478, 35.107813 ], [ -89.881289, 35.108352 ], [ -89.881197, 35.108644 ], [ -89.881188, 35.108703 ], [ -89.881164, 35.108883 ], [ -89.881156, 35.108944 ], [ -89.881575, 35.108961 ], [ -89.881834, 35.108973 ], [ -89.882834, 35.108985 ], [ -89.883254, 35.108991 ], [ -89.883268, 35.108649 ], [ -89.883321, 35.108183 ], [ -89.883417, 35.10782 ], [ -89.883483, 35.107643 ], [ -89.883604, 35.107321 ], [ -89.883726, 35.107351 ], [ -89.883749, 35.107357 ], [ -89.883824, 35.107376 ], [ -89.884092, 35.107443 ], [ -89.884214, 35.107474 ], [ -89.884686, 35.107593 ], [ -89.88472, 35.107602 ], [ -89.885027, 35.107692 ], [ -89.885752, 35.107928 ], [ -89.886128, 35.108069 ], [ -89.886205, 35.108101 ], [ -89.886689, 35.1083 ], [ -89.886442, 35.108635 ], [ -89.886434, 35.108646 ], [ -89.886301, 35.108864 ], [ -89.886259, 35.108989 ], [ -89.88624, 35.109127 ], [ -89.886238, 35.109177 ], [ -89.886262, 35.109361 ], [ -89.886305, 35.109482 ], [ -89.886371, 35.10958 ], [ -89.886527, 35.109744 ], [ -89.886689, 35.109876 ], [ -89.886864, 35.109987 ], [ -89.887056, 35.110079 ], [ -89.887122, 35.110106 ], [ -89.88745, 35.110243 ], [ -89.887617, 35.110314 ], [ -89.887819, 35.11035 ], [ -89.887933, 35.110354 ], [ -89.888218, 35.110364 ], [ -89.888234, 35.110118 ], [ -89.888263, 35.10969 ], [ -89.888303, 35.109382 ], [ -89.888307, 35.109356 ], [ -89.888377, 35.109148 ], [ -89.88842, 35.109058 ], [ -89.888489, 35.108919 ], [ -89.888567, 35.108797 ], [ -89.888634, 35.108723 ], [ -89.889037, 35.108245 ], [ -89.889198, 35.108055 ], [ -89.889287, 35.107925 ], [ -89.89, 35.10664 ], [ -89.890269, 35.106158 ], [ -89.890304, 35.106094 ], [ -89.89032, 35.106066 ], [ -89.890446, 35.105828 ], [ -89.890353, 35.105691 ], [ -89.890375, 35.105645 ], [ -89.890058, 35.105527 ], [ -89.890036, 35.105355 ], [ -89.889006, 35.104977 ], [ -89.888994, 35.103643 ], [ -89.886761, 35.103567 ], [ -89.886651, 35.103627 ], [ -89.886183, 35.10365 ], [ -89.886149, 35.103152 ], [ -89.886111, 35.103152 ], [ -89.886116, 35.103077 ], [ -89.885766, 35.103068 ], [ -89.884731, 35.103045 ], [ -89.884717, 35.103044 ], [ -89.884368, 35.103041 ], [ -89.884379, 35.102746 ], [ -89.884414, 35.101864 ], [ -89.884427, 35.10157 ], [ -89.884435, 35.101364 ], [ -89.884459, 35.100746 ], [ -89.884468, 35.100541 ], [ -89.884473, 35.100384 ], [ -89.884491, 35.099912 ], [ -89.884497, 35.099756 ], [ -89.884504, 35.099543 ], [ -89.884527, 35.098906 ], [ -89.884535, 35.098694 ], [ -89.884541, 35.098556 ], [ -89.884552, 35.098305 ], [ -89.884557, 35.098142 ], [ -89.884562, 35.098004 ], [ -89.884573, 35.097694 ], [ -89.884608, 35.096765 ], [ -89.88462, 35.096456 ], [ -89.884626, 35.09629 ], [ -89.884644, 35.095792 ], [ -89.884651, 35.095627 ], [ -89.884657, 35.095456 ], [ -89.88466, 35.095351 ], [ -89.884668, 35.09515 ], [ -89.884692, 35.094524 ], [ -89.884704, 35.094249 ], [ -89.884954, 35.094256 ], [ -89.88518, 35.094262 ], [ -89.885202, 35.093801 ], [ -89.885248, 35.093803 ], [ -89.885384, 35.093808 ], [ -89.885448, 35.09158 ], [ -89.885335, 35.091492 ], [ -89.885325, 35.09114 ], [ -89.885189, 35.091137 ], [ -89.884818, 35.091128 ], [ -89.884823, 35.090963 ], [ -89.884838, 35.090471 ], [ -89.884844, 35.090307 ], [ -89.884847, 35.090139 ], [ -89.884852, 35.089952 ], [ -89.884857, 35.089899 ], [ -89.885274, 35.08987 ], [ -89.885394, 35.089862 ], [ -89.885565, 35.08959 ], [ -89.885622, 35.087823 ], [ -89.885657, 35.087767 ], [ -89.885379, 35.087597 ], [ -89.885331, 35.087466 ], [ -89.885439, 35.087391 ], [ -89.885685, 35.08729 ], [ -89.885535, 35.087024 ], [ -89.884861, 35.085647 ], [ -89.885126, 35.085222 ], [ -89.885145, 35.085192 ], [ -89.885455, 35.084527 ], [ -89.885287, 35.084529 ], [ -89.884377, 35.084378 ], [ -89.885875, 35.084344 ], [ -89.886866, 35.084326 ], [ -89.887764, 35.084283 ], [ -89.888899, 35.084202 ], [ -89.890596, 35.083953 ], [ -89.891702, 35.083791 ], [ -89.892023, 35.083728 ], [ -89.892179, 35.083699 ], [ -89.892632, 35.083611 ], [ -89.893068, 35.083509 ] ] ] } },
{ "type": "Feature", "properties": { "GEOID": "38002", "ZCTA5": "38002", "AREALAND": 301211154 }, "geometry": { "type": "MultiPolygon", "coordinates": [ [ [ [ -89.854425, 35.276365 ], [ -89.854404, 35.276367 ], [ -89.854319, 35.276379 ], [ -89.854104, 35.27639 ], [ -89.854018, 35.276389 ], [ -89.853975, 35.276395 ], [ -89.853671, 35.276408 ], [ -89.853586, 35.276419 ], [ -89.853245, 35.276438 ], [ -89.85294, 35.276452 ], [ -89.852898, 35.276457 ], [ -89.852811, 35.276459 ], [ -89.852725, 35.276469 ], [ -89.852334, 35.276474 ], [ -89.851813, 35.276496 ], [ -89.851727, 35.276505 ], [ -89.851683, 35.276504 ], [ -89.851466, 35.276517 ], [ -89.85129, 35.276512 ], [ -89.850551, 35.276551 ], [ -89.850466, 35.276562 ], [ -89.850033, 35.276583 ], [ -89.849704, 35.276606 ], [ -89.849689, 35.276608 ], [ -89.849646, 35.276614 ], [ -89.84956, 35.276617 ], [ -89.849475, 35.276629 ], [ -89.849216, 35.276646 ], [ -89.84913, 35.276655 ], [ -89.849044, 35.276657 ], [ -89.848699, 35.276681 ], [ -89.848614, 35.276692 ], [ -89.84857, 35.27669 ], [ -89.848527, 35.276698 ], [ -89.848645, 35.276411 ], [ -89.84869, 35.276034 ], [ -89.848867, 35.274501 ], [ -89.848925, 35.274011 ], [ -89.848553, 35.274058 ], [ -89.848439, 35.274073 ], [ -89.848372, 35.274096 ], [ -89.848302, 35.274119 ], [ -89.848242, 35.274138 ], [ -89.848182, 35.274156 ], [ -89.848123, 35.274173 ], [ -89.848065, 35.274189 ], [ -89.847991, 35.274207 ], [ -89.847915, 35.274225 ], [ -89.847847, 35.27424 ], [ -89.847778, 35.274253 ], [ -89.847716, 35.274265 ], [ -89.847608, 35.274283 ], [ -89.84754, 35.274292 ], [ -89.847476, 35.274301 ], [ -89.847393, 35.27431 ], [ -89.847349, 35.274314 ], [ -89.847305, 35.274318 ], [ -89.847239, 35.274323 ], [ -89.847177, 35.274327 ], [ -89.847102, 35.274331 ], [ -89.847062, 35.274332 ], [ -89.847008, 35.274333 ], [ -89.846952, 35.274334 ], [ -89.84691, 35.274334 ], [ -89.846868, 35.274334 ], [ -89.846803, 35.274333 ], [ -89.84675, 35.274331 ], [ -89.846685, 35.274328 ], [ -89.846632, 35.274325 ], [ -89.846566, 35.27432 ], [ -89.846492, 35.274314 ], [ -89.846453, 35.27431 ], [ -89.846305, 35.274249 ], [ -89.846248, 35.274218 ], [ -89.846195, 35.274184 ], [ -89.846145, 35.274147 ], [ -89.846084, 35.274093 ], [ -89.846036, 35.274041 ], [ -89.845994, 35.273986 ], [ -89.845954, 35.27392 ], [ -89.845935, 35.273881 ], [ -89.845919, 35.273842 ], [ -89.845906, 35.273802 ], [ -89.845895, 35.273761 ], [ -89.845889, 35.273729 ], [ -89.845883, 35.273674 ], [ -89.845883, 35.273595 ], [ -89.845886, 35.273558 ], [ -89.845891, 35.273526 ], [ -89.845898, 35.273494 ], [ -89.845905, 35.273467 ], [ -89.845913, 35.27344 ], [ -89.845926, 35.273405 ], [ -89.845942, 35.27337 ], [ -89.845957, 35.27334 ], [ -89.845976, 35.273307 ], [ -89.846001, 35.27327 ], [ -89.846024, 35.273239 ], [ -89.846047, 35.273212 ], [ -89.84607, 35.273186 ], [ -89.846103, 35.273154 ], [ -89.846134, 35.273127 ], [ -89.846158, 35.273108 ], [ -89.846183, 35.273089 ], [ -89.846213, 35.273069 ], [ -89.846268, 35.273036 ], [ -89.84633, 35.273004 ], [ -89.846401, 35.272975 ], [ -89.846437, 35.272963 ], [ -89.84648, 35.27295 ], [ -89.84653, 35.272943 ], [ -89.84658, 35.272937 ], [ -89.84671, 35.272913 ], [ -89.846852, 35.272848 ], [ -89.846885, 35.272832 ], [ -89.846932, 35.272805 ], [ -89.846967, 35.272782 ], [ -89.847021, 35.272741 ], [ -89.847073, 35.272693 ], [ -89.847094, 35.272671 ], [ -89.847113, 35.272648 ], [ -89.847161, 35.27258 ], [ -89.847197, 35.272512 ], [ -89.84722, 35.27245 ], [ -89.847237, 35.272378 ], [ -89.847244, 35.272285 ], [ -89.847242, 35.272239 ], [ -89.847236, 35.272198 ], [ -89.847222, 35.272139 ], [ -89.847192, 35.27206 ], [ -89.847172, 35.272021 ], [ -89.847152, 35.271988 ], [ -89.847114, 35.271937 ], [ -89.847085, 35.271903 ], [ -89.847064, 35.271881 ], [ -89.847038, 35.271856 ], [ -89.847003, 35.271827 ], [ -89.846973, 35.271805 ], [ -89.846947, 35.271787 ], [ -89.84692, 35.271762 ], [ -89.846887, 35.271758 ], [ -89.84685, 35.271754 ], [ -89.846817, 35.27175 ], [ -89.846785, 35.271747 ], [ -89.846754, 35.271744 ], [ -89.846711, 35.27174 ], [ -89.846662, 35.271736 ], [ -89.846619, 35.271732 ], [ -89.846581, 35.27173 ], [ -89.846557, 35.271729 ], [ -89.846385, 35.271723 ], [ -89.846315, 35.271723 ], [ -89.846259, 35.271723 ], [ -89.846222, 35.271736 ], [ -89.846151, 35.27175 ], [ -89.846159, 35.271699 ], [ -89.84617, 35.271623 ], [ -89.846175, 35.271591 ], [ -89.846129, 35.271514 ], [ -89.846021, 35.271366 ], [ -89.846028, 35.271284 ], [ -89.846055, 35.271264 ], [ -89.846162, 35.27119 ], [ -89.846241, 35.271153 ], [ -89.846269, 35.27114 ], [ -89.846336, 35.27096 ], [ -89.846354, 35.270872 ], [ -89.846543, 35.269976 ], [ -89.846523, 35.269883 ], [ -89.846456, 35.269834 ], [ -89.846441, 35.269835 ], [ -89.846631, 35.268656 ], [ -89.846693, 35.268267 ], [ -89.846705, 35.268216 ], [ -89.847301, 35.264737 ], [ -89.847814, 35.264813 ], [ -89.847887, 35.264393 ], [ -89.84773, 35.264382 ], [ -89.847693, 35.26438 ], [ -89.847666, 35.264379 ], [ -89.847625, 35.264378 ], [ -89.847422, 35.264369 ], [ -89.847557, 35.263565 ], [ -89.847566, 35.263451 ], [ -89.847597, 35.263055 ], [ -89.844764, 35.262838 ], [ -89.842764, 35.262623 ], [ -89.842611, 35.261886 ], [ -89.842941, 35.259758 ], [ -89.842292, 35.259654 ], [ -89.841628, 35.258599 ], [ -89.840994, 35.257173 ], [ -89.841054, 35.256979 ], [ -89.842646, 35.256498 ], [ -89.84267, 35.2562 ], [ -89.842337, 35.256167 ], [ -89.84248, 35.255891 ], [ -89.842515, 35.255825 ], [ -89.842713, 35.25546 ], [ -89.842498, 35.255417 ], [ -89.842353, 35.25532 ], [ -89.839838, 35.255125 ], [ -89.83718, 35.254918 ], [ -89.837266, 35.253472 ], [ -89.835141, 35.253438 ], [ -89.834785, 35.253741 ], [ -89.834329, 35.254142 ], [ -89.834095, 35.25442 ], [ -89.833883, 35.254699 ], [ -89.833638, 35.255133 ], [ -89.833471, 35.255545 ], [ -89.833382, 35.255913 ], [ -89.833326, 35.256314 ], [ -89.833326, 35.256715 ], [ -89.833306, 35.257249 ], [ -89.833254, 35.257263 ], [ -89.833204, 35.257282 ], [ -89.83319, 35.257288 ], [ -89.833122, 35.256539 ], [ -89.833114, 35.256247 ], [ -89.833147, 35.256002 ], [ -89.833225, 35.255668 ], [ -89.833337, 35.255311 ], [ -89.833493, 35.254932 ], [ -89.833715, 35.254587 ], [ -89.834016, 35.254208 ], [ -89.834328, 35.253885 ], [ -89.834763, 35.253496 ], [ -89.829957, 35.253381 ], [ -89.829972, 35.252458 ], [ -89.829981, 35.251911 ], [ -89.828122, 35.251805 ], [ -89.827868, 35.251791 ], [ -89.827874, 35.250875 ], [ -89.828122, 35.250878 ], [ -89.829684, 35.2509 ], [ -89.829715, 35.249829 ], [ -89.829715, 35.24713 ], [ -89.828122, 35.24705 ], [ -89.827539, 35.247021 ], [ -89.827444, 35.247538 ], [ -89.826089, 35.247505 ], [ -89.826094, 35.246866 ], [ -89.822198, 35.246807 ], [ -89.822375, 35.241147 ], [ -89.822988, 35.241154 ], [ -89.823336, 35.241158 ], [ -89.823394, 35.239962 ], [ -89.823121, 35.239956 ], [ -89.823236, 35.238745 ], [ -89.821681, 35.238566 ], [ -89.821683, 35.237906 ], [ -89.821292, 35.237783 ], [ -89.821259, 35.238816 ], [ -89.821248, 35.239198 ], [ -89.820808, 35.239188 ], [ -89.819488, 35.239159 ], [ -89.819313, 35.239156 ], [ -89.819049, 35.239164 ], [ -89.819063, 35.238637 ], [ -89.819107, 35.237058 ], [ -89.819118, 35.236681 ], [ -89.819156, 35.236537 ], [ -89.819144, 35.236522 ], [ -89.819109, 35.236479 ], [ -89.819076, 35.236485 ], [ -89.8182, 35.237249 ], [ -89.817901, 35.237515 ], [ -89.817349, 35.238009 ], [ -89.816527, 35.238729 ], [ -89.815589, 35.239571 ], [ -89.815027, 35.240076 ], [ -89.814396, 35.24063 ], [ -89.814244, 35.240765 ], [ -89.813219, 35.241659 ], [ -89.812414, 35.242377 ], [ -89.812358, 35.242428 ], [ -89.81026, 35.244302 ], [ -89.809775, 35.244736 ], [ -89.808915, 35.245506 ], [ -89.8083, 35.24605 ], [ -89.807843, 35.246455 ], [ -89.806849, 35.247342 ], [ -89.806478, 35.247673 ], [ -89.806462, 35.247689 ], [ -89.80585, 35.248237 ], [ -89.805393, 35.248631 ], [ -89.805313, 35.248701 ], [ -89.803874, 35.249972 ], [ -89.803717, 35.250111 ], [ -89.803186, 35.250582 ], [ -89.80313, 35.250627 ], [ -89.802965, 35.250762 ], [ -89.80291, 35.250808 ], [ -89.80269, 35.251012 ], [ -89.802031, 35.251625 ], [ -89.801812, 35.25183 ], [ -89.801688, 35.251691 ], [ -89.801608, 35.251647 ], [ -89.801494, 35.251631 ], [ -89.801434, 35.251571 ], [ -89.801481, 35.251466 ], [ -89.801621, 35.251411 ], [ -89.801648, 35.251351 ], [ -89.801561, 35.251214 ], [ -89.801488, 35.251109 ], [ -89.801483, 35.251069 ], [ -89.801474, 35.250988 ], [ -89.801394, 35.250802 ], [ -89.800219, 35.250767 ], [ -89.799775, 35.250753 ], [ -89.794922, 35.250607 ], [ -89.793304, 35.250559 ], [ -89.793308, 35.250457 ], [ -89.793346, 35.249115 ], [ -89.793339, 35.248748 ], [ -89.793271, 35.247923 ], [ -89.793445, 35.247894 ], [ -89.794206, 35.2479 ], [ -89.794703, 35.24791 ], [ -89.796197, 35.247943 ], [ -89.796695, 35.247954 ], [ -89.796844, 35.247957 ], [ -89.797291, 35.247966 ], [ -89.79744, 35.24797 ], [ -89.797687, 35.247964 ], [ -89.798429, 35.247947 ], [ -89.798677, 35.247946 ], [ -89.798703, 35.247726 ], [ -89.798723, 35.247451 ], [ -89.798689, 35.247434 ], [ -89.798594, 35.247439 ], [ -89.798395, 35.247451 ], [ -89.798241, 35.247484 ], [ -89.797953, 35.247621 ], [ -89.797852, 35.247616 ], [ -89.797558, 35.247401 ], [ -89.797417, 35.247423 ], [ -89.797283, 35.247473 ], [ -89.797189, 35.247473 ], [ -89.797169, 35.247418 ], [ -89.797196, 35.24728 ], [ -89.797131, 35.247122 ], [ -89.797042, 35.247061 ], [ -89.796881, 35.247066 ], [ -89.796841, 35.246995 ], [ -89.796821, 35.246852 ], [ -89.796734, 35.246751 ], [ -89.796674, 35.246681 ], [ -89.796641, 35.246643 ], [ -89.79653, 35.24656 ], [ -89.796461, 35.246508 ], [ -89.796388, 35.246453 ], [ -89.796306, 35.246391 ], [ -89.796225, 35.24638 ], [ -89.796158, 35.246352 ], [ -89.795837, 35.24638 ], [ -89.795763, 35.246358 ], [ -89.795714, 35.246301 ], [ -89.795509, 35.246061 ], [ -89.795409, 35.246006 ], [ -89.795141, 35.246039 ], [ -89.795054, 35.245858 ], [ -89.794853, 35.245748 ], [ -89.794552, 35.245709 ], [ -89.794384, 35.245572 ], [ -89.794224, 35.245539 ], [ -89.794036, 35.245528 ], [ -89.793896, 35.245451 ], [ -89.793872, 35.245432 ], [ -89.793681, 35.245281 ], [ -89.793501, 35.245171 ], [ -89.793367, 35.245144 ], [ -89.793228, 35.245134 ], [ -89.793248, 35.244603 ], [ -89.793284, 35.243797 ], [ -89.79329, 35.243677 ], [ -89.793349, 35.241754 ], [ -89.793435, 35.239789 ], [ -89.793438, 35.239723 ], [ -89.793443, 35.239079 ], [ -89.793446, 35.238755 ], [ -89.793447, 35.238612 ], [ -89.793449, 35.238452 ], [ -89.79345, 35.238256 ], [ -89.793455, 35.237668 ], [ -89.793456, 35.237451 ], [ -89.792502, 35.237824 ], [ -89.791862, 35.238076 ], [ -89.791221, 35.238325 ], [ -89.789639, 35.238944 ], [ -89.789539, 35.238985 ], [ -89.78947, 35.239011 ], [ -89.788867, 35.239259 ], [ -89.788687, 35.239333 ], [ -89.788613, 35.239361 ], [ -89.788393, 35.239444 ], [ -89.788319, 35.239473 ], [ -89.787348, 35.239852 ], [ -89.787092, 35.239954 ], [ -89.786321, 35.240257 ], [ -89.785923, 35.240415 ], [ -89.78596, 35.239877 ], [ -89.786015, 35.239063 ], [ -89.784711, 35.238846 ], [ -89.781908, 35.23995 ], [ -89.777719, 35.241601 ], [ -89.777558, 35.24139 ], [ -89.774313, 35.242657 ], [ -89.774155, 35.242956 ], [ -89.772185, 35.243306 ], [ -89.77212, 35.242477 ], [ -89.772098, 35.242022 ], [ -89.772089, 35.241841 ], [ -89.7721, 35.241517 ], [ -89.771696, 35.241175 ], [ -89.771619, 35.24111 ], [ -89.771228, 35.240769 ], [ -89.771069, 35.24065 ], [ -89.770897, 35.240583 ], [ -89.770807, 35.240563 ], [ -89.770669, 35.240546 ], [ -89.770318, 35.240531 ], [ -89.769791, 35.24051 ], [ -89.769692, 35.240506 ], [ -89.768372, 35.240479 ], [ -89.767934, 35.240471 ], [ -89.767791, 35.240469 ], [ -89.767255, 35.24046 ], [ -89.764847, 35.240414 ], [ -89.764114, 35.240398 ], [ -89.764042, 35.240397 ], [ -89.763842, 35.240369 ], [ -89.76368, 35.240323 ], [ -89.763522, 35.240246 ], [ -89.763312, 35.240089 ], [ -89.763082, 35.239896 ], [ -89.762896, 35.239748 ], [ -89.762822, 35.239696 ], [ -89.762724, 35.239654 ], [ -89.762641, 35.23963 ], [ -89.762552, 35.239618 ], [ -89.762406, 35.239627 ], [ -89.76227, 35.239672 ], [ -89.762147, 35.239737 ], [ -89.761875, 35.23992 ], [ -89.761641, 35.240079 ], [ -89.761477, 35.240192 ], [ -89.761263, 35.240341 ], [ -89.761177, 35.240396 ], [ -89.76098, 35.240523 ], [ -89.760813, 35.240631 ], [ -89.760773, 35.240593 ], [ -89.760743, 35.240564 ], [ -89.76101, 35.240382 ], [ -89.761183, 35.240303 ], [ -89.761187, 35.240076 ], [ -89.761223, 35.239367 ], [ -89.761224, 35.239163 ], [ -89.761224, 35.239139 ], [ -89.761224, 35.23904 ], [ -89.761225, 35.238547 ], [ -89.761226, 35.238308 ], [ -89.761226, 35.238238 ], [ -89.761227, 35.237821 ], [ -89.761228, 35.237514 ], [ -89.76123, 35.236902 ], [ -89.761214, 35.236901 ], [ -89.761139, 35.236901 ], [ -89.760377, 35.236872 ], [ -89.760323, 35.23687 ], [ -89.759916, 35.236855 ], [ -89.759897, 35.236854 ], [ -89.75934, 35.236833 ], [ -89.759105, 35.236824 ], [ -89.758659, 35.236808 ], [ -89.758274, 35.236793 ], [ -89.75799, 35.236782 ], [ -89.757401, 35.23676 ], [ -89.757258, 35.236755 ], [ -89.756098, 35.236705 ], [ -89.755793, 35.236692 ], [ -89.755743, 35.23669 ], [ -89.755635, 35.236685 ], [ -89.75553, 35.236679 ], [ -89.754784, 35.236663 ], [ -89.754488, 35.236652 ], [ -89.75445, 35.236651 ], [ -89.754193, 35.236641 ], [ -89.754081, 35.236637 ], [ -89.754056, 35.236636 ], [ -89.754068, 35.236486 ], [ -89.754097, 35.236089 ], [ -89.754029, 35.236088 ], [ -89.752993, 35.23608 ], [ -89.749215, 35.236044 ], [ -89.749168, 35.235718 ], [ -89.749072, 35.235039 ], [ -89.747339, 35.234987 ], [ -89.747349, 35.23454 ], [ -89.74735, 35.234477 ], [ -89.747352, 35.234387 ], [ -89.747355, 35.234297 ], [ -89.747356, 35.23423 ], [ -89.747359, 35.234138 ], [ -89.747372, 35.233556 ], [ -89.747393, 35.232888 ], [ -89.747045, 35.23287 ], [ -89.746882, 35.232861 ], [ -89.746229, 35.232826 ], [ -89.746229, 35.232807 ], [ -89.746243, 35.227898 ], [ -89.746243, 35.227039 ], [ -89.74482, 35.226397 ], [ -89.744369, 35.226193 ], [ -89.744234, 35.226149 ], [ -89.744082, 35.226097 ], [ -89.744071, 35.226093 ], [ -89.744239, 35.220612 ], [ -89.744042, 35.220612 ], [ -89.742715, 35.220566 ], [ -89.742751, 35.220544 ], [ -89.742879, 35.220467 ], [ -89.743406, 35.220149 ], [ -89.74415, 35.219701 ], [ -89.744868, 35.219279 ], [ -89.745275, 35.219041 ], [ -89.745635, 35.21884 ], [ -89.745962, 35.218696 ], [ -89.746207, 35.218619 ], [ -89.746491, 35.21856 ], [ -89.747199, 35.218483 ], [ -89.747228, 35.21848 ], [ -89.747361, 35.218468 ], [ -89.74771, 35.218421 ], [ -89.74802, 35.218347 ], [ -89.747899, 35.21812 ], [ -89.747664, 35.217677 ], [ -89.747613, 35.217582 ], [ -89.747596, 35.217546 ], [ -89.747544, 35.217437 ], [ -89.747435, 35.217206 ], [ -89.747981, 35.216903 ], [ -89.749271, 35.216174 ], [ -89.750096, 35.215738 ], [ -89.75143, 35.215063 ], [ -89.755577, 35.212968 ], [ -89.756787, 35.212356 ], [ -89.758037, 35.211727 ], [ -89.758307, 35.211582 ], [ -89.759224, 35.211108 ], [ -89.761583, 35.209914 ], [ -89.761934, 35.209736 ], [ -89.76356, 35.208904 ], [ -89.764605, 35.208371 ], [ -89.767603, 35.20685 ], [ -89.767981, 35.206658 ], [ -89.768017, 35.20664 ], [ -89.76871, 35.206309 ], [ -89.769254, 35.206038 ], [ -89.76927, 35.206028 ], [ -89.769677, 35.205803 ], [ -89.770217, 35.205529 ], [ -89.771841, 35.204709 ], [ -89.771953, 35.204653 ], [ -89.772324, 35.204474 ], [ -89.772386, 35.204444 ], [ -89.772406, 35.204434 ], [ -89.772435, 35.204422 ], [ -89.772467, 35.204409 ], [ -89.772488, 35.204396 ], [ -89.772299, 35.204399 ], [ -89.772273, 35.204399 ], [ -89.772084, 35.204403 ], [ -89.771719, 35.204409 ], [ -89.771654, 35.20441 ], [ -89.771628, 35.20441 ], [ -89.771413, 35.204411 ], [ -89.771063, 35.204425 ], [ -89.770944, 35.204425 ], [ -89.770914, 35.204425 ], [ -89.770301, 35.204427 ], [ -89.769538, 35.204413 ], [ -89.769513, 35.204413 ], [ -89.76907, 35.204417 ], [ -89.768069, 35.204417 ], [ -89.767996, 35.204417 ], [ -89.76682, 35.204432 ], [ -89.7661, 35.20442 ], [ -89.7655, 35.204409 ], [ -89.765424, 35.204412 ], [ -89.765081, 35.204429 ], [ -89.764173, 35.204475 ], [ -89.764118, 35.204477 ], [ -89.764083, 35.204479 ], [ -89.764002, 35.204483 ], [ -89.763358, 35.204499 ], [ -89.763337, 35.2045 ], [ -89.762511, 35.204496 ], [ -89.762447, 35.204496 ], [ -89.761182, 35.204501 ], [ -89.760606, 35.204503 ], [ -89.76053, 35.204504 ], [ -89.760457, 35.204503 ], [ -89.760076, 35.204502 ], [ -89.759918, 35.204502 ], [ -89.759351, 35.2045 ], [ -89.758933, 35.2045 ], [ -89.758856, 35.2045 ], [ -89.758553, 35.2045 ], [ -89.758225, 35.204499 ], [ -89.757943, 35.204499 ], [ -89.756955, 35.2045 ], [ -89.756115, 35.204503 ], [ -89.755828, 35.204505 ], [ -89.755607, 35.204509 ], [ -89.755558, 35.20451 ], [ -89.755506, 35.204511 ], [ -89.7553, 35.204515 ], [ -89.75495, 35.204524 ], [ -89.754683, 35.204536 ], [ -89.754478, 35.204546 ], [ -89.753946, 35.204572 ], [ -89.752763, 35.204629 ], [ -89.752083, 35.204645 ], [ -89.75182, 35.204657 ], [ -89.751144, 35.20468 ], [ -89.750469, 35.204668 ], [ -89.749831, 35.204655 ], [ -89.749738, 35.204652 ], [ -89.749117, 35.204639 ], [ -89.748784, 35.204631 ], [ -89.748536, 35.204625 ], [ -89.747503, 35.204603 ], [ -89.746978, 35.204593 ], [ -89.746265, 35.204578 ], [ -89.745203, 35.204555 ], [ -89.74501, 35.204551 ], [ -89.744019, 35.204551 ], [ -89.742917, 35.204604 ], [ -89.742022, 35.204682 ], [ -89.741923, 35.204691 ], [ -89.740966, 35.204785 ], [ -89.740842, 35.204796 ], [ -89.74062, 35.204818 ], [ -89.739583, 35.204919 ], [ -89.739402, 35.204936 ], [ -89.739445, 35.203479 ], [ -89.740008, 35.203469 ], [ -89.739964, 35.199233 ], [ -89.738979, 35.199299 ], [ -89.738517, 35.199329 ], [ -89.738538, 35.199716 ], [ -89.738087, 35.199756 ], [ -89.734791, 35.199693 ], [ -89.734834, 35.204221 ], [ -89.733784, 35.204214 ], [ -89.733796, 35.204557 ], [ -89.732624, 35.204713 ], [ -89.732664, 35.205004 ], [ -89.732775, 35.205659 ], [ -89.73229, 35.205719 ], [ -89.731437, 35.205787 ], [ -89.730685, 35.20583 ], [ -89.730346, 35.205837 ], [ -89.729987, 35.205846 ], [ -89.729133, 35.205838 ], [ -89.7282, 35.205819 ], [ -89.726776, 35.205791 ], [ -89.726545, 35.205786 ], [ -89.725668, 35.205769 ], [ -89.725534, 35.205766 ], [ -89.724305, 35.205743 ], [ -89.723992, 35.205728 ], [ -89.723573, 35.20568 ], [ -89.723154, 35.205612 ], [ -89.72305, 35.205588 ], [ -89.721591, 35.20526 ], [ -89.721, 35.205155 ], [ -89.720663, 35.20511 ], [ -89.720586, 35.205099 ], [ -89.72047, 35.205084 ], [ -89.720356, 35.205072 ], [ -89.72028, 35.205064 ], [ -89.720247, 35.204841 ], [ -89.720258, 35.204615 ], [ -89.720279, 35.204201 ], [ -89.720295, 35.203709 ], [ -89.720327, 35.203262 ], [ -89.72033, 35.203232 ], [ -89.720334, 35.203 ], [ -89.720337, 35.202811 ], [ -89.720336, 35.202792 ], [ -89.720334, 35.202735 ], [ -89.720334, 35.202717 ], [ -89.720384, 35.202371 ], [ -89.720458, 35.201853 ], [ -89.720494, 35.201213 ], [ -89.720529, 35.200585 ], [ -89.720546, 35.199663 ], [ -89.720499, 35.199347 ], [ -89.720462, 35.199101 ], [ -89.720469, 35.198894 ], [ -89.720523, 35.197798 ], [ -89.72054, 35.197434 ], [ -89.720544, 35.197355 ], [ -89.720541, 35.197274 ], [ -89.720583, 35.196484 ], [ -89.720582, 35.196458 ], [ -89.720595, 35.196038 ], [ -89.720601, 35.195864 ], [ -89.720606, 35.195699 ], [ -89.720611, 35.195535 ], [ -89.720617, 35.19537 ], [ -89.720622, 35.195205 ], [ -89.720627, 35.19504 ], [ -89.720632, 35.194875 ], [ -89.720638, 35.194711 ], [ -89.720643, 35.194546 ], [ -89.720648, 35.194381 ], [ -89.720658, 35.194139 ], [ -89.720658, 35.19407 ], [ -89.720666, 35.193845 ], [ -89.720671, 35.19368 ], [ -89.720676, 35.193515 ], [ -89.720681, 35.193351 ], [ -89.720687, 35.193186 ], [ -89.720692, 35.193021 ], [ -89.720697, 35.192856 ], [ -89.720702, 35.192701 ], [ -89.720704, 35.192633 ], [ -89.72071, 35.192475 ], [ -89.720712, 35.192389 ], [ -89.720717, 35.192299 ], [ -89.720769, 35.19128 ], [ -89.720839, 35.189936 ], [ -89.720878, 35.189173 ], [ -89.720884, 35.188936 ], [ -89.719487, 35.189291 ], [ -89.719642, 35.189946 ], [ -89.719641, 35.190036 ], [ -89.719628, 35.190128 ], [ -89.719594, 35.190234 ], [ -89.719541, 35.190335 ], [ -89.71946, 35.19044 ], [ -89.719385, 35.190512 ], [ -89.719285, 35.190585 ], [ -89.719231, 35.190616 ], [ -89.717733, 35.19123 ], [ -89.715999, 35.19194 ], [ -89.710052, 35.194099 ], [ -89.710048, 35.194199 ], [ -89.709782, 35.194315 ], [ -89.709398, 35.194483 ], [ -89.706592, 35.19513 ], [ -89.7047, 35.195566 ], [ -89.701783, 35.196239 ], [ -89.701787, 35.195866 ], [ -89.700295, 35.196211 ], [ -89.700135, 35.196255 ], [ -89.698241, 35.196711 ], [ -89.697726, 35.19686 ], [ -89.697371, 35.196931 ], [ -89.696557, 35.197133 ], [ -89.695411, 35.19742 ], [ -89.694514, 35.197623 ], [ -89.693336, 35.197865 ], [ -89.691814, 35.1982 ], [ -89.688655, 35.199059 ], [ -89.687715, 35.199314 ], [ -89.687493, 35.199375 ], [ -89.683993, 35.200045 ], [ -89.683617, 35.200067 ], [ -89.681991, 35.200358 ], [ -89.681638, 35.200421 ], [ -89.68156, 35.200429 ], [ -89.681558, 35.200518 ], [ -89.681557, 35.200542 ], [ -89.681555, 35.200585 ], [ -89.681552, 35.200655 ], [ -89.681465, 35.202594 ], [ -89.681369, 35.204737 ], [ -89.681358, 35.205957 ], [ -89.681303, 35.207437 ], [ -89.681309, 35.208174 ], [ -89.681289, 35.208627 ], [ -89.681246, 35.209644 ], [ -89.681231, 35.210139 ], [ -89.681188, 35.210636 ], [ -89.681186, 35.210649 ], [ -89.681183, 35.210687 ], [ -89.681182, 35.210701 ], [ -89.678989, 35.211055 ], [ -89.678711, 35.21109 ], [ -89.677288, 35.211275 ], [ -89.676024, 35.211348 ], [ -89.674265, 35.211185 ], [ -89.67365, 35.211128 ], [ -89.673197, 35.21107 ], [ -89.671251, 35.210824 ], [ -89.670485, 35.210727 ], [ -89.668978, 35.210618 ], [ -89.668761, 35.210622 ], [ -89.667941, 35.211399 ], [ -89.665614, 35.213604 ], [ -89.663917, 35.215214 ], [ -89.657913, 35.218195 ], [ -89.657042, 35.218626 ], [ -89.655468, 35.219406 ], [ -89.655651, 35.220231 ], [ -89.655827, 35.220984 ], [ -89.656083, 35.222066 ], [ -89.65629, 35.222848 ], [ -89.656425, 35.22336 ], [ -89.656691, 35.224342 ], [ -89.656957, 35.225365 ], [ -89.656987, 35.225492 ], [ -89.657171, 35.226175 ], [ -89.657429, 35.22716 ], [ -89.657801, 35.228563 ], [ -89.658069, 35.229556 ], [ -89.658254, 35.230282 ], [ -89.658404, 35.230825 ], [ -89.658518, 35.231253 ], [ -89.658623, 35.231529 ], [ -89.658727, 35.231776 ], [ -89.658923, 35.232186 ], [ -89.659085, 35.232475 ], [ -89.659273, 35.232769 ], [ -89.659398, 35.232953 ], [ -89.659548, 35.233143 ], [ -89.659789, 35.233423 ], [ -89.660178, 35.233872 ], [ -89.660648, 35.234403 ], [ -89.66145, 35.235313 ], [ -89.661741, 35.23567 ], [ -89.662461, 35.236464 ], [ -89.66284, 35.236906 ], [ -89.663385, 35.237526 ], [ -89.663711, 35.23789 ], [ -89.664169, 35.238416 ], [ -89.664408, 35.238696 ], [ -89.664775, 35.239104 ], [ -89.665041, 35.239406 ], [ -89.665337, 35.239765 ], [ -89.665622, 35.24013 ], [ -89.665849, 35.240422 ], [ -89.666127, 35.240791 ], [ -89.666267, 35.241001 ], [ -89.666445, 35.241288 ], [ -89.666561, 35.241484 ], [ -89.666962, 35.242159 ], [ -89.667135, 35.242475 ], [ -89.667367, 35.242994 ], [ -89.667852, 35.244043 ], [ -89.668214, 35.244842 ], [ -89.668367, 35.245161 ], [ -89.668519, 35.245461 ], [ -89.668711, 35.245858 ], [ -89.66885, 35.246105 ], [ -89.668951, 35.246262 ], [ -89.669038, 35.246383 ], [ -89.669173, 35.246565 ], [ -89.669395, 35.246849 ], [ -89.669587, 35.247096 ], [ -89.67024, 35.247849 ], [ -89.670434, 35.24807 ], [ -89.670657, 35.248293 ], [ -89.67046, 35.248407 ], [ -89.66974, 35.248831 ], [ -89.668913, 35.249305 ], [ -89.668851, 35.24934 ], [ -89.668824, 35.249358 ], [ -89.668765, 35.249398 ], [ -89.668448, 35.249612 ], [ -89.668349, 35.249678 ], [ -89.668288, 35.249719 ], [ -89.667888, 35.249991 ], [ -89.667468, 35.250277 ], [ -89.666875, 35.249561 ], [ -89.666648, 35.249031 ], [ -89.66651, 35.248529 ], [ -89.666307, 35.248159 ], [ -89.666177, 35.248078 ], [ -89.66534, 35.24751 ], [ -89.665134, 35.24737 ], [ -89.664293, 35.246806 ], [ -89.663914, 35.246602 ], [ -89.663275, 35.246313 ], [ -89.66291, 35.246174 ], [ -89.662655, 35.246113 ], [ -89.66239, 35.246094 ], [ -89.661623, 35.246116 ], [ -89.66057, 35.246123 ], [ -89.658993, 35.246149 ], [ -89.658317, 35.24618 ], [ -89.658083, 35.246215 ], [ -89.657815, 35.24629 ], [ -89.656897, 35.246632 ], [ -89.656267, 35.246859 ], [ -89.655934, 35.24701 ], [ -89.655548, 35.247204 ], [ -89.655293, 35.247315 ], [ -89.655139, 35.247343 ], [ -89.654938, 35.247336 ], [ -89.653986, 35.247192 ], [ -89.653687, 35.247147 ], [ -89.653487, 35.247117 ], [ -89.653062, 35.247039 ], [ -89.651614, 35.246608 ], [ -89.650568, 35.246304 ], [ -89.650163, 35.246239 ], [ -89.649838, 35.246216 ], [ -89.649727, 35.246236 ], [ -89.649265, 35.246349 ], [ -89.649187, 35.246371 ], [ -89.648691, 35.246513 ], [ -89.648399, 35.246633 ], [ -89.648362, 35.246654 ], [ -89.648145, 35.246818 ], [ -89.647765, 35.247177 ], [ -89.647682, 35.247257 ], [ -89.647446, 35.247507 ], [ -89.64739, 35.247586 ], [ -89.646902, 35.247764 ], [ -89.646715, 35.247811 ], [ -89.646584, 35.247816 ], [ -89.646482, 35.247802 ], [ -89.645849, 35.247619 ], [ -89.645696, 35.247604 ], [ -89.645523, 35.247619 ], [ -89.645485, 35.247623 ], [ -89.644247, 35.247855 ], [ -89.643766, 35.247931 ], [ -89.643419, 35.247965 ], [ -89.642271, 35.248009 ], [ -89.641763, 35.248022 ], [ -89.641651, 35.248019 ], [ -89.641308, 35.247986 ], [ -89.640983, 35.247931 ], [ -89.640314, 35.247793 ], [ -89.639941, 35.247734 ], [ -89.639786, 35.247704 ], [ -89.639084, 35.247572 ], [ -89.638701, 35.247513 ], [ -89.638459, 35.247484 ], [ -89.638245, 35.24746 ], [ -89.637878, 35.247414 ], [ -89.637883, 35.248636 ], [ -89.636398, 35.248599 ], [ -89.636179, 35.253786 ], [ -89.634254, 35.253761 ], [ -89.626422, 35.253656 ], [ -89.626404, 35.254994 ], [ -89.621197, 35.254964 ], [ -89.621145, 35.251254 ], [ -89.618414, 35.250896 ], [ -89.61355, 35.253244 ], [ -89.611588, 35.25419 ], [ -89.611455, 35.254255 ], [ -89.608345, 35.255753 ], [ -89.607922, 35.25596 ], [ -89.607462, 35.256187 ], [ -89.606767, 35.256528 ], [ -89.606651, 35.256575 ], [ -89.606216, 35.256755 ], [ -89.605775, 35.256699 ], [ -89.605744, 35.256695 ], [ -89.605495, 35.256633 ], [ -89.605219, 35.256537 ], [ -89.604611, 35.256278 ], [ -89.604531, 35.256236 ], [ -89.604138, 35.256031 ], [ -89.604064, 35.255993 ], [ -89.603663, 35.255773 ], [ -89.603495, 35.255699 ], [ -89.602585, 35.255425 ], [ -89.602208, 35.255297 ], [ -89.601917, 35.255162 ], [ -89.601709, 35.255037 ], [ -89.601667, 35.255012 ], [ -89.601301, 35.254738 ], [ -89.601101, 35.254565 ], [ -89.601007, 35.25449 ], [ -89.600647, 35.254234 ], [ -89.600498, 35.254145 ], [ -89.600135, 35.253962 ], [ -89.599962, 35.253892 ], [ -89.599744, 35.253826 ], [ -89.598555, 35.253654 ], [ -89.598285, 35.253578 ], [ -89.598177, 35.253501 ], [ -89.59798, 35.253279 ], [ -89.597426, 35.252464 ], [ -89.597332, 35.252352 ], [ -89.597272, 35.252303 ], [ -89.597071, 35.252186 ], [ -89.596864, 35.252092 ], [ -89.596688, 35.252045 ], [ -89.596441, 35.252016 ], [ -89.596107, 35.25201 ], [ -89.595931, 35.251997 ], [ -89.595717, 35.251963 ], [ -89.595627, 35.251926 ], [ -89.595287, 35.25173 ], [ -89.595257, 35.251713 ], [ -89.594997, 35.25153 ], [ -89.594893, 35.251457 ], [ -89.594623, 35.251219 ], [ -89.594463, 35.251058 ], [ -89.59408, 35.25061 ], [ -89.594038, 35.250575 ], [ -89.593942, 35.250509 ], [ -89.593824, 35.250477 ], [ -89.593314, 35.250455 ], [ -89.592786, 35.250452 ], [ -89.592622, 35.250451 ], [ -89.591715, 35.250439 ], [ -89.591668, 35.250439 ], [ -89.591235, 35.25042 ], [ -89.590515, 35.250371 ], [ -89.590412, 35.250365 ], [ -89.589596, 35.250321 ], [ -89.588988, 35.250303 ], [ -89.588509, 35.250277 ], [ -89.587441, 35.250222 ], [ -89.587474, 35.249788 ], [ -89.585217, 35.249629 ], [ -89.585241, 35.248051 ], [ -89.584532, 35.248026 ], [ -89.581899, 35.247934 ], [ -89.580375, 35.248272 ], [ -89.580304, 35.247725 ], [ -89.579593, 35.247757 ], [ -89.578562, 35.247803 ], [ -89.57844, 35.249984 ], [ -89.578299, 35.252503 ], [ -89.57461, 35.252533 ], [ -89.571348, 35.25256 ], [ -89.571092, 35.259273 ], [ -89.571481, 35.259127 ], [ -89.573707, 35.258379 ], [ -89.573639, 35.258472 ], [ -89.573686, 35.25867 ], [ -89.573653, 35.258747 ], [ -89.573552, 35.258812 ], [ -89.573385, 35.25895 ], [ -89.573338, 35.259093 ], [ -89.573418, 35.260125 ], [ -89.573512, 35.260323 ], [ -89.573544, 35.260469 ], [ -89.573579, 35.26062 ], [ -89.573559, 35.260779 ], [ -89.573472, 35.260889 ], [ -89.573425, 35.261048 ], [ -89.573465, 35.261191 ], [ -89.573472, 35.261284 ], [ -89.573352, 35.26157 ], [ -89.573358, 35.261724 ], [ -89.573419, 35.261872 ], [ -89.573419, 35.262213 ], [ -89.573533, 35.262361 ], [ -89.573526, 35.26252 ], [ -89.573867, 35.262724 ], [ -89.573975, 35.262822 ], [ -89.574021, 35.262976 ], [ -89.573861, 35.263498 ], [ -89.573801, 35.263773 ], [ -89.573794, 35.264042 ], [ -89.573694, 35.264426 ], [ -89.573245, 35.265207 ], [ -89.573151, 35.265311 ], [ -89.573044, 35.265459 ], [ -89.572964, 35.265542 ], [ -89.572682, 35.265937 ], [ -89.572455, 35.266234 ], [ -89.572334, 35.266311 ], [ -89.572203, 35.266417 ], [ -89.57218, 35.266437 ], [ -89.572086, 35.266481 ], [ -89.571946, 35.266596 ], [ -89.571899, 35.266668 ], [ -89.571839, 35.266706 ], [ -89.571685, 35.26686 ], [ -89.571417, 35.266992 ], [ -89.57133, 35.267069 ], [ -89.571249, 35.267107 ], [ -89.571202, 35.267157 ], [ -89.571075, 35.267234 ], [ -89.570981, 35.267322 ], [ -89.57072, 35.26747 ], [ -89.5706, 35.267552 ], [ -89.570533, 35.26758 ], [ -89.570452, 35.267646 ], [ -89.570439, 35.267723 ], [ -89.570439, 35.267776 ], [ -89.569857, 35.267985 ], [ -89.569481, 35.268115 ], [ -89.568209, 35.268559 ], [ -89.567556, 35.26877 ], [ -89.567215, 35.268855 ], [ -89.566999, 35.268881 ], [ -89.566554, 35.268903 ], [ -89.566515, 35.268906 ], [ -89.566286, 35.268886 ], [ -89.565926, 35.268841 ], [ -89.565543, 35.268817 ], [ -89.565135, 35.268796 ], [ -89.564165, 35.268749 ], [ -89.563999, 35.268759 ], [ -89.563913, 35.268773 ], [ -89.563758, 35.268828 ], [ -89.563657, 35.268904 ], [ -89.563619, 35.268943 ], [ -89.563587, 35.268996 ], [ -89.563499, 35.269229 ], [ -89.563417, 35.269494 ], [ -89.563393, 35.269586 ], [ -89.562931, 35.271394 ], [ -89.562816, 35.271847 ], [ -89.562801, 35.271887 ], [ -89.562759, 35.271991 ], [ -89.562712, 35.272105 ], [ -89.562607, 35.272274 ], [ -89.562595, 35.272287 ], [ -89.562549, 35.272343 ], [ -89.562478, 35.272422 ], [ -89.562358, 35.272548 ], [ -89.562256, 35.272638 ], [ -89.562112, 35.272739 ], [ -89.561866, 35.27287 ], [ -89.561795, 35.272895 ], [ -89.561725, 35.27292 ], [ -89.561587, 35.272947 ], [ -89.561463, 35.272958 ], [ -89.561571, 35.2732 ], [ -89.561625, 35.273304 ], [ -89.561758, 35.273648 ], [ -89.561846, 35.273875 ], [ -89.561919, 35.274562 ], [ -89.561973, 35.274666 ], [ -89.562247, 35.274804 ], [ -89.562321, 35.274875 ], [ -89.562355, 35.27493 ], [ -89.562368, 35.275045 ], [ -89.562328, 35.275089 ], [ -89.56218, 35.27515 ], [ -89.562167, 35.275232 ], [ -89.562281, 35.275457 ], [ -89.562278, 35.275515 ], [ -89.562274, 35.275611 ], [ -89.56212, 35.275781 ], [ -89.562053, 35.27588 ], [ -89.56204, 35.276056 ], [ -89.562101, 35.276171 ], [ -89.561937, 35.27624 ], [ -89.561446, 35.276446 ], [ -89.561283, 35.276516 ], [ -89.56133, 35.276655 ], [ -89.561426, 35.276813 ], [ -89.561477, 35.276896 ], [ -89.561558, 35.276973 ], [ -89.561712, 35.277067 ], [ -89.561866, 35.277149 ], [ -89.561939, 35.277341 ], [ -89.562053, 35.277435 ], [ -89.562133, 35.277452 ], [ -89.562227, 35.277473 ], [ -89.562375, 35.277556 ], [ -89.562442, 35.27755 ], [ -89.562549, 35.277638 ], [ -89.562723, 35.277682 ], [ -89.562924, 35.277858 ], [ -89.562964, 35.277939 ], [ -89.563004, 35.278017 ], [ -89.563078, 35.278841 ], [ -89.563125, 35.279099 ], [ -89.563192, 35.27922 ], [ -89.563205, 35.279291 ], [ -89.563306, 35.27944 ], [ -89.56352, 35.279848 ], [ -89.563715, 35.28022 ], [ -89.563775, 35.280302 ], [ -89.563916, 35.280368 ], [ -89.563956, 35.280379 ], [ -89.56405, 35.280505 ], [ -89.564076, 35.280698 ], [ -89.563989, 35.28156 ], [ -89.564016, 35.281736 ], [ -89.56409, 35.281862 ], [ -89.564284, 35.282038 ], [ -89.564425, 35.282225 ], [ -89.564458, 35.282302 ], [ -89.564619, 35.282488 ], [ -89.564766, 35.282736 ], [ -89.564974, 35.282955 ], [ -89.564981, 35.283109 ], [ -89.564994, 35.283167 ], [ -89.565075, 35.283516 ], [ -89.565276, 35.283801 ], [ -89.565356, 35.28395 ], [ -89.56547, 35.284114 ], [ -89.565564, 35.284191 ], [ -89.565724, 35.284411 ], [ -89.565791, 35.28446 ], [ -89.565858, 35.284581 ], [ -89.565905, 35.284702 ], [ -89.565812, 35.284889 ], [ -89.565778, 35.285098 ], [ -89.565879, 35.285246 ], [ -89.566026, 35.28546 ], [ -89.566033, 35.285641 ], [ -89.565932, 35.285955 ], [ -89.565959, 35.286191 ], [ -89.566033, 35.28629 ], [ -89.566174, 35.286367 ], [ -89.566562, 35.286531 ], [ -89.566951, 35.286685 ], [ -89.567098, 35.286795 ], [ -89.567306, 35.286916 ], [ -89.567842, 35.287328 ], [ -89.568029, 35.287399 ], [ -89.568244, 35.287509 ], [ -89.568981, 35.287795 ], [ -89.569363, 35.28797 ], [ -89.569644, 35.288173 ], [ -89.569979, 35.288437 ], [ -89.570347, 35.288827 ], [ -89.570394, 35.288899 ], [ -89.570622, 35.289212 ], [ -89.570763, 35.289585 ], [ -89.570842, 35.289719 ], [ -89.57087, 35.289766 ], [ -89.570971, 35.290052 ], [ -89.571192, 35.290393 ], [ -89.5714, 35.290788 ], [ -89.571493, 35.290903 ], [ -89.572143, 35.291947 ], [ -89.572224, 35.292095 ], [ -89.572385, 35.292266 ], [ -89.572572, 35.292386 ], [ -89.572736, 35.292521 ], [ -89.572773, 35.292551 ], [ -89.572941, 35.292645 ], [ -89.573324, 35.292756 ], [ -89.573336, 35.29276 ], [ -89.57343, 35.292831 ], [ -89.573398, 35.292908 ], [ -89.574348, 35.292934 ], [ -89.576045, 35.292982 ], [ -89.577014, 35.29299 ], [ -89.5772, 35.29299 ], [ -89.578152, 35.292991 ], [ -89.578205, 35.292991 ], [ -89.579637, 35.293015 ], [ -89.580754, 35.293034 ], [ -89.581104, 35.293042 ], [ -89.581192, 35.29304 ], [ -89.581455, 35.293044 ], [ -89.581587, 35.293053 ], [ -89.582017, 35.293129 ], [ -89.582144, 35.293157 ], [ -89.582184, 35.293171 ], [ -89.582433, 35.293236 ], [ -89.582518, 35.293255 ], [ -89.582917, 35.293402 ], [ -89.583982, 35.293731 ], [ -89.583993, 35.293733 ], [ -89.584065, 35.293752 ], [ -89.585211, 35.294102 ], [ -89.585254, 35.29411 ], [ -89.585416, 35.294161 ], [ -89.585459, 35.29417 ], [ -89.58604, 35.294331 ], [ -89.587539, 35.294734 ], [ -89.58787, 35.294827 ], [ -89.588011, 35.294864 ], [ -89.588537, 35.295006 ], [ -89.588744, 35.295065 ], [ -89.589349, 35.29527 ], [ -89.589427, 35.295302 ], [ -89.590755, 35.295758 ], [ -89.590834, 35.295789 ], [ -89.590998, 35.295838 ], [ -89.591038, 35.295853 ], [ -89.59108, 35.295864 ], [ -89.591283, 35.295936 ], [ -89.592652, 35.296332 ], [ -89.594263, 35.296814 ], [ -89.595258, 35.297097 ], [ -89.595342, 35.297118 ], [ -89.595721, 35.297225 ], [ -89.596295, 35.297388 ], [ -89.596666, 35.297501 ], [ -89.597847, 35.297908 ], [ -89.598055, 35.297966 ], [ -89.598289, 35.298021 ], [ -89.598352, 35.298037 ], [ -89.598414, 35.298054 ], [ -89.598496, 35.29808 ], [ -89.598539, 35.298087 ], [ -89.598608, 35.298106 ], [ -89.598999, 35.298219 ], [ -89.599313, 35.29831 ], [ -89.600169, 35.298574 ], [ -89.600387, 35.298642 ], [ -89.600559, 35.298697 ], [ -89.600618, 35.298716 ], [ -89.600797, 35.298774 ], [ -89.600857, 35.298794 ], [ -89.60179, 35.299094 ], [ -89.602775, 35.299412 ], [ -89.603161, 35.299579 ], [ -89.603574, 35.299778 ], [ -89.60407, 35.300004 ], [ -89.604334, 35.300129 ], [ -89.604412, 35.30016 ], [ -89.604509, 35.300203 ], [ -89.604832, 35.300348 ], [ -89.604905, 35.300386 ], [ -89.604983, 35.300418 ], [ -89.605019, 35.300437 ], [ -89.605408, 35.300594 ], [ -89.605448, 35.300609 ], [ -89.605559, 35.300668 ], [ -89.606498, 35.30114 ], [ -89.607377, 35.301552 ], [ -89.608044, 35.301852 ], [ -89.609531, 35.30252 ], [ -89.609658, 35.302594 ], [ -89.610092, 35.302848 ], [ -89.610242, 35.302922 ], [ -89.610273, 35.302948 ], [ -89.610309, 35.302968 ], [ -89.610545, 35.303064 ], [ -89.610853, 35.303206 ], [ -89.611088, 35.303304 ], [ -89.611133, 35.303318 ], [ -89.61149, 35.303457 ], [ -89.612321, 35.303819 ], [ -89.613072, 35.304146 ], [ -89.613147, 35.304183 ], [ -89.613801, 35.30447 ], [ -89.61388, 35.304501 ], [ -89.614529, 35.304796 ], [ -89.614718, 35.304887 ], [ -89.614986, 35.305009 ], [ -89.615691, 35.305367 ], [ -89.615768, 35.305401 ], [ -89.615837, 35.305435 ], [ -89.616029, 35.305532 ], [ -89.616338, 35.305665 ], [ -89.616641, 35.305808 ], [ -89.616753, 35.305865 ], [ -89.616859, 35.30593 ], [ -89.616896, 35.305948 ], [ -89.617001, 35.30599 ], [ -89.617014, 35.305996 ], [ -89.617347, 35.306093 ], [ -89.618254, 35.306217 ], [ -89.618558, 35.306253 ], [ -89.618609, 35.306261 ], [ -89.618858, 35.306305 ], [ -89.618944, 35.306316 ], [ -89.620615, 35.306602 ], [ -89.620702, 35.306613 ], [ -89.621431, 35.306736 ], [ -89.621516, 35.306754 ], [ -89.622375, 35.306899 ], [ -89.62272, 35.30695 ], [ -89.623407, 35.307063 ], [ -89.623447, 35.307069 ], [ -89.624009, 35.307154 ], [ -89.624096, 35.307164 ], [ -89.624827, 35.307274 ], [ -89.624913, 35.307291 ], [ -89.625042, 35.30731 ], [ -89.625064, 35.307312 ], [ -89.625091, 35.307314 ], [ -89.625126, 35.307317 ], [ -89.625174, 35.307321 ], [ -89.625202, 35.307324 ], [ -89.625291, 35.307331 ], [ -89.625508, 35.307356 ], [ -89.625593, 35.307373 ], [ -89.625895, 35.307419 ], [ -89.626282, 35.307478 ], [ -89.626666, 35.307548 ], [ -89.626835, 35.307585 ], [ -89.626921, 35.3076 ], [ -89.627138, 35.307627 ], [ -89.627223, 35.307642 ], [ -89.627397, 35.307665 ], [ -89.627737, 35.307731 ], [ -89.627821, 35.307751 ], [ -89.627907, 35.307764 ], [ -89.628075, 35.307805 ], [ -89.628161, 35.30782 ], [ -89.62833, 35.307858 ], [ -89.628373, 35.307863 ], [ -89.629135, 35.308016 ], [ -89.629302, 35.308061 ], [ -89.629751, 35.308213 ], [ -89.629834, 35.308248 ], [ -89.629911, 35.308292 ], [ -89.630015, 35.308346 ], [ -89.630122, 35.308407 ], [ -89.630184, 35.308457 ], [ -89.630257, 35.308497 ], [ -89.630325, 35.30854 ], [ -89.63042, 35.308613 ], [ -89.6307, 35.308889 ], [ -89.630879, 35.309046 ], [ -89.631035, 35.309216 ], [ -89.631082, 35.309276 ], [ -89.631291, 35.309504 ], [ -89.631427, 35.309664 ], [ -89.631533, 35.309778 ], [ -89.631567, 35.3098 ], [ -89.631626, 35.309852 ], [ -89.631762, 35.309942 ], [ -89.631857, 35.310015 ], [ -89.631961, 35.31008 ], [ -89.632139, 35.310237 ], [ -89.632197, 35.3103 ], [ -89.632305, 35.310435 ], [ -89.632238, 35.310487 ], [ -89.629447, 35.312645 ], [ -89.628704, 35.313197 ], [ -89.628665, 35.313227 ], [ -89.626477, 35.314853 ], [ -89.625735, 35.315406 ], [ -89.625017, 35.315997 ], [ -89.624829, 35.316151 ], [ -89.624655, 35.316281 ], [ -89.622786, 35.317686 ], [ -89.622214, 35.318117 ], [ -89.621698, 35.318515 ], [ -89.620573, 35.319739 ], [ -89.619077, 35.321739 ], [ -89.618212, 35.322896 ], [ -89.618261, 35.322868 ], [ -89.618292, 35.322859 ], [ -89.61835, 35.322855 ], [ -89.618482, 35.322849 ], [ -89.618624, 35.32286 ], [ -89.618715, 35.322868 ], [ -89.618794, 35.322878 ], [ -89.619054, 35.322904 ], [ -89.61914, 35.322913 ], [ -89.619367, 35.322935 ], [ -89.619886, 35.322988 ], [ -89.620048, 35.323005 ], [ -89.620275, 35.323029 ], [ -89.620309, 35.323032 ], [ -89.620359, 35.323038 ], [ -89.620413, 35.323043 ], [ -89.620448, 35.323047 ], [ -89.620453, 35.322992 ], [ -89.620563, 35.322842 ], [ -89.620901, 35.322387 ], [ -89.620946, 35.322352 ], [ -89.621005, 35.32234 ], [ -89.621041, 35.32235 ], [ -89.621055, 35.322355 ], [ -89.62121, 35.322435 ], [ -89.62124, 35.322478 ], [ -89.621246, 35.32255 ], [ -89.621238, 35.322609 ], [ -89.621188, 35.323002 ], [ -89.621172, 35.323134 ], [ -89.621668, 35.323196 ], [ -89.62218, 35.32326 ], [ -89.623157, 35.323386 ], [ -89.623654, 35.32345 ], [ -89.623652, 35.323617 ], [ -89.623646, 35.324119 ], [ -89.623645, 35.324287 ], [ -89.623701, 35.324285 ], [ -89.623786, 35.324282 ], [ -89.624211, 35.324269 ], [ -89.62431, 35.324266 ], [ -89.624353, 35.324267 ], [ -89.625314, 35.324289 ], [ -89.626135, 35.324326 ], [ -89.625926, 35.324509 ], [ -89.625047, 35.325232 ], [ -89.625011, 35.325267 ], [ -89.624976, 35.32529 ], [ -89.624944, 35.325317 ], [ -89.624288, 35.325883 ], [ -89.624273, 35.325896 ], [ -89.624027, 35.326129 ], [ -89.623752, 35.32641 ], [ -89.622839, 35.327341 ], [ -89.622231, 35.327969 ], [ -89.621558, 35.328667 ], [ -89.620768, 35.329483 ], [ -89.61985, 35.330434 ], [ -89.619705, 35.330584 ], [ -89.619199, 35.331106 ], [ -89.618307, 35.332026 ], [ -89.618246, 35.33209 ], [ -89.617654, 35.332703 ], [ -89.616072, 35.334338 ], [ -89.615918, 35.334498 ], [ -89.615855, 35.334441 ], [ -89.6158, 35.334356 ], [ -89.61573, 35.334196 ], [ -89.615704, 35.334047 ], [ -89.615708, 35.333902 ], [ -89.615763, 35.332212 ], [ -89.61584, 35.329511 ], [ -89.615883, 35.327984 ], [ -89.615898, 35.327567 ], [ -89.615906, 35.327362 ], [ -89.615949, 35.326179 ], [ -89.615997, 35.325957 ], [ -89.615875, 35.326013 ], [ -89.615714, 35.326088 ], [ -89.615517, 35.32619 ], [ -89.615484, 35.326208 ], [ -89.61539, 35.326225 ], [ -89.615058, 35.326652 ], [ -89.614063, 35.327937 ], [ -89.613732, 35.328365 ], [ -89.611697, 35.330964 ], [ -89.611157, 35.331655 ], [ -89.608278, 35.33533 ], [ -89.605134, 35.338347 ], [ -89.60419, 35.339254 ], [ -89.602857, 35.340324 ], [ -89.60262, 35.340478 ], [ -89.602416, 35.340604 ], [ -89.601808, 35.340983 ], [ -89.601605, 35.34111 ], [ -89.601617, 35.341117 ], [ -89.601883, 35.341125 ], [ -89.602031, 35.341196 ], [ -89.602413, 35.341284 ], [ -89.602701, 35.341306 ], [ -89.602802, 35.341432 ], [ -89.602876, 35.341575 ], [ -89.602879, 35.341593 ], [ -89.602963, 35.341992 ], [ -89.602903, 35.342146 ], [ -89.602795, 35.342262 ], [ -89.602762, 35.342333 ], [ -89.602796, 35.342476 ], [ -89.602856, 35.342635 ], [ -89.602863, 35.342739 ], [ -89.602796, 35.342811 ], [ -89.602655, 35.342877 ], [ -89.602568, 35.342965 ], [ -89.602561, 35.343228 ], [ -89.602508, 35.343454 ], [ -89.602387, 35.34352 ], [ -89.602327, 35.34358 ], [ -89.602334, 35.343772 ], [ -89.602877, 35.344541 ], [ -89.603582, 35.345159 ], [ -89.603836, 35.345381 ], [ -89.603964, 35.34554 ], [ -89.604058, 35.345606 ], [ -89.604098, 35.345672 ], [ -89.604655, 35.346149 ], [ -89.604672, 35.346132 ], [ -89.605292, 35.34549 ], [ -89.607203, 35.343514 ], [ -89.60784, 35.342856 ], [ -89.608143, 35.342546 ], [ -89.608263, 35.342419 ], [ -89.608568, 35.3421 ], [ -89.60899, 35.341666 ], [ -89.609531, 35.341106 ], [ -89.609589, 35.341048 ], [ -89.609954, 35.340669 ], [ -89.610062, 35.340556 ], [ -89.610389, 35.340218 ], [ -89.610498, 35.340106 ], [ -89.610971, 35.340418 ], [ -89.612393, 35.341356 ], [ -89.612568, 35.341472 ], [ -89.612694, 35.341599 ], [ -89.612747, 35.341676 ], [ -89.612786, 35.341753 ], [ -89.612791, 35.341771 ], [ -89.612796, 35.341825 ], [ -89.612811, 35.341876 ], [ -89.612813, 35.342104 ], [ -89.612796, 35.342223 ], [ -89.612678, 35.343065 ], [ -89.612671, 35.343356 ], [ -89.612666, 35.343566 ], [ -89.612672, 35.343737 ], [ -89.612735, 35.343744 ], [ -89.612883, 35.343763 ], [ -89.612924, 35.343767 ], [ -89.612969, 35.343773 ], [ -89.612974, 35.343563 ], [ -89.612994, 35.343352 ], [ -89.613005, 35.342639 ], [ -89.613006, 35.342576 ], [ -89.613173, 35.342224 ], [ -89.613367, 35.341982 ], [ -89.61337, 35.341853 ], [ -89.624018, 35.343642 ], [ -89.629391, 35.348235 ], [ -89.629524, 35.348116 ], [ -89.629747, 35.347888 ], [ -89.62984, 35.34781 ], [ -89.630144, 35.347618 ], [ -89.630305, 35.347533 ], [ -89.630758, 35.347348 ], [ -89.631064, 35.347277 ], [ -89.63131, 35.347259 ], [ -89.631458, 35.347263 ], [ -89.63193, 35.347279 ], [ -89.63215, 35.347275 ], [ -89.632278, 35.347251 ], [ -89.632467, 35.347171 ], [ -89.632577, 35.347098 ], [ -89.63284, 35.346854 ], [ -89.632947, 35.346741 ], [ -89.633134, 35.346543 ], [ -89.63347, 35.346159 ], [ -89.633528, 35.346109 ], [ -89.633542, 35.3461 ], [ -89.633613, 35.346052 ], [ -89.633706, 35.34601 ], [ -89.633968, 35.345865 ], [ -89.634094, 35.345772 ], [ -89.634165, 35.345695 ], [ -89.634201, 35.345649 ], [ -89.634248, 35.345553 ], [ -89.634277, 35.345434 ], [ -89.634195, 35.347148 ], [ -89.633999, 35.351253 ], [ -89.633895, 35.353455 ], [ -89.633787, 35.355712 ], [ -89.633744, 35.356623 ], [ -89.633365, 35.364569 ], [ -89.633303, 35.365881 ], [ -89.633279, 35.366385 ], [ -89.633269, 35.366581 ], [ -89.6332, 35.367869 ], [ -89.632984, 35.371914 ], [ -89.632881, 35.373835 ], [ -89.632776, 35.375824 ], [ -89.632858, 35.375825 ], [ -89.63299, 35.375845 ], [ -89.633103, 35.375898 ], [ -89.633201, 35.375986 ], [ -89.633362, 35.376148 ], [ -89.633483, 35.376226 ], [ -89.633639, 35.376272 ], [ -89.633802, 35.376292 ], [ -89.633992, 35.37627 ], [ -89.634521, 35.376166 ], [ -89.6346, 35.376152 ], [ -89.634695, 35.376146 ], [ -89.634907, 35.376155 ], [ -89.635203, 35.376205 ], [ -89.635363, 35.376274 ], [ -89.635424, 35.376327 ], [ -89.635677, 35.376544 ], [ -89.636018, 35.376719 ], [ -89.636443, 35.376838 ], [ -89.636528, 35.376862 ], [ -89.63681, 35.376862 ], [ -89.636956, 35.376837 ], [ -89.637132, 35.376807 ], [ -89.637286, 35.376758 ], [ -89.637521, 35.376565 ], [ -89.637554, 35.376428 ], [ -89.637548, 35.376404 ], [ -89.637528, 35.376313 ], [ -89.637407, 35.376143 ], [ -89.63732, 35.376033 ], [ -89.637246, 35.375912 ], [ -89.636908, 35.375642 ], [ -89.636805, 35.375501 ], [ -89.636762, 35.375441 ], [ -89.63668, 35.375177 ], [ -89.636744, 35.374885 ], [ -89.636882, 35.374795 ], [ -89.636991, 35.374741 ], [ -89.637119, 35.374666 ], [ -89.637238, 35.374606 ], [ -89.637494, 35.374591 ], [ -89.637722, 35.374606 ], [ -89.637961, 35.374584 ], [ -89.638025, 35.374636 ], [ -89.638087, 35.374739 ], [ -89.638157, 35.374806 ], [ -89.638699, 35.375325 ], [ -89.638892, 35.375409 ], [ -89.639629, 35.375619 ], [ -89.640143, 35.375488 ], [ -89.640495, 35.3754 ], [ -89.640716, 35.375154 ], [ -89.64088, 35.374862 ], [ -89.641258, 35.374573 ], [ -89.641753, 35.374409 ], [ -89.642448, 35.374459 ], [ -89.643788, 35.373254 ], [ -89.643818, 35.373229 ], [ -89.644342, 35.372969 ], [ -89.644575, 35.372614 ], [ -89.64466, 35.372163 ], [ -89.644698, 35.371962 ], [ -89.644697, 35.371952 ], [ -89.644669, 35.371634 ], [ -89.644837, 35.37136 ], [ -89.644886, 35.371282 ], [ -89.644985, 35.371211 ], [ -89.645163, 35.37123 ], [ -89.645182, 35.371232 ], [ -89.645437, 35.371293 ], [ -89.645544, 35.371419 ], [ -89.645611, 35.371436 ], [ -89.645629, 35.371449 ], [ -89.645664, 35.371474 ], [ -89.645718, 35.3716 ], [ -89.645798, 35.371804 ], [ -89.645953, 35.371985 ], [ -89.645993, 35.37215 ], [ -89.646, 35.372265 ], [ -89.645859, 35.372336 ], [ -89.645651, 35.372463 ], [ -89.645564, 35.372578 ], [ -89.64551, 35.372781 ], [ -89.645536, 35.372979 ], [ -89.64551, 35.373171 ], [ -89.645402, 35.373314 ], [ -89.645362, 35.373358 ], [ -89.645074, 35.373484 ], [ -89.645, 35.373512 ], [ -89.644919, 35.373638 ], [ -89.644892, 35.374061 ], [ -89.644785, 35.374248 ], [ -89.644744, 35.374281 ], [ -89.644691, 35.374325 ], [ -89.644409, 35.374495 ], [ -89.644308, 35.37461 ], [ -89.644268, 35.37478 ], [ -89.644295, 35.37489 ], [ -89.644362, 35.374951 ], [ -89.644489, 35.374989 ], [ -89.644744, 35.374962 ], [ -89.644912, 35.374995 ], [ -89.644966, 35.375028 ], [ -89.645036, 35.375085 ], [ -89.645133, 35.375179 ], [ -89.64518, 35.375283 ], [ -89.645127, 35.375448 ], [ -89.645033, 35.37553 ], [ -89.644744, 35.375552 ], [ -89.64455, 35.375602 ], [ -89.64453, 35.375684 ], [ -89.64457, 35.375766 ], [ -89.644711, 35.375882 ], [ -89.644825, 35.375948 ], [ -89.645039, 35.376041 ], [ -89.64512, 35.376107 ], [ -89.645146, 35.376189 ], [ -89.645093, 35.376222 ], [ -89.644925, 35.376261 ], [ -89.644623, 35.376349 ], [ -89.644402, 35.376475 ], [ -89.644328, 35.376568 ], [ -89.644241, 35.376843 ], [ -89.644267, 35.376925 ], [ -89.644482, 35.376931 ], [ -89.645052, 35.376821 ], [ -89.645193, 35.376832 ], [ -89.645226, 35.376876 ], [ -89.645193, 35.376953 ], [ -89.645092, 35.377024 ], [ -89.645039, 35.37709 ], [ -89.645052, 35.3772 ], [ -89.645266, 35.377425 ], [ -89.64524, 35.377508 ], [ -89.645139, 35.377623 ], [ -89.644998, 35.377821 ], [ -89.644991, 35.377942 ], [ -89.645152, 35.378249 ], [ -89.645185, 35.378376 ], [ -89.645138, 35.378518 ], [ -89.645105, 35.378529 ], [ -89.64477, 35.378573 ], [ -89.644602, 35.378617 ], [ -89.644454, 35.378727 ], [ -89.644414, 35.378826 ], [ -89.644407, 35.379007 ], [ -89.644508, 35.379194 ], [ -89.644796, 35.379436 ], [ -89.644957, 35.379617 ], [ -89.645004, 35.379765 ], [ -89.64497, 35.379947 ], [ -89.644932, 35.380013 ], [ -89.644735, 35.380364 ], [ -89.644574, 35.380809 ], [ -89.644399, 35.380962 ], [ -89.644279, 35.3811 ], [ -89.644278, 35.38127 ], [ -89.64452, 35.381589 ], [ -89.644473, 35.381874 ], [ -89.644493, 35.382028 ], [ -89.644573, 35.382187 ], [ -89.644694, 35.382396 ], [ -89.644674, 35.382583 ], [ -89.64464, 35.38266 ], [ -89.644573, 35.382847 ], [ -89.644613, 35.383011 ], [ -89.643434, 35.384564 ], [ -89.64325, 35.384807 ], [ -89.642935, 35.385213 ], [ -89.642727, 35.385367 ], [ -89.642438, 35.385488 ], [ -89.642331, 35.385548 ], [ -89.642257, 35.385675 ], [ -89.642116, 35.385751 ], [ -89.641801, 35.385823 ], [ -89.641741, 35.385889 ], [ -89.64172, 35.386092 ], [ -89.64174, 35.386339 ], [ -89.641794, 35.386405 ], [ -89.641968, 35.386421 ], [ -89.642116, 35.386389 ], [ -89.642337, 35.38635 ], [ -89.642431, 35.386372 ], [ -89.642465, 35.386449 ], [ -89.642431, 35.386707 ], [ -89.642424, 35.387092 ], [ -89.642518, 35.387169 ], [ -89.642672, 35.387147 ], [ -89.642853, 35.387053 ], [ -89.643082, 35.386856 ], [ -89.643276, 35.386708 ], [ -89.643524, 35.38668 ], [ -89.643799, 35.38673 ], [ -89.6439, 35.386812 ], [ -89.643909, 35.386826 ], [ -89.643953, 35.386889 ], [ -89.643987, 35.386938 ], [ -89.644, 35.387076 ], [ -89.643866, 35.387455 ], [ -89.643739, 35.387554 ], [ -89.643477, 35.387647 ], [ -89.643048, 35.387702 ], [ -89.642933, 35.387762 ], [ -89.642819, 35.387872 ], [ -89.642796, 35.387983 ], [ -89.64288, 35.387984 ], [ -89.644476, 35.388011 ], [ -89.649518, 35.388098 ], [ -89.651199, 35.388129 ], [ -89.652767, 35.388153 ], [ -89.655879, 35.388201 ], [ -89.657474, 35.388225 ], [ -89.659044, 35.388249 ], [ -89.660423, 35.388295 ], [ -89.662911, 35.388378 ], [ -89.66456, 35.388442 ], [ -89.665939, 35.388496 ], [ -89.668202, 35.388493 ], [ -89.669598, 35.388492 ], [ -89.674993, 35.388487 ], [ -89.677257, 35.388485 ], [ -89.67728, 35.388485 ], [ -89.680939, 35.388564 ], [ -89.691985, 35.388804 ], [ -89.695671, 35.388882 ], [ -89.695801, 35.388797 ], [ -89.695868, 35.388671 ], [ -89.695915, 35.388594 ], [ -89.696197, 35.388484 ], [ -89.696318, 35.388347 ], [ -89.696593, 35.388193 ], [ -89.696626, 35.388099 ], [ -89.696653, 35.388028 ], [ -89.696606, 35.38783 ], [ -89.696573, 35.387742 ], [ -89.696599, 35.387704 ], [ -89.69672, 35.387654 ], [ -89.696787, 35.38766 ], [ -89.696915, 35.387753 ], [ -89.697056, 35.387742 ], [ -89.697136, 35.387693 ], [ -89.697196, 35.387621 ], [ -89.697237, 35.387512 ], [ -89.697123, 35.387413 ], [ -89.696982, 35.387325 ], [ -89.696982, 35.387237 ], [ -89.697022, 35.38716 ], [ -89.697404, 35.386935 ], [ -89.697458, 35.386819 ], [ -89.697431, 35.386748 ], [ -89.697163, 35.386528 ], [ -89.697042, 35.386397 ], [ -89.697069, 35.386281 ], [ -89.697203, 35.386012 ], [ -89.69725, 35.385754 ], [ -89.69727, 35.385573 ], [ -89.697297, 35.385518 ], [ -89.697364, 35.385503 ], [ -89.697538, 35.385468 ], [ -89.697592, 35.385402 ], [ -89.697592, 35.38532 ], [ -89.697438, 35.385177 ], [ -89.697511, 35.385084 ], [ -89.697692, 35.384891 ], [ -89.697766, 35.384628 ], [ -89.697784, 35.384572 ], [ -89.697797, 35.384552 ], [ -89.697576, 35.38447 ], [ -89.697242, 35.384346 ], [ -89.696916, 35.384224 ], [ -89.696696, 35.384143 ], [ -89.692999, 35.382812 ], [ -89.691992, 35.38245 ], [ -89.691097, 35.382153 ], [ -89.690523, 35.381979 ], [ -89.690556, 35.381736 ], [ -89.693983, 35.381748 ], [ -89.694216, 35.375793 ], [ -89.696485, 35.375854 ], [ -89.696533, 35.37689 ], [ -89.702507, 35.377075 ], [ -89.702654, 35.376888 ], [ -89.702855, 35.37674 ], [ -89.703117, 35.376608 ], [ -89.703137, 35.376581 ], [ -89.7037, 35.376317 ], [ -89.703935, 35.37624 ], [ -89.704223, 35.376201 ], [ -89.704378, 35.376136 ], [ -89.704492, 35.376031 ], [ -89.704579, 35.375844 ], [ -89.704518, 35.375614 ], [ -89.704491, 35.375476 ], [ -89.704552, 35.37541 ], [ -89.704807, 35.375509 ], [ -89.704907, 35.375504 ], [ -89.705041, 35.375383 ], [ -89.705175, 35.37518 ], [ -89.705262, 35.375003 ], [ -89.705383, 35.374832 ], [ -89.70539, 35.374722 ], [ -89.705349, 35.374678 ], [ -89.705262, 35.374634 ], [ -89.705088, 35.374624 ], [ -89.70496, 35.374651 ], [ -89.704732, 35.374772 ], [ -89.704625, 35.374788 ], [ -89.704585, 35.374744 ], [ -89.704545, 35.374613 ], [ -89.704652, 35.374365 ], [ -89.704638, 35.374283 ], [ -89.704571, 35.374261 ], [ -89.704437, 35.374179 ], [ -89.704363, 35.374091 ], [ -89.704363, 35.373976 ], [ -89.704464, 35.373904 ], [ -89.704652, 35.373871 ], [ -89.705114, 35.373921 ], [ -89.705443, 35.37392 ], [ -89.705557, 35.373866 ], [ -89.705617, 35.373756 ], [ -89.705693, 35.373701 ], [ -89.705818, 35.373613 ], [ -89.706388, 35.373228 ], [ -89.706496, 35.373036 ], [ -89.706556, 35.372833 ], [ -89.706542, 35.372695 ], [ -89.706482, 35.372629 ], [ -89.706274, 35.372536 ], [ -89.705966, 35.372459 ], [ -89.705711, 35.372355 ], [ -89.705463, 35.372218 ], [ -89.705261, 35.372031 ], [ -89.705147, 35.371855 ], [ -89.705141, 35.371734 ], [ -89.705201, 35.371564 ], [ -89.705281, 35.371509 ], [ -89.705456, 35.371454 ], [ -89.706066, 35.37141 ], [ -89.70618, 35.371322 ], [ -89.705583, 35.37063 ], [ -89.70493, 35.369893 ], [ -89.704033, 35.368879 ], [ -89.703859, 35.368686 ], [ -89.702718, 35.367396 ], [ -89.701162, 35.365623 ], [ -89.699911, 35.364197 ], [ -89.704188, 35.364339 ], [ -89.704809, 35.364361 ], [ -89.708258, 35.364485 ], [ -89.70837, 35.36055 ], [ -89.715, 35.360847 ], [ -89.715056, 35.358746 ], [ -89.718143, 35.358687 ], [ -89.718447, 35.354725 ], [ -89.71872, 35.351175 ], [ -89.720571, 35.351218 ], [ -89.72064, 35.350168 ], [ -89.724596, 35.350189 ], [ -89.727136, 35.350202 ], [ -89.727158, 35.350148 ], [ -89.727744, 35.348596 ], [ -89.728074, 35.3486 ], [ -89.728596, 35.348612 ], [ -89.731153, 35.348676 ], [ -89.731682, 35.34869 ], [ -89.732006, 35.348696 ], [ -89.73205, 35.346596 ], [ -89.732074, 35.345669 ], [ -89.732094, 35.344928 ], [ -89.732099, 35.344798 ], [ -89.735022, 35.344367 ], [ -89.736294, 35.344433 ], [ -89.736456, 35.343786 ], [ -89.735912, 35.343627 ], [ -89.734901, 35.342399 ], [ -89.734901, 35.342144 ], [ -89.735138, 35.341623 ], [ -89.734921, 35.340601 ], [ -89.736466, 35.340066 ], [ -89.736931, 35.339642 ], [ -89.736952, 35.339466 ], [ -89.736285, 35.339276 ], [ -89.73465, 35.33926 ], [ -89.734614, 35.337851 ], [ -89.734664, 35.335614 ], [ -89.738462, 35.335746 ], [ -89.738466, 35.336838 ], [ -89.741334, 35.336864 ], [ -89.74342, 35.336883 ], [ -89.743437, 35.336374 ], [ -89.743473, 35.335284 ], [ -89.746917, 35.335605 ], [ -89.751107, 35.335996 ], [ -89.751335, 35.335099 ], [ -89.753931, 35.335388 ], [ -89.754584, 35.334033 ], [ -89.755188, 35.334437 ], [ -89.75526, 35.334486 ], [ -89.755801, 35.334861 ], [ -89.755961, 35.334719 ], [ -89.756083, 35.334612 ], [ -89.756425, 35.334273 ], [ -89.756578, 35.334123 ], [ -89.756827, 35.334283 ], [ -89.756986, 35.334395 ], [ -89.757301, 35.334618 ], [ -89.757618, 35.33488 ], [ -89.758114, 35.335338 ], [ -89.758143, 35.335365 ], [ -89.758456, 35.335692 ], [ -89.758875, 35.336188 ], [ -89.759017, 35.336355 ], [ -89.760135, 35.337676 ], [ -89.760556, 35.338172 ], [ -89.762328, 35.335767 ], [ -89.764616, 35.332527 ], [ -89.764651, 35.332478 ], [ -89.765239, 35.331659 ], [ -89.766104, 35.330665 ], [ -89.766554, 35.330215 ], [ -89.767493, 35.329364 ], [ -89.767707, 35.329232 ], [ -89.768444, 35.32892 ], [ -89.768867, 35.328821 ], [ -89.770643, 35.328366 ], [ -89.772124, 35.32802 ], [ -89.775114, 35.327175 ], [ -89.775663, 35.327054 ], [ -89.778224, 35.326429 ], [ -89.781957, 35.325419 ], [ -89.783029, 35.325123 ], [ -89.783697, 35.324961 ], [ -89.785838, 35.324442 ], [ -89.787714, 35.323915 ], [ -89.790355, 35.323278 ], [ -89.790496, 35.323241 ], [ -89.790884, 35.323141 ], [ -89.792419, 35.32274 ], [ -89.793532, 35.322493 ], [ -89.793934, 35.322488 ], [ -89.797298, 35.322845 ], [ -89.80709, 35.323827 ], [ -89.809119, 35.324032 ], [ -89.813563, 35.324405 ], [ -89.813844, 35.324422 ], [ -89.816985, 35.324689 ], [ -89.818609, 35.324828 ], [ -89.819125, 35.324861 ], [ -89.823012, 35.325212 ], [ -89.823776, 35.325289 ], [ -89.824124, 35.325305 ], [ -89.826899, 35.325519 ], [ -89.82725, 35.32555 ], [ -89.829352, 35.325738 ], [ -89.830673, 35.325835 ], [ -89.830674, 35.325809 ], [ -89.830681, 35.325633 ], [ -89.830711, 35.325429 ], [ -89.830783, 35.325269 ], [ -89.830901, 35.32513 ], [ -89.831159, 35.324914 ], [ -89.832432, 35.323941 ], [ -89.83279, 35.323632 ], [ -89.832907, 35.323507 ], [ -89.833013, 35.323396 ], [ -89.833185, 35.32317 ], [ -89.833256, 35.323065 ], [ -89.833371, 35.322862 ], [ -89.83343, 35.322702 ], [ -89.833485, 35.322467 ], [ -89.833527, 35.322109 ], [ -89.833676, 35.320826 ], [ -89.834101, 35.316976 ], [ -89.834152, 35.316575 ], [ -89.834197, 35.316219 ], [ -89.834304, 35.315427 ], [ -89.834364, 35.315036 ], [ -89.834576, 35.313698 ], [ -89.834619, 35.313429 ], [ -89.83488, 35.311803 ], [ -89.835088, 35.310449 ], [ -89.835098, 35.31039 ], [ -89.835159, 35.310011 ], [ -89.835221, 35.309625 ], [ -89.835287, 35.308867 ], [ -89.835303, 35.308691 ], [ -89.835327, 35.308489 ], [ -89.835453, 35.3077 ], [ -89.835493, 35.307367 ], [ -89.835562, 35.306771 ], [ -89.83563, 35.306209 ], [ -89.835667, 35.305919 ], [ -89.835722, 35.305532 ], [ -89.835961, 35.304051 ], [ -89.836088, 35.303204 ], [ -89.836178, 35.302608 ], [ -89.83622, 35.302334 ], [ -89.836284, 35.301933 ], [ -89.836334, 35.301627 ], [ -89.836572, 35.300193 ], [ -89.836605, 35.299915 ], [ -89.835917, 35.299866 ], [ -89.83553, 35.299847 ], [ -89.832304, 35.299692 ], [ -89.832112, 35.299683 ], [ -89.831706, 35.299658 ], [ -89.831231, 35.29962 ], [ -89.832398, 35.298454 ], [ -89.834627, 35.29622 ], [ -89.84218, 35.288651 ], [ -89.844808, 35.286013 ], [ -89.8482, 35.28261 ], [ -89.849445, 35.281361 ], [ -89.851232, 35.279569 ], [ -89.85318, 35.277614 ], [ -89.853776, 35.277018 ], [ -89.854328, 35.276463 ], [ -89.854367, 35.276424 ], [ -89.854425, 35.276365 ] ] ], [ [ [ -89.889266, 35.261149 ], [ -89.889186, 35.261137 ], [ -89.88904, 35.26109 ], [ -89.888914, 35.26105 ], [ -89.888717, 35.260961 ], [ -89.887978, 35.260548 ], [ -89.887933, 35.260523 ], [ -89.887746, 35.260436 ], [ -89.887613, 35.260392 ], [ -89.887407, 35.260352 ], [ -89.887032, 35.260322 ], [ -89.886095, 35.260246 ], [ -89.885792, 35.260221 ], [ -89.885195, 35.260173 ], [ -89.883193, 35.260011 ], [ -89.882234, 35.259919 ], [ -89.880109, 35.259719 ], [ -89.879541, 35.259657 ], [ -89.879368, 35.259638 ], [ -89.878744, 35.25957 ], [ -89.877942, 35.259495 ], [ -89.877824, 35.259485 ], [ -89.876564, 35.259362 ], [ -89.875526, 35.259254 ], [ -89.87476, 35.259179 ], [ -89.874449, 35.259149 ], [ -89.872981, 35.259011 ], [ -89.872463, 35.258962 ], [ -89.871862, 35.258906 ], [ -89.871697, 35.258901 ], [ -89.871262, 35.259346 ], [ -89.870885, 35.259733 ], [ -89.86999, 35.260713 ], [ -89.869814, 35.260907 ], [ -89.869566, 35.261168 ], [ -89.869173, 35.261574 ], [ -89.86887, 35.261881 ], [ -89.868204, 35.262546 ], [ -89.86595, 35.2648 ], [ -89.865815, 35.264935 ], [ -89.865353, 35.265397 ], [ -89.864952, 35.265798 ], [ -89.864844, 35.265904 ], [ -89.864094, 35.266655 ], [ -89.863778, 35.266971 ], [ -89.863317, 35.267433 ], [ -89.862723, 35.268028 ], [ -89.862381, 35.26837 ], [ -89.862176, 35.268576 ], [ -89.861354, 35.269394 ], [ -89.861012, 35.269736 ], [ -89.860587, 35.270165 ], [ -89.859315, 35.271454 ], [ -89.859037, 35.271737 ], [ -89.858892, 35.271885 ], [ -89.858734, 35.272044 ], [ -89.858089, 35.27269 ], [ -89.85568, 35.275105 ], [ -89.85524, 35.275548 ], [ -89.854878, 35.275911 ], [ -89.854787, 35.276001 ], [ -89.854534, 35.276255 ], [ -89.854804, 35.276313 ], [ -89.85529, 35.276289 ], [ -89.856483, 35.276229 ], [ -89.857317, 35.276207 ], [ -89.859327, 35.276155 ], [ -89.860702, 35.276038 ], [ -89.860839, 35.276031 ], [ -89.862116, 35.275927 ], [ -89.862527, 35.275874 ], [ -89.863468, 35.275753 ], [ -89.863966, 35.275688 ], [ -89.864233, 35.275653 ], [ -89.865446, 35.275682 ], [ -89.865538, 35.275713 ], [ -89.866096, 35.275908 ], [ -89.866298, 35.275978 ], [ -89.866806, 35.276152 ], [ -89.866845, 35.276154 ], [ -89.867332, 35.27615 ], [ -89.868179, 35.276039 ], [ -89.868707, 35.275714 ], [ -89.868801, 35.275654 ], [ -89.869314, 35.275317 ], [ -89.870034, 35.274973 ], [ -89.870158, 35.27494 ], [ -89.870242, 35.274922 ], [ -89.870384, 35.274883 ], [ -89.870408, 35.274877 ], [ -89.871013, 35.274784 ], [ -89.871232, 35.274767 ], [ -89.871495, 35.274758 ], [ -89.871583, 35.274758 ], [ -89.871934, 35.274745 ], [ -89.872327, 35.274741 ], [ -89.872415, 35.274737 ], [ -89.872459, 35.274741 ], [ -89.872546, 35.274737 ], [ -89.872939, 35.27474 ], [ -89.873156, 35.274763 ], [ -89.873763, 35.274869 ], [ -89.873807, 35.274869 ], [ -89.873938, 35.274878 ], [ -89.874201, 35.274873 ], [ -89.874373, 35.274847 ], [ -89.875083, 35.274785 ], [ -89.87539, 35.27481 ], [ -89.875478, 35.274811 ], [ -89.875566, 35.274818 ], [ -89.875915, 35.274859 ], [ -89.876135, 35.274873 ], [ -89.876488, 35.274874 ], [ -89.876665, 35.27487 ], [ -89.877105, 35.27485 ], [ -89.877149, 35.274852 ], [ -89.877282, 35.274849 ], [ -89.878072, 35.27481 ], [ -89.878245, 35.274782 ], [ -89.878333, 35.274774 ], [ -89.878464, 35.274768 ], [ -89.878596, 35.27478 ], [ -89.878856, 35.274816 ], [ -89.878942, 35.274831 ], [ -89.879073, 35.274847 ], [ -89.879423, 35.274876 ], [ -89.879511, 35.27488 ], [ -89.879685, 35.274896 ], [ -89.879993, 35.274906 ], [ -89.880124, 35.274918 ], [ -89.880167, 35.274925 ], [ -89.880342, 35.274942 ], [ -89.880475, 35.274946 ], [ -89.880563, 35.274944 ], [ -89.880607, 35.274938 ], [ -89.880695, 35.274935 ], [ -89.880915, 35.274918 ], [ -89.881151, 35.274908 ], [ -89.881239, 35.274908 ], [ -89.881591, 35.274895 ], [ -89.88181, 35.274891 ], [ -89.882117, 35.274899 ], [ -89.882137, 35.274898 ], [ -89.882205, 35.274896 ], [ -89.882512, 35.274914 ], [ -89.882995, 35.274912 ], [ -89.883302, 35.274934 ], [ -89.883346, 35.274931 ], [ -89.88352, 35.274935 ], [ -89.883607, 35.274942 ], [ -89.883651, 35.274949 ], [ -89.883782, 35.274959 ], [ -89.883957, 35.274952 ], [ -89.884265, 35.274932 ], [ -89.884397, 35.27493 ], [ -89.884749, 35.274965 ], [ -89.884965, 35.274969 ], [ -89.885101, 35.274973 ], [ -89.885276, 35.274989 ], [ -89.885716, 35.274973 ], [ -89.885848, 35.274979 ], [ -89.886081, 35.27498 ], [ -89.88629, 35.27498 ], [ -89.886415, 35.274957 ], [ -89.886459, 35.274958 ], [ -89.886544, 35.274978 ], [ -89.886719, 35.274996 ], [ -89.886911, 35.275003 ], [ -89.887121, 35.275011 ], [ -89.887159, 35.275012 ], [ -89.887188, 35.27501 ], [ -89.887351, 35.275005 ], [ -89.887363, 35.2749 ], [ -89.887377, 35.274775 ], [ -89.887385, 35.27471 ], [ -89.887409, 35.274493 ], [ -89.887538, 35.273353 ], [ -89.887569, 35.272964 ], [ -89.887675, 35.271871 ], [ -89.887946, 35.269482 ], [ -89.887964, 35.269343 ], [ -89.888089, 35.268424 ], [ -89.888968, 35.262981 ], [ -89.889041, 35.262532 ], [ -89.889266, 35.261149 ] ] ] ] } },
{ "type": "Feature", "properties": { "GEOID": "38054", "ZCTA5": "38054", "AREALAND": 806811 }, "geometry": { "type": "Polygon", "coordinates": [ [ [ -89.880437, 35.332277 ], [ -89.880476, 35.331979 ], [ -89.880092, 35.331943 ], [ -89.879919, 35.331928 ], [ -89.87894, 35.33184 ], [ -89.878556, 35.331806 ], [ -89.878267, 35.331781 ], [ -89.877603, 35.331722 ], [ -89.876499, 35.331626 ], [ -89.87617, 35.331597 ], [ -89.875967, 35.333086 ], [ -89.875676, 35.333062 ], [ -89.874922, 35.332993 ], [ -89.87462, 35.332966 ], [ -89.874443, 35.332951 ], [ -89.872386, 35.332771 ], [ -89.871788, 35.332717 ], [ -89.870744, 35.332623 ], [ -89.870259, 35.332581 ], [ -89.869664, 35.33253 ], [ -89.869052, 35.332486 ], [ -89.868804, 35.332463 ], [ -89.86832, 35.332419 ], [ -89.86825, 35.33294 ], [ -89.868039, 35.334504 ], [ -89.86797, 35.335026 ], [ -89.867949, 35.335176 ], [ -89.867888, 35.335626 ], [ -89.867869, 35.335777 ], [ -89.867824, 35.3361 ], [ -89.867739, 35.336724 ], [ -89.867691, 35.337071 ], [ -89.867647, 35.337395 ], [ -89.868132, 35.337439 ], [ -89.86901, 35.337519 ], [ -89.869589, 35.33757 ], [ -89.870075, 35.337614 ], [ -89.870422, 35.337644 ], [ -89.87141, 35.337733 ], [ -89.871463, 35.337737 ], [ -89.871811, 35.33777 ], [ -89.871751, 35.338212 ], [ -89.871584, 35.339453 ], [ -89.871572, 35.339538 ], [ -89.871563, 35.339616 ], [ -89.871557, 35.339654 ], [ -89.871523, 35.339915 ], [ -89.871514, 35.339981 ], [ -89.872013, 35.340027 ], [ -89.872182, 35.340041 ], [ -89.874187, 35.340218 ], [ -89.874676, 35.340262 ], [ -89.874856, 35.340278 ], [ -89.875053, 35.340295 ], [ -89.875645, 35.340349 ], [ -89.875843, 35.340367 ], [ -89.876145, 35.340393 ], [ -89.877051, 35.340473 ], [ -89.877353, 35.3405 ], [ -89.877407, 35.340105 ], [ -89.877413, 35.340054 ], [ -89.877503, 35.33938 ], [ -89.87759, 35.338717 ], [ -89.877603, 35.338621 ], [ -89.877677, 35.338535 ], [ -89.877709, 35.338298 ], [ -89.878071, 35.33833 ], [ -89.879044, 35.338419 ], [ -89.879158, 35.338422 ], [ -89.879315, 35.338427 ], [ -89.879411, 35.338407 ], [ -89.879509, 35.33836 ], [ -89.879522, 35.338342 ], [ -89.879604, 35.338263 ], [ -89.879658, 35.338146 ], [ -89.879685, 35.337944 ], [ -89.879787, 35.337208 ], [ -89.87984, 35.33681 ], [ -89.879873, 35.33655 ], [ -89.879934, 35.336086 ], [ -89.879943, 35.336006 ], [ -89.879973, 35.33577 ], [ -89.879984, 35.335691 ], [ -89.880044, 35.335247 ], [ -89.880149, 35.33448 ], [ -89.880224, 35.333915 ], [ -89.880283, 35.333471 ], [ -89.880321, 35.333172 ], [ -89.880341, 35.333024 ], [ -89.880358, 35.332893 ], [ -89.880437, 35.332277 ] ] ] } },
{ "type": "Feature", "properties": { "GEOID": "38138", "ZCTA5": "38138", "AREALAND": 30697807 }, "geometry": { "type": "Polygon", "coordinates": [ [ [ -89.845636, 35.100508 ], [ -89.845639, 35.100405 ], [ -89.845595, 35.100216 ], [ -89.845507, 35.099965 ], [ -89.845493, 35.099926 ], [ -89.845457, 35.099768 ], [ -89.845449, 35.09954 ], [ -89.84546, 35.099417 ], [ -89.845464, 35.099325 ], [ -89.845466, 35.099294 ], [ -89.845572, 35.099319 ], [ -89.845503, 35.098902 ], [ -89.845488, 35.098805 ], [ -89.845474, 35.098688 ], [ -89.845456, 35.098407 ], [ -89.845455, 35.098384 ], [ -89.845443, 35.097611 ], [ -89.845436, 35.097179 ], [ -89.844342, 35.09685 ], [ -89.844114, 35.096782 ], [ -89.843134, 35.096558 ], [ -89.842119, 35.096392 ], [ -89.841024, 35.096247 ], [ -89.840975, 35.096239 ], [ -89.839848, 35.096057 ], [ -89.838959, 35.095935 ], [ -89.838524, 35.095874 ], [ -89.838054, 35.095808 ], [ -89.837827, 35.095776 ], [ -89.836994, 35.09568 ], [ -89.832676, 35.095055 ], [ -89.830885, 35.094797 ], [ -89.830761, 35.094779 ], [ -89.830391, 35.094725 ], [ -89.830268, 35.094708 ], [ -89.830272, 35.094656 ], [ -89.830283, 35.094502 ], [ -89.830288, 35.094451 ], [ -89.830293, 35.093406 ], [ -89.830288, 35.091464 ], [ -89.830299, 35.091226 ], [ -89.830338, 35.090404 ], [ -89.83034, 35.090354 ], [ -89.830354, 35.090062 ], [ -89.830356, 35.090001 ], [ -89.830375, 35.089613 ], [ -89.830376, 35.089476 ], [ -89.830463, 35.087655 ], [ -89.830465, 35.087621 ], [ -89.830485, 35.08759 ], [ -89.830482, 35.087262 ], [ -89.830518, 35.086509 ], [ -89.830528, 35.0863 ], [ -89.830531, 35.086241 ], [ -89.830559, 35.085657 ], [ -89.830582, 35.085176 ], [ -89.830603, 35.084747 ], [ -89.830632, 35.084131 ], [ -89.830699, 35.082841 ], [ -89.830609, 35.082838 ], [ -89.830455, 35.082834 ], [ -89.830044, 35.082822 ], [ -89.829514, 35.082804 ], [ -89.829553, 35.081798 ], [ -89.829607, 35.079215 ], [ -89.829612, 35.079083 ], [ -89.829628, 35.07869 ], [ -89.829634, 35.078559 ], [ -89.829639, 35.078387 ], [ -89.829645, 35.078185 ], [ -89.829639, 35.077874 ], [ -89.829637, 35.077703 ], [ -89.829559, 35.077701 ], [ -89.829328, 35.077696 ], [ -89.829251, 35.077695 ], [ -89.829088, 35.077691 ], [ -89.829066, 35.077691 ], [ -89.828979, 35.077689 ], [ -89.828946, 35.077689 ], [ -89.828423, 35.077678 ], [ -89.828166, 35.077672 ], [ -89.828132, 35.077671 ], [ -89.828133, 35.077555 ], [ -89.828145, 35.077212 ], [ -89.82816, 35.076793 ], [ -89.828172, 35.076442 ], [ -89.828176, 35.076338 ], [ -89.828185, 35.076059 ], [ -89.828194, 35.075824 ], [ -89.828203, 35.075563 ], [ -89.828212, 35.075304 ], [ -89.828221, 35.075054 ], [ -89.828229, 35.074804 ], [ -89.828233, 35.074703 ], [ -89.828238, 35.074554 ], [ -89.828247, 35.074299 ], [ -89.828256, 35.074048 ], [ -89.828265, 35.073795 ], [ -89.828273, 35.073547 ], [ -89.828282, 35.073305 ], [ -89.828291, 35.073052 ], [ -89.828304, 35.07269 ], [ -89.828303, 35.072584 ], [ -89.828303, 35.072533 ], [ -89.828303, 35.072498 ], [ -89.828313, 35.072147 ], [ -89.828323, 35.071778 ], [ -89.828327, 35.071615 ], [ -89.828333, 35.071407 ], [ -89.828345, 35.070947 ], [ -89.82835, 35.070762 ], [ -89.828355, 35.070604 ], [ -89.82837, 35.070062 ], [ -89.828374, 35.069912 ], [ -89.828378, 35.069751 ], [ -89.828393, 35.069202 ], [ -89.828397, 35.069056 ], [ -89.828407, 35.068694 ], [ -89.828409, 35.06863 ], [ -89.82841, 35.068557 ], [ -89.82842, 35.068204 ], [ -89.828425, 35.06804 ], [ -89.828439, 35.067517 ], [ -89.828443, 35.067355 ], [ -89.828448, 35.067187 ], [ -89.828439, 35.066736 ], [ -89.828108, 35.066777 ], [ -89.82696, 35.066958 ], [ -89.826712, 35.067012 ], [ -89.826218, 35.067079 ], [ -89.825932, 35.067136 ], [ -89.825628, 35.067176 ], [ -89.825487, 35.067195 ], [ -89.825458, 35.067083 ], [ -89.82545, 35.067053 ], [ -89.825395, 35.066957 ], [ -89.825325, 35.066788 ], [ -89.825288, 35.066698 ], [ -89.825226, 35.066528 ], [ -89.825219, 35.06651 ], [ -89.825192, 35.066436 ], [ -89.82509, 35.066187 ], [ -89.82489, 35.066217 ], [ -89.824113, 35.066334 ], [ -89.824036, 35.066439 ], [ -89.824111, 35.066481 ], [ -89.824016, 35.066468 ], [ -89.823939, 35.066457 ], [ -89.823795, 35.066436 ], [ -89.823337, 35.066375 ], [ -89.823276, 35.066366 ], [ -89.823265, 35.066509 ], [ -89.822849, 35.066519 ], [ -89.822567, 35.066651 ], [ -89.822388, 35.066735 ], [ -89.822391, 35.066768 ], [ -89.822402, 35.066909 ], [ -89.822271, 35.067074 ], [ -89.822209, 35.067152 ], [ -89.822052, 35.067349 ], [ -89.822039, 35.067365 ], [ -89.822004, 35.067375 ], [ -89.821958, 35.067387 ], [ -89.821621, 35.067475 ], [ -89.821491, 35.067411 ], [ -89.821384, 35.067358 ], [ -89.821154, 35.067429 ], [ -89.821006, 35.067474 ], [ -89.820571, 35.067608 ], [ -89.820279, 35.067695 ], [ -89.820358, 35.067882 ], [ -89.82034, 35.067885 ], [ -89.820253, 35.067896 ], [ -89.819818, 35.067963 ], [ -89.819543, 35.068003 ], [ -89.818502, 35.068148 ], [ -89.818339, 35.068391 ], [ -89.818031, 35.068173 ], [ -89.817947, 35.067977 ], [ -89.818121, 35.067912 ], [ -89.818181, 35.067884 ], [ -89.818304, 35.067828 ], [ -89.818293, 35.067808 ], [ -89.818261, 35.067749 ], [ -89.818251, 35.06773 ], [ -89.818224, 35.067747 ], [ -89.81816, 35.067775 ], [ -89.818021, 35.067837 ], [ -89.817898, 35.067876 ], [ -89.81783, 35.067899 ], [ -89.817779, 35.06791 ], [ -89.817709, 35.067925 ], [ -89.817653, 35.067938 ], [ -89.817499, 35.067963 ], [ -89.817429, 35.067975 ], [ -89.817175, 35.068004 ], [ -89.81711, 35.068012 ], [ -89.816664, 35.068034 ], [ -89.816574, 35.068036 ], [ -89.816411, 35.068039 ], [ -89.816367, 35.06804 ], [ -89.816156, 35.068036 ], [ -89.816079, 35.068034 ], [ -89.815907, 35.068036 ], [ -89.81516, 35.068047 ], [ -89.814912, 35.068051 ], [ -89.814418, 35.068061 ], [ -89.812937, 35.068094 ], [ -89.812833, 35.068097 ], [ -89.812444, 35.068094 ], [ -89.812446, 35.067889 ], [ -89.812449, 35.067724 ], [ -89.812478, 35.067278 ], [ -89.812492, 35.067075 ], [ -89.812497, 35.066949 ], [ -89.812512, 35.066599 ], [ -89.81231, 35.06659 ], [ -89.811828, 35.066582 ], [ -89.811779, 35.066581 ], [ -89.811748, 35.066581 ], [ -89.811465, 35.066576 ], [ -89.811454, 35.066576 ], [ -89.811407, 35.066575 ], [ -89.811386, 35.066575 ], [ -89.811097, 35.06657 ], [ -89.811075, 35.06657 ], [ -89.810732, 35.066564 ], [ -89.810653, 35.066563 ], [ -89.810541, 35.066562 ], [ -89.810396, 35.06656 ], [ -89.810366, 35.066559 ], [ -89.810282, 35.066557 ], [ -89.810191, 35.066556 ], [ -89.810071, 35.066554 ], [ -89.809998, 35.066553 ], [ -89.80973, 35.066548 ], [ -89.809629, 35.066547 ], [ -89.809596, 35.066546 ], [ -89.809395, 35.066543 ], [ -89.80925, 35.066541 ], [ -89.809144, 35.066539 ], [ -89.809066, 35.066538 ], [ -89.808879, 35.066535 ], [ -89.808756, 35.066533 ], [ -89.808725, 35.066532 ], [ -89.808506, 35.066529 ], [ -89.808388, 35.066527 ], [ -89.808003, 35.066521 ], [ -89.80787, 35.066524 ], [ -89.807549, 35.06653 ], [ -89.807431, 35.066523 ], [ -89.807339, 35.066516 ], [ -89.807, 35.066516 ], [ -89.806958, 35.066516 ], [ -89.806669, 35.066515 ], [ -89.806627, 35.066515 ], [ -89.806331, 35.066515 ], [ -89.806296, 35.066515 ], [ -89.80598, 35.066515 ], [ -89.805951, 35.066515 ], [ -89.805659, 35.066515 ], [ -89.805602, 35.066515 ], [ -89.805248, 35.066514 ], [ -89.80491, 35.066514 ], [ -89.8048, 35.066514 ], [ -89.804541, 35.066514 ], [ -89.804422, 35.066515 ], [ -89.804404, 35.066514 ], [ -89.803907, 35.06651 ], [ -89.803857, 35.066514 ], [ -89.803807, 35.066507 ], [ -89.803603, 35.066505 ], [ -89.803444, 35.066504 ], [ -89.803273, 35.066502 ], [ -89.803084, 35.066501 ], [ -89.80311, 35.066366 ], [ -89.803115, 35.065849 ], [ -89.803121, 35.065294 ], [ -89.80313, 35.064392 ], [ -89.803129, 35.064271 ], [ -89.803129, 35.064171 ], [ -89.802704, 35.064176 ], [ -89.802704, 35.064155 ], [ -89.802704, 35.064124 ], [ -89.802586, 35.064122 ], [ -89.802581, 35.064065 ], [ -89.801482, 35.064047 ], [ -89.79937, 35.064013 ], [ -89.799244, 35.064009 ], [ -89.799099, 35.064009 ], [ -89.798682, 35.06399 ], [ -89.798594, 35.063987 ], [ -89.798353, 35.063979 ], [ -89.798315, 35.06398 ], [ -89.797243, 35.063945 ], [ -89.796965, 35.063532 ], [ -89.796922, 35.063531 ], [ -89.796852, 35.063526 ], [ -89.795349, 35.063456 ], [ -89.794844, 35.063687 ], [ -89.794557, 35.063761 ], [ -89.794534, 35.063771 ], [ -89.794499, 35.063781 ], [ -89.793745, 35.063761 ], [ -89.793284, 35.063751 ], [ -89.793188, 35.063766 ], [ -89.793064, 35.063786 ], [ -89.792942, 35.063805 ], [ -89.792885, 35.063803 ], [ -89.792563, 35.063791 ], [ -89.792529, 35.06379 ], [ -89.792285, 35.063782 ], [ -89.792243, 35.06378 ], [ -89.792203, 35.063779 ], [ -89.792107, 35.063776 ], [ -89.791961, 35.06377 ], [ -89.791664, 35.06376 ], [ -89.791268, 35.063746 ], [ -89.790779, 35.063729 ], [ -89.790513, 35.06372 ], [ -89.790482, 35.063719 ], [ -89.790329, 35.063714 ], [ -89.79028, 35.063712 ], [ -89.790026, 35.063703 ], [ -89.789907, 35.063699 ], [ -89.789753, 35.063694 ], [ -89.78959, 35.063688 ], [ -89.789443, 35.063683 ], [ -89.789411, 35.063682 ], [ -89.78922, 35.063675 ], [ -89.789209, 35.063675 ], [ -89.788908, 35.063664 ], [ -89.788892, 35.063664 ], [ -89.788624, 35.063654 ], [ -89.788596, 35.063654 ], [ -89.788336, 35.063644 ], [ -89.788048, 35.063634 ], [ -89.787763, 35.063624 ], [ -89.787478, 35.063614 ], [ -89.78719, 35.063604 ], [ -89.786835, 35.063592 ], [ -89.786802, 35.063591 ], [ -89.786718, 35.063588 ], [ -89.785845, 35.063564 ], [ -89.78576, 35.063562 ], [ -89.785427, 35.063554 ], [ -89.785391, 35.063553 ], [ -89.785283, 35.063552 ], [ -89.785097, 35.06345 ], [ -89.784437, 35.063139 ], [ -89.783994, 35.06297 ], [ -89.783981, 35.062966 ], [ -89.783856, 35.062929 ], [ -89.783395, 35.062794 ], [ -89.782888, 35.062677 ], [ -89.780955, 35.062285 ], [ -89.778547, 35.061837 ], [ -89.778231, 35.061776 ], [ -89.778104, 35.061913 ], [ -89.777729, 35.061837 ], [ -89.776603, 35.06166 ], [ -89.775484, 35.061555 ], [ -89.774416, 35.061517 ], [ -89.77388, 35.061512 ], [ -89.773203, 35.06155 ], [ -89.772521, 35.061642 ], [ -89.771827, 35.061737 ], [ -89.770593, 35.061905 ], [ -89.770565, 35.061738 ], [ -89.770609, 35.057626 ], [ -89.770612, 35.057458 ], [ -89.770621, 35.056957 ], [ -89.770624, 35.056832 ], [ -89.770181, 35.056836 ], [ -89.769629, 35.056834 ], [ -89.765729, 35.056823 ], [ -89.765039, 35.056822 ], [ -89.764594, 35.05682 ], [ -89.764578, 35.05682 ], [ -89.76443, 35.05682 ], [ -89.764417, 35.05498 ], [ -89.763891, 35.054975 ], [ -89.763938, 35.051762 ], [ -89.762828, 35.051743 ], [ -89.762878, 35.050096 ], [ -89.762877, 35.049864 ], [ -89.762872, 35.04774 ], [ -89.762282, 35.047728 ], [ -89.760513, 35.047693 ], [ -89.759924, 35.047682 ], [ -89.759094, 35.047663 ], [ -89.75801, 35.04764 ], [ -89.757229, 35.04762 ], [ -89.756935, 35.047614 ], [ -89.756606, 35.047606 ], [ -89.755777, 35.047589 ], [ -89.75537, 35.04758 ], [ -89.754149, 35.047556 ], [ -89.753743, 35.047548 ], [ -89.753615, 35.047545 ], [ -89.753052, 35.047535 ], [ -89.752402, 35.047524 ], [ -89.751833, 35.047513 ], [ -89.751569, 35.047508 ], [ -89.75106, 35.047499 ], [ -89.750981, 35.047498 ], [ -89.750727, 35.047494 ], [ -89.750291, 35.04749 ], [ -89.749754, 35.047473 ], [ -89.749659, 35.04747 ], [ -89.748143, 35.047439 ], [ -89.747607, 35.047429 ], [ -89.746823, 35.047411 ], [ -89.746518, 35.047404 ], [ -89.746398, 35.047402 ], [ -89.74527, 35.047322 ], [ -89.74426, 35.047251 ], [ -89.743571, 35.047235 ], [ -89.743488, 35.047233 ], [ -89.743258, 35.047234 ], [ -89.74228, 35.047243 ], [ -89.74217, 35.047243 ], [ -89.741715, 35.047244 ], [ -89.74115, 35.047247 ], [ -89.74035, 35.047225 ], [ -89.739896, 35.047213 ], [ -89.739895, 35.047256 ], [ -89.739895, 35.047388 ], [ -89.739895, 35.047433 ], [ -89.739855, 35.048931 ], [ -89.739827, 35.049982 ], [ -89.7388, 35.053273 ], [ -89.738537, 35.054119 ], [ -89.738379, 35.054627 ], [ -89.73836, 35.054689 ], [ -89.738021, 35.05441 ], [ -89.737636, 35.054093 ], [ -89.737605, 35.054215 ], [ -89.737599, 35.054239 ], [ -89.737692, 35.054318 ], [ -89.737873, 35.054474 ], [ -89.737914, 35.05451 ], [ -89.737951, 35.054543 ], [ -89.738025, 35.054609 ], [ -89.738193, 35.054759 ], [ -89.738696, 35.055209 ], [ -89.738864, 35.055359 ], [ -89.738908, 35.055397 ], [ -89.738949, 35.055432 ], [ -89.739006, 35.05548 ], [ -89.740144, 35.056434 ], [ -89.740747, 35.056955 ], [ -89.741071, 35.057234 ], [ -89.741224, 35.057366 ], [ -89.741331, 35.057458 ], [ -89.743783, 35.059585 ], [ -89.74392, 35.059707 ], [ -89.744673, 35.060353 ], [ -89.744767, 35.060432 ], [ -89.745368, 35.060934 ], [ -89.745682, 35.061183 ], [ -89.746134, 35.061509 ], [ -89.746341, 35.061655 ], [ -89.746541, 35.061784 ], [ -89.74675, 35.061906 ], [ -89.74766, 35.062399 ], [ -89.747836, 35.062483 ], [ -89.747863, 35.062496 ], [ -89.747941, 35.062534 ], [ -89.748509, 35.06279 ], [ -89.748617, 35.062844 ], [ -89.748981, 35.063027 ], [ -89.749267, 35.063165 ], [ -89.749375, 35.063218 ], [ -89.750279, 35.063636 ], [ -89.750676, 35.063867 ], [ -89.751111, 35.064084 ], [ -89.751324, 35.064186 ], [ -89.751732, 35.064384 ], [ -89.752513, 35.064763 ], [ -89.753271, 35.065137 ], [ -89.753757, 35.065376 ], [ -89.753921, 35.065457 ], [ -89.754338, 35.065661 ], [ -89.754452, 35.065717 ], [ -89.755124, 35.066047 ], [ -89.755563, 35.066256 ], [ -89.755591, 35.066271 ], [ -89.755955, 35.066445 ], [ -89.756649, 35.066805 ], [ -89.756964, 35.066969 ], [ -89.757857, 35.067413 ], [ -89.758005, 35.067488 ], [ -89.758705, 35.067857 ], [ -89.758846, 35.067933 ], [ -89.759374, 35.068196 ], [ -89.759812, 35.068411 ], [ -89.760325, 35.068659 ], [ -89.760906, 35.068941 ], [ -89.762004, 35.069484 ], [ -89.762107, 35.069536 ], [ -89.764078, 35.070524 ], [ -89.764138, 35.070555 ], [ -89.764191, 35.07058 ], [ -89.764324, 35.070646 ], [ -89.764386, 35.070678 ], [ -89.765183, 35.071074 ], [ -89.766011, 35.071486 ], [ -89.767574, 35.072264 ], [ -89.768372, 35.072661 ], [ -89.768491, 35.072721 ], [ -89.768743, 35.072847 ], [ -89.768961, 35.072959 ], [ -89.769343, 35.073149 ], [ -89.769861, 35.073405 ], [ -89.770237, 35.073591 ], [ -89.773009, 35.074993 ], [ -89.773602, 35.075284 ], [ -89.773643, 35.075305 ], [ -89.775916, 35.076388 ], [ -89.778417, 35.077657 ], [ -89.779609, 35.078266 ], [ -89.779733, 35.078326 ], [ -89.781016, 35.07896 ], [ -89.782095, 35.079513 ], [ -89.782218, 35.079573 ], [ -89.783709, 35.080299 ], [ -89.78504, 35.080947 ], [ -89.78621, 35.081551 ], [ -89.78652, 35.081711 ], [ -89.787074, 35.081995 ], [ -89.789263, 35.083092 ], [ -89.789755, 35.083344 ], [ -89.790491, 35.083725 ], [ -89.790935, 35.083919 ], [ -89.790884, 35.084027 ], [ -89.790856, 35.084105 ], [ -89.790776, 35.084339 ], [ -89.790759, 35.084395 ], [ -89.790738, 35.084464 ], [ -89.790693, 35.084612 ], [ -89.790669, 35.084685 ], [ -89.790608, 35.084879 ], [ -89.790552, 35.08513 ], [ -89.790545, 35.085317 ], [ -89.7905, 35.08665 ], [ -89.790485, 35.087095 ], [ -89.790464, 35.087775 ], [ -89.790436, 35.088698 ], [ -89.790465, 35.08974 ], [ -89.790467, 35.089818 ], [ -89.790471, 35.089953 ], [ -89.790462, 35.090499 ], [ -89.790449, 35.090884 ], [ -89.790429, 35.091555 ], [ -89.790427, 35.091952 ], [ -89.790432, 35.092042 ], [ -89.790443, 35.09223 ], [ -89.790482, 35.092424 ], [ -89.790497, 35.09249 ], [ -89.790413, 35.092552 ], [ -89.79042, 35.092579 ], [ -89.790497, 35.092865 ], [ -89.789817, 35.093007 ], [ -89.788007, 35.093003 ], [ -89.787792, 35.093002 ], [ -89.787823, 35.093425 ], [ -89.787864, 35.093646 ], [ -89.787884, 35.093948 ], [ -89.789177, 35.093993 ], [ -89.789794, 35.094021 ], [ -89.789777, 35.094547 ], [ -89.789775, 35.094572 ], [ -89.789641, 35.09457 ], [ -89.789641, 35.094912 ], [ -89.78967, 35.09492 ], [ -89.789674, 35.095367 ], [ -89.789804, 35.095371 ], [ -89.789867, 35.095371 ], [ -89.789951, 35.095372 ], [ -89.790317, 35.095377 ], [ -89.790392, 35.095377 ], [ -89.79054, 35.095378 ], [ -89.790507, 35.09548 ], [ -89.790486, 35.095516 ], [ -89.79038, 35.0957 ], [ -89.790006, 35.096013 ], [ -89.789953, 35.096061 ], [ -89.789852, 35.096155 ], [ -89.789725, 35.096364 ], [ -89.789698, 35.096578 ], [ -89.789718, 35.097149 ], [ -89.789571, 35.097754 ], [ -89.789364, 35.098111 ], [ -89.789077, 35.098286 ], [ -89.78897, 35.098418 ], [ -89.78895, 35.098466 ], [ -89.788903, 35.098583 ], [ -89.788863, 35.09877 ], [ -89.788909, 35.098918 ], [ -89.78907, 35.099132 ], [ -89.789141, 35.099298 ], [ -89.78915, 35.099319 ], [ -89.789267, 35.099444 ], [ -89.789329, 35.09951 ], [ -89.78935, 35.099533 ], [ -89.789451, 35.09966 ], [ -89.789548, 35.099942 ], [ -89.789571, 35.100006 ], [ -89.789646, 35.100108 ], [ -89.789744, 35.100243 ], [ -89.79004, 35.100649 ], [ -89.790092, 35.10072 ], [ -89.790124, 35.100793 ], [ -89.790159, 35.100874 ], [ -89.790199, 35.100884 ], [ -89.790359, 35.101049 ], [ -89.79048, 35.101121 ], [ -89.790566, 35.101367 ], [ -89.79062, 35.101522 ], [ -89.790753, 35.101939 ], [ -89.79076, 35.102066 ], [ -89.790716, 35.10219 ], [ -89.790665, 35.102332 ], [ -89.790588, 35.102434 ], [ -89.79047, 35.102474 ], [ -89.79028, 35.102475 ], [ -89.790197, 35.10241 ], [ -89.790123, 35.102357 ], [ -89.79004, 35.102322 ], [ -89.789917, 35.1023 ], [ -89.789839, 35.102301 ], [ -89.789785, 35.102298 ], [ -89.789719, 35.102306 ], [ -89.789663, 35.102343 ], [ -89.789631, 35.102413 ], [ -89.789622, 35.102513 ], [ -89.789609, 35.102669 ], [ -89.789603, 35.102857 ], [ -89.789607, 35.102982 ], [ -89.789593, 35.103098 ], [ -89.789574, 35.103233 ], [ -89.789467, 35.103378 ], [ -89.78936, 35.103464 ], [ -89.789157, 35.103571 ], [ -89.788946, 35.103578 ], [ -89.788818, 35.103588 ], [ -89.788721, 35.10355 ], [ -89.788601, 35.103506 ], [ -89.788513, 35.103504 ], [ -89.788407, 35.103554 ], [ -89.788287, 35.103598 ], [ -89.788207, 35.103669 ], [ -89.787914, 35.103915 ], [ -89.787809, 35.104081 ], [ -89.78763, 35.104218 ], [ -89.787541, 35.10426 ], [ -89.787455, 35.104414 ], [ -89.787483, 35.104534 ], [ -89.787551, 35.104637 ], [ -89.787614, 35.104732 ], [ -89.787375, 35.104803 ], [ -89.787119, 35.104905 ], [ -89.786499, 35.105049 ], [ -89.786129, 35.105291 ], [ -89.786039, 35.105505 ], [ -89.786001, 35.105793 ], [ -89.786005, 35.105897 ], [ -89.786011, 35.106023 ], [ -89.785995, 35.106211 ], [ -89.785787, 35.106416 ], [ -89.785477, 35.106604 ], [ -89.785317, 35.1067 ], [ -89.785265, 35.106826 ], [ -89.785196, 35.106927 ], [ -89.78533, 35.107144 ], [ -89.785493, 35.107176 ], [ -89.78571, 35.107202 ], [ -89.785768, 35.107259 ], [ -89.785896, 35.107438 ], [ -89.786158, 35.107614 ], [ -89.786448, 35.107783 ], [ -89.786768, 35.107952 ], [ -89.786991, 35.108118 ], [ -89.787084, 35.108275 ], [ -89.78703, 35.108585 ], [ -89.786957, 35.108756 ], [ -89.786835, 35.109096 ], [ -89.786573, 35.10988 ], [ -89.79129, 35.111719 ], [ -89.792824, 35.112638 ], [ -89.79291, 35.112689 ], [ -89.793806, 35.113225 ], [ -89.795355, 35.114884 ], [ -89.797056, 35.116146 ], [ -89.799472, 35.116652 ], [ -89.800957, 35.116964 ], [ -89.801131, 35.116996 ], [ -89.801243, 35.117023 ], [ -89.801632, 35.117094 ], [ -89.802259, 35.117178 ], [ -89.802958, 35.11727 ], [ -89.803003, 35.117276 ], [ -89.803218, 35.117264 ], [ -89.8037, 35.117241 ], [ -89.804704, 35.117157 ], [ -89.805456, 35.116928 ], [ -89.806102, 35.116722 ], [ -89.806328, 35.116516 ], [ -89.806681, 35.116087 ], [ -89.806977, 35.115837 ], [ -89.807481, 35.115652 ], [ -89.808084, 35.115656 ], [ -89.80956, 35.116086 ], [ -89.810438, 35.116358 ], [ -89.811265, 35.116682 ], [ -89.811607, 35.116755 ], [ -89.811826, 35.116781 ], [ -89.81224, 35.116839 ], [ -89.812841, 35.116862 ], [ -89.813611, 35.117024 ], [ -89.814283, 35.117222 ], [ -89.814701, 35.117375 ], [ -89.815211, 35.117429 ], [ -89.815894, 35.117415 ], [ -89.816423, 35.117507 ], [ -89.817369, 35.117705 ], [ -89.817876, 35.1178 ], [ -89.818433, 35.11782 ], [ -89.819152, 35.117984 ], [ -89.819327, 35.118041 ], [ -89.819834, 35.118196 ], [ -89.820186, 35.11831 ], [ -89.820597, 35.11844 ], [ -89.821171, 35.118537 ], [ -89.822136, 35.118561 ], [ -89.822748, 35.118598 ], [ -89.823198, 35.118712 ], [ -89.823515, 35.118792 ], [ -89.824183, 35.119039 ], [ -89.824705, 35.119283 ], [ -89.825163, 35.119429 ], [ -89.825997, 35.11956 ], [ -89.82637, 35.119566 ], [ -89.826954, 35.119556 ], [ -89.827338, 35.119503 ], [ -89.827757, 35.119502 ], [ -89.828415, 35.119668 ], [ -89.829281, 35.120067 ], [ -89.829409, 35.120088 ], [ -89.829881, 35.120183 ], [ -89.830358, 35.120266 ], [ -89.830512, 35.120308 ], [ -89.83083, 35.120334 ], [ -89.831294, 35.120451 ], [ -89.831416, 35.120502 ], [ -89.83158, 35.12057 ], [ -89.831706, 35.120624 ], [ -89.83194, 35.120723 ], [ -89.832681, 35.120888 ], [ -89.8332, 35.120936 ], [ -89.833335, 35.120948 ], [ -89.833912, 35.120987 ], [ -89.834063, 35.121013 ], [ -89.834195, 35.121061 ], [ -89.834269, 35.121072 ], [ -89.834461, 35.121103 ], [ -89.834556, 35.121117 ], [ -89.834616, 35.121127 ], [ -89.834688, 35.120937 ], [ -89.834759, 35.120822 ], [ -89.834823, 35.120744 ], [ -89.834902, 35.12065 ], [ -89.83497, 35.120565 ], [ -89.835037, 35.120485 ], [ -89.835155, 35.120382 ], [ -89.83524, 35.120302 ], [ -89.835253, 35.120194 ], [ -89.835271, 35.119984 ], [ -89.835281, 35.119869 ], [ -89.835286, 35.119746 ], [ -89.835292, 35.11962 ], [ -89.835345, 35.119369 ], [ -89.835374, 35.119301 ], [ -89.835462, 35.1191 ], [ -89.835558, 35.118899 ], [ -89.835602, 35.118759 ], [ -89.835732, 35.118343 ], [ -89.835584, 35.118249 ], [ -89.835567, 35.118163 ], [ -89.835544, 35.11804 ], [ -89.835504, 35.117985 ], [ -89.835257, 35.117892 ], [ -89.83521, 35.117837 ], [ -89.83515, 35.117744 ], [ -89.835076, 35.117722 ], [ -89.834929, 35.117777 ], [ -89.834856, 35.117771 ], [ -89.834662, 35.117705 ], [ -89.834421, 35.117738 ], [ -89.834388, 35.117716 ], [ -89.834434, 35.117513 ], [ -89.834434, 35.117392 ], [ -89.834388, 35.117343 ], [ -89.834274, 35.117326 ], [ -89.834171, 35.117378 ], [ -89.834154, 35.117387 ], [ -89.834053, 35.117497 ], [ -89.833987, 35.117519 ], [ -89.833886, 35.117491 ], [ -89.833839, 35.117442 ], [ -89.833839, 35.117382 ], [ -89.833946, 35.117167 ], [ -89.83406, 35.11709 ], [ -89.83417, 35.117016 ], [ -89.834207, 35.116991 ], [ -89.834254, 35.116947 ], [ -89.834234, 35.116893 ], [ -89.834172, 35.116869 ], [ -89.834073, 35.11683 ], [ -89.833906, 35.116766 ], [ -89.833866, 35.116728 ], [ -89.833866, 35.116629 ], [ -89.833919, 35.116514 ], [ -89.834, 35.116442 ], [ -89.83408, 35.116442 ], [ -89.834177, 35.116431 ], [ -89.834274, 35.11642 ], [ -89.834381, 35.116338 ], [ -89.834421, 35.116195 ], [ -89.834247, 35.116162 ], [ -89.834233, 35.11603 ], [ -89.834182, 35.115777 ], [ -89.834219, 35.114391 ], [ -89.83413, 35.114393 ], [ -89.834107, 35.11439 ], [ -89.83411, 35.114222 ], [ -89.834131, 35.112988 ], [ -89.834142, 35.112362 ], [ -89.834148, 35.112006 ], [ -89.8342, 35.111978 ], [ -89.834205, 35.11185 ], [ -89.83422, 35.111285 ], [ -89.834229, 35.111013 ], [ -89.834243, 35.110503 ], [ -89.834255, 35.110168 ], [ -89.834266, 35.109823 ], [ -89.834277, 35.109473 ], [ -89.834288, 35.109067 ], [ -89.834297, 35.108779 ], [ -89.834301, 35.108557 ], [ -89.83431, 35.108368 ], [ -89.834315, 35.108113 ], [ -89.834325, 35.107853 ], [ -89.834323, 35.107784 ], [ -89.834333, 35.107448 ], [ -89.834334, 35.107402 ], [ -89.834336, 35.107361 ], [ -89.834344, 35.107086 ], [ -89.834346, 35.106998 ], [ -89.834354, 35.106731 ], [ -89.834355, 35.10671 ], [ -89.834357, 35.10665 ], [ -89.834375, 35.106254 ], [ -89.83438, 35.106177 ], [ -89.834387, 35.105881 ], [ -89.834385, 35.105848 ], [ -89.83441, 35.105141 ], [ -89.834419, 35.10484 ], [ -89.83534, 35.104843 ], [ -89.835988, 35.104847 ], [ -89.835992, 35.104789 ], [ -89.835995, 35.104587 ], [ -89.835995, 35.104562 ], [ -89.836002, 35.104309 ], [ -89.836002, 35.104284 ], [ -89.836009, 35.104009 ], [ -89.836016, 35.103727 ], [ -89.836023, 35.103413 ], [ -89.836031, 35.103106 ], [ -89.836034, 35.102971 ], [ -89.836044, 35.102554 ], [ -89.836046, 35.102455 ], [ -89.836065, 35.101791 ], [ -89.836068, 35.101425 ], [ -89.836205, 35.101432 ], [ -89.836449, 35.101446 ], [ -89.836721, 35.101444 ], [ -89.836893, 35.101444 ], [ -89.836983, 35.101442 ], [ -89.837009, 35.101442 ], [ -89.837254, 35.101439 ], [ -89.837345, 35.101439 ], [ -89.837451, 35.101437 ], [ -89.837772, 35.101434 ], [ -89.837879, 35.101433 ], [ -89.837966, 35.101429 ], [ -89.83804, 35.101416 ], [ -89.838087, 35.101409 ], [ -89.838323, 35.101352 ], [ -89.838512, 35.101298 ], [ -89.838669, 35.101254 ], [ -89.838804, 35.101211 ], [ -89.839213, 35.101085 ], [ -89.839349, 35.101043 ], [ -89.839291, 35.100857 ], [ -89.83922, 35.100626 ], [ -89.839157, 35.100291 ], [ -89.839144, 35.100221 ], [ -89.839137, 35.100099 ], [ -89.839678, 35.100098 ], [ -89.840787, 35.100096 ], [ -89.841301, 35.100106 ], [ -89.841843, 35.100117 ], [ -89.841855, 35.099857 ], [ -89.841874, 35.099464 ], [ -89.841893, 35.099079 ], [ -89.841906, 35.09882 ], [ -89.841924, 35.098657 ], [ -89.842224, 35.098725 ], [ -89.842355, 35.098749 ], [ -89.842642, 35.098796 ], [ -89.842641, 35.099502 ], [ -89.842639, 35.100599 ], [ -89.842639, 35.101427 ], [ -89.842626, 35.101686 ], [ -89.842599, 35.101789 ], [ -89.842611, 35.102149 ], [ -89.844248, 35.10225 ], [ -89.845502, 35.102328 ], [ -89.845547, 35.102136 ], [ -89.845613, 35.101855 ], [ -89.845623, 35.101814 ], [ -89.845625, 35.101667 ], [ -89.8456, 35.101497 ], [ -89.845554, 35.101229 ], [ -89.845554, 35.101062 ], [ -89.845615, 35.100675 ], [ -89.845636, 35.100543 ], [ -89.845636, 35.100508 ] ] ] } }
]
}
