"geo_type","geo_id","variable","estimate","moe"
"citywide","4748000","B01003_001",618259.275,12156.278
"citywide","4748000","B03002_001",618259.275,12156.278
"citywide","4748000","B03002_003",138461.341,4193.905
"citywide","4748000","B03002_004",387104.713,10447.529
"citywide","4748000","B03002_012",64437.236,4954.693
"citywide","4748000","B11001_001",252924.981,4056.332
"citywide","4748000","B19313_001",20537382163.411,642697412.853
"citywide","4748000","B25002_001",289526.163,4139.104
"citywide","4748000","B25002_003",36601.183,1586.013
"citywide","4748000","B25003_001",252924.981,4056.332
"citywide","4748000","B25003_003",138582.133,3411.286
"citywide","4748000","B25044_001",252924.981,4056.332
"citywide","4748000","B25044_003",4657.785,634.17
"citywide","4748000","B25044_010",21186.967,1367.983
"citywide","4748000","B28002_001",252924.981,4056.332
"citywide","4748000","B28002_013",23408.073,1405.575
"citywide","4748000","C17002_001",604497.331,12045.809
"citywide","4748000","C17002_002",72512.48,4732.972
"citywide","4748000","C17002_003",66966.843,5063.558
"citywide","4748000","POP100",629002,0
"citywide","4748000","POP100_all",629002,0
"commission_district","1","B01003_001",24838.696,2562.206
"commission_district","1","B03002_001",24838.696,2562.206
"commission_district","1","B03002_003",7534.099,1071.622
"commission_district","1","B03002_004",12209.337,2285.605
"commission_district","1","B03002_012",3305.606,1010.147
"commission_district","1","B11001_001",10514.96,933.145
"commission_district","1","B19313_001",886038808.915,92289816.048
"commission_district","1","B25002_001",11426.634,966.601
"commission_district","1","B25002_003",911.674,423.965
"commission_district","1","B25003_001",10514.96,933.145
"commission_district","1","B25003_003",5047.387,674.923
"commission_district","1","B25044_001",10514.96,933.145
"commission_district","1","B25044_003",103.381,88.894
"commission_district","1","B25044_010",361.728,214.089
"commission_district","1","B28002_001",10514.96,933.145
"commission_district","1","B28002_013",678.469,300.541
"commission_district","1","C17002_001",24726.823,2561.8
"commission_district","1","C17002_002",1352.466,926.403
"commission_district","1","C17002_003",1474.79,716.004
"commission_district","1","POP100",26872,0
"commission_district","1","POP100_all",73095,0
"commission_district","10","B01003_001",72823.19,4388.39
"commission_district","10","B03002_001",72823.19,4388.39
"commission_district","10","B03002_003",4541.805,659.82
"commission_district","10","B03002_004",58684.836,3936.173
"commission_district","10","B03002_012",7758.151,1845.072
"commission_district","10","B11001_001",29133.904,1416.054
"commission_district","10","B19313_001",1576316526.655,107308217.815
"commission_district","10","B25002_001",36426.142,1470.62
"commission_district","10","B25002_003",7292.238,609.827
"commission_district","10","B25003_001",29133.904,1416.054
"commission_district","10","B25003_003",17733.551,1226.763
"commission_district","10","B25044_001",29133.904,1416.054
"commission_district","10","B25044_003",745.629,229.184
"commission_district","10","B25044_010",2995.357,531.903
"commission_district","10","B28002_001",29133.904,1416.054
"commission_district","10","B28002_013",4258.142,584.322
"commission_district","10","C17002_001",71822.091,4307.539
"commission_district","10","C17002_002",13506.244,2018.052
"commission_district","10","C17002_003",10876.744,1881.319
"commission_district","10","POP100",72448,0
"commission_district","10","POP100_all",72448,0
"commission_district","11","B01003_001",70888.346,4874.798
"commission_district","11","B03002_001",70888.346,4874.798
"commission_district","11","B03002_003",3569.421,768.637
"commission_district","11","B03002_004",55310.098,4500.393
"commission_district","11","B03002_012",10736.185,1960.615
"commission_district","11","B11001_001",24743.696,1286.521
"commission_district","11","B19313_001",1696650776.387,180472095.531
"commission_district","11","B25002_001",28199.33,1293.112
"commission_district","11","B25002_003",3455.634,474.428
"commission_district","11","B25003_001",24743.696,1286.521
"commission_district","11","B25003_003",14451.607,1102.643
"commission_district","11","B25044_001",24743.696,1286.521
"commission_district","11","B25044_003",316.348,147.743
"commission_district","11","B25044_010",1657.904,402.361
"commission_district","11","B28002_001",24743.696,1286.521
"commission_district","11","B28002_013",1753.626,353.928
"commission_district","11","C17002_001",70787.776,4873.304
"commission_district","11","C17002_002",6409.171,1489.893
"commission_district","11","C17002_003",9342.097,2546.95
"commission_district","11","POP100",72268,0
"commission_district","11","POP100_all",72268,0
"commission_district","12","B01003_001",26665.712,1979.674
"commission_district","12","B03002_001",26665.712,1979.674
"commission_district","12","B03002_003",2298.873,352.087
"commission_district","12","B03002_004",20467.52,1886.585
"commission_district","12","B03002_012",2722.284,676.135
"commission_district","12","B11001_001",11922.986,791.531
"commission_district","12","B19313_001",912038812.726,92044512.539
"commission_district","12","B25002_001",13954.052,808.464
"commission_district","12","B25002_003",2031.066,387.326
"commission_district","12","B25003_001",11922.986,791.531
"commission_district","12","B25003_003",8707.627,708.426
"commission_district","12","B25044_001",11922.986,791.531
"commission_district","12","B25044_003",65.073,63.574
"commission_district","12","B25044_010",1053.196,307.815
"commission_district","12","B28002_001",11922.986,791.531
"commission_district","12","B28002_013",393.349,137.879
"commission_district","12","C17002_001",26468.159,1975.189
"commission_district","12","C17002_002",2032.814,622.437
"commission_district","12","C17002_003",1764.838,469.315
"commission_district","12","POP100",27121,0
"commission_district","12","POP100_all",69613,0
"commission_district","13","B01003_001",70515.077,3061.402
"commission_district","13","B03002_001",70515.077,3061.402
"commission_district","13","B03002_003",41025.467,2202.115
"commission_district","13","B03002_004",16205.258,1823.693
"commission_district","13","B03002_012",8967.803,1519.261
"commission_district","13","B11001_001",30398.89,1234.846
"commission_district","13","B19313_001",3332487480.128,219446683.683
"commission_district","13","B25002_001",33141.092,1252.035
"commission_district","13","B25002_003",2742.202,439.498
"commission_district","13","B25003_001",30398.89,1234.846
"commission_district","13","B25003_003",13019.657,988.779
"commission_district","13","B25044_001",30398.89,1234.846
"commission_district","13","B25044_003",562.029,229.748
"commission_district","13","B25044_010",1865.228,440.81
"commission_district","13","B28002_001",30398.89,1234.846
"commission_district","13","B28002_013",2034.445,471.723
"commission_district","13","C17002_001",65420.692,3008.373
"commission_district","13","C17002_002",5785.537,1141.22
"commission_district","13","C17002_003",5674.314,1359.974
"commission_district","13","POP100",73805,0
"commission_district","13","POP100_all",73805,0
"commission_district","2","B01003_001",3959.892,1099.474
"commission_district","2","B03002_001",3959.892,1099.474
"commission_district","2","B03002_003",1377.676,314.292
"commission_district","2","B03002_004",2119.054,1026.327
"commission_district","2","B03002_012",149.906,117.014
"commission_district","2","B11001_001",1604.243,328.508
"commission_district","2","B19313_001",162465071.596,46722038.455
"commission_district","2","B25002_001",1809.213,343.653
"commission_district","2","B25002_003",204.971,144.31
"commission_district","2","B25003_001",1604.243,328.508
"commission_district","2","B25003_003",826.941,285.371
"commission_district","2","B25044_001",1604.243,328.508
"commission_district","2","B25044_003",9,18.31
"commission_district","2","B25044_010",35.607,58.913
"commission_district","2","B28002_001",1604.243,328.508
"commission_district","2","B28002_013",45.144,60.149
"commission_district","2","C17002_001",3918.577,1085.408
"commission_district","2","C17002_002",109.096,127.298
"commission_district","2","C17002_003",53.542,62.275
"commission_district","2","POP100",3683,0
"commission_district","2","POP100_all",73265,0
"commission_district","3","B01003_001",0,0
"commission_district","3","B03002_001",0,0
"commission_district","3","B03002_003",0,0
"commission_district","3","B03002_004",0,0
"commission_district","3","B03002_012",0,0
"commission_district","3","B11001_001",0,0
"commission_district","3","B19313_001",0,0
"commission_district","3","B25002_001",0,0
"commission_district","3","B25002_003",0,0
"commission_district","3","B25003_001",0,0
"commission_district","3","B25003_003",0,0
"commission_district","3","B25044_001",0,0
"commission_district","3","B25044_003",0,0
"commission_district","3","B25044_010",0,0
"commission_district","3","B28002_001",0,0
"commission_district","3","B28002_013",0,0
"commission_district","3","C17002_001",0,0
"commission_district","3","C17002_002",0,0
"commission_district","3","C17002_003",0,0
"commission_district","3","POP100",0,0
"commission_district","3","POP100_all",70892,0
"commission_district","4","B01003_001",40413.133,2216.997
"commission_district","4","B03002_001",40413.133,2216.997
"commission_district","4","B03002_003",27618.139,1730.259
"commission_district","4","B03002_004",7246.459,1243.958
"commission_district","4","B03002_012",2704.497,929.085
"commission_district","4","B11001_001",18155.905,938.767
"commission_district","4","B19313_001",3117624325.869,380377007.643
"commission_district","4","B25002_001",19013.586,949.055
"commission_district","4","B25002_003",857.68,260.988
"commission_district","4","B25003_001",18155.905,938.767
"commission_district","4","B25003_003",5655.16,599.475
"commission_district","4","B25044_001",18155.905,938.767
"commission_district","4","B25044_003",223.319,201.513
"commission_district","4","B25044_010",562.989,230.845
"commission_district","4","B28002_001",18155.905,938.767
"commission_district","4","B28002_013",563.841,211.366
"commission_district","4","C17002_001",39577.117,2205.429
"commission_district","4","C17002_002",1691.003,608.652
"commission_district","4","C17002_003",1596.877,647.753
"commission_district","4","POP100",40692,0
"commission_district","4","POP100_all",72390,0
"commission_district","5","B01003_001",41976.472,3267.885
"commission_district","5","B03002_001",41976.472,3267.885
"commission_district","5","B03002_003",12241.482,1336.56
"commission_district","5","B03002_004",19615.91,2519.421
"commission_district","5","B03002_012",5960.437,1472.208
"commission_district","5","B11001_001",17100.439,1082.268
"commission_district","5","B19313_001",1556043610.613,115209440.95
"commission_district","5","B25002_001",18179.944,1079.325
"commission_district","5","B25002_003",1079.505,296.562
"commission_district","5","B25003_001",17100.439,1082.268
"commission_district","5","B25003_003",9056.941,974.677
"commission_district","5","B25044_001",17100.439,1082.268
"commission_district","5","B25044_003",229.682,120.593
"commission_district","5","B25044_010",474.993,240.254
"commission_district","5","B28002_001",17100.439,1082.268
"commission_district","5","B28002_013",466.392,199.127
"commission_district","5","C17002_001",41764.095,3266.545
"commission_district","5","C17002_002",2031.659,687.827
"commission_district","5","C17002_003",1801.208,787.227
"commission_district","5","POP100",42484,0
"commission_district","5","POP100_all",72050,0
"commission_district","6","B01003_001",59410.711,4390.901
"commission_district","6","B03002_001",59410.711,4390.901
"commission_district","6","B03002_003",7413.593,1142.474
"commission_district","6","B03002_004",40067.948,3672.991
"commission_district","6","B03002_012",9389.401,2212.484
"commission_district","6","B11001_001",21984.693,1316.616
"commission_district","6","B19313_001",1498259359.544,129294736.923
"commission_district","6","B25002_001",24537.019,1323.804
"commission_district","6","B25002_003",2552.326,431.365
"commission_district","6","B25003_001",21984.693,1316.616
"commission_district","6","B25003_003",13095.144,1140.079
"commission_district","6","B25044_001",21984.693,1316.616
"commission_district","6","B25044_003",237.136,130.086
"commission_district","6","B25044_010",1723.786,377.767
"commission_district","6","B28002_001",21984.693,1316.616
"commission_district","6","B28002_013",2180.016,407.938
"commission_district","6","C17002_001",59030.742,4385.443
"commission_district","6","C17002_002",5544.695,1073.359
"commission_district","6","C17002_003",5141.599,1137.795
"commission_district","6","POP100",58801,0
"commission_district","6","POP100_all",69090,0
"commission_district","7","B01003_001",67980.159,3855.903
"commission_district","7","B03002_001",67980.159,3855.903
"commission_district","7","B03002_003",11925.876,1063.661
"commission_district","7","B03002_004",43809.863,3112.702
"commission_district","7","B03002_012",8986.74,1975.142
"commission_district","7","B11001_001",26299.682,1235.333
"commission_district","7","B19313_001",1777042522.071,129455993.611
"commission_district","7","B25002_001",30863.484,1283.357
"commission_district","7","B25002_003",4563.802,541.596
"commission_district","7","B25003_001",26299.682,1235.333
"commission_district","7","B25003_003",13665.164,1000.245
"commission_district","7","B25044_001",26299.682,1235.333
"commission_district","7","B25044_003",900.256,308.14
"commission_district","7","B25044_010",2529.933,435.06
"commission_district","7","B28002_001",26299.682,1235.333
"commission_district","7","B28002_013",3445.518,528.52
"commission_district","7","C17002_001",66085.923,3803.135
"commission_district","7","C17002_002",10146.575,1725.475
"commission_district","7","C17002_003",8627.107,1518.778
"commission_district","7","POP100",69566,0
"commission_district","7","POP100_all",69566,0
"commission_district","8","B01003_001",69113.008,3276.435
"commission_district","8","B03002_001",69113.008,3276.435
"commission_district","8","B03002_003",17118.353,1295.053
"commission_district","8","B03002_004",46028.025,2966.933
"commission_district","8","B03002_012",2430.387,591.324
"commission_district","8","B11001_001",33490.674,1320.441
"commission_district","8","B19313_001",2349208277,169027039.066
"commission_district","8","B25002_001",41077.707,1363.151
"commission_district","8","B25002_003",7587.033,644.226
"commission_district","8","B25003_001",33490.674,1320.441
"commission_district","8","B25003_003",24228.596,1224.831
"commission_district","8","B25044_001",33490.674,1320.441
"commission_district","8","B25044_003",449.363,162.149
"commission_district","8","B25044_010",5430.082,596.012
"commission_district","8","B28002_001",33490.674,1320.441
"commission_district","8","B28002_013",4108.186,501.419
"commission_district","8","C17002_001",65951.456,3244.797
"commission_district","8","C17002_002",14439.64,2273.143
"commission_district","8","C17002_003",9522.622,1373.081
"commission_district","8","POP100",71366,0
"commission_district","8","POP100_all",71366,0
"commission_district","9","B01003_001",69674.879,4363.08
"commission_district","9","B03002_001",69674.879,4363.08
"commission_district","9","B03002_003",1796.556,503.542
"commission_district","9","B03002_004",65340.405,4276.859
"commission_district","9","B03002_012",1325.838,624.233
"commission_district","9","B11001_001",27574.907,1436.675
"commission_district","9","B19313_001",1673206591.907,149564973.211
"commission_district","9","B25002_001",30897.959,1466.053
"commission_district","9","B25002_003",3323.052,497.485
"commission_district","9","B25003_001",27574.907,1436.675
"commission_district","9","B25003_003",13094.359,1193.398
"commission_district","9","B25044_001",27574.907,1436.675
"commission_district","9","B25044_003",816.569,248.435
"commission_district","9","B25044_010",2496.164,497.347
"commission_district","9","B28002_001",27574.907,1436.675
"commission_district","9","B28002_013",3480.944,583.439
"commission_district","9","C17002_001",68943.879,4264.905
"commission_district","9","C17002_002",9463.58,1711.88
"commission_district","9","C17002_003",11091.104,2436.956
"commission_district","9","POP100",69896,0
"commission_district","9","POP100_all",69896,0
"council_district","1","B01003_001",86203.432,5086.883
"council_district","1","B03002_001",86203.432,5086.883
"council_district","1","B03002_003",16839.249,1685.328
"council_district","1","B03002_004",52022.105,4349.019
"council_district","1","B03002_012",11924.518,2317.938
"council_district","1","B11001_001",33704.749,1673.384
"council_district","1","B19313_001",2632611536.949,170080455.633
"council_district","1","B25002_001",36554.033,1700.925
"council_district","1","B25002_003",2849.283,571.184
"council_district","1","B25003_001",33704.749,1673.384
"council_district","1","B25003_003",18818.278,1411.092
"council_district","1","B25044_001",33704.749,1673.384
"council_district","1","B25044_003",354.666,159.8
"council_district","1","B25044_010",1746.445,425.517
"council_district","1","B28002_001",33704.749,1673.384
"council_district","1","B28002_013",2277.14,477.427
"council_district","1","C17002_001",85774.934,5082.99
"council_district","1","C17002_002",6562.357,1420.522
"council_district","1","C17002_003",5733.25,1334.777
"council_district","1","POP100",87516,0
"council_district","1","POP100_all",87516,0
"council_district","2","B01003_001",89444.86,3952.437
"council_district","2","B03002_001",89444.86,3952.437
"council_district","2","B03002_003",39442.644,2133.065
"council_district","2","B03002_004",33807.39,3007.705
"council_district","2","B03002_012",9310.641,1622.466
"council_district","2","B11001_001",36321.251,1389.693
"council_district","2","B19313_001",4359448138.9,273116020.465
"council_district","2","B25002_001",38864.515,1399.158
"council_district","2","B25002_003",2543.264,477.713
"council_district","2","B25003_001",36321.251,1389.693
"council_district","2","B25003_003",15364.478,1094.4
"council_district","2","B25044_001",36321.251,1389.693
"council_district","2","B25044_003",349.87,149.478
"council_district","2","B25044_010",901.628,291.857
"council_district","2","B28002_001",36321.251,1389.693
"council_district","2","B28002_013",1155.505,283.06
"council_district","2","C17002_001",85326.826,3938.145
"council_district","2","C17002_002",4162.97,954.931
"council_district","2","C17002_003",3051.911,816.823
"council_district","2","POP100",91976,0
"council_district","2","POP100_all",91976,0
"council_district","3","B01003_001",92238.459,4798.957
"council_district","3","B03002_001",92238.459,4798.957
"council_district","3","B03002_003",4402.692,696.151
"council_district","3","B03002_004",77264.724,4516.82
"council_district","3","B03002_012",8957.75,1714.729
"council_district","3","B11001_001",35523.422,1459.508
"council_district","3","B19313_001",2237779017.047,155333282.126
"council_district","3","B25002_001",42332.705,1486.362
"council_district","3","B25002_003",6809.282,601.91
"council_district","3","B25003_001",35523.422,1459.508
"council_district","3","B25003_003",22690.926,1278.688
"council_district","3","B25044_001",35523.422,1459.508
"council_district","3","B25044_003",387.44,176.112
"council_district","3","B25044_010",3667.998,582.571
"council_district","3","B28002_001",35523.422,1459.508
"council_district","3","B28002_013",3030.21,490.815
"council_district","3","C17002_001",91228.474,4712.718
"council_district","3","C17002_002",12304.549,1862.765
"council_district","3","C17002_003",10681.192,1841.277
"council_district","3","POP100",90460,0
"council_district","3","POP100_all",90460,0
"council_district","4","B01003_001",89407.48,5245.438
"council_district","4","B03002_001",89407.48,5245.438
"council_district","4","B03002_003",10833.351,1016.921
"council_district","4","B03002_004",64597.382,4703.601
"council_district","4","B03002_012",11686.721,2180.293
"council_district","4","B11001_001",34786.084,1492.156
"council_district","4","B19313_001",2351377281.269,193690552.423
"council_district","4","B25002_001",41853.566,1547.824
"council_district","4","B25002_003",7067.482,646.576
"council_district","4","B25003_001",34786.084,1492.156
"council_district","4","B25003_003",19878.832,1251.392
"council_district","4","B25044_001",34786.084,1492.156
"council_district","4","B25044_003",779.372,238.759
"council_district","4","B25044_010",3269.981,545.19
"council_district","4","B28002_001",34786.084,1492.156
"council_district","4","B28002_013",4287.992,602.593
"council_district","4","C17002_001",88463.824,5176.002
"council_district","4","C17002_002",13354.776,2145.774
"council_district","4","C17002_003",12868.096,2735.96
"council_district","4","POP100",93262,0
"council_district","4","POP100_all",93262,0
"council_district","5","B01003_001",85718.698,3819.305
"council_district","5","B03002_001",85718.698,3819.305
"council_district","5","B03002_003",44193.518,2263.457
"council_district","5","B03002_004",21835.848,2218.454
"council_district","5","B03002_012",13502.619,2207.002
"council_district","5","B11001_001",36447.067,1371.014
"council_district","5","B19313_001",4148878212.877,372402428.119
"council_district","5","B25002_001",40166.995,1397.122
"council_district","5","B25002_003",3719.928,504.874
"council_district","5","B25003_001",36447.067,1371.014
"council_district","5","B25003_003",15812.02,1068.155
"council_district","5","B25044_001",36447.067,1371.014
"council_district","5","B25044_003",1059.109,389.596
"council_district","5","B25044_010",2668.878,503.513
"council_district","5","B28002_001",36447.067,1371.014
"council_district","5","B28002_013",2664.62,546.102
"council_district","5","C17002_001",81934.334,3727.787
"council_district","5","C17002_002",8998.192,1524.719
"council_district","5","C17002_003",8323.417,1643.908
"council_district","5","POP100",86572,0
"council_district","5","POP100_all",86572,0
"council_district","6","B01003_001",88532.963,4236.474
"council_district","6","B03002_001",88532.963,4236.474
"council_district","6","B03002_003",9570.529,898.567
"council_district","6","B03002_004",73934.481,4106.63
"council_district","6","B03002_012",2069.41,510.565
"council_district","6","B11001_001",39897.726,1640.243
"council_district","6","B19313_001",2505754314.936,152473191.844
"council_district","6","B25002_001",46324.608,1665.564
"council_district","6","B25002_003",6426.881,599.736
"council_district","6","B25003_001",39897.726,1640.243
"council_district","6","B25003_003",23298.457,1447.402
"council_district","6","B25044_001",39897.726,1640.243
"council_district","6","B25044_003",970.192,254.166
"council_district","6","B25044_010",4576.378,607.459
"council_district","6","B28002_001",39897.726,1640.243
"council_district","6","B28002_013",5382.615,635.655
"council_district","6","C17002_001",87471.348,4213.606
"council_district","6","C17002_002",12701.197,1744.439
"council_district","6","C17002_003",14303.155,2424.517
"council_district","6","POP100",89902,0
"council_district","6","POP100_all",89902,0
"council_district","7","B01003_001",86713.383,4356.622
"council_district","7","B03002_001",86713.383,4356.622
"council_district","7","B03002_003",13179.356,1322.01
"council_district","7","B03002_004",63642.781,3819.271
"council_district","7","B03002_012",6985.577,1677.074
"council_district","7","B11001_001",36244.681,1487.796
"council_district","7","B19313_001",2301533661.432,161012721.987
"council_district","7","B25002_001",43429.743,1534.399
"council_district","7","B25002_003",7185.062,709.623
"council_district","7","B25003_001",36244.681,1487.796
"council_district","7","B25003_003",22719.143,1267.046
"council_district","7","B25044_001",36244.681,1487.796
"council_district","7","B25044_003",757.136,199.895
"council_district","7","B25044_010",4355.66,554.585
"council_district","7","B28002_001",36244.681,1487.796
"council_district","7","B28002_013",4609.991,547.446
"council_district","7","C17002_001",84297.592,4348.733
"council_district","7","C17002_002",14428.439,2392.155
"council_district","7","C17002_003",12005.822,1780.958
"council_district","7","POP100",89314,0
"council_district","7","POP100_all",89314,0
"reference_neighborhood","Cordova","B01003_001",48257.302,3498.836
"reference_neighborhood","Cordova","B03002_001",48257.302,3498.836
"reference_neighborhood","Cordova","B03002_003",15916.373,1508.699
"reference_neighborhood","Cordova","B03002_004",24323.354,3038.202
"reference_neighborhood","Cordova","B03002_012",3387.066,921.329
"reference_neighborhood","Cordova","B11001_001",20341.734,1181.414
"reference_neighborhood","Cordova","B19313_001",1948853795.012,137097897.606
"reference_neighborhood","Cordova","B25002_001",22060.334,1200.778
"reference_neighborhood","Cordova","B25002_003",1718.6,446.914
"reference_neighborhood","Cordova","B25003_001",20341.734,1181.414
"reference_neighborhood","Cordova","B25003_003",9560.29,947.851
"reference_neighborhood","Cordova","B25044_001",20341.734,1181.414
"reference_neighborhood","Cordova","B25044_003",180.966,104.372
"reference_neighborhood","Cordova","B25044_010",596.63,285.134
"reference_neighborhood","Cordova","B28002_001",20341.734,1181.414
"reference_neighborhood","Cordova","B28002_013",781.236,291.495
"reference_neighborhood","Cordova","C17002_001",47913.127,3493.066
"reference_neighborhood","Cordova","C17002_002",2012.239,1009.522
"reference_neighborhood","Cordova","C17002_003",1571.067,700.067
"reference_neighborhood","Cordova","POP100",50487,0
"reference_neighborhood","Cordova","POP100_all",85408,0
"reference_neighborhood","Downtown","B01003_001",20120.11,1313.265
"reference_neighborhood","Downtown","B03002_001",20120.11,1313.265
"reference_neighborhood","Downtown","B03002_003",9021.964,925.828
"reference_neighborhood","Downtown","B03002_004",8171.302,871.154
"reference_neighborhood","Downtown","B03002_012",930.238,288.198
"reference_neighborhood","Downtown","B11001_001",11719.243,822.244
"reference_neighborhood","Downtown","B19313_001",1220588590.084,145909425.269
"reference_neighborhood","Downtown","B25002_001",13653.565,828.291
"reference_neighborhood","Downtown","B25002_003",1934.322,364.472
"reference_neighborhood","Downtown","B25003_001",11719.243,822.244
"reference_neighborhood","Downtown","B25003_003",8634.047,756.029
"reference_neighborhood","Downtown","B25044_001",11719.243,822.244
"reference_neighborhood","Downtown","B25044_003",73.654,83.125
"reference_neighborhood","Downtown","B25044_010",1327.758,259.943
"reference_neighborhood","Downtown","B28002_001",11719.243,822.244
"reference_neighborhood","Downtown","B28002_013",768.704,192.36
"reference_neighborhood","Downtown","C17002_001",17914.419,1302.192
"reference_neighborhood","Downtown","C17002_002",1821.213,425.341
"reference_neighborhood","Downtown","C17002_003",892.189,266.2
"reference_neighborhood","Downtown","POP100",20971,0
"reference_neighborhood","Downtown","POP100_all",20971,0
"reference_neighborhood","East Memphis","B01003_001",62363.48,2963.928
"reference_neighborhood","East Memphis","B03002_001",62363.48,2963.928
"reference_neighborhood","East Memphis","B03002_003",41194.607,2213.895
"reference_neighborhood","East Memphis","B03002_004",12857.661,1816.598
"reference_neighborhood","East Memphis","B03002_012",4200.516,1111.254
"reference_neighborhood","East Memphis","B11001_001",27572.82,1212.273
"reference_neighborhood","East Memphis","B19313_001",4342556607.586,462732669.993
"reference_neighborhood","East Memphis","B25002_001",29257.045,1232.875
"reference_neighborhood","East Memphis","B25002_003",1684.225,421.957
"reference_neighborhood","East Memphis","B25003_001",27572.82,1212.273
"reference_neighborhood","East Memphis","B25003_003",8694.214,837.351
"reference_neighborhood","East Memphis","B25044_001",27572.82,1212.273
"reference_neighborhood","East Memphis","B25044_003",277.221,163.439
"reference_neighborhood","East Memphis","B25044_010",722.788,237.991
"reference_neighborhood","East Memphis","B28002_001",27572.82,1212.273
"reference_neighborhood","East Memphis","B28002_013",905.346,249.273
"reference_neighborhood","East Memphis","C17002_001",61767.088,2959.488
"reference_neighborhood","East Memphis","C17002_002",2337.598,691.589
"reference_neighborhood","East Memphis","C17002_003",3181.338,1099.297
"reference_neighborhood","East Memphis","POP100",65671,0
"reference_neighborhood","East Memphis","POP100_all",65671,0
"reference_neighborhood","Frayser","B01003_001",35720.061,3260.26
"reference_neighborhood","Frayser","B03002_001",35720.061,3260.26
"reference_neighborhood","Frayser","B03002_003",2370.985,659.449
"reference_neighborhood","Frayser","B03002_004",31699.45,3179.827
"reference_neighborhood","Frayser","B03002_012",1042.832,431.224
"reference_neighborhood","Frayser","B11001_001",13001.29,932.008
"reference_neighborhood","Frayser","B19313_001",634368495.42,64787775.892
"reference_neighborhood","Frayser","B25002_001",15962.747,972.767
"reference_neighborhood","Frayser","B25002_003",2961.457,456.575
"reference_neighborhood","Frayser","B25003_001",13001.29,932.008
"reference_neighborhood","Frayser","B25003_003",7611.959,789.429
"reference_neighborhood","Frayser","B25044_001",13001.29,932.008
"reference_neighborhood","Frayser","B25044_003",250,126.855
"reference_neighborhood","Frayser","B25044_010",1367,355.394
"reference_neighborhood","Frayser","B28002_001",13001.29,932.008
"reference_neighborhood","Frayser","B28002_013",1460.661,317.247
"reference_neighborhood","Frayser","C17002_001",35663.061,3257.112
"reference_neighborhood","Frayser","C17002_002",8323.519,2191.808
"reference_neighborhood","Frayser","C17002_003",5736,1368.152
"reference_neighborhood","Frayser","POP100",36801,0
"reference_neighborhood","Frayser","POP100_all",40679,0
"reference_neighborhood","Midtown","B01003_001",39549.323,2099.546
"reference_neighborhood","Midtown","B03002_001",39549.323,2099.546
"reference_neighborhood","Midtown","B03002_003",19508.588,1251.614
"reference_neighborhood","Midtown","B03002_004",14255.104,1516.982
"reference_neighborhood","Midtown","B03002_012",3533.642,1002.725
"reference_neighborhood","Midtown","B11001_001",19596.18,971.578
"reference_neighborhood","Midtown","B19313_001",1749119829.545,118495534.481
"reference_neighborhood","Midtown","B25002_001",22113.5,992.964
"reference_neighborhood","Midtown","B25002_003",2517.321,361.031
"reference_neighborhood","Midtown","B25003_001",19596.18,971.578
"reference_neighborhood","Midtown","B25003_003",11366.83,853.641
"reference_neighborhood","Midtown","B25044_001",19596.18,971.578
"reference_neighborhood","Midtown","B25044_003",251.467,154.595
"reference_neighborhood","Midtown","B25044_010",2074.366,473.888
"reference_neighborhood","Midtown","B28002_001",19596.18,971.578
"reference_neighborhood","Midtown","B28002_013",1710.476,393.531
"reference_neighborhood","Midtown","C17002_001",37330.73,2090.134
"reference_neighborhood","Midtown","C17002_002",4611.784,923.991
"reference_neighborhood","Midtown","C17002_003",3368.984,808.647
"reference_neighborhood","Midtown","POP100",39554,0
"reference_neighborhood","Midtown","POP100_all",39554,0
"reference_neighborhood","Raleigh","B01003_001",37897.122,3268
"reference_neighborhood","Raleigh","B03002_001",37897.122,3268
"reference_neighborhood","Raleigh","B03002_003",3314.315,671.201
"reference_neighborhood","Raleigh","B03002_004",29291.646,3044.062
"reference_neighborhood","Raleigh","B03002_012",3984.07,1119.678
"reference_neighborhood","Raleigh","B11001_001",14497.627,1043.465
"reference_neighborhood","Raleigh","B19313_001",969852165.7,102930803.277
"reference_neighborhood","Raleigh","B25002_001",16555.417,1056.813
"reference_neighborhood","Raleigh","B25002_003",2057.79,367.499
"reference_neighborhood","Raleigh","B25003_001",14497.627,1043.465
"reference_neighborhood","Raleigh","B25003_003",8493.546,920.481
"reference_neighborhood","Raleigh","B25044_001",14497.627,1043.465
"reference_neighborhood","Raleigh","B25044_003",190.533,107.468
"reference_neighborhood","Raleigh","B25044_010",1275.258,336.372
"reference_neighborhood","Raleigh","B28002_001",14497.627,1043.465
"reference_neighborhood","Raleigh","B28002_013",1471.198,316.063
"reference_neighborhood","Raleigh","C17002_001",37630.094,3261.692
"reference_neighborhood","Raleigh","C17002_002",3705.998,928.155
"reference_neighborhood","Raleigh","C17002_003",4033.877,994.87
"reference_neighborhood","Raleigh","POP100",38240,0
"reference_neighborhood","Raleigh","POP100_all",43197,0
"reference_neighborhood","South Memphis","B01003_001",27340.189,2089.624
"reference_neighborhood","South Memphis","B03002_001",27340.189,2089.624
"reference_neighborhood","South Memphis","B03002_003",1046.199,270.807
"reference_neighborhood","South Memphis","B03002_004",25003.146,2062.204
"reference_neighborhood","South Memphis","B03002_012",705.444,273.437
"reference_neighborhood","South Memphis","B11001_001",11666.222,842.079
"reference_neighborhood","South Memphis","B19313_001",552978254.166,56089693.377
"reference_neighborhood","South Memphis","B25002_001",14754.757,875.814
"reference_neighborhood","South Memphis","B25002_003",3088.535,384.664
"reference_neighborhood","South Memphis","B25003_001",11666.222,842.079
"reference_neighborhood","South Memphis","B25003_003",7679.78,774.153
"reference_neighborhood","South Memphis","B25044_001",11666.222,842.079
"reference_neighborhood","South Memphis","B25044_003",347.952,122.585
"reference_neighborhood","South Memphis","B25044_010",1874.727,307.104
"reference_neighborhood","South Memphis","B28002_001",11666.222,842.079
"reference_neighborhood","South Memphis","B28002_013",2380.494,445.61
"reference_neighborhood","South Memphis","C17002_001",26970.416,2058.257
"reference_neighborhood","South Memphis","C17002_002",6850.289,1338.148
"reference_neighborhood","South Memphis","C17002_003",4668.14,962.117
"reference_neighborhood","South Memphis","POP100",28111,0
"reference_neighborhood","South Memphis","POP100_all",28111,0
"reference_neighborhood","Whitehaven","B01003_001",39991.623,3152.208
"reference_neighborhood","Whitehaven","B03002_001",39991.623,3152.208
"reference_neighborhood","Whitehaven","B03002_003",1494.521,408.351
"reference_neighborhood","Whitehaven","B03002_004",36661.841,3062.812
"reference_neighborhood","Whitehaven","B03002_012",1373.191,656.759
"reference_neighborhood","Whitehaven","B11001_001",15578.377,1010.669
"reference_neighborhood","Whitehaven","B19313_001",965732092.603,123880586.296
"reference_neighborhood","Whitehaven","B25002_001",18526.488,1028.557
"reference_neighborhood","Whitehaven","B25002_003",2948.111,390.298
"reference_neighborhood","Whitehaven","B25003_001",15578.377,1010.669
"reference_neighborhood","Whitehaven","B25003_003",8861.163,877.229
"reference_neighborhood","Whitehaven","B25044_001",15578.377,1010.669
"reference_neighborhood","Whitehaven","B25044_003",224.275,147.734
"reference_neighborhood","Whitehaven","B25044_010",1830,419.444
"reference_neighborhood","Whitehaven","B28002_001",15578.377,1010.669
"reference_neighborhood","Whitehaven","B28002_013",1907.098,462.86
"reference_neighborhood","Whitehaven","C17002_001",39389.623,3023.482
"reference_neighborhood","Whitehaven","C17002_002",7547.474,1491.031
"reference_neighborhood","Whitehaven","C17002_003",4740.157,1256.341
"reference_neighborhood","Whitehaven","POP100",39107,0
"reference_neighborhood","Whitehaven","POP100_all",39107,0
"super_district","8","B01003_001",302703.34,8480.591
"super_district","8","B03002_001",302703.34,8480.591
"super_district","8","B03002_003",28141.479,1724.487
"super_district","8","B03002_004",248514.357,7994.412
"super_district","8","B03002_012",17787.452,2438.771
"super_district","8","B11001_001",126234.247,2849.947
"super_district","8","B19313_001",7829599641.902,283424963.515
"super_district","8","B25002_001",151091.257,2928.691
"super_district","8","B25002_003",24857.011,1219.858
"super_district","8","B25003_001",126234.247,2849.947
"super_district","8","B25003_003",77306.603,2472.918
"super_district","8","B25044_001",126234.247,2849.947
"super_district","8","B25044_003",2680.404,422.596
"super_district","8","B25044_010",14330.061,1078.09
"super_district","8","B28002_001",126234.247,2849.947
"super_district","8","B28002_013",15330.594,1091.144
"super_district","8","C17002_001",297541.704,8373.555
"super_district","8","C17002_002",46213.34,3822.007
"super_district","8","C17002_003",44185.668,4274.709
"super_district","8","POP100",310114,0
"super_district","8","POP100_all",310114,0
"super_district","9","B01003_001",315555.935,8656.288
"super_district","9","B03002_001",315555.935,8656.288
"super_district","9","B03002_003",110319.861,3788.808
"super_district","9","B03002_004",138590.356,6686.512
"super_district","9","B03002_012",46649.784,4285.695
"super_district","9","B11001_001",126690.734,2856.389
"super_district","9","B19313_001",12707782521.509,574738328.854
"super_district","9","B25002_001",138434.906,2893.895
"super_district","9","B25002_003",11744.172,1000.735
"super_district","9","B25003_001",126690.734,2856.389
"super_district","9","B25003_003",61275.53,2321.302
"super_district","9","B25044_001",126690.734,2856.389
"super_district","9","B25044_003",1977.382,469.097
"super_district","9","B25044_010",6856.906,837.491
"super_district","9","B28002_001",126690.734,2856.389
"super_district","9","B28002_013",8077.479,875.826
"super_district","9","C17002_001",306955.627,8605.921
"super_district","9","C17002_002",26299.14,2779.761
"super_district","9","C17002_003",22781.175,2702.133
"super_district","9","POP100",318888,0
"super_district","9","POP100_all",318888,0
"tract","47157000100","B01003_001",5420,798.711
"tract","47157000100","B03002_001",5420,798.711
"tract","47157000100","B03002_003",3698,568.558
"tract","47157000100","B03002_004",938,438.24
"tract","47157000100","B03002_012",140,134.153
"tract","47157000100","B11001_001",3435,487.157
"tract","47157000100","B19313_001",323026800,70753945.019
"tract","47157000100","B25002_001",3564,490.25
"tract","47157000100","B25002_003",129,120.806
"tract","47157000100","B25003_001",3435,487.157
"tract","47157000100","B25003_003",2263,408.551
"tract","47157000100","B25044_001",3435,487.157
"tract","47157000100","B25044_003",30,54.708
"tract","47157000100","B25044_010",183,140.243
"tract","47157000100","B28002_001",3435,487.157
"tract","47157000100","B28002_013",22,41.085
"tract","47157000100","C17002_001",5307,798.711
"tract","47157000100","C17002_002",530,218.119
"tract","47157000100","C17002_003",150,136.945
"tract","47157000100","POP100",5821,0
"tract","47157000100","POP100_all",5821,0
"tract","47157000200","B01003_001",1100,319
"tract","47157000200","B03002_001",1100,319
"tract","47157000200","B03002_003",28,41
"tract","47157000200","B03002_004",998,321
"tract","47157000200","B03002_012",0,14
"tract","47157000200","B11001_001",493,83
"tract","47157000200","B19313_001",14676900,4276025
"tract","47157000200","B25002_001",604,73
"tract","47157000200","B25002_003",111,57
"tract","47157000200","B25003_001",493,83
"tract","47157000200","B25003_003",446,76
"tract","47157000200","B25044_001",493,83
"tract","47157000200","B25044_003",0,14
"tract","47157000200","B25044_010",149,69
"tract","47157000200","B28002_001",493,83
"tract","47157000200","B28002_013",20,19
"tract","47157000200","C17002_001",1073,298
"tract","47157000200","C17002_002",203,129
"tract","47157000200","C17002_003",319,203
"tract","47157000200","POP100",1117,0
"tract","47157000200","POP100_all",1117,0
"tract","47157000300","B01003_001",535,162
"tract","47157000300","B03002_001",535,162
"tract","47157000300","B03002_003",2,2
"tract","47157000300","B03002_004",528,164
"tract","47157000300","B03002_012",0,14
"tract","47157000300","B11001_001",243,51
"tract","47157000300","B19313_001",8759500,2679855
"tract","47157000300","B25002_001",371,56
"tract","47157000300","B25002_003",128,48
"tract","47157000300","B25003_001",243,51
"tract","47157000300","B25003_003",89,40
"tract","47157000300","B25044_001",243,51
"tract","47157000300","B25044_003",23,25
"tract","47157000300","B25044_010",16,19
"tract","47157000300","B28002_001",243,51
"tract","47157000300","B28002_013",24,19
"tract","47157000300","C17002_001",535,162
"tract","47157000300","C17002_002",84,87
"tract","47157000300","C17002_003",53,44
"tract","47157000300","POP100",675,0
"tract","47157000300","POP100_all",675,0
"tract","47157000400","B01003_001",1359,417.609
"tract","47157000400","B03002_001",1359,417.609
"tract","47157000400","B03002_003",15,16.643
"tract","47157000400","B03002_004",1286,396.138
"tract","47157000400","B03002_012",0,19.799
"tract","47157000400","B11001_001",544,117.034
"tract","47157000400","B19313_001",24732200,11226628.542
"tract","47157000400","B25002_001",693,125.399
"tract","47157000400","B25002_003",149,75.472
"tract","47157000400","B25003_001",544,117.034
"tract","47157000400","B25003_003",425,120.42
"tract","47157000400","B25044_001",544,117.034
"tract","47157000400","B25044_003",13,16.279
"tract","47157000400","B25044_010",207,87.207
"tract","47157000400","B28002_001",544,117.034
"tract","47157000400","B28002_013",96,57.079
"tract","47157000400","C17002_001",1359,417.609
"tract","47157000400","C17002_002",176,97.268
"tract","47157000400","C17002_003",450,261.91
"tract","47157000400","POP100",1350,0
"tract","47157000400","POP100_all",1350,0
"tract","47157000600","B01003_001",1578,423.178
"tract","47157000600","B03002_001",1578,423.178
"tract","47157000600","B03002_003",0,19.799
"tract","47157000600","B03002_004",1522,431.153
"tract","47157000600","B03002_012",0,19.799
"tract","47157000600","B11001_001",753,180.854
"tract","47157000600","B19313_001",42073000,16702036.994
"tract","47157000600","B25002_001",926,164.21
"tract","47157000600","B25002_003",173,75.166
"tract","47157000600","B25003_001",753,180.854
"tract","47157000600","B25003_003",399,154.156
"tract","47157000600","B25044_001",753,180.854
"tract","47157000600","B25044_003",19,24.413
"tract","47157000600","B25044_010",178,109.202
"tract","47157000600","B28002_001",753,180.854
"tract","47157000600","B28002_013",271,125.399
"tract","47157000600","C17002_001",1578,423.178
"tract","47157000600","C17002_002",270,202.252
"tract","47157000600","C17002_003",393,247.73
"tract","47157000600","POP100",1695,0
"tract","47157000600","POP100_all",1695,0
"tract","47157000700","B01003_001",3702,898.523
"tract","47157000700","B03002_001",3702,898.523
"tract","47157000700","B03002_003",226,182.661
"tract","47157000700","B03002_004",3293,793.439
"tract","47157000700","B03002_012",39,294.647
"tract","47157000700","B11001_001",1983,439.567
"tract","47157000700","B19313_001",98117800,39265527.303
"tract","47157000700","B25002_001",2449,477.631
"tract","47157000700","B25002_003",466,229.229
"tract","47157000700","B25003_001",1983,439.567
"tract","47157000700","B25003_003",1210,321.369
"tract","47157000700","B25044_001",1983,439.567
"tract","47157000700","B25044_003",50,49.97
"tract","47157000700","B25044_010",228,141.213
"tract","47157000700","B28002_001",1983,439.567
"tract","47157000700","B28002_013",338,176.389
"tract","47157000700","C17002_001",3685,898.523
"tract","47157000700","C17002_002",556,383.054
"tract","47157000700","C17002_003",628,414.89
"tract","47157000700","POP100",4654,0
"tract","47157000700","POP100_all",4654,0
"tract","47157000800","B01003_001",2102,611.266
"tract","47157000800","B03002_001",2102,611.266
"tract","47157000800","B03002_003",18,17.578
"tract","47157000800","B03002_004",1991,598.815
"tract","47157000800","B03002_012",72,110.784
"tract","47157000800","B11001_001",944,278.745
"tract","47157000800","B19313_001",82519800,43105722.344
"tract","47157000800","B25002_001",1185,266.97
"tract","47157000800","B25002_003",241,100.105
"tract","47157000800","B25003_001",944,278.745
"tract","47157000800","B25003_003",603,258.306
"tract","47157000800","B25044_001",944,278.745
"tract","47157000800","B25044_003",89,61.911
"tract","47157000800","B25044_010",286,179.881
"tract","47157000800","B28002_001",944,278.745
"tract","47157000800","B28002_013",430,188.098
"tract","47157000800","C17002_001",2102,611.266
"tract","47157000800","C17002_002",293,228.548
"tract","47157000800","C17002_003",239,157.594
"tract","47157000800","POP100",1934,0
"tract","47157000800","POP100_all",1934,0
"tract","47157000900","B01003_001",2435,788.671
"tract","47157000900","B03002_001",2435,788.671
"tract","47157000900","B03002_003",129,166.184
"tract","47157000900","B03002_004",1890,618.702
"tract","47157000900","B03002_012",416,539.696
"tract","47157000900","B11001_001",955,208.89
"tract","47157000900","B19313_001",57842200,32108290.687
"tract","47157000900","B25002_001",1131,225.309
"tract","47157000900","B25002_003",176,113.464
"tract","47157000900","B25003_001",955,208.89
"tract","47157000900","B25003_003",420,160.574
"tract","47157000900","B25044_001",955,208.89
"tract","47157000900","B25044_003",105,58.455
"tract","47157000900","B25044_010",125,81.031
"tract","47157000900","B28002_001",955,208.89
"tract","47157000900","B28002_013",181,86.96
"tract","47157000900","C17002_001",2411,787.963
"tract","47157000900","C17002_002",283,183.946
"tract","47157000900","C17002_003",582,543.302
"tract","47157000900","POP100",2519,0
"tract","47157000900","POP100_all",2519,0
"tract","47157001100","B01003_001",3602,1226.306
"tract","47157001100","B03002_001",3602,1226.306
"tract","47157001100","B03002_003",238,167.508
"tract","47157001100","B03002_004",1067,365.042
"tract","47157001100","B03002_012",1606,715.744
"tract","47157001100","B11001_001",1072,244.334
"tract","47157001100","B19313_001",56015400,19059544.73
"tract","47157001100","B25002_001",1191,246.051
"tract","47157001100","B25002_003",119,90.233
"tract","47157001100","B25003_001",1072,244.334
"tract","47157001100","B25003_003",636,204.416
"tract","47157001100","B25044_001",1072,244.334
"tract","47157001100","B25044_003",39,37.63
"tract","47157001100","B25044_010",49,43.463
"tract","47157001100","B28002_001",1072,244.334
"tract","47157001100","B28002_013",103,74.927
"tract","47157001100","C17002_001",3602,1226.306
"tract","47157001100","C17002_002",974,650.235
"tract","47157001100","C17002_003",337,241.698
"tract","47157001100","POP100",3474,0
"tract","47157001100","POP100_all",3474,0
"tract","47157001200","B01003_001",4215,1061.381
"tract","47157001200","B03002_001",4215,1061.381
"tract","47157001200","B03002_003",1393,417.121
"tract","47157001200","B03002_004",447,268.233
"tract","47157001200","B03002_012",1908,1020.34
"tract","47157001200","B11001_001",1224,199.183
"tract","47157001200","B19313_001",69250600,13093635.205
"tract","47157001200","B25002_001",1280,208.885
"tract","47157001200","B25002_003",56,65.177
"tract","47157001200","B25003_001",1224,199.183
"tract","47157001200","B25003_003",691,177.361
"tract","47157001200","B25044_001",1224,199.183
"tract","47157001200","B25044_003",0,24.249
"tract","47157001200","B25044_010",57,59.473
"tract","47157001200","B28002_001",1224,199.183
"tract","47157001200","B28002_013",123,107.369
"tract","47157001200","C17002_001",3910,868.08
"tract","47157001200","C17002_002",349,231.097
"tract","47157001200","C17002_003",883,608.435
"tract","47157001200","POP100",4101,0
"tract","47157001200","POP100_all",4101,0
"tract","47157001300","B01003_001",4247,1118.183
"tract","47157001300","B03002_001",4247,1118.183
"tract","47157001300","B03002_003",312,185.844
"tract","47157001300","B03002_004",2156,671.975
"tract","47157001300","B03002_012",1675,892.731
"tract","47157001300","B11001_001",1118,241.568
"tract","47157001300","B19313_001",88156600,50362614.552
"tract","47157001300","B25002_001",1365,269.72
"tract","47157001300","B25002_003",247,117.805
"tract","47157001300","B25003_001",1118,241.568
"tract","47157001300","B25003_003",679,194.255
"tract","47157001300","B25044_001",1118,241.568
"tract","47157001300","B25044_003",64,62.498
"tract","47157001300","B25044_010",149,103.32
"tract","47157001300","B28002_001",1118,241.568
"tract","47157001300","B28002_013",78,61.196
"tract","47157001300","C17002_001",4203,1118.183
"tract","47157001300","C17002_002",1027,573.288
"tract","47157001300","C17002_003",650,615.258
"tract","47157001300","POP100",3676,0
"tract","47157001300","POP100_all",3676,0
"tract","47157001400","B01003_001",1601,465
"tract","47157001400","B03002_001",1601,465
"tract","47157001400","B03002_003",175,134
"tract","47157001400","B03002_004",1035,351
"tract","47157001400","B03002_012",391,422
"tract","47157001400","B11001_001",633,114
"tract","47157001400","B19313_001",29405800,7171184
"tract","47157001400","B25002_001",728,107
"tract","47157001400","B25002_003",95,63
"tract","47157001400","B25003_001",633,114
"tract","47157001400","B25003_003",468,113
"tract","47157001400","B25044_001",633,114
"tract","47157001400","B25044_003",0,14
"tract","47157001400","B25044_010",66,57
"tract","47157001400","B28002_001",633,114
"tract","47157001400","B28002_013",169,91
"tract","47157001400","C17002_001",1598,466
"tract","47157001400","C17002_002",184,81
"tract","47157001400","C17002_003",354,281
"tract","47157001400","POP100",1426,0
"tract","47157001400","POP100_all",1426,0
"tract","47157001500","B01003_001",1919,465.536
"tract","47157001500","B03002_001",1919,465.536
"tract","47157001500","B03002_003",535,291.158
"tract","47157001500","B03002_004",1144,403.541
"tract","47157001500","B03002_012",174,145.674
"tract","47157001500","B11001_001",819,133.645
"tract","47157001500","B19313_001",52063200,13582766.415
"tract","47157001500","B25002_001",953,154.175
"tract","47157001500","B25002_003",134,75.073
"tract","47157001500","B25003_001",819,133.645
"tract","47157001500","B25003_003",392,129.808
"tract","47157001500","B25044_001",819,133.645
"tract","47157001500","B25044_003",18,20.616
"tract","47157001500","B25044_010",87,63.891
"tract","47157001500","B28002_001",819,133.645
"tract","47157001500","B28002_013",83,50.774
"tract","47157001500","C17002_001",1906,458.284
"tract","47157001500","C17002_002",235,176.647
"tract","47157001500","C17002_003",320,226.738
"tract","47157001500","POP100",1721,0
"tract","47157001500","POP100_all",1721,0
"tract","47157001600","B01003_001",3052,297.741
"tract","47157001600","B03002_001",3052,297.741
"tract","47157001600","B03002_003",2210,309.919
"tract","47157001600","B03002_004",371,140.431
"tract","47157001600","B03002_012",272,138.928
"tract","47157001600","B11001_001",839,122.801
"tract","47157001600","B19313_001",141139300,29951820.097
"tract","47157001600","B25002_001",1011,166.412
"tract","47157001600","B25002_003",172,121.758
"tract","47157001600","B25003_001",839,122.801
"tract","47157001600","B25003_003",141,68.25
"tract","47157001600","B25044_001",839,122.801
"tract","47157001600","B25044_003",7,17.804
"tract","47157001600","B25044_010",39,58.694
"tract","47157001600","B28002_001",839,122.801
"tract","47157001600","B28002_013",23,39.56
"tract","47157001600","C17002_001",1797,273.929
"tract","47157001600","C17002_002",137,83.024
"tract","47157001600","C17002_003",46,49.649
"tract","47157001600","POP100",3159,0
"tract","47157001600","POP100_all",3159,0
"tract","47157001700","B01003_001",3625,657.634
"tract","47157001700","B03002_001",3625,657.634
"tract","47157001700","B03002_003",1635,341.305
"tract","47157001700","B03002_004",1555,520.854
"tract","47157001700","B03002_012",124,83.481
"tract","47157001700","B11001_001",1910,367.334
"tract","47157001700","B19313_001",162192500,39551322.09
"tract","47157001700","B25002_001",2108,386.256
"tract","47157001700","B25002_003",198,116.469
"tract","47157001700","B25003_001",1910,367.334
"tract","47157001700","B25003_003",787,263
"tract","47157001700","B25044_001",1910,367.334
"tract","47157001700","B25044_003",180,234.222
"tract","47157001700","B25044_010",134,77.878
"tract","47157001700","B28002_001",1910,367.334
"tract","47157001700","B28002_013",199,235.204
"tract","47157001700","C17002_001",3609,657.634
"tract","47157001700","C17002_002",223,131.221
"tract","47157001700","C17002_003",141,89.944
"tract","47157001700","POP100",3493,0
"tract","47157001700","POP100_all",3493,0
"tract","47157001900","B01003_001",1263,422.303
"tract","47157001900","B03002_001",1263,422.303
"tract","47157001900","B03002_003",13,20.518
"tract","47157001900","B03002_004",1250,422.303
"tract","47157001900","B03002_012",0,19.799
"tract","47157001900","B11001_001",571,142.948
"tract","47157001900","B19313_001",21696600,9782336.442
"tract","47157001900","B25002_001",706,140.929
"tract","47157001900","B25002_003",135,68
"tract","47157001900","B25003_001",571,142.948
"tract","47157001900","B25003_003",385,122.613
"tract","47157001900","B25044_001",571,142.948
"tract","47157001900","B25044_003",19,20.518
"tract","47157001900","B25044_010",140,71.868
"tract","47157001900","B28002_001",571,142.948
"tract","47157001900","B28002_013",172,75.286
"tract","47157001900","C17002_001",1263,422.303
"tract","47157001900","C17002_002",484,385.949
"tract","47157001900","C17002_003",285,151.845
"tract","47157001900","POP100",1148,0
"tract","47157001900","POP100_all",1148,0
"tract","47157002000","B01003_001",1033,226.612
"tract","47157002000","B03002_001",1033,226.612
"tract","47157002000","B03002_003",168,91.548
"tract","47157002000","B03002_004",859,243.526
"tract","47157002000","B03002_012",6,16.643
"tract","47157002000","B11001_001",556,129.275
"tract","47157002000","B19313_001",24069400,6638444.136
"tract","47157002000","B25002_001",683,146.479
"tract","47157002000","B25002_003",127,72.18
"tract","47157002000","B25003_001",556,129.275
"tract","47157002000","B25003_003",395,124.201
"tract","47157002000","B25044_001",556,129.275
"tract","47157002000","B25044_003",50,45.222
"tract","47157002000","B25044_010",117,66.468
"tract","47157002000","B28002_001",556,129.275
"tract","47157002000","B28002_013",80,54.037
"tract","47157002000","C17002_001",1018,226.612
"tract","47157002000","C17002_002",139,133.821
"tract","47157002000","C17002_003",170,94.921
"tract","47157002000","POP100",1578,0
"tract","47157002000","POP100_all",1578,0
"tract","47157002100","B01003_001",1533,400
"tract","47157002100","B03002_001",1533,400
"tract","47157002100","B03002_003",115,87
"tract","47157002100","B03002_004",1196,254
"tract","47157002100","B03002_012",199,269
"tract","47157002100","B11001_001",775,130
"tract","47157002100","B19313_001",34961200,9525576
"tract","47157002100","B25002_001",882,83
"tract","47157002100","B25002_003",107,115
"tract","47157002100","B25003_001",775,130
"tract","47157002100","B25003_003",642,120
"tract","47157002100","B25044_001",775,130
"tract","47157002100","B25044_003",0,14
"tract","47157002100","B25044_010",169,58
"tract","47157002100","B28002_001",775,130
"tract","47157002100","B28002_013",107,45
"tract","47157002100","C17002_001",1533,400
"tract","47157002100","C17002_002",229,136
"tract","47157002100","C17002_003",152,91
"tract","47157002100","POP100",1422,0
"tract","47157002100","POP100_all",1422,0
"tract","47157002400","B01003_001",2057,452.612
"tract","47157002400","B03002_001",2057,452.612
"tract","47157002400","B03002_003",189,99.504
"tract","47157002400","B03002_004",1732,439.006
"tract","47157002400","B03002_012",64,84.362
"tract","47157002400","B11001_001",954,205.944
"tract","47157002400","B19313_001",61328000,16920397.739
"tract","47157002400","B25002_001",1365,209.662
"tract","47157002400","B25002_003",411,116.64
"tract","47157002400","B25003_001",954,205.944
"tract","47157002400","B25003_003",690,200.881
"tract","47157002400","B25044_001",954,205.944
"tract","47157002400","B25044_003",13,27.441
"tract","47157002400","B25044_010",76,69.864
"tract","47157002400","B28002_001",954,205.944
"tract","47157002400","B28002_013",168,96.607
"tract","47157002400","C17002_001",2020,452.612
"tract","47157002400","C17002_002",202,154.198
"tract","47157002400","C17002_003",118,101.218
"tract","47157002400","POP100",2352,0
"tract","47157002400","POP100_all",2352,0
"tract","47157002500","B01003_001",2969,526.951
"tract","47157002500","B03002_001",2969,526.951
"tract","47157002500","B03002_003",1087,287.517
"tract","47157002500","B03002_004",864,350.865
"tract","47157002500","B03002_012",666,400.081
"tract","47157002500","B11001_001",1440,299.363
"tract","47157002500","B19313_001",99719200,22409512.972
"tract","47157002500","B25002_001",1623,309.511
"tract","47157002500","B25002_003",183,121.631
"tract","47157002500","B25003_001",1440,299.363
"tract","47157002500","B25003_003",890,293.615
"tract","47157002500","B25044_001",1440,299.363
"tract","47157002500","B25044_003",29,31.145
"tract","47157002500","B25044_010",153,82.152
"tract","47157002500","B28002_001",1440,299.363
"tract","47157002500","B28002_013",158,86.279
"tract","47157002500","C17002_001",2955,527.765
"tract","47157002500","C17002_002",541,304.554
"tract","47157002500","C17002_003",314,153.769
"tract","47157002500","POP100",3104,0
"tract","47157002500","POP100_all",3104,0
"tract","47157002600","B01003_001",2414,441.977
"tract","47157002600","B03002_001",2414,441.977
"tract","47157002600","B03002_003",1524,319.476
"tract","47157002600","B03002_004",326,260.931
"tract","47157002600","B03002_012",264,154.052
"tract","47157002600","B11001_001",1272,194.7
"tract","47157002600","B19313_001",169663600,41442045.008
"tract","47157002600","B25002_001",1342,194.165
"tract","47157002600","B25002_003",70,59.666
"tract","47157002600","B25003_001",1272,194.7
"tract","47157002600","B25003_003",430,129.035
"tract","47157002600","B25044_001",1272,194.7
"tract","47157002600","B25044_003",39,80.231
"tract","47157002600","B25044_010",0,19.799
"tract","47157002600","B28002_001",1272,194.7
"tract","47157002600","B28002_013",19,25.239
"tract","47157002600","C17002_001",2411,441.073
"tract","47157002600","C17002_002",126,128.763
"tract","47157002600","C17002_003",100,58.258
"tract","47157002600","POP100",2441,0
"tract","47157002600","POP100_all",2441,0
"tract","47157002700","B01003_001",1627,440.511
"tract","47157002700","B03002_001",1627,440.511
"tract","47157002700","B03002_003",1114,350.361
"tract","47157002700","B03002_004",433,262.092
"tract","47157002700","B03002_012",21,27.785
"tract","47157002700","B11001_001",678,129.449
"tract","47157002700","B19313_001",68659900,20679920.639
"tract","47157002700","B25002_001",846,131.529
"tract","47157002700","B25002_003",168,97.576
"tract","47157002700","B25003_001",678,129.449
"tract","47157002700","B25003_003",205,94.26
"tract","47157002700","B25044_001",678,129.449
"tract","47157002700","B25044_003",10,20.518
"tract","47157002700","B25044_010",28,49.041
"tract","47157002700","B28002_001",678,129.449
"tract","47157002700","B28002_013",37,39.357
"tract","47157002700","C17002_001",1624,440.964
"tract","47157002700","C17002_002",199,96.385
"tract","47157002700","C17002_003",97,32.696
"tract","47157002700","POP100",1774,0
"tract","47157002700","POP100_all",1774,0
"tract","47157002800","B01003_001",2735,838.289
"tract","47157002800","B03002_001",2735,838.289
"tract","47157002800","B03002_003",540,168.214
"tract","47157002800","B03002_004",1861,791.609
"tract","47157002800","B03002_012",334,303.127
"tract","47157002800","B11001_001",1258,277.926
"tract","47157002800","B19313_001",48319700,10949201.839
"tract","47157002800","B25002_001",1615,293.513
"tract","47157002800","B25002_003",357,159.593
"tract","47157002800","B25003_001",1258,277.926
"tract","47157002800","B25003_003",704,221.707
"tract","47157002800","B25044_001",1258,277.926
"tract","47157002800","B25044_003",79,61.286
"tract","47157002800","B25044_010",165,121.622
"tract","47157002800","B28002_001",1258,277.926
"tract","47157002800","B28002_013",180,111.683
"tract","47157002800","C17002_001",2735,838.289
"tract","47157002800","C17002_002",953,637.1
"tract","47157002800","C17002_003",258,210.564
"tract","47157002800","POP100",3392,0
"tract","47157002800","POP100_all",3392,0
"tract","47157002900","B01003_001",4127,691.62
"tract","47157002900","B03002_001",4127,691.62
"tract","47157002900","B03002_003",3417,642.789
"tract","47157002900","B03002_004",151,191.01
"tract","47157002900","B03002_012",155,152.555
"tract","47157002900","B11001_001",2266,415.568
"tract","47157002900","B19313_001",382348200,110705620.392
"tract","47157002900","B25002_001",2448,426.677
"tract","47157002900","B25002_003",182,143.035
"tract","47157002900","B25003_001",2266,415.568
"tract","47157002900","B25003_003",310,168.944
"tract","47157002900","B25044_001",2266,415.568
"tract","47157002900","B25044_003",142,185.941
"tract","47157002900","B25044_010",17,38.897
"tract","47157002900","B28002_001",2266,415.568
"tract","47157002900","B28002_013",50,53
"tract","47157002900","C17002_001",4127,691.62
"tract","47157002900","C17002_002",96,130.184
"tract","47157002900","C17002_003",145,145.595
"tract","47157002900","POP100",4882,0
"tract","47157002900","POP100_all",4882,0
"tract","47157003000","B01003_001",2512,515.508
"tract","47157003000","B03002_001",2512,515.508
"tract","47157003000","B03002_003",1272,265.652
"tract","47157003000","B03002_004",1176,470.15
"tract","47157003000","B03002_012",34,86.302
"tract","47157003000","B11001_001",1476,353.115
"tract","47157003000","B19313_001",107446500,31938400.198
"tract","47157003000","B25002_001",1620,364.183
"tract","47157003000","B25002_003",144,97.108
"tract","47157003000","B25003_001",1476,353.115
"tract","47157003000","B25003_003",927,342.323
"tract","47157003000","B25044_001",1476,353.115
"tract","47157003000","B25044_003",66,87.04
"tract","47157003000","B25044_010",460,274.971
"tract","47157003000","B28002_001",1476,353.115
"tract","47157003000","B28002_013",368,266.605
"tract","47157003000","C17002_001",2365,513.744
"tract","47157003000","C17002_002",324,266.88
"tract","47157003000","C17002_003",404,308.021
"tract","47157003000","POP100",2798,0
"tract","47157003000","POP100_all",2798,0
"tract","47157003100","B01003_001",3524,651.005
"tract","47157003100","B03002_001",3524,651.005
"tract","47157003100","B03002_003",2362,520.182
"tract","47157003100","B03002_004",687,383.069
"tract","47157003100","B03002_012",242,105.029
"tract","47157003100","B11001_001",1745,329.393
"tract","47157003100","B19313_001",160989300,31922970.451
"tract","47157003100","B25002_001",1897,335.158
"tract","47157003100","B25002_003",152,103.648
"tract","47157003100","B25003_001",1745,329.393
"tract","47157003100","B25003_003",875,233.146
"tract","47157003100","B25044_001",1745,329.393
"tract","47157003100","B25044_003",10,29.052
"tract","47157003100","B25044_010",93,81.658
"tract","47157003100","B28002_001",1745,329.393
"tract","47157003100","B28002_013",27,37.108
"tract","47157003100","C17002_001",3077,651.005
"tract","47157003100","C17002_002",191,96.726
"tract","47157003100","C17002_003",51,30.348
"tract","47157003100","POP100",3598,0
"tract","47157003100","POP100_all",3598,0
"tract","47157003200","B01003_001",3707,498.343
"tract","47157003200","B03002_001",3707,498.343
"tract","47157003200","B03002_003",2404,438.322
"tract","47157003200","B03002_004",968,281.587
"tract","47157003200","B03002_012",111,134.54
"tract","47157003200","B11001_001",2471,343.919
"tract","47157003200","B19313_001",151395200,27887838.121
"tract","47157003200","B25002_001",2509,344.807
"tract","47157003200","B25002_003",38,64.133
"tract","47157003200","B25003_001",2471,343.919
"tract","47157003200","B25003_003",1917,338.522
"tract","47157003200","B25044_001",2471,343.919
"tract","47157003200","B25044_003",0,24.249
"tract","47157003200","B25044_010",201,108.706
"tract","47157003200","B28002_001",2471,343.919
"tract","47157003200","B28002_013",123,103.759
"tract","47157003200","C17002_001",3272,494.435
"tract","47157003200","C17002_002",393,206.366
"tract","47157003200","C17002_003",73,75.133
"tract","47157003200","POP100",3783,0
"tract","47157003200","POP100_all",3783,0
"tract","47157003300","B01003_001",2234,379.328
"tract","47157003300","B03002_001",2234,379.328
"tract","47157003300","B03002_003",1617,314.531
"tract","47157003300","B03002_004",350,252.634
"tract","47157003300","B03002_012",190,116.619
"tract","47157003300","B11001_001",1116,222.171
"tract","47157003300","B19313_001",161427000,39779840.089
"tract","47157003300","B25002_001",1184,232.551
"tract","47157003300","B25002_003",68,78.243
"tract","47157003300","B25003_001",1116,222.171
"tract","47157003300","B25003_003",229,84.959
"tract","47157003300","B25044_001",1116,222.171
"tract","47157003300","B25044_003",0,19.799
"tract","47157003300","B25044_010",20,27.785
"tract","47157003300","B28002_001",1116,222.171
"tract","47157003300","B28002_013",70,110.887
"tract","47157003300","C17002_001",2234,379.328
"tract","47157003300","C17002_002",68,50
"tract","47157003300","C17002_003",33,30.083
"tract","47157003300","POP100",2146,0
"tract","47157003300","POP100_all",2146,0
"tract","47157003400","B01003_001",2251,550.938
"tract","47157003400","B03002_001",2251,550.938
"tract","47157003400","B03002_003",1338,419.24
"tract","47157003400","B03002_004",731,385.483
"tract","47157003400","B03002_012",82,86.215
"tract","47157003400","B11001_001",1463,423.792
"tract","47157003400","B19313_001",160382200,44872238.306
"tract","47157003400","B25002_001",1573,431.589
"tract","47157003400","B25002_003",110,84.309
"tract","47157003400","B25003_001",1463,423.792
"tract","47157003400","B25003_003",1064,413.818
"tract","47157003400","B25044_001",1463,423.792
"tract","47157003400","B25044_003",0,19.799
"tract","47157003400","B25044_010",254,303.323
"tract","47157003400","B28002_001",1463,423.792
"tract","47157003400","B28002_013",64,62.586
"tract","47157003400","C17002_001",2251,550.938
"tract","47157003400","C17002_002",220,146.154
"tract","47157003400","C17002_003",131,101.514
"tract","47157003400","POP100",2065,0
"tract","47157003400","POP100_all",2065,0
"tract","47157003500","B01003_001",2937,583.863
"tract","47157003500","B03002_001",2937,583.863
"tract","47157003500","B03002_003",2230,441.906
"tract","47157003500","B03002_004",561,406.936
"tract","47157003500","B03002_012",0,24.249
"tract","47157003500","B11001_001",1571,293.549
"tract","47157003500","B19313_001",264694300,64068979.773
"tract","47157003500","B25002_001",1750,288.217
"tract","47157003500","B25002_003",179,97.314
"tract","47157003500","B25003_001",1571,293.549
"tract","47157003500","B25003_003",782,245.758
"tract","47157003500","B25044_001",1571,293.549
"tract","47157003500","B25044_003",0,24.249
"tract","47157003500","B25044_010",13,30.348
"tract","47157003500","B28002_001",1571,293.549
"tract","47157003500","B28002_013",104,73.709
"tract","47157003500","C17002_001",2937,583.863
"tract","47157003500","C17002_002",145,105.721
"tract","47157003500","C17002_003",206,196.156
"tract","47157003500","POP100",3081,0
"tract","47157003500","POP100_all",3081,0
"tract","47157003600","B01003_001",1145,209.831
"tract","47157003600","B03002_001",1145,209.831
"tract","47157003600","B03002_003",702,178.227
"tract","47157003600","B03002_004",279,130.495
"tract","47157003600","B03002_012",13,25.239
"tract","47157003600","B11001_001",803,127.475
"tract","47157003600","B19313_001",45214700,21573730.646
"tract","47157003600","B25002_001",1065,148.003
"tract","47157003600","B25002_003",262,112.294
"tract","47157003600","B25003_001",803,127.475
"tract","47157003600","B25003_003",659,175.824
"tract","47157003600","B25044_001",803,127.475
"tract","47157003600","B25044_003",6,17.804
"tract","47157003600","B25044_010",196,100.841
"tract","47157003600","B28002_001",803,127.475
"tract","47157003600","B28002_013",45,48.083
"tract","47157003600","C17002_001",1136,209.022
"tract","47157003600","C17002_002",256,149.897
"tract","47157003600","C17002_003",64,53.852
"tract","47157003600","POP100",1586,0
"tract","47157003600","POP100_all",1586,0
"tract","47157003700","B01003_001",1282,323.241
"tract","47157003700","B03002_001",1282,323.241
"tract","47157003700","B03002_003",357,141.45
"tract","47157003700","B03002_004",748,242.118
"tract","47157003700","B03002_012",92,105.262
"tract","47157003700","B11001_001",742,118.87
"tract","47157003700","B19313_001",24362500,6742389.764
"tract","47157003700","B25002_001",921,109.481
"tract","47157003700","B25002_003",179,91.924
"tract","47157003700","B25003_001",742,118.87
"tract","47157003700","B25003_003",735,119.553
"tract","47157003700","B25044_001",742,118.87
"tract","47157003700","B25044_003",0,19.799
"tract","47157003700","B25044_010",188,64.661
"tract","47157003700","B28002_001",742,118.87
"tract","47157003700","B28002_013",171,63.253
"tract","47157003700","C17002_001",1185,298.297
"tract","47157003700","C17002_002",276,125.208
"tract","47157003700","C17002_003",266,134.852
"tract","47157003700","POP100",1291,0
"tract","47157003700","POP100_all",1291,0
"tract","47157003800","B01003_001",699,131
"tract","47157003800","B03002_001",699,131
"tract","47157003800","B03002_003",180,78
"tract","47157003800","B03002_004",416,156
"tract","47157003800","B03002_012",32,23
"tract","47157003800","B11001_001",433,57
"tract","47157003800","B19313_001",18843800,5966303
"tract","47157003800","B25002_001",579,56
"tract","47157003800","B25002_003",146,56
"tract","47157003800","B25003_001",433,57
"tract","47157003800","B25003_003",427,58
"tract","47157003800","B25044_001",433,57
"tract","47157003800","B25044_003",0,14
"tract","47157003800","B25044_010",227,67
"tract","47157003800","B28002_001",433,57
"tract","47157003800","B28002_013",52,32
"tract","47157003800","C17002_001",564,121
"tract","47157003800","C17002_002",74,50
"tract","47157003800","C17002_003",114,50
"tract","47157003800","POP100",818,0
"tract","47157003800","POP100_all",818,0
"tract","47157003900","B01003_001",1384,233
"tract","47157003900","B03002_001",1384,233
"tract","47157003900","B03002_003",231,173
"tract","47157003900","B03002_004",967,184
"tract","47157003900","B03002_012",47,49
"tract","47157003900","B11001_001",1067,218
"tract","47157003900","B19313_001",41207400,12569332
"tract","47157003900","B25002_001",1424,202
"tract","47157003900","B25002_003",357,110
"tract","47157003900","B25003_001",1067,218
"tract","47157003900","B25003_003",1067,218
"tract","47157003900","B25044_001",1067,218
"tract","47157003900","B25044_003",0,14
"tract","47157003900","B25044_010",442,152
"tract","47157003900","B28002_001",1067,218
"tract","47157003900","B28002_013",181,106
"tract","47157003900","C17002_001",1374,233
"tract","47157003900","C17002_002",374,236
"tract","47157003900","C17002_003",249,145
"tract","47157003900","POP100",1532,0
"tract","47157003900","POP100_all",1532,0
"tract","47157004200","B01003_001",3445,669.051
"tract","47157004200","B03002_001",3445,669.051
"tract","47157004200","B03002_003",2072,513.838
"tract","47157004200","B03002_004",792,358.879
"tract","47157004200","B03002_012",143,104.35
"tract","47157004200","B11001_001",2494,442.702
"tract","47157004200","B19313_001",317501500,76849424.314
"tract","47157004200","B25002_001",3009,464.683
"tract","47157004200","B25002_003",515,254.364
"tract","47157004200","B25003_001",2494,442.702
"tract","47157004200","B25003_003",1861,421.18
"tract","47157004200","B25044_001",2494,442.702
"tract","47157004200","B25044_003",26,44.632
"tract","47157004200","B25044_010",152,101.671
"tract","47157004200","B28002_001",2494,442.702
"tract","47157004200","B28002_013",69,66.776
"tract","47157004200","C17002_001",3445,669.051
"tract","47157004200","C17002_002",121,97.883
"tract","47157004200","C17002_003",0,24.249
"tract","47157004200","POP100",3432,0
"tract","47157004200","POP100_all",3432,0
"tract","47157004300","B01003_001",2926,488.401
"tract","47157004300","B03002_001",2926,488.401
"tract","47157004300","B03002_003",1900,432.925
"tract","47157004300","B03002_004",477,282.002
"tract","47157004300","B03002_012",147,126.89
"tract","47157004300","B11001_001",2055,363.453
"tract","47157004300","B19313_001",356741300,83875243.01
"tract","47157004300","B25002_001",2188,357.414
"tract","47157004300","B25002_003",133,107.648
"tract","47157004300","B25003_001",2055,363.453
"tract","47157004300","B25003_003",1210,348.21
"tract","47157004300","B25044_001",2055,363.453
"tract","47157004300","B25044_003",0,19.799
"tract","47157004300","B25044_010",21,35.847
"tract","47157004300","B28002_001",2055,363.453
"tract","47157004300","B28002_013",70,69.354
"tract","47157004300","C17002_001",2926,488.401
"tract","47157004300","C17002_002",203,215.407
"tract","47157004300","C17002_003",53,50.961
"tract","47157004300","POP100",3091,0
"tract","47157004300","POP100_all",3091,0
"tract","47157004500","B01003_001",673,155
"tract","47157004500","B03002_001",673,155
"tract","47157004500","B03002_003",29,34
"tract","47157004500","B03002_004",616,164
"tract","47157004500","B03002_012",26,16
"tract","47157004500","B11001_001",361,114
"tract","47157004500","B19313_001",13399200,3309215
"tract","47157004500","B25002_001",424,109
"tract","47157004500","B25002_003",63,43
"tract","47157004500","B25003_001",361,114
"tract","47157004500","B25003_003",316,115
"tract","47157004500","B25044_001",361,114
"tract","47157004500","B25044_003",0,14
"tract","47157004500","B25044_010",122,79
"tract","47157004500","B28002_001",361,114
"tract","47157004500","B28002_013",69,68
"tract","47157004500","C17002_001",673,155
"tract","47157004500","C17002_002",31,30
"tract","47157004500","C17002_003",322,141
"tract","47157004500","POP100",831,0
"tract","47157004500","POP100_all",831,0
"tract","47157004600","B01003_001",1559,368.42
"tract","47157004600","B03002_001",1559,368.42
"tract","47157004600","B03002_003",187,110.887
"tract","47157004600","B03002_004",1356,377.08
"tract","47157004600","B03002_012",0,19.799
"tract","47157004600","B11001_001",698,156.541
"tract","47157004600","B19313_001",41339500,10242053.352
"tract","47157004600","B25002_001",840,157.385
"tract","47157004600","B25002_003",142,65.552
"tract","47157004600","B25003_001",698,156.541
"tract","47157004600","B25003_003",491,152.109
"tract","47157004600","B25044_001",698,156.541
"tract","47157004600","B25044_003",0,19.799
"tract","47157004600","B25044_010",109,45
"tract","47157004600","B28002_001",698,156.541
"tract","47157004600","B28002_013",85,43.841
"tract","47157004600","C17002_001",1505,364.161
"tract","47157004600","C17002_002",112,89.404
"tract","47157004600","C17002_003",171,86.683
"tract","47157004600","POP100",1492,0
"tract","47157004600","POP100_all",1492,0
"tract","47157005000","B01003_001",968,256.416
"tract","47157005000","B03002_001",968,256.416
"tract","47157005000","B03002_003",73,70.406
"tract","47157005000","B03002_004",895,243.019
"tract","47157005000","B03002_012",0,19.799
"tract","47157005000","B11001_001",428,85.147
"tract","47157005000","B19313_001",7771100,2970062.009
"tract","47157005000","B25002_001",527,101.823
"tract","47157005000","B25002_003",99,49.477
"tract","47157005000","B25003_001",428,85.147
"tract","47157005000","B25003_003",393,80.156
"tract","47157005000","B25044_001",428,85.147
"tract","47157005000","B25044_003",0,19.799
"tract","47157005000","B25044_010",143,60.216
"tract","47157005000","B28002_001",428,85.147
"tract","47157005000","B28002_013",72,50.961
"tract","47157005000","C17002_001",968,256.416
"tract","47157005000","C17002_002",610,242.671
"tract","47157005000","C17002_003",105,66.408
"tract","47157005000","POP100",1021,0
"tract","47157005000","POP100_all",1021,0
"tract","47157005300","B01003_001",2606,848.822
"tract","47157005300","B03002_001",2606,848.822
"tract","47157005300","B03002_003",0,24.249
"tract","47157005300","B03002_004",2548,845.228
"tract","47157005300","B03002_012",8,23.152
"tract","47157005300","B11001_001",1170,248.324
"tract","47157005300","B19313_001",43903800,9971299.183
"tract","47157005300","B25002_001",1656,269.186
"tract","47157005300","B25002_003",486,165.741
"tract","47157005300","B25003_001",1170,248.324
"tract","47157005300","B25003_003",731,229.218
"tract","47157005300","B25044_001",1170,248.324
"tract","47157005300","B25044_003",55,56.542
"tract","47157005300","B25044_010",165,104.043
"tract","47157005300","B28002_001",1170,248.324
"tract","47157005300","B28002_013",222,106.118
"tract","47157005300","C17002_001",2606,848.822
"tract","47157005300","C17002_002",423,260.14
"tract","47157005300","C17002_003",689,665.86
"tract","47157005300","POP100",3023,0
"tract","47157005300","POP100_all",3023,0
"tract","47157005500","B01003_001",2062,504.505
"tract","47157005500","B03002_001",2062,504.505
"tract","47157005500","B03002_003",22,29.597
"tract","47157005500","B03002_004",1982,494.065
"tract","47157005500","B03002_012",0,24.249
"tract","47157005500","B11001_001",771,191.951
"tract","47157005500","B19313_001",34994600,8406571.614
"tract","47157005500","B25002_001",1224,225.362
"tract","47157005500","B25002_003",453,142.204
"tract","47157005500","B25003_001",771,191.951
"tract","47157005500","B25003_003",408,191.974
"tract","47157005500","B25044_001",771,191.951
"tract","47157005500","B25044_003",14,27.441
"tract","47157005500","B25044_010",102,86.302
"tract","47157005500","B28002_001",771,191.951
"tract","47157005500","B28002_013",226,172.078
"tract","47157005500","C17002_001",2038,489.617
"tract","47157005500","C17002_002",304,288.626
"tract","47157005500","C17002_003",432,257.48
"tract","47157005500","POP100",1934,0
"tract","47157005500","POP100_all",1934,0
"tract","47157005600","B01003_001",3417,832.305
"tract","47157005600","B03002_001",3417,832.305
"tract","47157005600","B03002_003",27,45.53
"tract","47157005600","B03002_004",3375,832.496
"tract","47157005600","B03002_012",0,24.249
"tract","47157005600","B11001_001",1377,251.014
"tract","47157005600","B19313_001",79852900,27433660.339
"tract","47157005600","B25002_001",1766,256.893
"tract","47157005600","B25002_003",389,146.663
"tract","47157005600","B25003_001",1377,251.014
"tract","47157005600","B25003_003",781,198.557
"tract","47157005600","B25044_001",1377,251.014
"tract","47157005600","B25044_003",70,51.342
"tract","47157005600","B25044_010",161,106.611
"tract","47157005600","B28002_001",1377,251.014
"tract","47157005600","B28002_013",249,118.089
"tract","47157005600","C17002_001",3417,832.305
"tract","47157005600","C17002_002",1195,625.464
"tract","47157005600","C17002_003",251,190.749
"tract","47157005600","POP100",3675,0
"tract","47157005600","POP100_all",3675,0
"tract","47157005700","B01003_001",1745,485.149
"tract","47157005700","B03002_001",1745,485.149
"tract","47157005700","B03002_003",42,24.413
"tract","47157005700","B03002_004",1682,484.455
"tract","47157005700","B03002_012",0,19.799
"tract","47157005700","B11001_001",770,179.961
"tract","47157005700","B19313_001",29100200,8277620.926
"tract","47157005700","B25002_001",1016,176.828
"tract","47157005700","B25002_003",246,106.217
"tract","47157005700","B25003_001",770,179.961
"tract","47157005700","B25003_003",612,174.092
"tract","47157005700","B25044_001",770,179.961
"tract","47157005700","B25044_003",11,22.023
"tract","47157005700","B25044_010",123,95.771
"tract","47157005700","B28002_001",770,179.961
"tract","47157005700","B28002_013",145,105.65
"tract","47157005700","C17002_001",1745,485.149
"tract","47157005700","C17002_002",398,274
"tract","47157005700","C17002_003",233,161.484
"tract","47157005700","POP100",1921,0
"tract","47157005700","POP100_all",1921,0
"tract","47157005800","B01003_001",1096,486.991
"tract","47157005800","B03002_001",1096,486.991
"tract","47157005800","B03002_003",0,19.799
"tract","47157005800","B03002_004",1091,487.94
"tract","47157005800","B03002_012",0,19.799
"tract","47157005800","B11001_001",334,108.227
"tract","47157005800","B19313_001",10833500,4167705.022
"tract","47157005800","B25002_001",492,100.767
"tract","47157005800","B25002_003",158,72.236
"tract","47157005800","B25003_001",334,108.227
"tract","47157005800","B25003_003",294,107.378
"tract","47157005800","B25044_001",334,108.227
"tract","47157005800","B25044_003",13,17.804
"tract","47157005800","B25044_010",61,39.661
"tract","47157005800","B28002_001",334,108.227
"tract","47157005800","B28002_013",113,59.666
"tract","47157005800","C17002_001",981,365.978
"tract","47157005800","C17002_002",327,243.742
"tract","47157005800","C17002_003",324,219.802
"tract","47157005800","POP100",967,0
"tract","47157005800","POP100_all",967,0
"tract","47157005900","B01003_001",2082,808.706
"tract","47157005900","B03002_001",2082,808.706
"tract","47157005900","B03002_003",66,76.322
"tract","47157005900","B03002_004",1883,798.204
"tract","47157005900","B03002_012",85,82.414
"tract","47157005900","B11001_001",567,154.935
"tract","47157005900","B19313_001",15343400,5703215.266
"tract","47157005900","B25002_001",848,179.761
"tract","47157005900","B25002_003",281,116.97
"tract","47157005900","B25003_001",567,154.935
"tract","47157005900","B25003_003",316,116.142
"tract","47157005900","B25044_001",567,154.935
"tract","47157005900","B25044_003",16,34.293
"tract","47157005900","B25044_010",55,43.012
"tract","47157005900","B28002_001",567,154.935
"tract","47157005900","B28002_013",60,50.675
"tract","47157005900","C17002_001",2077,808.706
"tract","47157005900","C17002_002",1379,748.993
"tract","47157005900","C17002_003",358,220.821
"tract","47157005900","POP100",1952,0
"tract","47157005900","POP100_all",1952,0
"tract","47157006000","B01003_001",1633,392.311
"tract","47157006000","B03002_001",1633,392.311
"tract","47157006000","B03002_003",0,19.799
"tract","47157006000","B03002_004",1633,392.311
"tract","47157006000","B03002_012",0,19.799
"tract","47157006000","B11001_001",684,131.244
"tract","47157006000","B19313_001",27800500,7231544.6
"tract","47157006000","B25002_001",828,139.054
"tract","47157006000","B25002_003",144,70.178
"tract","47157006000","B25003_001",684,131.244
"tract","47157006000","B25003_003",374,118.343
"tract","47157006000","B25044_001",684,131.244
"tract","47157006000","B25044_003",55,37.537
"tract","47157006000","B25044_010",185,107.168
"tract","47157006000","B28002_001",684,131.244
"tract","47157006000","B28002_013",60,41.183
"tract","47157006000","C17002_001",1633,392.311
"tract","47157006000","C17002_002",558,361.5
"tract","47157006000","C17002_003",96,50.567
"tract","47157006000","POP100",1759,0
"tract","47157006000","POP100_all",1759,0
"tract","47157006200","B01003_001",1635,434.925
"tract","47157006200","B03002_001",1635,434.925
"tract","47157006200","B03002_003",101,80.156
"tract","47157006200","B03002_004",1310,396.94
"tract","47157006200","B03002_012",162,178.104
"tract","47157006200","B11001_001",673,207.858
"tract","47157006200","B19313_001",35072800,8400997.188
"tract","47157006200","B25002_001",976,212.059
"tract","47157006200","B25002_003",303,89.939
"tract","47157006200","B25003_001",673,207.858
"tract","47157006200","B25003_003",189,87.846
"tract","47157006200","B25044_001",673,207.858
"tract","47157006200","B25044_003",36,31.78
"tract","47157006200","B25044_010",37,34.928
"tract","47157006200","B28002_001",673,207.858
"tract","47157006200","B28002_013",205,170.836
"tract","47157006200","C17002_001",1635,434.925
"tract","47157006200","C17002_002",109,130
"tract","47157006200","C17002_003",150,168.716
"tract","47157006200","POP100",1676,0
"tract","47157006200","POP100_all",1676,0
"tract","47157006300","B01003_001",2248,448.685
"tract","47157006300","B03002_001",2248,448.685
"tract","47157006300","B03002_003",1464,332.707
"tract","47157006300","B03002_004",543,316.665
"tract","47157006300","B03002_012",113,94.958
"tract","47157006300","B11001_001",1121,224.43
"tract","47157006300","B19313_001",122071600,23341951.489
"tract","47157006300","B25002_001",1231,223.173
"tract","47157006300","B25002_003",110,80.846
"tract","47157006300","B25003_001",1121,224.43
"tract","47157006300","B25003_003",336,178.555
"tract","47157006300","B25044_001",1121,224.43
"tract","47157006300","B25044_003",0,24.249
"tract","47157006300","B25044_010",0,24.249
"tract","47157006300","B28002_001",1121,224.43
"tract","47157006300","B28002_013",64,59.615
"tract","47157006300","C17002_001",2248,448.685
"tract","47157006300","C17002_002",112,100.827
"tract","47157006300","C17002_003",114,99.267
"tract","47157006300","POP100",2182,0
"tract","47157006300","POP100_all",2182,0
"tract","47157006400","B01003_001",1474,343
"tract","47157006400","B03002_001",1474,343
"tract","47157006400","B03002_003",193,129
"tract","47157006400","B03002_004",1176,324
"tract","47157006400","B03002_012",40,44
"tract","47157006400","B11001_001",627,114
"tract","47157006400","B19313_001",58082100,13885814
"tract","47157006400","B25002_001",786,99
"tract","47157006400","B25002_003",159,67
"tract","47157006400","B25003_001",627,114
"tract","47157006400","B25003_003",240,108
"tract","47157006400","B25044_001",627,114
"tract","47157006400","B25044_003",19,18
"tract","47157006400","B25044_010",28,22
"tract","47157006400","B28002_001",627,114
"tract","47157006400","B28002_013",44,28
"tract","47157006400","C17002_001",1474,343
"tract","47157006400","C17002_002",115,91
"tract","47157006400","C17002_003",96,114
"tract","47157006400","POP100",1520,0
"tract","47157006400","POP100_all",1520,0
"tract","47157006500","B01003_001",2091,601.96
"tract","47157006500","B03002_001",2091,601.96
"tract","47157006500","B03002_003",0,19.799
"tract","47157006500","B03002_004",1949,602.429
"tract","47157006500","B03002_012",142,153.688
"tract","47157006500","B11001_001",971,194.672
"tract","47157006500","B19313_001",51962300,17667667.487
"tract","47157006500","B25002_001",1148,194
"tract","47157006500","B25002_003",177,108.559
"tract","47157006500","B25003_001",971,194.672
"tract","47157006500","B25003_003",618,182.571
"tract","47157006500","B25044_001",971,194.672
"tract","47157006500","B25044_003",63,68.447
"tract","47157006500","B25044_010",145,106.019
"tract","47157006500","B28002_001",971,194.672
"tract","47157006500","B28002_013",182,100.846
"tract","47157006500","C17002_001",2091,601.96
"tract","47157006500","C17002_002",668,431.231
"tract","47157006500","C17002_003",49,75.24
"tract","47157006500","POP100",2346,0
"tract","47157006500","POP100_all",2346,0
"tract","47157006600","B01003_001",2133,404.725
"tract","47157006600","B03002_001",2133,404.725
"tract","47157006600","B03002_003",1144,304.266
"tract","47157006600","B03002_004",763,251.143
"tract","47157006600","B03002_012",50,48.083
"tract","47157006600","B11001_001",1197,246.789
"tract","47157006600","B19313_001",106683100,29971058.328
"tract","47157006600","B25002_001",1407,249.778
"tract","47157006600","B25002_003",210,103.479
"tract","47157006600","B25003_001",1197,246.789
"tract","47157006600","B25003_003",715,226.153
"tract","47157006600","B25044_001",1197,246.789
"tract","47157006600","B25044_003",0,19.799
"tract","47157006600","B25044_010",8,19.799
"tract","47157006600","B28002_001",1197,246.789
"tract","47157006600","B28002_013",98,136.444
"tract","47157006600","C17002_001",2133,404.725
"tract","47157006600","C17002_002",177,88.685
"tract","47157006600","C17002_003",66,86.145
"tract","47157006600","POP100",2127,0
"tract","47157006600","POP100_all",2127,0
"tract","47157006700","B01003_001",2612,849.565
"tract","47157006700","B03002_001",2612,849.565
"tract","47157006700","B03002_003",1,24.434
"tract","47157006700","B03002_004",2572,846.665
"tract","47157006700","B03002_012",11,29.614
"tract","47157006700","B11001_001",1291,334.03
"tract","47157006700","B19313_001",51633300,15522110.954
"tract","47157006700","B25002_001",1552,347.467
"tract","47157006700","B25002_003",261,141.298
"tract","47157006700","B25003_001",1291,334.03
"tract","47157006700","B25003_003",885,301.66
"tract","47157006700","B25044_001",1291,334.03
"tract","47157006700","B25044_003",69,101.926
"tract","47157006700","B25044_010",119,74.478
"tract","47157006700","B28002_001",1291,334.03
"tract","47157006700","B28002_013",275,121.149
"tract","47157006700","C17002_001",2610,849.565
"tract","47157006700","C17002_002",208,179.544
"tract","47157006700","C17002_003",450,345.696
"tract","47157006700","POP100",3023,0
"tract","47157006700","POP100_all",3023,0
"tract","47157006800","B01003_001",2043,571.823
"tract","47157006800","B03002_001",2043,571.823
"tract","47157006800","B03002_003",19,24.125
"tract","47157006800","B03002_004",2010,566.246
"tract","47157006800","B03002_012",2,20.025
"tract","47157006800","B11001_001",898,181.956
"tract","47157006800","B19313_001",40904000,10696204.208
"tract","47157006800","B25002_001",1080,193.783
"tract","47157006800","B25002_003",182,91.504
"tract","47157006800","B25003_001",898,181.956
"tract","47157006800","B25003_003",503,163.936
"tract","47157006800","B25044_001",898,181.956
"tract","47157006800","B25044_003",28,21.749
"tract","47157006800","B25044_010",183,101.853
"tract","47157006800","B28002_001",898,181.956
"tract","47157006800","B28002_013",113,77.434
"tract","47157006800","C17002_001",2027,570.618
"tract","47157006800","C17002_002",212,127.941
"tract","47157006800","C17002_003",441,362.837
"tract","47157006800","POP100",2056,0
"tract","47157006800","POP100_all",2056,0
"tract","47157006900","B01003_001",2234,557.777
"tract","47157006900","B03002_001",2234,557.777
"tract","47157006900","B03002_003",14,28.142
"tract","47157006900","B03002_004",2207,557.927
"tract","47157006900","B03002_012",0,24.249
"tract","47157006900","B11001_001",993,210.129
"tract","47157006900","B19313_001",56004000,14522613.646
"tract","47157006900","B25002_001",1224,235.068
"tract","47157006900","B25002_003",231,115.681
"tract","47157006900","B25003_001",993,210.129
"tract","47157006900","B25003_003",502,166.571
"tract","47157006900","B25044_001",993,210.129
"tract","47157006900","B25044_003",114,100.185
"tract","47157006900","B25044_010",84,74.33
"tract","47157006900","B28002_001",993,210.129
"tract","47157006900","B28002_013",202,115.953
"tract","47157006900","C17002_001",2234,557.777
"tract","47157006900","C17002_002",329,149.87
"tract","47157006900","C17002_003",494,369.401
"tract","47157006900","POP100",2688,0
"tract","47157006900","POP100_all",2688,0
"tract","47157007000","B01003_001",2636,565.293
"tract","47157007000","B03002_001",2636,565.293
"tract","47157007000","B03002_003",577,163.563
"tract","47157007000","B03002_004",1771,529.968
"tract","47157007000","B03002_012",170,140.488
"tract","47157007000","B11001_001",1369,235.349
"tract","47157007000","B19313_001",48418000,12151759.587
"tract","47157007000","B25002_001",1691,231.642
"tract","47157007000","B25002_003",322,122.642
"tract","47157007000","B25003_001",1369,235.349
"tract","47157007000","B25003_003",1120,230.61
"tract","47157007000","B25044_001",1369,235.349
"tract","47157007000","B25044_003",0,24.249
"tract","47157007000","B25044_010",198,91.329
"tract","47157007000","B28002_001",1369,235.349
"tract","47157007000","B28002_013",45,34.293
"tract","47157007000","C17002_001",2636,565.293
"tract","47157007000","C17002_002",884,447.511
"tract","47157007000","C17002_003",460,199.992
"tract","47157007000","POP100",3137,0
"tract","47157007000","POP100_all",3137,0
"tract","47157007100","B01003_001",2518,648.094
"tract","47157007100","B03002_001",2518,648.094
"tract","47157007100","B03002_003",1731,578.744
"tract","47157007100","B03002_004",570,245.4
"tract","47157007100","B03002_012",91,100.17
"tract","47157007100","B11001_001",1089,209.695
"tract","47157007100","B19313_001",289918200,106855676.575
"tract","47157007100","B25002_001",1167,210.789
"tract","47157007100","B25002_003",78,78.262
"tract","47157007100","B25003_001",1089,209.695
"tract","47157007100","B25003_003",105,69.857
"tract","47157007100","B25044_001",1089,209.695
"tract","47157007100","B25044_003",39,65.513
"tract","47157007100","B25044_010",0,19.799
"tract","47157007100","B28002_001",1089,209.695
"tract","47157007100","B28002_013",48,67.469
"tract","47157007100","C17002_001",2518,648.094
"tract","47157007100","C17002_002",10,21.26
"tract","47157007100","C17002_003",116,96.026
"tract","47157007100","POP100",2393,0
"tract","47157007100","POP100_all",2393,0
"tract","47157007200","B01003_001",2782,323.957
"tract","47157007200","B03002_001",2782,323.957
"tract","47157007200","B03002_003",2200,375.533
"tract","47157007200","B03002_004",330,210.647
"tract","47157007200","B03002_012",43,69.426
"tract","47157007200","B11001_001",1615,202.002
"tract","47157007200","B19313_001",173618900,31995867.206
"tract","47157007200","B25002_001",1791,216.453
"tract","47157007200","B25002_003",176,91.782
"tract","47157007200","B25003_001",1615,202.002
"tract","47157007200","B25003_003",806,187.963
"tract","47157007200","B25044_001",1615,202.002
"tract","47157007200","B25044_003",0,19.799
"tract","47157007200","B25044_010",18,31.305
"tract","47157007200","B28002_001",1615,202.002
"tract","47157007200","B28002_013",6,17.804
"tract","47157007200","C17002_001",2771,321.727
"tract","47157007200","C17002_002",381,207.328
"tract","47157007200","C17002_003",77,69.426
"tract","47157007200","POP100",2966,0
"tract","47157007200","POP100_all",2966,0
"tract","47157007300","B01003_001",3837,748.661
"tract","47157007300","B03002_001",3837,748.661
"tract","47157007300","B03002_003",1970,544.187
"tract","47157007300","B03002_004",903,321.386
"tract","47157007300","B03002_012",397,227.198
"tract","47157007300","B11001_001",1621,364.084
"tract","47157007300","B19313_001",128995800,44199158.565
"tract","47157007300","B25002_001",1896,356.312
"tract","47157007300","B25002_003",275,145.729
"tract","47157007300","B25003_001",1621,364.084
"tract","47157007300","B25003_003",1263,360.04
"tract","47157007300","B25044_001",1621,364.084
"tract","47157007300","B25044_003",27,47.339
"tract","47157007300","B25044_010",330,203.273
"tract","47157007300","B28002_001",1621,364.084
"tract","47157007300","B28002_013",110,106.911
"tract","47157007300","C17002_001",2527,524.676
"tract","47157007300","C17002_002",173,166.184
"tract","47157007300","C17002_003",609,283.418
"tract","47157007300","POP100",2996,0
"tract","47157007300","POP100_all",2996,0
"tract","47157007400","B01003_001",3178,661.569
"tract","47157007400","B03002_001",3178,661.569
"tract","47157007400","B03002_003",1447,291.979
"tract","47157007400","B03002_004",1009,535.731
"tract","47157007400","B03002_012",191,137.768
"tract","47157007400","B11001_001",1503,248.938
"tract","47157007400","B19313_001",75358300,14055151.281
"tract","47157007400","B25002_001",1638,247.487
"tract","47157007400","B25002_003",135,99.298
"tract","47157007400","B25003_001",1503,248.938
"tract","47157007400","B25003_003",1160,241.994
"tract","47157007400","B25044_001",1503,248.938
"tract","47157007400","B25044_003",37,63.561
"tract","47157007400","B25044_010",222,148.772
"tract","47157007400","B28002_001",1503,248.938
"tract","47157007400","B28002_013",0,19.799
"tract","47157007400","C17002_001",3105,649.659
"tract","47157007400","C17002_002",998,470.106
"tract","47157007400","C17002_003",306,175.505
"tract","47157007400","POP100",3085,0
"tract","47157007400","POP100_all",3085,0
"tract","47157007500","B01003_001",1188,324.52
"tract","47157007500","B03002_001",1188,324.52
"tract","47157007500","B03002_003",1,14.56
"tract","47157007500","B03002_004",1175,324.52
"tract","47157007500","B03002_012",0,19.799
"tract","47157007500","B11001_001",562,152.735
"tract","47157007500","B19313_001",26868100,9201941.616
"tract","47157007500","B25002_001",738,154.871
"tract","47157007500","B25002_003",176,73.007
"tract","47157007500","B25003_001",562,152.735
"tract","47157007500","B25003_003",250,110.86
"tract","47157007500","B25044_001",562,152.735
"tract","47157007500","B25044_003",24,22.472
"tract","47157007500","B25044_010",52,54.589
"tract","47157007500","B28002_001",562,152.735
"tract","47157007500","B28002_013",175,121.824
"tract","47157007500","C17002_001",1188,324.52
"tract","47157007500","C17002_002",56,43.829
"tract","47157007500","C17002_003",189,140.943
"tract","47157007500","POP100",1342,0
"tract","47157007500","POP100_all",1342,0
"tract","47157007810","B01003_001",1980,480.839
"tract","47157007810","B03002_001",1980,480.839
"tract","47157007810","B03002_003",54,84.652
"tract","47157007810","B03002_004",1911,483.278
"tract","47157007810","B03002_012",2,21.749
"tract","47157007810","B11001_001",1096,299.74
"tract","47157007810","B19313_001",47336500,13596873.579
"tract","47157007810","B25002_001",1421,311.109
"tract","47157007810","B25002_003",325,129.406
"tract","47157007810","B25003_001",1096,299.74
"tract","47157007810","B25003_003",578,175.699
"tract","47157007810","B25044_001",1096,299.74
"tract","47157007810","B25044_003",27,36.783
"tract","47157007810","B25044_010",120,75.584
"tract","47157007810","B28002_001",1096,299.74
"tract","47157007810","B28002_013",280,236.662
"tract","47157007810","C17002_001",1980,480.839
"tract","47157007810","C17002_002",207,131.932
"tract","47157007810","C17002_003",433,293.402
"tract","47157007810","POP100",2747,0
"tract","47157007810","POP100_all",2747,0
"tract","47157007821","B01003_001",4099,1077.449
"tract","47157007821","B03002_001",4099,1077.449
"tract","47157007821","B03002_003",82,89.191
"tract","47157007821","B03002_004",3894,1049.063
"tract","47157007821","B03002_012",0,31.305
"tract","47157007821","B11001_001",2184,602.89
"tract","47157007821","B19313_001",107581200,39171455.62
"tract","47157007821","B25002_001",2546,592.234
"tract","47157007821","B25002_003",362,189.85
"tract","47157007821","B25003_001",2184,602.89
"tract","47157007821","B25003_003",1343,576.804
"tract","47157007821","B25044_001",2184,602.89
"tract","47157007821","B25044_003",34,63.506
"tract","47157007821","B25044_010",112,151.773
"tract","47157007821","B28002_001",2184,602.89
"tract","47157007821","B28002_013",208,124.643
"tract","47157007821","C17002_001",4099,1077.449
"tract","47157007821","C17002_002",615,449.994
"tract","47157007821","C17002_003",979,657.913
"tract","47157007821","POP100",4450,0
"tract","47157007821","POP100_all",4450,0
"tract","47157007822","B01003_001",1316,136
"tract","47157007822","B03002_001",1316,136
"tract","47157007822","B03002_003",32,40
"tract","47157007822","B03002_004",798,243
"tract","47157007822","B03002_012",433,214
"tract","47157007822","B11001_001",588,91
"tract","47157007822","B19313_001",28318100,6696555
"tract","47157007822","B25002_001",654,80
"tract","47157007822","B25002_003",66,38
"tract","47157007822","B25003_001",588,91
"tract","47157007822","B25003_003",209,58
"tract","47157007822","B25044_001",588,91
"tract","47157007822","B25044_003",61,48
"tract","47157007822","B25044_010",18,19
"tract","47157007822","B28002_001",588,91
"tract","47157007822","B28002_013",151,82
"tract","47157007822","C17002_001",1316,136
"tract","47157007822","C17002_002",100,61
"tract","47157007822","C17002_003",355,137
"tract","47157007822","POP100",1433,0
"tract","47157007822","POP100_all",1433,0
"tract","47157007900","B01003_001",4590,1189.956
"tract","47157007900","B03002_001",4590,1189.956
"tract","47157007900","B03002_003",96,67.69
"tract","47157007900","B03002_004",4326,1171.333
"tract","47157007900","B03002_012",131,206.903
"tract","47157007900","B11001_001",2079,502.521
"tract","47157007900","B19313_001",98044900,29623437.12
"tract","47157007900","B25002_001",2572,515.281
"tract","47157007900","B25002_003",493,202.252
"tract","47157007900","B25003_001",2079,502.521
"tract","47157007900","B25003_003",971,349.44
"tract","47157007900","B25044_001",2079,502.521
"tract","47157007900","B25044_003",37,50.09
"tract","47157007900","B25044_010",166,129.638
"tract","47157007900","B28002_001",2079,502.521
"tract","47157007900","B28002_013",202,110.499
"tract","47157007900","C17002_001",4522,1174.983
"tract","47157007900","C17002_002",415,340.263
"tract","47157007900","C17002_003",528,351.987
"tract","47157007900","POP100",4839,0
"tract","47157007900","POP100_all",4839,0
"tract","47157008000","B01003_001",4732,1547.47
"tract","47157008000","B03002_001",4732,1547.47
"tract","47157008000","B03002_003",787,359.146
"tract","47157008000","B03002_004",3384,1405.602
"tract","47157008000","B03002_012",418,354.097
"tract","47157008000","B11001_001",1843,410.715
"tract","47157008000","B19313_001",122925300,29831176.968
"tract","47157008000","B25002_001",1991,414.832
"tract","47157008000","B25002_003",148,101.646
"tract","47157008000","B25003_001",1843,410.715
"tract","47157008000","B25003_003",1187,379.576
"tract","47157008000","B25044_001",1843,410.715
"tract","47157008000","B25044_003",26,57.376
"tract","47157008000","B25044_010",227,244.544
"tract","47157008000","B28002_001",1843,410.715
"tract","47157008000","B28002_013",167,140.161
"tract","47157008000","C17002_001",4732,1547.47
"tract","47157008000","C17002_002",348,339.787
"tract","47157008000","C17002_003",1034,964.739
"tract","47157008000","POP100",4891,0
"tract","47157008000","POP100_all",4891,0
"tract","47157008110","B01003_001",1857,464.294
"tract","47157008110","B03002_001",1857,464.294
"tract","47157008110","B03002_003",7,23.152
"tract","47157008110","B03002_004",1326,329.456
"tract","47157008110","B03002_012",513,382.869
"tract","47157008110","B11001_001",599,116.795
"tract","47157008110","B19313_001",28243800,8111317.229
"tract","47157008110","B25002_001",1198,151.77
"tract","47157008110","B25002_003",599,116.473
"tract","47157008110","B25003_001",599,116.795
"tract","47157008110","B25003_003",338,101.523
"tract","47157008110","B25044_001",599,116.795
"tract","47157008110","B25044_003",47,40.112
"tract","47157008110","B25044_010",26,36.783
"tract","47157008110","B28002_001",599,116.795
"tract","47157008110","B28002_013",167,67.676
"tract","47157008110","C17002_001",1845,459.299
"tract","47157008110","C17002_002",401,240.842
"tract","47157008110","C17002_003",418,330.843
"tract","47157008110","POP100",1989,0
"tract","47157008110","POP100_all",1989,0
"tract","47157008120","B01003_001",3933,991.218
"tract","47157008120","B03002_001",3933,991.218
"tract","47157008120","B03002_003",102,109.964
"tract","47157008120","B03002_004",3723,977.021
"tract","47157008120","B03002_012",87,95.425
"tract","47157008120","B11001_001",1940,426.556
"tract","47157008120","B19313_001",114386400,41873259.75
"tract","47157008120","B25002_001",2302,459.141
"tract","47157008120","B25002_003",362,195.218
"tract","47157008120","B25003_001",1940,426.556
"tract","47157008120","B25003_003",1039,350.358
"tract","47157008120","B25044_001",1940,426.556
"tract","47157008120","B25044_003",11,29.614
"tract","47157008120","B25044_010",215,139.032
"tract","47157008120","B28002_001",1940,426.556
"tract","47157008120","B28002_013",387,202.218
"tract","47157008120","C17002_001",3933,991.218
"tract","47157008120","C17002_002",737,624.531
"tract","47157008120","C17002_003",473,236.061
"tract","47157008120","POP100",4759,0
"tract","47157008120","POP100_all",4759,0
"tract","47157008200","B01003_001",5815,1515.318
"tract","47157008200","B03002_001",5815,1515.318
"tract","47157008200","B03002_003",97,83.361
"tract","47157008200","B03002_004",2706,910.757
"tract","47157008200","B03002_012",2692,1219.244
"tract","47157008200","B11001_001",1470,325.218
"tract","47157008200","B19313_001",63296200,17242194.128
"tract","47157008200","B25002_001",1818,363.871
"tract","47157008200","B25002_003",348,169.455
"tract","47157008200","B25003_001",1470,325.218
"tract","47157008200","B25003_003",1014,278.372
"tract","47157008200","B25044_001",1470,325.218
"tract","47157008200","B25044_003",44,53.535
"tract","47157008200","B25044_010",312,171.412
"tract","47157008200","B28002_001",1470,325.218
"tract","47157008200","B28002_013",265,159.009
"tract","47157008200","C17002_001",5229,1287.464
"tract","47157008200","C17002_002",1123,595.791
"tract","47157008200","C17002_003",1325,738.416
"tract","47157008200","POP100",4287,0
"tract","47157008200","POP100_all",4287,0
"tract","47157008500","B01003_001",4143,623.031
"tract","47157008500","B03002_001",4143,623.031
"tract","47157008500","B03002_003",3578,527.519
"tract","47157008500","B03002_004",32,77.279
"tract","47157008500","B03002_012",277,237.413
"tract","47157008500","B11001_001",1696,204.793
"tract","47157008500","B19313_001",444705200,81067484.453
"tract","47157008500","B25002_001",1807,193.67
"tract","47157008500","B25002_003",111,82.037
"tract","47157008500","B25003_001",1696,204.793
"tract","47157008500","B25003_003",277,121.264
"tract","47157008500","B25044_001",1696,204.793
"tract","47157008500","B25044_003",17,20
"tract","47157008500","B25044_010",98,103.947
"tract","47157008500","B28002_001",1696,204.793
"tract","47157008500","B28002_013",91,55.444
"tract","47157008500","C17002_001",4143,623.031
"tract","47157008500","C17002_002",226,267.606
"tract","47157008500","C17002_003",49,74.33
"tract","47157008500","POP100",4447,0
"tract","47157008500","POP100_all",4447,0
"tract","47157008600","B01003_001",5643,965.886
"tract","47157008600","B03002_001",5643,965.886
"tract","47157008600","B03002_003",4524,890.203
"tract","47157008600","B03002_004",442,382.598
"tract","47157008600","B03002_012",356,366.351
"tract","47157008600","B11001_001",2461,347.763
"tract","47157008600","B19313_001",349588300,80084155
"tract","47157008600","B25002_001",2545,358.468
"tract","47157008600","B25002_003",84,100.96
"tract","47157008600","B25003_001",2461,347.763
"tract","47157008600","B25003_003",899,320.292
"tract","47157008600","B25044_001",2461,347.763
"tract","47157008600","B25044_003",86,131.499
"tract","47157008600","B25044_010",188,151.974
"tract","47157008600","B28002_001",2461,347.763
"tract","47157008600","B28002_013",257,163.009
"tract","47157008600","C17002_001",5633,961.714
"tract","47157008600","C17002_002",224,194.767
"tract","47157008600","C17002_003",202,168.926
"tract","47157008600","POP100",6109,0
"tract","47157008600","POP100_all",6109,0
"tract","47157008700","B01003_001",5833,1234.486
"tract","47157008700","B03002_001",5833,1234.486
"tract","47157008700","B03002_003",1942,670.083
"tract","47157008700","B03002_004",1342,828.327
"tract","47157008700","B03002_012",2264,877.987
"tract","47157008700","B11001_001",2019,349.087
"tract","47157008700","B19313_001",145376600,36307556.365
"tract","47157008700","B25002_001",2057,346.01
"tract","47157008700","B25002_003",38,51.381
"tract","47157008700","B25003_001",2019,349.087
"tract","47157008700","B25003_003",938,278.023
"tract","47157008700","B25044_001",2019,349.087
"tract","47157008700","B25044_003",56,47.676
"tract","47157008700","B25044_010",118,93.595
"tract","47157008700","B28002_001",2019,349.087
"tract","47157008700","B28002_013",319,238.749
"tract","47157008700","C17002_001",5833,1234.486
"tract","47157008700","C17002_002",984,684.173
"tract","47157008700","C17002_003",998,744.121
"tract","47157008700","POP100",5126,0
"tract","47157008700","POP100_all",5126,0
"tract","47157008800","B01003_001",7862,1981.663
"tract","47157008800","B03002_001",7862,1981.663
"tract","47157008800","B03002_003",1986,833.655
"tract","47157008800","B03002_004",1354,642.451
"tract","47157008800","B03002_012",4347,1672.975
"tract","47157008800","B11001_001",2242,528.162
"tract","47157008800","B19313_001",118573600,34635875.754
"tract","47157008800","B25002_001",2436,514.119
"tract","47157008800","B25002_003",194,164.487
"tract","47157008800","B25003_001",2242,528.162
"tract","47157008800","B25003_003",1057,389.017
"tract","47157008800","B25044_001",2242,528.162
"tract","47157008800","B25044_003",58,73.43
"tract","47157008800","B25044_010",53,73.137
"tract","47157008800","B28002_001",2242,528.162
"tract","47157008800","B28002_013",173,118.832
"tract","47157008800","C17002_001",7807,1983.374
"tract","47157008800","C17002_002",834,395.598
"tract","47157008800","C17002_003",668,494.456
"tract","47157008800","POP100",7232,0
"tract","47157008800","POP100_all",7232,0
"tract","47157008900","B01003_001",4090,1075.945
"tract","47157008900","B03002_001",4090,1075.945
"tract","47157008900","B03002_003",885,546.254
"tract","47157008900","B03002_004",1004,524.029
"tract","47157008900","B03002_012",2037,871.794
"tract","47157008900","B11001_001",1389,366.238
"tract","47157008900","B19313_001",71770200,28016507.259
"tract","47157008900","B25002_001",1598,363.959
"tract","47157008900","B25002_003",209,119.134
"tract","47157008900","B25003_001",1389,366.238
"tract","47157008900","B25003_003",538,210.507
"tract","47157008900","B25044_001",1389,366.238
"tract","47157008900","B25044_003",26,50.08
"tract","47157008900","B25044_010",39,52.849
"tract","47157008900","B28002_001",1389,366.238
"tract","47157008900","B28002_013",128,98.168
"tract","47157008900","C17002_001",4090,1075.945
"tract","47157008900","C17002_002",365,211.268
"tract","47157008900","C17002_003",478,461.222
"tract","47157008900","POP100",4018,0
"tract","47157008900","POP100_all",4018,0
"tract","47157009100","B01003_001",3039,675.891
"tract","47157009100","B03002_001",3039,675.891
"tract","47157009100","B03002_003",1097,449.09
"tract","47157009100","B03002_004",274,153.31
"tract","47157009100","B03002_012",1486,623.937
"tract","47157009100","B11001_001",948,172.003
"tract","47157009100","B19313_001",51365700,13602530.466
"tract","47157009100","B25002_001",968,172.003
"tract","47157009100","B25002_003",20,34.928
"tract","47157009100","B25003_001",948,172.003
"tract","47157009100","B25003_003",453,157.156
"tract","47157009100","B25044_001",948,172.003
"tract","47157009100","B25044_003",34,51.923
"tract","47157009100","B25044_010",0,19.799
"tract","47157009100","B28002_001",948,172.003
"tract","47157009100","B28002_013",205,95.776
"tract","47157009100","C17002_001",2931,646.877
"tract","47157009100","C17002_002",265,197.231
"tract","47157009100","C17002_003",664,439.527
"tract","47157009100","POP100",2933,0
"tract","47157009100","POP100_all",2933,0
"tract","47157009201","B01003_001",3139,606.205
"tract","47157009201","B03002_001",3139,606.205
"tract","47157009201","B03002_003",2667,538.056
"tract","47157009201","B03002_004",103,106.724
"tract","47157009201","B03002_012",245,208.216
"tract","47157009201","B11001_001",1467,226.376
"tract","47157009201","B19313_001",207202200,36848455.252
"tract","47157009201","B25002_001",1527,236.442
"tract","47157009201","B25002_003",60,72.201
"tract","47157009201","B25003_001",1467,226.376
"tract","47157009201","B25003_003",238,141.64
"tract","47157009201","B25044_001",1467,226.376
"tract","47157009201","B25044_003",7,22.65
"tract","47157009201","B25044_010",0,24.249
"tract","47157009201","B28002_001",1467,226.376
"tract","47157009201","B28002_013",46,46.271
"tract","47157009201","C17002_001",3139,606.205
"tract","47157009201","C17002_002",17,33.481
"tract","47157009201","C17002_003",47,54.854
"tract","47157009201","POP100",3670,0
"tract","47157009201","POP100_all",3670,0
"tract","47157009202","B01003_001",3690,753.238
"tract","47157009202","B03002_001",3690,753.238
"tract","47157009202","B03002_003",2969,710.33
"tract","47157009202","B03002_004",106,70.228
"tract","47157009202","B03002_012",276,204.707
"tract","47157009202","B11001_001",1465,241.305
"tract","47157009202","B19313_001",180219100,33062296.025
"tract","47157009202","B25002_001",1691,245.524
"tract","47157009202","B25002_003",226,139.291
"tract","47157009202","B25003_001",1465,241.305
"tract","47157009202","B25003_003",336,174.929
"tract","47157009202","B25044_001",1465,241.305
"tract","47157009202","B25044_003",19,21.633
"tract","47157009202","B25044_010",21,26.926
"tract","47157009202","B28002_001",1465,241.305
"tract","47157009202","B28002_013",39,47.127
"tract","47157009202","C17002_001",3688,752.631
"tract","47157009202","C17002_002",33,36.056
"tract","47157009202","C17002_003",157,143.673
"tract","47157009202","POP100",3788,0
"tract","47157009202","POP100_all",3788,0
"tract","47157009300","B01003_001",3698,920.027
"tract","47157009300","B03002_001",3698,920.027
"tract","47157009300","B03002_003",2184,458.766
"tract","47157009300","B03002_004",904,685.493
"tract","47157009300","B03002_012",454,404.437
"tract","47157009300","B11001_001",1878,394.739
"tract","47157009300","B19313_001",165064400,39178542.614
"tract","47157009300","B25002_001",2122,403.899
"tract","47157009300","B25002_003",244,179.223
"tract","47157009300","B25003_001",1878,394.739
"tract","47157009300","B25003_003",642,363.062
"tract","47157009300","B25044_001",1878,394.739
"tract","47157009300","B25044_003",0,24.249
"tract","47157009300","B25044_010",82,60.341
"tract","47157009300","B28002_001",1878,394.739
"tract","47157009300","B28002_013",80,74.586
"tract","47157009300","C17002_001",3681,920.027
"tract","47157009300","C17002_002",48,39.762
"tract","47157009300","C17002_003",824,725.223
"tract","47157009300","POP100",4656,0
"tract","47157009300","POP100_all",4656,0
"tract","47157009400","B01003_001",3118,534.066
"tract","47157009400","B03002_001",3118,534.066
"tract","47157009400","B03002_003",2555,524.004
"tract","47157009400","B03002_004",373,228.72
"tract","47157009400","B03002_012",29,26.907
"tract","47157009400","B11001_001",1598,321.753
"tract","47157009400","B19313_001",149097800,31027749.218
"tract","47157009400","B25002_001",1703,320.44
"tract","47157009400","B25002_003",105,84.012
"tract","47157009400","B25003_001",1598,321.753
"tract","47157009400","B25003_003",395,122.332
"tract","47157009400","B25044_001",1598,321.753
"tract","47157009400","B25044_003",10,21.26
"tract","47157009400","B25044_010",9,21.26
"tract","47157009400","B28002_001",1598,321.753
"tract","47157009400","B28002_013",66,63.071
"tract","47157009400","C17002_001",3118,534.066
"tract","47157009400","C17002_002",84,63.246
"tract","47157009400","C17002_003",79,114.127
"tract","47157009400","POP100",3141,0
"tract","47157009400","POP100_all",3141,0
"tract","47157009501","B01003_001",3237,673.393
"tract","47157009501","B03002_001",3237,673.393
"tract","47157009501","B03002_003",2174,503.572
"tract","47157009501","B03002_004",262,195.727
"tract","47157009501","B03002_012",688,509.274
"tract","47157009501","B11001_001",1349,213.178
"tract","47157009501","B19313_001",129801700,23952887.146
"tract","47157009501","B25002_001",1356,213.178
"tract","47157009501","B25002_003",7,19.105
"tract","47157009501","B25003_001",1349,213.178
"tract","47157009501","B25003_003",409,132.246
"tract","47157009501","B25044_001",1349,213.178
"tract","47157009501","B25044_003",10,21.26
"tract","47157009501","B25044_010",0,19.799
"tract","47157009501","B28002_001",1349,213.178
"tract","47157009501","B28002_013",64,65
"tract","47157009501","C17002_001",3192,662.17
"tract","47157009501","C17002_002",326,364.793
"tract","47157009501","C17002_003",32,38.626
"tract","47157009501","POP100",2943,0
"tract","47157009501","POP100_all",2943,0
"tract","47157009502","B01003_001",3304,540.12
"tract","47157009502","B03002_001",3304,540.12
"tract","47157009502","B03002_003",2915,463.836
"tract","47157009502","B03002_004",0,19.799
"tract","47157009502","B03002_012",93,111.018
"tract","47157009502","B11001_001",1506,239.082
"tract","47157009502","B19313_001",188430800,37900468.32
"tract","47157009502","B25002_001",1547,242.033
"tract","47157009502","B25002_003",41,51.245
"tract","47157009502","B25003_001",1506,239.082
"tract","47157009502","B25003_003",153,78.39
"tract","47157009502","B25044_001",1506,239.082
"tract","47157009502","B25044_003",10,21.26
"tract","47157009502","B25044_010",0,19.799
"tract","47157009502","B28002_001",1506,239.082
"tract","47157009502","B28002_013",73,100.975
"tract","47157009502","C17002_001",3304,540.12
"tract","47157009502","C17002_002",115,80
"tract","47157009502","C17002_003",52,52.154
"tract","47157009502","POP100",3422,0
"tract","47157009502","POP100_all",3422,0
"tract","47157009600","B01003_001",4759,919.766
"tract","47157009600","B03002_001",4759,919.766
"tract","47157009600","B03002_003",4309,888.409
"tract","47157009600","B03002_004",179,140.89
"tract","47157009600","B03002_012",1,24.331
"tract","47157009600","B11001_001",2034,391.225
"tract","47157009600","B19313_001",674098300,381819259.774
"tract","47157009600","B25002_001",2082,392.309
"tract","47157009600","B25002_003",48,74.081
"tract","47157009600","B25003_001",2034,391.225
"tract","47157009600","B25003_003",345,169.879
"tract","47157009600","B25044_001",2034,391.225
"tract","47157009600","B25044_003",0,28
"tract","47157009600","B25044_010",0,28
"tract","47157009600","B28002_001",2034,391.225
"tract","47157009600","B28002_013",18,37.802
"tract","47157009600","C17002_001",4732,919.766
"tract","47157009600","C17002_002",20,35.242
"tract","47157009600","C17002_003",495,457.21
"tract","47157009600","POP100",4968,0
"tract","47157009600","POP100_all",4968,0
"tract","47157009700","B01003_001",2848,718.577
"tract","47157009700","B03002_001",2848,718.577
"tract","47157009700","B03002_003",578,177.158
"tract","47157009700","B03002_004",1518,652.952
"tract","47157009700","B03002_012",704,414.654
"tract","47157009700","B11001_001",939,173.22
"tract","47157009700","B19313_001",51903100,11479299.019
"tract","47157009700","B25002_001",1016,173.22
"tract","47157009700","B25002_003",77,65.513
"tract","47157009700","B25003_001",939,173.22
"tract","47157009700","B25003_003",469,165.858
"tract","47157009700","B25044_001",939,173.22
"tract","47157009700","B25044_003",29,34.015
"tract","47157009700","B25044_010",40,61.612
"tract","47157009700","B28002_001",939,173.22
"tract","47157009700","B28002_013",54,47.802
"tract","47157009700","C17002_001",2848,718.577
"tract","47157009700","C17002_002",154,162.585
"tract","47157009700","C17002_003",408,404.109
"tract","47157009700","POP100",3065,0
"tract","47157009700","POP100_all",3065,0
"tract","47157009800","B01003_001",2524,392.757
"tract","47157009800","B03002_001",2524,392.757
"tract","47157009800","B03002_003",1432,547.691
"tract","47157009800","B03002_004",507,354.835
"tract","47157009800","B03002_012",391,209.01
"tract","47157009800","B11001_001",1056,215.87
"tract","47157009800","B19313_001",66841400,20802858.383
"tract","47157009800","B25002_001",1169,205.3
"tract","47157009800","B25002_003",113,91.81
"tract","47157009800","B25003_001",1056,215.87
"tract","47157009800","B25003_003",525,192.938
"tract","47157009800","B25044_001",1056,215.87
"tract","47157009800","B25044_003",0,19.799
"tract","47157009800","B25044_010",48,57.723
"tract","47157009800","B28002_001",1056,215.87
"tract","47157009800","B28002_013",83,69.462
"tract","47157009800","C17002_001",2524,392.757
"tract","47157009800","C17002_002",454,424.807
"tract","47157009800","C17002_003",47,50.606
"tract","47157009800","POP100",3483,0
"tract","47157009800","POP100_all",3483,0
"tract","47157009901","B01003_001",3108.061,944.803
"tract","47157009901","B03002_001",3108.061,944.803
"tract","47157009901","B03002_003",618.985,455.815
"tract","47157009901","B03002_004",2268.45,849.719
"tract","47157009901","B03002_012",125.832,128.275
"tract","47157009901","B11001_001",1021.29,208.21
"tract","47157009901","B19313_001",49688995.42,11077326.79
"tract","47157009901","B25002_001",1219.747,216.241
"tract","47157009901","B25002_003",198.457,101.378
"tract","47157009901","B25003_001",1021.29,208.21
"tract","47157009901","B25003_003",606.959,170.161
"tract","47157009901","B25044_001",1021.29,208.21
"tract","47157009901","B25044_003",21,27.894
"tract","47157009901","B25044_010",83,58.771
"tract","47157009901","B28002_001",1021.29,208.21
"tract","47157009901","B28002_013",171.661,100.903
"tract","47157009901","C17002_001",3108.061,944.803
"tract","47157009901","C17002_002",721.519,757.021
"tract","47157009901","C17002_003",683,484.587
"tract","47157009901","POP100",2820,0
"tract","47157009901","POP100_all",2832,0
"tract","47157009902","B01003_001",2030,624.664
"tract","47157009902","B03002_001",2030,624.664
"tract","47157009902","B03002_003",322,216.684
"tract","47157009902","B03002_004",1481,507.446
"tract","47157009902","B03002_012",200,220.889
"tract","47157009902","B11001_001",861,251.336
"tract","47157009902","B19313_001",31713700,11780495.617
"tract","47157009902","B25002_001",1270,254.922
"tract","47157009902","B25002_003",409,152.273
"tract","47157009902","B25003_001",861,251.336
"tract","47157009902","B25003_003",552,227.486
"tract","47157009902","B25044_001",861,251.336
"tract","47157009902","B25044_003",9,24.839
"tract","47157009902","B25044_010",147,158.092
"tract","47157009902","B28002_001",861,251.336
"tract","47157009902","B28002_013",141,97.775
"tract","47157009902","C17002_001",2019,625.934
"tract","47157009902","C17002_002",493,359.849
"tract","47157009902","C17002_003",511,408.414
"tract","47157009902","POP100",2334,0
"tract","47157009902","POP100_all",2334,0
"tract","47157010001","B01003_001",3009,677.868
"tract","47157010001","B03002_001",3009,677.868
"tract","47157010001","B03002_003",145,139.617
"tract","47157010001","B03002_004",2560,701.942
"tract","47157010001","B03002_012",254,205.183
"tract","47157010001","B11001_001",1191,227.798
"tract","47157010001","B19313_001",77915000,21251397.05
"tract","47157010001","B25002_001",1418,207.966
"tract","47157010001","B25002_003",227,99.156
"tract","47157010001","B25003_001",1191,227.798
"tract","47157010001","B25003_003",586,169.425
"tract","47157010001","B25044_001",1191,227.798
"tract","47157010001","B25044_003",0,19.799
"tract","47157010001","B25044_010",73,80.362
"tract","47157010001","B28002_001",1191,227.798
"tract","47157010001","B28002_013",142,82.807
"tract","47157010001","C17002_001",3009,677.868
"tract","47157010001","C17002_002",73,67.119
"tract","47157010001","C17002_003",443,320.914
"tract","47157010001","POP100",3822,0
"tract","47157010001","POP100_all",3822,0
"tract","47157010002","B01003_001",2996,1092.024
"tract","47157010002","B03002_001",2996,1092.024
"tract","47157010002","B03002_003",159,163.817
"tract","47157010002","B03002_004",2754,1063.506
"tract","47157010002","B03002_012",73,122.609
"tract","47157010002","B11001_001",1227,386.851
"tract","47157010002","B19313_001",58760800,19084169.715
"tract","47157010002","B25002_001",1409,388.348
"tract","47157010002","B25002_003",182,111.261
"tract","47157010002","B25003_001",1227,386.851
"tract","47157010002","B25003_003",672,376.538
"tract","47157010002","B25044_001",1227,386.851
"tract","47157010002","B25044_003",30,45.53
"tract","47157010002","B25044_010",108,108.19
"tract","47157010002","B28002_001",1227,386.851
"tract","47157010002","B28002_013",48,79.505
"tract","47157010002","C17002_001",2952,1081.857
"tract","47157010002","C17002_002",320,257.767
"tract","47157010002","C17002_003",435,223.119
"tract","47157010002","POP100",3238,0
"tract","47157010002","POP100_all",3238,0
"tract","47157010120","B01003_001",5214,1656.568
"tract","47157010120","B03002_001",5214,1656.568
"tract","47157010120","B03002_003",271,161.158
"tract","47157010120","B03002_004",4624,1628.872
"tract","47157010120","B03002_012",260,226.203
"tract","47157010120","B11001_001",1623,304.808
"tract","47157010120","B19313_001",59706900,14713331.657
"tract","47157010120","B25002_001",2146,342.232
"tract","47157010120","B25002_003",523,191.262
"tract","47157010120","B25003_001",1623,304.808
"tract","47157010120","B25003_003",1004,262.084
"tract","47157010120","B25044_001",1623,304.808
"tract","47157010120","B25044_003",8,30.463
"tract","47157010120","B25044_010",240,149.238
"tract","47157010120","B28002_001",1623,304.808
"tract","47157010120","B28002_013",115,73.376
"tract","47157010120","C17002_001",5214,1656.568
"tract","47157010120","C17002_002",2271,1469.335
"tract","47157010120","C17002_003",1093,756.412
"tract","47157010120","POP100",5311,0
"tract","47157010120","POP100_all",5311,0
"tract","47157010121","B01003_001",2443,669.496
"tract","47157010121","B03002_001",2443,669.496
"tract","47157010121","B03002_003",81,77.24
"tract","47157010121","B03002_004",2349,683.653
"tract","47157010121","B03002_012",11,26.758
"tract","47157010121","B11001_001",960,229.545
"tract","47157010121","B19313_001",43924600,18671174.66
"tract","47157010121","B25002_001",1414,258.244
"tract","47157010121","B25002_003",454,190.843
"tract","47157010121","B25003_001",960,229.545
"tract","47157010121","B25003_003",594,189.056
"tract","47157010121","B25044_001",960,229.545
"tract","47157010121","B25044_003",32,40.509
"tract","47157010121","B25044_010",142,91.373
"tract","47157010121","B28002_001",960,229.545
"tract","47157010121","B28002_013",93,83.839
"tract","47157010121","C17002_001",2441,669.496
"tract","47157010121","C17002_002",523,336.149
"tract","47157010121","C17002_003",538,328.452
"tract","47157010121","POP100",3166,0
"tract","47157010121","POP100_all",3166,0
"tract","47157010122","B01003_001",3315,843.3
"tract","47157010122","B03002_001",3315,843.3
"tract","47157010122","B03002_003",74,48.672
"tract","47157010122","B03002_004",3182,857.373
"tract","47157010122","B03002_012",0,24.249
"tract","47157010122","B11001_001",978,211.535
"tract","47157010122","B19313_001",42675400,14982312.329
"tract","47157010122","B25002_001",1352,276.827
"tract","47157010122","B25002_003",374,189.889
"tract","47157010122","B25003_001",978,211.535
"tract","47157010122","B25003_003",796,208.341
"tract","47157010122","B25044_001",978,211.535
"tract","47157010122","B25044_003",23,41.964
"tract","47157010122","B25044_010",145,105.518
"tract","47157010122","B28002_001",978,211.535
"tract","47157010122","B28002_013",106,106.611
"tract","47157010122","C17002_001",3315,843.3
"tract","47157010122","C17002_002",1376,782.712
"tract","47157010122","C17002_003",540,442.469
"tract","47157010122","POP100",2981,0
"tract","47157010122","POP100_all",2981,0
"tract","47157010210","B01003_001",5979,1318.637
"tract","47157010210","B03002_001",5979,1318.637
"tract","47157010210","B03002_003",151,124.876
"tract","47157010210","B03002_004",5704,1311.584
"tract","47157010210","B03002_012",58,56.232
"tract","47157010210","B11001_001",2055,378.685
"tract","47157010210","B19313_001",111371400,28289353.628
"tract","47157010210","B25002_001",2371,375.812
"tract","47157010210","B25002_003",316,140.289
"tract","47157010210","B25003_001",2055,378.685
"tract","47157010210","B25003_003",1153,286.632
"tract","47157010210","B25044_001",2055,378.685
"tract","47157010210","B25044_003",71,59.674
"tract","47157010210","B25044_010",184,120.075
"tract","47157010210","B28002_001",2055,378.685
"tract","47157010210","B28002_013",243,123.895
"tract","47157010210","C17002_001",5979,1318.637
"tract","47157010210","C17002_002",833,465.619
"tract","47157010210","C17002_003",641,389.84
"tract","47157010210","POP100",5253,0
"tract","47157010210","POP100_all",5253,0
"tract","47157010220","B01003_001",6127,1374.628
"tract","47157010220","B03002_001",6127,1374.628
"tract","47157010220","B03002_003",530,288.338
"tract","47157010220","B03002_004",5297,1333.565
"tract","47157010220","B03002_012",61,88.006
"tract","47157010220","B11001_001",2463,447.497
"tract","47157010220","B19313_001",129323700,36945877.048
"tract","47157010220","B25002_001",2641,460.67
"tract","47157010220","B25002_003",178,146.434
"tract","47157010220","B25003_001",2463,447.497
"tract","47157010220","B25003_003",1289,356.552
"tract","47157010220","B25044_001",2463,447.497
"tract","47157010220","B25044_003",42,64.156
"tract","47157010220","B25044_010",234,152.424
"tract","47157010220","B28002_001",2463,447.497
"tract","47157010220","B28002_013",334,163.808
"tract","47157010220","C17002_001",6127,1374.628
"tract","47157010220","C17002_002",1407,929.842
"tract","47157010220","C17002_003",668,514.784
"tract","47157010220","POP100",6618,0
"tract","47157010220","POP100_all",6618,0
"tract","47157010300","B01003_001",1499,403
"tract","47157010300","B03002_001",1499,403
"tract","47157010300","B03002_003",19,28
"tract","47157010300","B03002_004",1480,392
"tract","47157010300","B03002_012",0,14
"tract","47157010300","B11001_001",622,163
"tract","47157010300","B19313_001",29288000,12856567
"tract","47157010300","B25002_001",722,163
"tract","47157010300","B25002_003",100,51
"tract","47157010300","B25003_001",622,163
"tract","47157010300","B25003_003",359,122
"tract","47157010300","B25044_001",622,163
"tract","47157010300","B25044_003",14,15
"tract","47157010300","B25044_010",11,17
"tract","47157010300","B28002_001",622,163
"tract","47157010300","B28002_013",67,42
"tract","47157010300","C17002_001",1499,403
"tract","47157010300","C17002_002",306,254
"tract","47157010300","C17002_003",184,157
"tract","47157010300","POP100",1258,0
"tract","47157010300","POP100_all",1258,0
"tract","47157010500","B01003_001",2844,621.933
"tract","47157010500","B03002_001",2844,621.933
"tract","47157010500","B03002_003",180,70.264
"tract","47157010500","B03002_004",2176,506.854
"tract","47157010500","B03002_012",247,164.785
"tract","47157010500","B11001_001",1069,189.021
"tract","47157010500","B19313_001",46574000,10155666.655
"tract","47157010500","B25002_001",1397,208.741
"tract","47157010500","B25002_003",328,107.968
"tract","47157010500","B25003_001",1069,189.021
"tract","47157010500","B25003_003",963,183.897
"tract","47157010500","B25044_001",1069,189.021
"tract","47157010500","B25044_003",0,19.799
"tract","47157010500","B25044_010",178,105.209
"tract","47157010500","B28002_001",1069,189.021
"tract","47157010500","B28002_013",117,76.577
"tract","47157010500","C17002_001",2544,603.119
"tract","47157010500","C17002_002",588,337.356
"tract","47157010500","C17002_003",495,409.956
"tract","47157010500","POP100",1642,0
"tract","47157010500","POP100_all",1642,0
"tract","47157010610","B01003_001",5879,1438.566
"tract","47157010610","B03002_001",5879,1438.566
"tract","47157010610","B03002_003",168,139.535
"tract","47157010610","B03002_004",4570,1385.899
"tract","47157010610","B03002_012",1030,626.507
"tract","47157010610","B11001_001",2118,462.189
"tract","47157010610","B19313_001",176142300,140574854.34
"tract","47157010610","B25002_001",2519,486.193
"tract","47157010610","B25002_003",401,199.782
"tract","47157010610","B25003_001",2118,462.189
"tract","47157010610","B25003_003",1501,456.41
"tract","47157010610","B25044_001",2118,462.189
"tract","47157010610","B25044_003",44,54.489
"tract","47157010610","B25044_010",296,223.204
"tract","47157010610","B28002_001",2118,462.189
"tract","47157010610","B28002_013",158,101.356
"tract","47157010610","C17002_001",5856,1437.549
"tract","47157010610","C17002_002",1581,1016.147
"tract","47157010610","C17002_003",740,502.975
"tract","47157010610","POP100",6086,0
"tract","47157010610","POP100_all",6086,0
"tract","47157010620","B01003_001",3409,1073.682
"tract","47157010620","B03002_001",3409,1073.682
"tract","47157010620","B03002_003",24,22.583
"tract","47157010620","B03002_004",2403,862.347
"tract","47157010620","B03002_012",949,815.366
"tract","47157010620","B11001_001",1114,235.238
"tract","47157010620","B19313_001",59299200,15070775.811
"tract","47157010620","B25002_001",1562,269.642
"tract","47157010620","B25002_003",448,147.082
"tract","47157010620","B25003_001",1114,235.238
"tract","47157010620","B25003_003",824,200.91
"tract","47157010620","B25044_001",1114,235.238
"tract","47157010620","B25044_003",0,24.249
"tract","47157010620","B25044_010",118,84.404
"tract","47157010620","B28002_001",1114,235.238
"tract","47157010620","B28002_013",170,120.412
"tract","47157010620","C17002_001",3409,1073.682
"tract","47157010620","C17002_002",641,657.952
"tract","47157010620","C17002_003",447,375.757
"tract","47157010620","POP100",3475,0
"tract","47157010620","POP100_all",3475,0
"tract","47157010630","B01003_001",4154,1328.778
"tract","47157010630","B03002_001",4154,1328.778
"tract","47157010630","B03002_003",10,26.096
"tract","47157010630","B03002_004",1800,774.424
"tract","47157010630","B03002_012",2344,1105.825
"tract","47157010630","B11001_001",1221,258.832
"tract","47157010630","B19313_001",63374400,17327541.67
"tract","47157010630","B25002_001",1680,258.244
"tract","47157010630","B25002_003",459,133.858
"tract","47157010630","B25003_001",1221,258.832
"tract","47157010630","B25003_003",921,252.371
"tract","47157010630","B25044_001",1221,258.832
"tract","47157010630","B25044_003",10,26.096
"tract","47157010630","B25044_010",134,77.846
"tract","47157010630","B28002_001",1221,258.832
"tract","47157010630","B28002_013",263,147.397
"tract","47157010630","C17002_001",4154,1328.778
"tract","47157010630","C17002_002",700,562.41
"tract","47157010630","C17002_003",873,729.639
"tract","47157010630","POP100",4377,0
"tract","47157010630","POP100_all",4377,0
"tract","47157010710","B01003_001",3959,899.332
"tract","47157010710","B03002_001",3959,899.332
"tract","47157010710","B03002_003",277,164.618
"tract","47157010710","B03002_004",2153,593.398
"tract","47157010710","B03002_012",1240,675.225
"tract","47157010710","B11001_001",1348,243.996
"tract","47157010710","B19313_001",90550800,25217371.248
"tract","47157010710","B25002_001",1404,231.407
"tract","47157010710","B25002_003",56,63.182
"tract","47157010710","B25003_001",1348,243.996
"tract","47157010710","B25003_003",565,207.222
"tract","47157010710","B25044_001",1348,243.996
"tract","47157010710","B25044_003",43,63.632
"tract","47157010710","B25044_010",32,34.728
"tract","47157010710","B28002_001",1348,243.996
"tract","47157010710","B28002_013",170,102.83
"tract","47157010710","C17002_001",3959,899.332
"tract","47157010710","C17002_002",494,379.772
"tract","47157010710","C17002_003",314,348.812
"tract","47157010710","POP100",5105,0
"tract","47157010710","POP100_all",5105,0
"tract","47157010720","B01003_001",3648,792.189
"tract","47157010720","B03002_001",3648,792.189
"tract","47157010720","B03002_003",452,208.622
"tract","47157010720","B03002_004",2973,753.021
"tract","47157010720","B03002_012",223,211.294
"tract","47157010720","B11001_001",1436,245.512
"tract","47157010720","B19313_001",108407000,39965968.039
"tract","47157010720","B25002_001",1593,246.254
"tract","47157010720","B25002_003",157,91.761
"tract","47157010720","B25003_001",1436,245.512
"tract","47157010720","B25003_003",944,201.467
"tract","47157010720","B25044_001",1436,245.512
"tract","47157010720","B25044_003",0,24.249
"tract","47157010720","B25044_010",180,112.241
"tract","47157010720","B28002_001",1436,245.512
"tract","47157010720","B28002_013",96,71.477
"tract","47157010720","C17002_001",3648,792.189
"tract","47157010720","C17002_002",202,200.9
"tract","47157010720","C17002_003",487,316.185
"tract","47157010720","POP100",4158,0
"tract","47157010720","POP100_all",4158,0
"tract","47157010810","B01003_001",6653,2308.796
"tract","47157010810","B03002_001",6653,2308.796
"tract","47157010810","B03002_003",441,431.617
"tract","47157010810","B03002_004",5659,2209.658
"tract","47157010810","B03002_012",419,399.921
"tract","47157010810","B11001_001",1779,368.455
"tract","47157010810","B19313_001",140469200,40794811.456
"tract","47157010810","B25002_001",2218,358.041
"tract","47157010810","B25002_003",439,174.276
"tract","47157010810","B25003_001",1779,368.455
"tract","47157010810","B25003_003",987,295.97
"tract","47157010810","B25044_001",1779,368.455
"tract","47157010810","B25044_003",0,28
"tract","47157010810","B25044_010",42,73.137
"tract","47157010810","B28002_001",1779,368.455
"tract","47157010810","B28002_013",109,105.835
"tract","47157010810","C17002_001",6653,2308.796
"tract","47157010810","C17002_002",116,105.631
"tract","47157010810","C17002_003",1905,1926.949
"tract","47157010810","POP100",6149,0
"tract","47157010810","POP100_all",6149,0
"tract","47157010820","B01003_001",4859,1200.351
"tract","47157010820","B03002_001",4859,1200.351
"tract","47157010820","B03002_003",185,122.678
"tract","47157010820","B03002_004",4415,1171.709
"tract","47157010820","B03002_012",162,208.415
"tract","47157010820","B11001_001",1603,339.881
"tract","47157010820","B19313_001",116748100,27334163.269
"tract","47157010820","B25002_001",1774,357.298
"tract","47157010820","B25002_003",171,132.325
"tract","47157010820","B25003_001",1603,339.881
"tract","47157010820","B25003_003",755,242.574
"tract","47157010820","B25044_001",1603,339.881
"tract","47157010820","B25044_003",43,41.243
"tract","47157010820","B25044_010",167,125
"tract","47157010820","B28002_001",1603,339.881
"tract","47157010820","B28002_013",86,82.462
"tract","47157010820","C17002_001",4812,1192.443
"tract","47157010820","C17002_002",379,335.917
"tract","47157010820","C17002_003",506,454.636
"tract","47157010820","POP100",4270,0
"tract","47157010820","POP100_all",4270,0
"tract","47157011010","B01003_001",3525,1175.271
"tract","47157011010","B03002_001",3525,1175.271
"tract","47157011010","B03002_003",241,227.866
"tract","47157011010","B03002_004",2262,846.17
"tract","47157011010","B03002_012",946,671.232
"tract","47157011010","B11001_001",1267,273.404
"tract","47157011010","B19313_001",67498200,17819531.292
"tract","47157011010","B25002_001",1490,274.689
"tract","47157011010","B25002_003",223,111.768
"tract","47157011010","B25003_001",1267,273.404
"tract","47157011010","B25003_003",569,171.919
"tract","47157011010","B25044_001",1267,273.404
"tract","47157011010","B25044_003",0,24.249
"tract","47157011010","B25044_010",21,40.212
"tract","47157011010","B28002_001",1267,273.404
"tract","47157011010","B28002_013",132,85.217
"tract","47157011010","C17002_001",3525,1175.271
"tract","47157011010","C17002_002",105,142.846
"tract","47157011010","C17002_003",624,676.503
"tract","47157011010","POP100",3913,0
"tract","47157011010","POP100_all",3913,0
"tract","47157011020","B01003_001",1375,385.623
"tract","47157011020","B03002_001",1375,385.623
"tract","47157011020","B03002_003",47,43.324
"tract","47157011020","B03002_004",1259,390.124
"tract","47157011020","B03002_012",59,73.007
"tract","47157011020","B11001_001",598,139.09
"tract","47157011020","B19313_001",36837000,17315598.32
"tract","47157011020","B25002_001",981,156.541
"tract","47157011020","B25002_003",383,78
"tract","47157011020","B25003_001",598,139.09
"tract","47157011020","B25003_003",323,120.354
"tract","47157011020","B25044_001",598,139.09
"tract","47157011020","B25044_003",8,19.105
"tract","47157011020","B25044_010",9,19.105
"tract","47157011020","B28002_001",598,139.09
"tract","47157011020","B28002_013",51,42.544
"tract","47157011020","C17002_001",1375,385.623
"tract","47157011020","C17002_002",60,70.406
"tract","47157011020","C17002_003",482,336.155
"tract","47157011020","POP100",1457,0
"tract","47157011020","POP100_all",1457,0
"tract","47157011100","B01003_001",1549,427.8
"tract","47157011100","B03002_001",1549,427.8
"tract","47157011100","B03002_003",0,19.799
"tract","47157011100","B03002_004",1483,424.44
"tract","47157011100","B03002_012",0,19.799
"tract","47157011100","B11001_001",696,207.608
"tract","47157011100","B19313_001",25615700,8400451.887
"tract","47157011100","B25002_001",853,215.411
"tract","47157011100","B25002_003",157,71.449
"tract","47157011100","B25003_001",696,207.608
"tract","47157011100","B25003_003",422,197.517
"tract","47157011100","B25044_001",696,207.608
"tract","47157011100","B25044_003",19,27.785
"tract","47157011100","B25044_010",65,48.374
"tract","47157011100","B28002_001",696,207.608
"tract","47157011100","B28002_013",148,149.897
"tract","47157011100","C17002_001",1549,427.8
"tract","47157011100","C17002_002",343,202.072
"tract","47157011100","C17002_003",240,152.801
"tract","47157011100","POP100",1477,0
"tract","47157011100","POP100_all",1477,0
"tract","47157011200","B01003_001",946,240.811
"tract","47157011200","B03002_001",946,240.811
"tract","47157011200","B03002_003",9,18.547
"tract","47157011200","B03002_004",934,242.268
"tract","47157011200","B03002_012",0,24.249
"tract","47157011200","B11001_001",549,140.549
"tract","47157011200","B19313_001",15227500,4704489.322
"tract","47157011200","B25002_001",709,151.093
"tract","47157011200","B25002_003",160,72.464
"tract","47157011200","B25003_001",549,140.549
"tract","47157011200","B25003_003",356,130.476
"tract","47157011200","B25044_001",549,140.549
"tract","47157011200","B25044_003",46,39.345
"tract","47157011200","B25044_010",169,96.109
"tract","47157011200","B28002_001",549,140.549
"tract","47157011200","B28002_013",263,109.645
"tract","47157011200","C17002_001",946,240.811
"tract","47157011200","C17002_002",223,128.988
"tract","47157011200","C17002_003",125,73.164
"tract","47157011200","POP100",1373,0
"tract","47157011200","POP100_all",1373,0
"tract","47157011300","B01003_001",1221,253.014
"tract","47157011300","B03002_001",1221,253.014
"tract","47157011300","B03002_003",153,114.935
"tract","47157011300","B03002_004",822,266.603
"tract","47157011300","B03002_012",20,33.106
"tract","47157011300","B11001_001",726,133.207
"tract","47157011300","B19313_001",38440900,9849377.166
"tract","47157011300","B25002_001",865,145.911
"tract","47157011300","B25002_003",139,72.25
"tract","47157011300","B25003_001",726,133.207
"tract","47157011300","B25003_003",604,107.336
"tract","47157011300","B25044_001",726,133.207
"tract","47157011300","B25044_003",0,19.799
"tract","47157011300","B25044_010",188,71.113
"tract","47157011300","B28002_001",726,133.207
"tract","47157011300","B28002_013",111,58.694
"tract","47157011300","C17002_001",1205,253.014
"tract","47157011300","C17002_002",157,99.045
"tract","47157011300","C17002_003",100,69.354
"tract","47157011300","POP100",1285,0
"tract","47157011300","POP100_all",1285,0
"tract","47157011401","B01003_001",1625,445.594
"tract","47157011401","B03002_001",1625,445.594
"tract","47157011401","B03002_003",229,191.599
"tract","47157011401","B03002_004",1213,356.411
"tract","47157011401","B03002_012",25,48.249
"tract","47157011401","B11001_001",756,208.293
"tract","47157011401","B19313_001",36184100,11310906.82
"tract","47157011401","B25002_001",771,207.507
"tract","47157011401","B25002_003",15,31.113
"tract","47157011401","B25003_001",756,208.293
"tract","47157011401","B25003_003",717,213.848
"tract","47157011401","B25044_001",756,208.293
"tract","47157011401","B25044_003",0,24.249
"tract","47157011401","B25044_010",229,76.472
"tract","47157011401","B28002_001",756,208.293
"tract","47157011401","B28002_013",139,80.474
"tract","47157011401","C17002_001",1625,445.594
"tract","47157011401","C17002_002",136,132.537
"tract","47157011401","C17002_003",318,242.969
"tract","47157011401","POP100",1188,0
"tract","47157011401","POP100_all",1188,0
"tract","47157011402","B01003_001",3763,524.023
"tract","47157011402","B03002_001",3763,524.023
"tract","47157011402","B03002_003",895,301.325
"tract","47157011402","B03002_004",2644,477.782
"tract","47157011402","B03002_012",167,105.929
"tract","47157011402","B11001_001",1087,306.007
"tract","47157011402","B19313_001",106826100,64243998.516
"tract","47157011402","B25002_001",1370,304.869
"tract","47157011402","B25002_003",283,138.224
"tract","47157011402","B25003_001",1087,306.007
"tract","47157011402","B25003_003",1087,306.007
"tract","47157011402","B25044_001",1087,306.007
"tract","47157011402","B25044_003",0,19.799
"tract","47157011402","B25044_010",195,113.547
"tract","47157011402","B28002_001",1087,306.007
"tract","47157011402","B28002_013",143,176.556
"tract","47157011402","C17002_001",1749,495.718
"tract","47157011402","C17002_002",256,148.529
"tract","47157011402","C17002_003",345,272.077
"tract","47157011402","POP100",3499,0
"tract","47157011402","POP100_all",3499,0
"tract","47157011500","B01003_001",1925,647.328
"tract","47157011500","B03002_001",1925,647.328
"tract","47157011500","B03002_003",10,24.759
"tract","47157011500","B03002_004",1886,647.328
"tract","47157011500","B03002_012",0,28
"tract","47157011500","B11001_001",667,181.174
"tract","47157011500","B19313_001",29167400,10802142.213
"tract","47157011500","B25002_001",1082,245.854
"tract","47157011500","B25002_003",415,158.259
"tract","47157011500","B25003_001",667,181.174
"tract","47157011500","B25003_003",493,172.835
"tract","47157011500","B25044_001",667,181.174
"tract","47157011500","B25044_003",49,45.078
"tract","47157011500","B25044_010",194,126.511
"tract","47157011500","B28002_001",667,181.174
"tract","47157011500","B28002_013",212,113.917
"tract","47157011500","C17002_001",1879,626.177
"tract","47157011500","C17002_002",706,519.96
"tract","47157011500","C17002_003",144,149.084
"tract","47157011500","POP100",2337,0
"tract","47157011500","POP100_all",2337,0
"tract","47157011600","B01003_001",2071,680.327
"tract","47157011600","B03002_001",2071,680.327
"tract","47157011600","B03002_003",38,38.223
"tract","47157011600","B03002_004",1987,681.177
"tract","47157011600","B03002_012",37,43.405
"tract","47157011600","B11001_001",776,169.358
"tract","47157011600","B19313_001",26006700,9095973.286
"tract","47157011600","B25002_001",1019,196.7
"tract","47157011600","B25002_003",243,114.42
"tract","47157011600","B25003_001",776,169.358
"tract","47157011600","B25003_003",556,147.614
"tract","47157011600","B25044_001",776,169.358
"tract","47157011600","B25044_003",13,31.432
"tract","47157011600","B25044_010",277,98.965
"tract","47157011600","B28002_001",776,169.358
"tract","47157011600","B28002_013",210,110.408
"tract","47157011600","C17002_001",1957,680.495
"tract","47157011600","C17002_002",468,284.547
"tract","47157011600","C17002_003",741,538.671
"tract","47157011600","POP100",2274,0
"tract","47157011600","POP100_all",2274,0
"tract","47157011700","B01003_001",1036,250.89
"tract","47157011700","B03002_001",1036,250.89
"tract","47157011700","B03002_003",134,60.166
"tract","47157011700","B03002_004",868,248.727
"tract","47157011700","B03002_012",14,28.653
"tract","47157011700","B11001_001",489,108.374
"tract","47157011700","B19313_001",27540400,6773392.528
"tract","47157011700","B25002_001",565,106.794
"tract","47157011700","B25002_003",76,53.235
"tract","47157011700","B25003_001",489,108.374
"tract","47157011700","B25003_003",263,85.428
"tract","47157011700","B25044_001",489,108.374
"tract","47157011700","B25044_003",6,17.205
"tract","47157011700","B25044_010",44,28.792
"tract","47157011700","B28002_001",489,108.374
"tract","47157011700","B28002_013",64,34.713
"tract","47157011700","C17002_001",952,250.89
"tract","47157011700","C17002_002",153,113.358
"tract","47157011700","C17002_003",120,83.934
"tract","47157011700","POP100",1280,0
"tract","47157011700","POP100_all",1280,0
"tract","47157011800","B01003_001",6680,2001.85
"tract","47157011800","B03002_001",6680,2001.85
"tract","47157011800","B03002_003",1614,565.153
"tract","47157011800","B03002_004",3591,1809.297
"tract","47157011800","B03002_012",1158,722.253
"tract","47157011800","B11001_001",2037,406.204
"tract","47157011800","B19313_001",189423500,70692214.854
"tract","47157011800","B25002_001",2150,414.377
"tract","47157011800","B25002_003",113,94.409
"tract","47157011800","B25003_001",2037,406.204
"tract","47157011800","B25003_003",1092,346.84
"tract","47157011800","B25044_001",2037,406.204
"tract","47157011800","B25044_003",16,34.828
"tract","47157011800","B25044_010",52,52.479
"tract","47157011800","B28002_001",2037,406.204
"tract","47157011800","B28002_013",127,93.579
"tract","47157011800","C17002_001",6680,2001.85
"tract","47157011800","C17002_002",1096,679.901
"tract","47157011800","C17002_003",276,168.018
"tract","47157011800","POP100",5743,0
"tract","47157011800","POP100_all",5743,0
"tract","47157020221","B01003_001",0,0
"tract","47157020221","B03002_001",0,0
"tract","47157020221","B03002_003",0,0
"tract","47157020221","B03002_004",0,0
"tract","47157020221","B03002_012",0,0
"tract","47157020221","B11001_001",0,0
"tract","47157020221","B19313_001",0,0
"tract","47157020221","B25002_001",0,0
"tract","47157020221","B25002_003",0,0
"tract","47157020221","B25003_001",0,0
"tract","47157020221","B25003_003",0,0
"tract","47157020221","B25044_001",0,0
"tract","47157020221","B25044_003",0,0
"tract","47157020221","B25044_010",0,0
"tract","47157020221","B28002_001",0,0
"tract","47157020221","B28002_013",0,0
"tract","47157020221","C17002_001",0,0
"tract","47157020221","C17002_002",0,0
"tract","47157020221","C17002_003",0,0
"tract","47157020221","POP100",0,0
"tract","47157020221","POP100_all",2742,0
"tract","47157020511","B01003_001",2315,642.001
"tract","47157020511","B03002_001",2315,642.001
"tract","47157020511","B03002_003",115,50.01
"tract","47157020511","B03002_004",1973,649.36
"tract","47157020511","B03002_012",61,98.005
"tract","47157020511","B11001_001",845,197.489
"tract","47157020511","B19313_001",86002300,23792428.522
"tract","47157020511","B25002_001",917,202.872
"tract","47157020511","B25002_003",72,59.363
"tract","47157020511","B25003_001",845,197.489
"tract","47157020511","B25003_003",195,76.217
"tract","47157020511","B25044_001",845,197.489
"tract","47157020511","B25044_003",12,12.728
"tract","47157020511","B25044_010",0,19.799
"tract","47157020511","B28002_001",845,197.489
"tract","47157020511","B28002_013",90,53.712
"tract","47157020511","C17002_001",2309,643.33
"tract","47157020511","C17002_002",95,64.846
"tract","47157020511","C17002_003",125,103.392
"tract","47157020511","POP100",2165,0
"tract","47157020511","POP100_all",2165,0
"tract","47157020521","B01003_001",3615,932.449
"tract","47157020521","B03002_001",3615,932.449
"tract","47157020521","B03002_003",58,68.651
"tract","47157020521","B03002_004",2955,849.233
"tract","47157020521","B03002_012",517,442.635
"tract","47157020521","B11001_001",1307,290.876
"tract","47157020521","B19313_001",70338500,20411564.432
"tract","47157020521","B25002_001",1550,293.58
"tract","47157020521","B25002_003",243,109.06
"tract","47157020521","B25003_001",1307,290.876
"tract","47157020521","B25003_003",853,260.663
"tract","47157020521","B25044_001",1307,290.876
"tract","47157020521","B25044_003",0,24.249
"tract","47157020521","B25044_010",135,85.586
"tract","47157020521","B28002_001",1307,290.876
"tract","47157020521","B28002_013",165,120.549
"tract","47157020521","C17002_001",3615,932.449
"tract","47157020521","C17002_002",551,359.746
"tract","47157020521","C17002_003",253,181.088
"tract","47157020521","POP100",3364,0
"tract","47157020521","POP100_all",3364,0
"tract","47157020523","B01003_001",3767,862.212
"tract","47157020523","B03002_001",3767,862.212
"tract","47157020523","B03002_003",360,320.408
"tract","47157020523","B03002_004",3135,824.694
"tract","47157020523","B03002_012",240,220.601
"tract","47157020523","B11001_001",1174,233.212
"tract","47157020523","B19313_001",75916300,24441791.471
"tract","47157020523","B25002_001",1485,227.247
"tract","47157020523","B25002_003",311,112.61
"tract","47157020523","B25003_001",1174,233.212
"tract","47157020523","B25003_003",948,220.057
"tract","47157020523","B25044_001",1174,233.212
"tract","47157020523","B25044_003",33,38.013
"tract","47157020523","B25044_010",187,122.115
"tract","47157020523","B28002_001",1174,233.212
"tract","47157020523","B28002_013",33,32.65
"tract","47157020523","C17002_001",3676,838.215
"tract","47157020523","C17002_002",648,410.572
"tract","47157020523","C17002_003",793,520.663
"tract","47157020523","POP100",3156,0
"tract","47157020523","POP100_all",3156,0
"tract","47157020524","B01003_001",4416,869.856
"tract","47157020524","B03002_001",4416,869.856
"tract","47157020524","B03002_003",293,164.879
"tract","47157020524","B03002_004",3610,828.633
"tract","47157020524","B03002_012",337,280.23
"tract","47157020524","B11001_001",1617,269.156
"tract","47157020524","B19313_001",118109400,28521168.461
"tract","47157020524","B25002_001",1754,267.328
"tract","47157020524","B25002_003",137,88.843
"tract","47157020524","B25003_001",1617,269.156
"tract","47157020524","B25003_003",714,196.959
"tract","47157020524","B25044_001",1617,269.156
"tract","47157020524","B25044_003",38,39.975
"tract","47157020524","B25044_010",26,46.433
"tract","47157020524","B28002_001",1617,269.156
"tract","47157020524","B28002_013",194,107.856
"tract","47157020524","C17002_001",4416,869.856
"tract","47157020524","C17002_002",495,307.47
"tract","47157020524","C17002_003",323,287.204
"tract","47157020524","POP100",4795,0
"tract","47157020524","POP100_all",4795,0
"tract","47157020531","B01003_001",1206.33,660.615
"tract","47157020531","B03002_001",1206.33,660.615
"tract","47157020531","B03002_003",218.024,130.154
"tract","47157020531","B03002_004",218.296,79.497
"tract","47157020531","B03002_012",731.13,648.637
"tract","47157020531","B11001_001",293.881,82.883
"tract","47157020531","B19313_001",17799484.286,7769384.956
"tract","47157020531","B25002_001",319.621,91.929
"tract","47157020531","B25002_003",25.74,41.135
"tract","47157020531","B25003_001",293.881,82.883
"tract","47157020531","B25003_003",143.621,56.348
"tract","47157020531","B25044_001",293.881,82.883
"tract","47157020531","B25044_003",4.387,14.209
"tract","47157020531","B25044_010",0,13.776
"tract","47157020531","B28002_001",293.881,82.883
"tract","47157020531","B28002_013",21.563,20.863
"tract","47157020531","C17002_001",1206.33,660.615
"tract","47157020531","C17002_002",220.652,314.771
"tract","47157020531","C17002_003",204.438,189.964
"tract","47157020531","POP100",1563,0
"tract","47157020531","POP100_all",5694,0
"tract","47157020532","B01003_001",4779.718,1465.497
"tract","47157020532","B03002_001",4779.718,1465.497
"tract","47157020532","B03002_003",535.622,292.278
"tract","47157020532","B03002_004",3952.546,1423.024
"tract","47157020532","B03002_012",196.137,211.567
"tract","47157020532","B11001_001",1953.163,494.208
"tract","47157020532","B19313_001",147568458.397,65927348.684
"tract","47157020532","B25002_001",2005.163,494.628
"tract","47157020532","B25002_003",52,66.57
"tract","47157020532","B25003_001",1953.163,494.208
"tract","47157020532","B25003_003",1082.633,481.281
"tract","47157020532","B25044_001",1953.163,494.208
"tract","47157020532","B25044_003",17.602,32.389
"tract","47157020532","B25044_010",113.633,98.98
"tract","47157020532","B28002_001",1953.163,494.208
"tract","47157020532","B28002_013",118.41,84.077
"tract","47157020532","C17002_001",4620.718,1465.758
"tract","47157020532","C17002_002",340.502,213.18
"tract","47157020532","C17002_003",430.777,382.793
"tract","47157020532","POP100",5133,0
"tract","47157020532","POP100_all",6041,0
"tract","47157020541","B01003_001",4362,731.971
"tract","47157020541","B03002_001",4362,731.971
"tract","47157020541","B03002_003",478,207.649
"tract","47157020541","B03002_004",3299,750.689
"tract","47157020541","B03002_012",356,239.069
"tract","47157020541","B11001_001",1742,274.177
"tract","47157020541","B19313_001",150763100,36326788.819
"tract","47157020541","B25002_001",1835,290.828
"tract","47157020541","B25002_003",93,94.239
"tract","47157020541","B25003_001",1742,274.177
"tract","47157020541","B25003_003",587,204.563
"tract","47157020541","B25044_001",1742,274.177
"tract","47157020541","B25044_003",7,23.152
"tract","47157020541","B25044_010",73,76.603
"tract","47157020541","B28002_001",1742,274.177
"tract","47157020541","B28002_013",210,118.836
"tract","47157020541","C17002_001",4362,731.971
"tract","47157020541","C17002_002",95,103.267
"tract","47157020541","C17002_003",505,278.288
"tract","47157020541","POP100",5479,0
"tract","47157020541","POP100_all",5479,0
"tract","47157020542","B01003_001",5229,1761.871
"tract","47157020542","B03002_001",5229,1761.871
"tract","47157020542","B03002_003",193,126.815
"tract","47157020542","B03002_004",4637,1747.285
"tract","47157020542","B03002_012",194,245.951
"tract","47157020542","B11001_001",2156,516.164
"tract","47157020542","B19313_001",119909000,36656160.444
"tract","47157020542","B25002_001",2601,531.679
"tract","47157020542","B25002_003",445,209.497
"tract","47157020542","B25003_001",2156,516.164
"tract","47157020542","B25003_003",1717,479.105
"tract","47157020542","B25044_001",2156,516.164
"tract","47157020542","B25044_003",44,55.136
"tract","47157020542","B25044_010",363,221.468
"tract","47157020542","B28002_001",2156,516.164
"tract","47157020542","B28002_013",295,174.96
"tract","47157020542","C17002_001",5229,1761.871
"tract","47157020542","C17002_002",276,353.674
"tract","47157020542","C17002_003",520,453.316
"tract","47157020542","POP100",5237,0
"tract","47157020542","POP100_all",5237,0
"tract","47157020543","B01003_001",3047,936.386
"tract","47157020543","B03002_001",3047,936.386
"tract","47157020543","B03002_003",130,80.387
"tract","47157020543","B03002_004",2664,752.204
"tract","47157020543","B03002_012",211,339.287
"tract","47157020543","B11001_001",1386,304.731
"tract","47157020543","B19313_001",73340200,22135792.591
"tract","47157020543","B25002_001",1683,301.788
"tract","47157020543","B25002_003",297,148.25
"tract","47157020543","B25003_001",1386,304.731
"tract","47157020543","B25003_003",1096,253.3
"tract","47157020543","B25044_001",1386,304.731
"tract","47157020543","B25044_003",0,24.249
"tract","47157020543","B25044_010",239,119.47
"tract","47157020543","B28002_001",1386,304.731
"tract","47157020543","B28002_013",230,108.425
"tract","47157020543","C17002_001",3047,936.386
"tract","47157020543","C17002_002",311,252.688
"tract","47157020543","C17002_003",292,191.092
"tract","47157020543","POP100",2938,0
"tract","47157020543","POP100_all",2938,0
"tract","47157020544","B01003_001",2885,684.856
"tract","47157020544","B03002_001",2885,684.856
"tract","47157020544","B03002_003",433,232.568
"tract","47157020544","B03002_004",2292,684.124
"tract","47157020544","B03002_012",28,55.785
"tract","47157020544","B11001_001",1154,321.548
"tract","47157020544","B19313_001",71292400,20114825.615
"tract","47157020544","B25002_001",1402,324.918
"tract","47157020544","B25002_003",248,109.554
"tract","47157020544","B25003_001",1154,321.548
"tract","47157020544","B25003_003",790,310.942
"tract","47157020544","B25044_001",1154,321.548
"tract","47157020544","B25044_003",12,22.804
"tract","47157020544","B25044_010",113,89.022
"tract","47157020544","B28002_001",1154,321.548
"tract","47157020544","B28002_013",27,34.015
"tract","47157020544","C17002_001",2854,682.898
"tract","47157020544","C17002_002",475,334.861
"tract","47157020544","C17002_003",326,223.808
"tract","47157020544","POP100",2295,0
"tract","47157020544","POP100_all",2295,0
"tract","47157020610","B01003_001",4322,782.141
"tract","47157020610","B03002_001",4322,782.141
"tract","47157020610","B03002_003",544,204.34
"tract","47157020610","B03002_004",3020,708.635
"tract","47157020610","B03002_012",434,348.162
"tract","47157020610","B11001_001",1653,226.612
"tract","47157020610","B19313_001",135789300,34537572.654
"tract","47157020610","B25002_001",1747,236.595
"tract","47157020610","B25002_003",94,77.169
"tract","47157020610","B25003_001",1653,226.612
"tract","47157020610","B25003_003",1154,194.373
"tract","47157020610","B25044_001",1653,226.612
"tract","47157020610","B25044_003",13,29.597
"tract","47157020610","B25044_010",66,54.626
"tract","47157020610","B28002_001",1653,226.612
"tract","47157020610","B28002_013",155,114.983
"tract","47157020610","C17002_001",4322,782.141
"tract","47157020610","C17002_002",420,246.779
"tract","47157020610","C17002_003",113,78.575
"tract","47157020610","POP100",4408,0
"tract","47157020610","POP100_all",4408,0
"tract","47157020621","B01003_001",5280.591,1310.288
"tract","47157020621","B03002_001",5280.591,1310.288
"tract","47157020621","B03002_003",790.176,399.195
"tract","47157020621","B03002_004",3288.914,1043.337
"tract","47157020621","B03002_012",631,647.11
"tract","47157020621","B11001_001",2446.97,570.627
"tract","47157020621","B19313_001",174847428.712,49153547.182
"tract","47157020621","B25002_001",2575.97,559.48
"tract","47157020621","B25002_003",129,122.767
"tract","47157020621","B25003_001",2446.97,570.627
"tract","47157020621","B25003_003",1710.427,506.012
"tract","47157020621","B25044_001",2446.97,570.627
"tract","47157020621","B25044_003",0,26.94
"tract","47157020621","B25044_010",144.768,92.339
"tract","47157020621","B28002_001",2446.97,570.627
"tract","47157020621","B28002_013",159,128.015
"tract","47157020621","C17002_001",5280.591,1310.288
"tract","47157020621","C17002_002",243.616,182.266
"tract","47157020621","C17002_003",98.116,104.67
"tract","47157020621","POP100",5433,0
"tract","47157020621","POP100_all",7036,0
"tract","47157020622","B01003_001",421.492,183.941
"tract","47157020622","B03002_001",421.492,183.941
"tract","47157020622","B03002_003",234.778,136.8
"tract","47157020622","B03002_004",177.47,135.876
"tract","47157020622","B03002_012",0,12.941
"tract","47157020622","B11001_001",185.185,73.148
"tract","47157020622","B19313_001",11008240.541,4750548.227
"tract","47157020622","B25002_001",234.259,87.963
"tract","47157020622","B25002_003",49.074,48.148
"tract","47157020622","B25003_001",185.185,73.148
"tract","47157020622","B25003_003",125.926,59.259
"tract","47157020622","B25044_001",185.185,73.148
"tract","47157020622","B25044_003",0,12.963
"tract","47157020622","B25044_010",21.296,25.926
"tract","47157020622","B28002_001",185.185,73.148
"tract","47157020622","B28002_013",12.963,25
"tract","47157020622","C17002_001",362.335,179.319
"tract","47157020622","C17002_002",85.038,97.054
"tract","47157020622","C17002_003",61.93,101.676
"tract","47157020622","POP100",1026,0
"tract","47157020622","POP100_all",4347,0
"tract","47157020632","B01003_001",0,0
"tract","47157020632","B03002_001",0,0
"tract","47157020632","B03002_003",0,0
"tract","47157020632","B03002_004",0,0
"tract","47157020632","B03002_012",0,0
"tract","47157020632","B11001_001",0,0
"tract","47157020632","B19313_001",0,0
"tract","47157020632","B25002_001",0,0
"tract","47157020632","B25002_003",0,0
"tract","47157020632","B25003_001",0,0
"tract","47157020632","B25003_003",0,0
"tract","47157020632","B25044_001",0,0
"tract","47157020632","B25044_003",0,0
"tract","47157020632","B25044_010",0,0
"tract","47157020632","B28002_001",0,0
"tract","47157020632","B28002_013",0,0
"tract","47157020632","C17002_001",0,0
"tract","47157020632","C17002_002",0,0
"tract","47157020632","C17002_003",0,0
"tract","47157020632","POP100",0,0
"tract","47157020632","POP100_all",5689,0
"tract","47157020651","B01003_001",4200,1628.271
"tract","47157020651","B03002_001",4200,1628.271
"tract","47157020651","B03002_003",846,431.02
"tract","47157020651","B03002_004",1890,960.886
"tract","47157020651","B03002_012",1206,1150.814
"tract","47157020651","B11001_001",1213,302.761
"tract","47157020651","B19313_001",106600700,31019837.316
"tract","47157020651","B25002_001",1213,302.761
"tract","47157020651","B25002_003",0,19.799
"tract","47157020651","B25003_001",1213,302.761
"tract","47157020651","B25003_003",520,278.289
"tract","47157020651","B25044_001",1213,302.761
"tract","47157020651","B25044_003",28,49.041
"tract","47157020651","B25044_010",52,82.201
"tract","47157020651","B28002_001",1213,302.761
"tract","47157020651","B28002_013",110,130.752
"tract","47157020651","C17002_001",4200,1628.271
"tract","47157020651","C17002_002",394,251.454
"tract","47157020651","C17002_003",52,61.612
"tract","47157020651","POP100",2724,0
"tract","47157020651","POP100_all",6642,0
"tract","47157020658","B01003_001",2647.367,1150.101
"tract","47157020658","B03002_001",2647.367,1150.101
"tract","47157020658","B03002_003",334.353,151.923
"tract","47157020658","B03002_004",2190.987,1198.301
"tract","47157020658","B03002_012",82.978,98.842
"tract","47157020658","B11001_001",789.202,163.896
"tract","47157020658","B19313_001",62506900.467,30738585.883
"tract","47157020658","B25002_001",837.252,151.39
"tract","47157020658","B25002_003",48.05,50.683
"tract","47157020658","B25003_001",789.202,163.896
"tract","47157020658","B25003_003",407.436,99.391
"tract","47157020658","B25044_001",789.202,163.896
"tract","47157020658","B25044_003",0,9.215
"tract","47157020658","B25044_010",96.1,65.163
"tract","47157020658","B28002_001",789.202,163.896
"tract","47157020658","B28002_013",71.087,55.29
"tract","47157020658","C17002_001",2633.334,1148.88
"tract","47157020658","C17002_002",252.595,238.562
"tract","47157020658","C17002_003",59.183,37.828
"tract","47157020658","POP100",1698,0
"tract","47157020658","POP100_all",5098,0
"tract","47157020833","B01003_001",0,0
"tract","47157020833","B03002_001",0,0
"tract","47157020833","B03002_003",0,0
"tract","47157020833","B03002_004",0,0
"tract","47157020833","B03002_012",0,0
"tract","47157020833","B11001_001",0,0
"tract","47157020833","B19313_001",0,0
"tract","47157020833","B25002_001",0,0
"tract","47157020833","B25002_003",0,0
"tract","47157020833","B25003_001",0,0
"tract","47157020833","B25003_003",0,0
"tract","47157020833","B25044_001",0,0
"tract","47157020833","B25044_003",0,0
"tract","47157020833","B25044_010",0,0
"tract","47157020833","B28002_001",0,0
"tract","47157020833","B28002_013",0,0
"tract","47157020833","C17002_001",0,0
"tract","47157020833","C17002_002",0,0
"tract","47157020833","C17002_003",0,0
"tract","47157020833","POP100",0,0
"tract","47157020833","POP100_all",5858,0
"tract","47157020837","B01003_001",0,0
"tract","47157020837","B03002_001",0,0
"tract","47157020837","B03002_003",0,0
"tract","47157020837","B03002_004",0,0
"tract","47157020837","B03002_012",0,0
"tract","47157020837","B11001_001",0,0
"tract","47157020837","B19313_001",0,0
"tract","47157020837","B25002_001",0,0
"tract","47157020837","B25002_003",0,0
"tract","47157020837","B25003_001",0,0
"tract","47157020837","B25003_003",0,0
"tract","47157020837","B25044_001",0,0
"tract","47157020837","B25044_003",0,0
"tract","47157020837","B25044_010",0,0
"tract","47157020837","B28002_001",0,0
"tract","47157020837","B28002_013",0,0
"tract","47157020837","C17002_001",0,0
"tract","47157020837","C17002_002",0,0
"tract","47157020837","C17002_003",0,0
"tract","47157020837","POP100",0,0
"tract","47157020837","POP100_all",7686,0
"tract","47157021021","B01003_001",2486.895,956.177
"tract","47157021021","B03002_001",2486.895,956.177
"tract","47157021021","B03002_003",609.493,405.3
"tract","47157021021","B03002_004",1435.899,799.386
"tract","47157021021","B03002_012",14,24.233
"tract","47157021021","B11001_001",991.759,344.303
"tract","47157021021","B19313_001",94010580.503,37278570.747
"tract","47157021021","B25002_001",1351.763,359.968
"tract","47157021021","B25002_003",360.004,294.934
"tract","47157021021","B25003_001",991.759,344.303
"tract","47157021021","B25003_003",288.91,198.97
"tract","47157021021","B25044_001",991.759,344.303
"tract","47157021021","B25044_003",0,15.996
"tract","47157021021","B25044_010",82.91,116.366
"tract","47157021021","B28002_001",991.759,344.303
"tract","47157021021","B28002_013",14,24.267
"tract","47157021021","C17002_001",2486.895,956.177
"tract","47157021021","C17002_002",108.499,129.651
"tract","47157021021","C17002_003",48.344,57.43
"tract","47157021021","POP100",3545,0
"tract","47157021021","POP100_all",6566,0
"tract","47157021023","B01003_001",2770.345,1219.498
"tract","47157021023","B03002_001",2770.345,1219.498
"tract","47157021023","B03002_003",583.275,379.172
"tract","47157021023","B03002_004",2030.789,1181.069
"tract","47157021023","B03002_012",84.545,128.953
"tract","47157021023","B11001_001",1208.064,441.198
"tract","47157021023","B19313_001",85890077.086,27316095.821
"tract","47157021023","B25002_001",1371.808,510.334
"tract","47157021023","B25002_003",163.744,232.88
"tract","47157021023","B25003_001",1208.064,441.198
"tract","47157021023","B25003_003",659.523,197.402
"tract","47157021023","B25044_001",1208.064,441.198
"tract","47157021023","B25044_003",0,12.736
"tract","47157021023","B25044_010",0,12.736
"tract","47157021023","B28002_001",1208.064,441.198
"tract","47157021023","B28002_013",10.007,16.374
"tract","47157021023","C17002_001",2658.472,1218.644
"tract","47157021023","C17002_002",712.228,887.296
"tract","47157021023","C17002_003",409.915,568.758
"tract","47157021023","POP100",2825,0
"tract","47157021023","POP100_all",5247,0
"tract","47157021111","B01003_001",4370.429,816.333
"tract","47157021111","B03002_001",4370.429,816.333
"tract","47157021111","B03002_003",505.361,164.684
"tract","47157021111","B03002_004",2224.578,748.422
"tract","47157021111","B03002_012",1400.743,540.301
"tract","47157021111","B11001_001",1720.416,316.501
"tract","47157021111","B19313_001",120037250.856,33176557.402
"tract","47157021111","B25002_001",1790.409,324.738
"tract","47157021111","B25002_003",69.993,73.352
"tract","47157021111","B25003_001",1720.416,316.501
"tract","47157021111","B25003_003",1094.292,293.668
"tract","47157021111","B25044_001",1720.416,316.501
"tract","47157021111","B25044_003",9.964,20.479
"tract","47157021111","B25044_010",97.698,120.089
"tract","47157021111","B28002_001",1720.416,316.501
"tract","47157021111","B28002_013",88.683,114.454
"tract","47157021111","C17002_001",4364.429,815.58
"tract","47157021111","C17002_002",487.888,360.073
"tract","47157021111","C17002_003",401.414,310.045
"tract","47157021111","POP100",4115,0
"tract","47157021111","POP100_all",4120,0
"tract","47157021112","B01003_001",5867,1378.818
"tract","47157021112","B03002_001",5867,1378.818
"tract","47157021112","B03002_003",1690,572.264
"tract","47157021112","B03002_004",2099,939.32
"tract","47157021112","B03002_012",1801,953.325
"tract","47157021112","B11001_001",2365,461.292
"tract","47157021112","B19313_001",173059500,42840067.663
"tract","47157021112","B25002_001",2450,468.728
"tract","47157021112","B25002_003",85,105.773
"tract","47157021112","B25003_001",2365,461.292
"tract","47157021112","B25003_003",1148,351.327
"tract","47157021112","B25044_001",2365,461.292
"tract","47157021112","B25044_003",30,62.61
"tract","47157021112","B25044_010",56,93.301
"tract","47157021112","B28002_001",2365,461.292
"tract","47157021112","B28002_013",155,135.174
"tract","47157021112","C17002_001",5867,1378.818
"tract","47157021112","C17002_002",443,303.409
"tract","47157021112","C17002_003",100,167.359
"tract","47157021112","POP100",6975,0
"tract","47157021112","POP100_all",6975,0
"tract","47157021113","B01003_001",3960,1135.602
"tract","47157021113","B03002_001",3960,1135.602
"tract","47157021113","B03002_003",1100,244.561
"tract","47157021113","B03002_004",1911,1011.876
"tract","47157021113","B03002_012",596,400.739
"tract","47157021113","B11001_001",1580,342.142
"tract","47157021113","B19313_001",133387300,31344895.191
"tract","47157021113","B25002_001",1614,337
"tract","47157021113","B25002_003",34,41.437
"tract","47157021113","B25003_001",1580,342.142
"tract","47157021113","B25003_003",783,327.391
"tract","47157021113","B25044_001",1580,342.142
"tract","47157021113","B25044_003",88,73.756
"tract","47157021113","B25044_010",29,46.174
"tract","47157021113","B28002_001",1580,342.142
"tract","47157021113","B28002_013",127,137.244
"tract","47157021113","C17002_001",3960,1135.602
"tract","47157021113","C17002_002",117,88.566
"tract","47157021113","C17002_003",338,268.76
"tract","47157021113","POP100",3808,0
"tract","47157021113","POP100_all",3808,0
"tract","47157021121","B01003_001",4856.655,1011.946
"tract","47157021121","B03002_001",4856.655,1011.946
"tract","47157021121","B03002_003",1773.503,531.963
"tract","47157021121","B03002_004",2144.541,882.132
"tract","47157021121","B03002_012",460,439.05
"tract","47157021121","B11001_001",2521.386,538.492
"tract","47157021121","B19313_001",161589156.169,38894950.856
"tract","47157021121","B25002_001",2605.386,529.319
"tract","47157021121","B25002_003",84,87.124
"tract","47157021121","B25003_001",2521.386,538.492
"tract","47157021121","B25003_003",1984.603,526.058
"tract","47157021121","B25044_001",2521.386,538.492
"tract","47157021121","B25044_003",12,25.251
"tract","47157021121","B25044_010",103.9,130.541
"tract","47157021121","B28002_001",2521.386,538.492
"tract","47157021121","B28002_013",195.374,137.046
"tract","47157021121","C17002_001",4856.655,1011.946
"tract","47157021121","C17002_002",178.829,154.912
"tract","47157021121","C17002_003",329,381.62
"tract","47157021121","POP100",4004,0
"tract","47157021121","POP100_all",4888,0
"tract","47157021122","B01003_001",5842,1318.334
"tract","47157021122","B03002_001",5842,1318.334
"tract","47157021122","B03002_003",1253,478.918
"tract","47157021122","B03002_004",1941,681.553
"tract","47157021122","B03002_012",1967,994.81
"tract","47157021122","B11001_001",2070,397.196
"tract","47157021122","B19313_001",143609700,28670888.46
"tract","47157021122","B25002_001",2230,402.326
"tract","47157021122","B25002_003",160,148.432
"tract","47157021122","B25003_001",2070,397.196
"tract","47157021122","B25003_003",1338,372.798
"tract","47157021122","B25044_001",2070,397.196
"tract","47157021122","B25044_003",40,46.776
"tract","47157021122","B25044_010",93,117.12
"tract","47157021122","B28002_001",2070,397.196
"tract","47157021122","B28002_013",40,69.376
"tract","47157021122","C17002_001",5842,1318.334
"tract","47157021122","C17002_002",419,311.119
"tract","47157021122","C17002_003",752,649.324
"tract","47157021122","POP100",5637,0
"tract","47157021122","POP100_all",5637,0
"tract","47157021124","B01003_001",0,0
"tract","47157021124","B03002_001",0,0
"tract","47157021124","B03002_003",0,0
"tract","47157021124","B03002_004",0,0
"tract","47157021124","B03002_012",0,0
"tract","47157021124","B11001_001",0,0
"tract","47157021124","B19313_001",0,0
"tract","47157021124","B25002_001",0,0
"tract","47157021124","B25002_003",0,0
"tract","47157021124","B25003_001",0,0
"tract","47157021124","B25003_003",0,0
"tract","47157021124","B25044_001",0,0
"tract","47157021124","B25044_003",0,0
"tract","47157021124","B25044_010",0,0
"tract","47157021124","B28002_001",0,0
"tract","47157021124","B28002_013",0,0
"tract","47157021124","C17002_001",0,0
"tract","47157021124","C17002_002",0,0
"tract","47157021124","C17002_003",0,0
"tract","47157021124","POP100",0,0
"tract","47157021124","POP100_all",8045,0
"tract","47157021125","B01003_001",2659.558,495.222
"tract","47157021125","B03002_001",2659.558,495.222
"tract","47157021125","B03002_003",1262.073,287.879
"tract","47157021125","B03002_004",915.167,461.072
"tract","47157021125","B03002_012",189.219,135.211
"tract","47157021125","B11001_001",1184.523,218.517
"tract","47157021125","B19313_001",108948119.083,25484555.419
"tract","47157021125","B25002_001",1285.206,214.872
"tract","47157021125","B25002_003",100.682,78.449
"tract","47157021125","B25003_001",1184.523,218.517
"tract","47157021125","B25003_003",712.297,209.261
"tract","47157021125","B25044_001",1184.523,218.517
"tract","47157021125","B25044_003",12.673,21.058
"tract","47157021125","B25044_010",33.492,39.051
"tract","47157021125","B28002_001",1184.523,218.517
"tract","47157021125","B28002_013",65.173,71.58
"tract","47157021125","C17002_001",2495.787,494.364
"tract","47157021125","C17002_002",72.697,68.623
"tract","47157021125","C17002_003",12.626,16.663
"tract","47157021125","POP100",2704,0
"tract","47157021125","POP100_all",4495,0
"tract","47157021126","B01003_001",3422.754,875.743
"tract","47157021126","B03002_001",3422.754,875.743
"tract","47157021126","B03002_003",1232.704,478.537
"tract","47157021126","B03002_004",1498.778,826.409
"tract","47157021126","B03002_012",177.763,309.588
"tract","47157021126","B11001_001",1654.264,290.251
"tract","47157021126","B19313_001",132915137.904,24174520.426
"tract","47157021126","B25002_001",2011.264,292.132
"tract","47157021126","B25002_003",357,149.537
"tract","47157021126","B25003_001",1654.264,290.251
"tract","47157021126","B25003_003",1121.615,286.747
"tract","47157021126","B25044_001",1654.264,290.251
"tract","47157021126","B25044_003",9.948,21.47
"tract","47157021126","B25044_010",110.756,122.931
"tract","47157021126","B28002_001",1654.264,290.251
"tract","47157021126","B28002_013",0,18.876
"tract","47157021126","C17002_001",3422.754,875.743
"tract","47157021126","C17002_002",279.767,355.844
"tract","47157021126","C17002_003",77.86,141.998
"tract","47157021126","POP100",4122,0
"tract","47157021126","POP100_all",4312,0
"tract","47157021135","B01003_001",5264,1099.146
"tract","47157021135","B03002_001",5264,1099.146
"tract","47157021135","B03002_003",1571,440.387
"tract","47157021135","B03002_004",2640,861.502
"tract","47157021135","B03002_012",438,498.16
"tract","47157021135","B11001_001",2617,475.27
"tract","47157021135","B19313_001",228977100,55260730.962
"tract","47157021135","B25002_001",2713,463.529
"tract","47157021135","B25002_003",96,112.916
"tract","47157021135","B25003_001",2617,475.27
"tract","47157021135","B25003_003",1407,409.749
"tract","47157021135","B25044_001",2617,475.27
"tract","47157021135","B25044_003",41,50.16
"tract","47157021135","B25044_010",96,151.301
"tract","47157021135","B28002_001",2617,475.27
"tract","47157021135","B28002_013",147,119.783
"tract","47157021135","C17002_001",5243,1096.105
"tract","47157021135","C17002_002",111,114.743
"tract","47157021135","C17002_003",143,135.189
"tract","47157021135","POP100",6576,0
"tract","47157021135","POP100_all",6576,0
"tract","47157021136","B01003_001",3704.732,689.802
"tract","47157021136","B03002_001",3704.732,689.802
"tract","47157021136","B03002_003",656.471,200.86
"tract","47157021136","B03002_004",2186.63,563.072
"tract","47157021136","B03002_012",464.126,262.322
"tract","47157021136","B11001_001",1422.22,227.308
"tract","47157021136","B19313_001",170222313.066,28620164.596
"tract","47157021136","B25002_001",1432.182,228.129
"tract","47157021136","B25002_003",9.962,24.913
"tract","47157021136","B25003_001",1422.22,227.308
"tract","47157021136","B25003_003",315.537,167.346
"tract","47157021136","B25044_001",1422.22,227.308
"tract","47157021136","B25044_003",0,19.1
"tract","47157021136","B25044_010",0,19.1
"tract","47157021136","B28002_001",1422.22,227.308
"tract","47157021136","B28002_013",13.131,28.231
"tract","47157021136","C17002_001",3704.732,689.802
"tract","47157021136","C17002_002",71.461,96.649
"tract","47157021136","C17002_003",38.858,54.081
"tract","47157021136","POP100",3819,0
"tract","47157021136","POP100_all",5284,0
"tract","47157021138","B01003_001",1893.98,190.821
"tract","47157021138","B03002_001",1893.98,190.821
"tract","47157021138","B03002_003",603.01,145.208
"tract","47157021138","B03002_004",1005.157,176.593
"tract","47157021138","B03002_012",153.996,92.9
"tract","47157021138","B11001_001",753.739,59.687
"tract","47157021138","B19313_001",84808501.946,14043111.428
"tract","47157021138","B25002_001",775.937,59.687
"tract","47157021138","B25002_003",22.198,25.158
"tract","47157021138","B25003_001",753.739,59.687
"tract","47157021138","B25003_003",312.742,64.127
"tract","47157021138","B25044_001",753.739,59.687
"tract","47157021138","B25044_003",11.346,12.825
"tract","47157021138","B25044_010",75.966,61.661
"tract","47157021138","B28002_001",753.739,59.687
"tract","47157021138","B28002_013",11.346,15.785
"tract","47157021138","C17002_001",1893.98,190.821
"tract","47157021138","C17002_002",53.982,51.89
"tract","47157021138","C17002_003",42.265,38.499
"tract","47157021138","POP100",1763,0
"tract","47157021138","POP100_all",4213,0
"tract","47157021139","B01003_001",116.331,24.785
"tract","47157021139","B03002_001",116.331,24.785
"tract","47157021139","B03002_003",64.55,17.692
"tract","47157021139","B03002_004",26.579,15.772
"tract","47157021139","B03002_012",5.091,6.384
"tract","47157021139","B11001_001",1.007,0.201
"tract","47157021139","B19313_001",9414309.547,3093302.947
"tract","47157021139","B25002_001",1.007,0.201
"tract","47157021139","B25002_003",0,0.014
"tract","47157021139","B25003_001",1.007,0.201
"tract","47157021139","B25003_003",0.017,0.025
"tract","47157021139","B25044_001",1.007,0.201
"tract","47157021139","B25044_003",0,0.014
"tract","47157021139","B25044_010",0,0.014
"tract","47157021139","B28002_001",1.007,0.201
"tract","47157021139","B28002_013",0.015,0.028
"tract","47157021139","C17002_001",110.114,24.785
"tract","47157021139","C17002_002",0.417,0.626
"tract","47157021139","C17002_003",0.626,1.168
"tract","47157021139","POP100",118,0
"tract","47157021139","POP100_all",4273,0
"tract","47157021140","B01003_001",3959.892,1099.474
"tract","47157021140","B03002_001",3959.892,1099.474
"tract","47157021140","B03002_003",1377.676,314.292
"tract","47157021140","B03002_004",2119.054,1026.327
"tract","47157021140","B03002_012",149.906,117.014
"tract","47157021140","B11001_001",1604.243,328.508
"tract","47157021140","B19313_001",162465071.596,46722038.455
"tract","47157021140","B25002_001",1809.213,343.653
"tract","47157021140","B25002_003",204.971,144.31
"tract","47157021140","B25003_001",1604.243,328.508
"tract","47157021140","B25003_003",826.941,285.371
"tract","47157021140","B25044_001",1604.243,328.508
"tract","47157021140","B25044_003",9,18.31
"tract","47157021140","B25044_010",35.607,58.913
"tract","47157021140","B28002_001",1604.243,328.508
"tract","47157021140","B28002_013",45.144,60.149
"tract","47157021140","C17002_001",3918.577,1085.408
"tract","47157021140","C17002_002",109.096,127.298
"tract","47157021140","C17002_003",53.542,62.275
"tract","47157021140","POP100",3683,0
"tract","47157021140","POP100_all",4740,0
"tract","47157021141","B01003_001",7741,1416.691
"tract","47157021141","B03002_001",7741,1416.691
"tract","47157021141","B03002_003",2809,878.98
"tract","47157021141","B03002_004",4021,1250.204
"tract","47157021141","B03002_012",692,422.642
"tract","47157021141","B11001_001",2847,468.361
"tract","47157021141","B19313_001",312505000,71911047.494
"tract","47157021141","B25002_001",2973,459.573
"tract","47157021141","B25002_003",126,126.669
"tract","47157021141","B25003_001",2847,468.361
"tract","47157021141","B25003_003",1026,312.605
"tract","47157021141","B25044_001",2847,468.361
"tract","47157021141","B25044_003",7,31.765
"tract","47157021141","B25044_010",0,31.305
"tract","47157021141","B28002_001",2847,468.361
"tract","47157021141","B28002_013",184,185.173
"tract","47157021141","C17002_001",7741,1416.691
"tract","47157021141","C17002_002",117,92.331
"tract","47157021141","C17002_003",331,222.731
"tract","47157021141","POP100",7638,0
"tract","47157021141","POP100_all",7638,0
"tract","47157021142","B01003_001",2994,472.899
"tract","47157021142","B03002_001",2994,472.899
"tract","47157021142","B03002_003",1255,335.601
"tract","47157021142","B03002_004",1271,349.687
"tract","47157021142","B03002_012",219,153.405
"tract","47157021142","B11001_001",1419,237.453
"tract","47157021142","B19313_001",136427400,28337175.624
"tract","47157021142","B25002_001",1516,245.082
"tract","47157021142","B25002_003",97,77.279
"tract","47157021142","B25003_001",1419,237.453
"tract","47157021142","B25003_003",563,147.258
"tract","47157021142","B25044_001",1419,237.453
"tract","47157021142","B25044_003",0,19.799
"tract","47157021142","B25044_010",41,40.497
"tract","47157021142","B28002_001",1419,237.453
"tract","47157021142","B28002_013",0,19.799
"tract","47157021142","C17002_001",2994,472.899
"tract","47157021142","C17002_002",50,44.385
"tract","47157021142","C17002_003",52,57.271
"tract","47157021142","POP100",3636,0
"tract","47157021142","POP100_all",3636,0
"tract","47157021143","B01003_001",5900,1810.676
"tract","47157021143","B03002_001",5900,1810.676
"tract","47157021143","B03002_003",1572,386.457
"tract","47157021143","B03002_004",2972,1461.721
"tract","47157021143","B03002_012",425,338.485
"tract","47157021143","B11001_001",1892,384.886
"tract","47157021143","B19313_001",192144900,37590318.222
"tract","47157021143","B25002_001",1971,380.07
"tract","47157021143","B25002_003",79,70.803
"tract","47157021143","B25003_001",1892,384.886
"tract","47157021143","B25003_003",651,352.996
"tract","47157021143","B25044_001",1892,384.886
"tract","47157021143","B25044_003",40,49.163
"tract","47157021143","B25044_010",16,29.597
"tract","47157021143","B28002_001",1892,384.886
"tract","47157021143","B28002_013",34,33.719
"tract","47157021143","C17002_001",5900,1810.676
"tract","47157021143","C17002_002",50,52.278
"tract","47157021143","C17002_003",95,99.89
"tract","47157021143","POP100",4419,0
"tract","47157021143","POP100_all",4419,0
"tract","47157021144","B01003_001",3136,632.8
"tract","47157021144","B03002_001",3136,632.8
"tract","47157021144","B03002_003",1283,371.615
"tract","47157021144","B03002_004",1496,507.256
"tract","47157021144","B03002_012",278,217.002
"tract","47157021144","B11001_001",1430,277.995
"tract","47157021144","B19313_001",158156500,41124033.384
"tract","47157021144","B25002_001",1579,267.002
"tract","47157021144","B25002_003",149,104.307
"tract","47157021144","B25003_001",1430,277.995
"tract","47157021144","B25003_003",723,275.429
"tract","47157021144","B25044_001",1430,277.995
"tract","47157021144","B25044_003",38,45.222
"tract","47157021144","B25044_010",1,14.318
"tract","47157021144","B28002_001",1430,277.995
"tract","47157021144","B28002_013",67,74.33
"tract","47157021144","C17002_001",3136,632.8
"tract","47157021144","C17002_002",114,95.635
"tract","47157021144","C17002_003",163,166.589
"tract","47157021144","POP100",3768,0
"tract","47157021144","POP100_all",3768,0
"tract","47157021200","B01003_001",1444,55
"tract","47157021200","B03002_001",1444,55
"tract","47157021200","B03002_003",468,93
"tract","47157021200","B03002_004",823,97
"tract","47157021200","B03002_012",135,39
"tract","47157021200","B11001_001",0,14
"tract","47157021200","B19313_001",13061100,4081877
"tract","47157021200","B25002_001",0,14
"tract","47157021200","B25002_003",0,14
"tract","47157021200","B25003_001",0,14
"tract","47157021200","B25003_003",0,14
"tract","47157021200","B25044_001",0,14
"tract","47157021200","B25044_003",0,14
"tract","47157021200","B25044_010",0,14
"tract","47157021200","B28002_001",0,14
"tract","47157021200","B28002_013",0,14
"tract","47157021200","C17002_001",0,14
"tract","47157021200","C17002_002",0,14
"tract","47157021200","C17002_003",0,14
"tract","47157021200","POP100",1689,0
"tract","47157021200","POP100_all",1689,0
"tract","47157021311","B01003_001",4409,705.569
"tract","47157021311","B03002_001",4409,705.569
"tract","47157021311","B03002_003",3540,554.325
"tract","47157021311","B03002_004",380,263.412
"tract","47157021311","B03002_012",203,279.702
"tract","47157021311","B11001_001",2220,379.771
"tract","47157021311","B19313_001",648908200,182612268.726
"tract","47157021311","B25002_001",2362,395.607
"tract","47157021311","B25002_003",142,114.996
"tract","47157021311","B25003_001",2220,379.771
"tract","47157021311","B25003_003",609,194.962
"tract","47157021311","B25044_001",2220,379.771
"tract","47157021311","B25044_003",0,24.249
"tract","47157021311","B25044_010",221,136.444
"tract","47157021311","B28002_001",2220,379.771
"tract","47157021311","B28002_013",92,102.922
"tract","47157021311","C17002_001",4353,704.895
"tract","47157021311","C17002_002",188,145.89
"tract","47157021311","C17002_003",114,138.007
"tract","47157021311","POP100",4850,0
"tract","47157021311","POP100_all",4850,0
"tract","47157021312","B01003_001",1627.793,290.944
"tract","47157021312","B03002_001",1627.793,290.944
"tract","47157021312","B03002_003",1367.408,262.484
"tract","47157021312","B03002_004",88.008,75.187
"tract","47157021312","B03002_012",44.588,45.845
"tract","47157021312","B11001_001",1031.473,173.513
"tract","47157021312","B19313_001",105110059.734,22812622.274
"tract","47157021312","B25002_001",1066.565,167.023
"tract","47157021312","B25002_003",35.091,58.072
"tract","47157021312","B25003_001",1031.473,173.513
"tract","47157021312","B25003_003",680.226,155.898
"tract","47157021312","B25044_001",1031.473,173.513
"tract","47157021312","B25044_003",27.378,46.062
"tract","47157021312","B25044_010",8.536,22.863
"tract","47157021312","B28002_001",1031.473,173.513
"tract","47157021312","B28002_013",0,22.863
"tract","47157021312","C17002_001",1627.793,290.944
"tract","47157021312","C17002_002",40.419,40.549
"tract","47157021312","C17002_003",110.962,112.497
"tract","47157021312","POP100",1955,0
"tract","47157021312","POP100_all",2100,0
"tract","47157021320","B01003_001",5912,930.471
"tract","47157021320","B03002_001",5912,930.471
"tract","47157021320","B03002_003",4089,653.652
"tract","47157021320","B03002_004",1392,716.295
"tract","47157021320","B03002_012",82,115.572
"tract","47157021320","B11001_001",2244,309.881
"tract","47157021320","B19313_001",354009800,65581725.7
"tract","47157021320","B25002_001",2345,334.734
"tract","47157021320","B25002_003",101,123.923
"tract","47157021320","B25003_001",2244,309.881
"tract","47157021320","B25003_003",816,236.749
"tract","47157021320","B25044_001",2244,309.881
"tract","47157021320","B25044_003",0,28
"tract","47157021320","B25044_010",15,35.553
"tract","47157021320","B28002_001",2244,309.881
"tract","47157021320","B28002_013",27,41.964
"tract","47157021320","C17002_001",5740,930.471
"tract","47157021320","C17002_002",396,319.482
"tract","47157021320","C17002_003",271,411.715
"tract","47157021320","POP100",5989,0
"tract","47157021320","POP100_all",5989,0
"tract","47157021331","B01003_001",3374,659.913
"tract","47157021331","B03002_001",3374,659.913
"tract","47157021331","B03002_003",1900,467.146
"tract","47157021331","B03002_004",1195,517.256
"tract","47157021331","B03002_012",19,27.964
"tract","47157021331","B11001_001",1266,199.043
"tract","47157021331","B19313_001",176840000,42765011.448
"tract","47157021331","B25002_001",1315,198.197
"tract","47157021331","B25002_003",49,58.455
"tract","47157021331","B25003_001",1266,199.043
"tract","47157021331","B25003_003",116,92.201
"tract","47157021331","B25044_001",1266,199.043
"tract","47157021331","B25044_003",27,35.114
"tract","47157021331","B25044_010",0,24.249
"tract","47157021331","B28002_001",1266,199.043
"tract","47157021331","B28002_013",53,37.537
"tract","47157021331","C17002_001",3260,660.73
"tract","47157021331","C17002_002",42,47.466
"tract","47157021331","C17002_003",184,126.969
"tract","47157021331","POP100",3500,0
"tract","47157021331","POP100_all",3500,0
"tract","47157021333","B01003_001",4172,920.685
"tract","47157021333","B03002_001",4172,920.685
"tract","47157021333","B03002_003",1747,738.14
"tract","47157021333","B03002_004",1667,616.702
"tract","47157021333","B03002_012",518,570.793
"tract","47157021333","B11001_001",1666,373.322
"tract","47157021333","B19313_001",211322800,54934024.561
"tract","47157021333","B25002_001",1697,370.818
"tract","47157021333","B25002_003",31,52.887
"tract","47157021333","B25003_001",1666,373.322
"tract","47157021333","B25003_003",521,223.833
"tract","47157021333","B25044_001",1666,373.322
"tract","47157021333","B25044_003",14,27.785
"tract","47157021333","B25044_010",12,23.601
"tract","47157021333","B28002_001",1666,373.322
"tract","47157021333","B28002_013",14,27.785
"tract","47157021333","C17002_001",4172,920.685
"tract","47157021333","C17002_002",43,31.145
"tract","47157021333","C17002_003",32,34.928
"tract","47157021333","POP100",3757,0
"tract","47157021333","POP100_all",3988,0
"tract","47157021334","B01003_001",3584,586.693
"tract","47157021334","B03002_001",3584,586.693
"tract","47157021334","B03002_003",396,154.434
"tract","47157021334","B03002_004",2306,596.121
"tract","47157021334","B03002_012",452,324.008
"tract","47157021334","B11001_001",1666,267.29
"tract","47157021334","B19313_001",113590500,24193610.523
"tract","47157021334","B25002_001",1695,269.431
"tract","47157021334","B25002_003",29,50.961
"tract","47157021334","B25003_001",1666,267.29
"tract","47157021334","B25003_003",1120,255.049
"tract","47157021334","B25044_001",1666,267.29
"tract","47157021334","B25044_003",0,19.799
"tract","47157021334","B25044_010",124,107.912
"tract","47157021334","B28002_001",1666,267.29
"tract","47157021334","B28002_013",25,30.083
"tract","47157021334","C17002_001",3442,581.276
"tract","47157021334","C17002_002",314,220.132
"tract","47157021334","C17002_003",114,120.221
"tract","47157021334","POP100",3682,0
"tract","47157021334","POP100_all",3682,0
"tract","47157021354","B01003_001",3198.323,881.57
"tract","47157021354","B03002_001",3198.323,881.57
"tract","47157021354","B03002_003",437.857,186.563
"tract","47157021354","B03002_004",2244.568,817.113
"tract","47157021354","B03002_012",140.71,147.25
"tract","47157021354","B11001_001",1819.219,443.255
"tract","47157021354","B19313_001",202493600.394,71468378.572
"tract","47157021354","B25002_001",2177.219,457.875
"tract","47157021354","B25002_003",358,233.209
"tract","47157021354","B25003_001",1819.219,443.255
"tract","47157021354","B25003_003",1193.727,374.429
"tract","47157021354","B25044_001",1819.219,443.255
"tract","47157021354","B25044_003",0,17.13
"tract","47157021354","B25044_010",36,55.879
"tract","47157021354","B28002_001",1819.219,443.255
"tract","47157021354","B28002_013",0,17.13
"tract","47157021354","C17002_001",3198.323,881.57
"tract","47157021354","C17002_002",191.194,222.333
"tract","47157021354","C17002_003",88.366,144.032
"tract","47157021354","POP100",3872,0
"tract","47157021354","POP100_all",6169,0
"tract","47157021355","B01003_001",835.7,331.785
"tract","47157021355","B03002_001",835.7,331.785
"tract","47157021355","B03002_003",359.074,182.077
"tract","47157021355","B03002_004",337.24,276.763
"tract","47157021355","B03002_012",1.87,3.547
"tract","47157021355","B11001_001",351.946,125.695
"tract","47157021355","B19313_001",44529913.692,13411628.518
"tract","47157021355","B25002_001",427.969,130.238
"tract","47157021355","B25002_003",76.023,66.936
"tract","47157021355","B25003_001",351.946,125.695
"tract","47157021355","B25003_003",231.4,122.666
"tract","47157021355","B25044_001",351.946,125.695
"tract","47157021355","B25044_003",0,4.24
"tract","47157021355","B25044_010",6.966,12.115
"tract","47157021355","B28002_001",351.946,125.695
"tract","47157021355","B28002_013",6.966,12.115
"tract","47157021355","C17002_001",820.963,331.519
"tract","47157021355","C17002_002",9.931,12.239
"tract","47157021355","C17002_003",6.144,10.709
"tract","47157021355","POP100",587,0
"tract","47157021355","POP100_all",5383,0
"tract","47157021410","B01003_001",0,0
"tract","47157021410","B03002_001",0,0
"tract","47157021410","B03002_003",0,0
"tract","47157021410","B03002_004",0,0
"tract","47157021410","B03002_012",0,0
"tract","47157021410","B11001_001",0,0
"tract","47157021410","B19313_001",0,0
"tract","47157021410","B25002_001",0,0
"tract","47157021410","B25002_003",0,0
"tract","47157021410","B25003_001",0,0
"tract","47157021410","B25003_003",0,0
"tract","47157021410","B25044_001",0,0
"tract","47157021410","B25044_003",0,0
"tract","47157021410","B25044_010",0,0
"tract","47157021410","B28002_001",0,0
"tract","47157021410","B28002_013",0,0
"tract","47157021410","C17002_001",0,0
"tract","47157021410","C17002_002",0,0
"tract","47157021410","C17002_003",0,0
"tract","47157021410","POP100",0,0
"tract","47157021410","POP100_all",2983,0
"tract","47157021420","B01003_001",0,0
"tract","47157021420","B03002_001",0,0
"tract","47157021420","B03002_003",0,0
"tract","47157021420","B03002_004",0,0
"tract","47157021420","B03002_012",0,0
"tract","47157021420","B11001_001",0,0
"tract","47157021420","B19313_001",0,0
"tract","47157021420","B25002_001",0,0
"tract","47157021420","B25002_003",0,0
"tract","47157021420","B25003_001",0,0
"tract","47157021420","B25003_003",0,0
"tract","47157021420","B25044_001",0,0
"tract","47157021420","B25044_003",0,0
"tract","47157021420","B25044_010",0,0
"tract","47157021420","B28002_001",0,0
"tract","47157021420","B28002_013",0,0
"tract","47157021420","C17002_001",0,0
"tract","47157021420","C17002_002",0,0
"tract","47157021420","C17002_003",0,0
"tract","47157021420","POP100",0,0
"tract","47157021420","POP100_all",3373,0
"tract","47157021430","B01003_001",7.286,1.763
"tract","47157021430","B03002_001",7.286,1.763
"tract","47157021430","B03002_003",4.691,1.569
"tract","47157021430","B03002_004",0.634,0.731
"tract","47157021430","B03002_012",0.884,0.685
"tract","47157021430","B11001_001",3.386,0.788
"tract","47157021430","B19313_001",571430.438,212322.314
"tract","47157021430","B25002_001",3.612,0.766
"tract","47157021430","B25002_003",0.227,0.34
"tract","47157021430","B25003_001",3.386,0.788
"tract","47157021430","B25003_003",0.403,0.442
"tract","47157021430","B25044_001",3.386,0.788
"tract","47157021430","B25044_003",0.068,0.102
"tract","47157021430","B25044_010",0,0.079
"tract","47157021430","B28002_001",3.386,0.788
"tract","47157021430","B28002_013",0.057,0.096
"tract","47157021430","C17002_001",7.286,1.763
"tract","47157021430","C17002_002",0,0.072
"tract","47157021430","C17002_003",0.22,0.255
"tract","47157021430","POP100",7,0
"tract","47157021430","POP100_all",4103,0
"tract","47157021548","B01003_001",965.862,333.685
"tract","47157021548","B03002_001",965.862,333.685
"tract","47157021548","B03002_003",266.561,121.598
"tract","47157021548","B03002_004",527.207,314.455
"tract","47157021548","B03002_012",65.655,64.475
"tract","47157021548","B11001_001",457.078,104.012
"tract","47157021548","B19313_001",46670161.458,12284546.937
"tract","47157021548","B25002_001",538.289,87.866
"tract","47157021548","B25002_003",81.211,55.09
"tract","47157021548","B25003_001",457.078,104.012
"tract","47157021548","B25003_003",454.448,104.008
"tract","47157021548","B25044_001",457.078,104.012
"tract","47157021548","B25044_003",0.064,6.65
"tract","47157021548","B25044_010",4.274,6.649
"tract","47157021548","B28002_001",457.078,104.012
"tract","47157021548","B28002_013",4.274,6.649
"tract","47157021548","C17002_001",965.862,333.685
"tract","47157021548","C17002_002",5.133,9.049
"tract","47157021548","C17002_003",60.531,80.876
"tract","47157021548","POP100",994,0
"tract","47157021548","POP100_all",3058,0
"tract","47157021710","B01003_001",1782,430.675
"tract","47157021710","B03002_001",1782,430.675
"tract","47157021710","B03002_003",110,103.87
"tract","47157021710","B03002_004",1580,430.377
"tract","47157021710","B03002_012",35,57.723
"tract","47157021710","B11001_001",999,207.039
"tract","47157021710","B19313_001",33846000,8569061.51
"tract","47157021710","B25002_001",1368,203.708
"tract","47157021710","B25002_003",369,129.139
"tract","47157021710","B25003_001",999,207.039
"tract","47157021710","B25003_003",884,193.662
"tract","47157021710","B25044_001",999,207.039
"tract","47157021710","B25044_003",0,19.799
"tract","47157021710","B25044_010",45,51.923
"tract","47157021710","B28002_001",999,207.039
"tract","47157021710","B28002_013",116,89.202
"tract","47157021710","C17002_001",1782,430.675
"tract","47157021710","C17002_002",226,178.44
"tract","47157021710","C17002_003",402,266.368
"tract","47157021710","POP100",2772,0
"tract","47157021710","POP100_all",2772,0
"tract","47157021721","B01003_001",4708,923.401
"tract","47157021721","B03002_001",4708,923.401
"tract","47157021721","B03002_003",106,74.733
"tract","47157021721","B03002_004",3936,848.209
"tract","47157021721","B03002_012",620,418.478
"tract","47157021721","B11001_001",1922,281.151
"tract","47157021721","B19313_001",114737900,22147108.94
"tract","47157021721","B25002_001",2256,273.805
"tract","47157021721","B25002_003",334,114.022
"tract","47157021721","B25003_001",1922,281.151
"tract","47157021721","B25003_003",1725,280.619
"tract","47157021721","B25044_001",1922,281.151
"tract","47157021721","B25044_003",0,24.249
"tract","47157021721","B25044_010",259,148.893
"tract","47157021721","B28002_001",1922,281.151
"tract","47157021721","B28002_013",30,41.085
"tract","47157021721","C17002_001",4708,923.401
"tract","47157021721","C17002_002",370,272.635
"tract","47157021721","C17002_003",580,314.554
"tract","47157021721","POP100",4860,0
"tract","47157021721","POP100_all",4860,0
"tract","47157021724","B01003_001",2442,422.868
"tract","47157021724","B03002_001",2442,422.868
"tract","47157021724","B03002_003",59,40.719
"tract","47157021724","B03002_004",2048,403.686
"tract","47157021724","B03002_012",298,154.208
"tract","47157021724","B11001_001",955,162.484
"tract","47157021724","B19313_001",55604500,15815129.989
"tract","47157021724","B25002_001",1021,162.003
"tract","47157021724","B25002_003",66,53.235
"tract","47157021724","B25003_001",955,162.484
"tract","47157021724","B25003_003",636,120.354
"tract","47157021724","B25044_001",955,162.484
"tract","47157021724","B25044_003",10,20.518
"tract","47157021724","B25044_010",55,46.53
"tract","47157021724","B28002_001",955,162.484
"tract","47157021724","B28002_013",8,17.804
"tract","47157021724","C17002_001",2442,422.868
"tract","47157021724","C17002_002",238,147.665
"tract","47157021724","C17002_003",196,153.447
"tract","47157021724","POP100",2283,0
"tract","47157021724","POP100_all",2283,0
"tract","47157021725","B01003_001",3803,733.822
"tract","47157021725","B03002_001",3803,733.822
"tract","47157021725","B03002_003",215,127.028
"tract","47157021725","B03002_004",2993,689.071
"tract","47157021725","B03002_012",515,351.399
"tract","47157021725","B11001_001",2145,393.434
"tract","47157021725","B19313_001",105628900,22969467.224
"tract","47157021725","B25002_001",2579,388.743
"tract","47157021725","B25002_003",434,148.071
"tract","47157021725","B25003_001",2145,393.434
"tract","47157021725","B25003_003",2061,392.032
"tract","47157021725","B25044_001",2145,393.434
"tract","47157021725","B25044_003",19,34.293
"tract","47157021725","B25044_010",309,234.209
"tract","47157021725","B28002_001",2145,393.434
"tract","47157021725","B28002_013",74,72.67
"tract","47157021725","C17002_001",3803,733.822
"tract","47157021725","C17002_002",446,355.221
"tract","47157021725","C17002_003",347,194.075
"tract","47157021725","POP100",3798,0
"tract","47157021725","POP100_all",3798,0
"tract","47157021731","B01003_001",2813,630.892
"tract","47157021731","B03002_001",2813,630.892
"tract","47157021731","B03002_003",45,33.971
"tract","47157021731","B03002_004",1574,391.368
"tract","47157021731","B03002_012",1180,519.278
"tract","47157021731","B11001_001",904,188.743
"tract","47157021731","B19313_001",45451100,10862073.081
"tract","47157021731","B25002_001",962,190.602
"tract","47157021731","B25002_003",58,42.521
"tract","47157021731","B25003_001",904,188.743
"tract","47157021731","B25003_003",579,122.348
"tract","47157021731","B25044_001",904,188.743
"tract","47157021731","B25044_003",20,26.077
"tract","47157021731","B25044_010",18,24.413
"tract","47157021731","B28002_001",904,188.743
"tract","47157021731","B28002_013",44,28.32
"tract","47157021731","C17002_001",2813,630.892
"tract","47157021731","C17002_002",548,256.827
"tract","47157021731","C17002_003",221,169.047
"tract","47157021731","POP100",2855,0
"tract","47157021731","POP100_all",2855,0
"tract","47157021744","B01003_001",5622.359,1088.135
"tract","47157021744","B03002_001",5622.359,1088.135
"tract","47157021744","B03002_003",305.679,152.314
"tract","47157021744","B03002_004",4378.384,1042.13
"tract","47157021744","B03002_012",776.915,459.787
"tract","47157021744","B11001_001",1875.743,314.59
"tract","47157021744","B19313_001",179412577.918,36067815.34
"tract","47157021744","B25002_001",1932.743,314.371
"tract","47157021744","B25002_003",57,69.247
"tract","47157021744","B25003_001",1875.743,314.59
"tract","47157021744","B25003_003",644.455,232.848
"tract","47157021744","B25044_001",1875.743,314.59
"tract","47157021744","B25044_003",0,25.732
"tract","47157021744","B25044_010",0,25.732
"tract","47157021744","B28002_001",1875.743,314.59
"tract","47157021744","B28002_013",42.15,29.425
"tract","47157021744","C17002_001",5569.361,1082.709
"tract","47157021744","C17002_002",240.229,237.638
"tract","47157021744","C17002_003",149.604,108.073
"tract","47157021744","POP100",5133,0
"tract","47157021744","POP100_all",5802,0
"tract","47157021745","B01003_001",0,0
"tract","47157021745","B03002_001",0,0
"tract","47157021745","B03002_003",0,0
"tract","47157021745","B03002_004",0,0
"tract","47157021745","B03002_012",0,0
"tract","47157021745","B11001_001",0,0
"tract","47157021745","B19313_001",0,0
"tract","47157021745","B25002_001",0,0
"tract","47157021745","B25002_003",0,0
"tract","47157021745","B25003_001",0,0
"tract","47157021745","B25003_003",0,0
"tract","47157021745","B25044_001",0,0
"tract","47157021745","B25044_003",0,0
"tract","47157021745","B25044_010",0,0
"tract","47157021745","B28002_001",0,0
"tract","47157021745","B28002_013",0,0
"tract","47157021745","C17002_001",0,0
"tract","47157021745","C17002_002",0,0
"tract","47157021745","C17002_003",0,0
"tract","47157021745","POP100",0,0
"tract","47157021745","POP100_all",8226,0
"tract","47157021746","B01003_001",4178,1003.959
"tract","47157021746","B03002_001",4178,1003.959
"tract","47157021746","B03002_003",97,78.358
"tract","47157021746","B03002_004",3583,911.205
"tract","47157021746","B03002_012",324,288.552
"tract","47157021746","B11001_001",1690,289.822
"tract","47157021746","B19313_001",114729100,28048872.891
"tract","47157021746","B25002_001",1899,286.606
"tract","47157021746","B25002_003",209,128.984
"tract","47157021746","B25003_001",1690,289.822
"tract","47157021746","B25003_003",959,220.139
"tract","47157021746","B25044_001",1690,289.822
"tract","47157021746","B25044_003",0,28
"tract","47157021746","B25044_010",69,48.094
"tract","47157021746","B28002_001",1690,289.822
"tract","47157021746","B28002_013",88,78.32
"tract","47157021746","C17002_001",4148,1003.959
"tract","47157021746","C17002_002",351,255.259
"tract","47157021746","C17002_003",444,395.611
"tract","47157021746","POP100",4653,0
"tract","47157021746","POP100_all",4653,0
"tract","47157021747","B01003_001",4654,1022.998
"tract","47157021747","B03002_001",4654,1022.998
"tract","47157021747","B03002_003",37,40.497
"tract","47157021747","B03002_004",4234,1006.561
"tract","47157021747","B03002_012",369,204.619
"tract","47157021747","B11001_001",1352,249.018
"tract","47157021747","B19313_001",111486100,30341893.777
"tract","47157021747","B25002_001",1352,249.018
"tract","47157021747","B25002_003",0,19.799
"tract","47157021747","B25003_001",1352,249.018
"tract","47157021747","B25003_003",413,134.358
"tract","47157021747","B25044_001",1352,249.018
"tract","47157021747","B25044_003",29,45.222
"tract","47157021747","B25044_010",0,19.799
"tract","47157021747","B28002_001",1352,249.018
"tract","47157021747","B28002_013",53,56.727
"tract","47157021747","C17002_001",4654,1022.998
"tract","47157021747","C17002_002",204,228.009
"tract","47157021747","C17002_003",75,85.913
"tract","47157021747","POP100",3985,0
"tract","47157021747","POP100_all",3985,0
"tract","47157021751","B01003_001",12.306,4.298
"tract","47157021751","B03002_001",12.306,4.298
"tract","47157021751","B03002_003",0.772,0.659
"tract","47157021751","B03002_004",11.054,4.162
"tract","47157021751","B03002_012",0.48,0.565
"tract","47157021751","B11001_001",3.538,1.048
"tract","47157021751","B19313_001",449180.855,176597.075
"tract","47157021751","B25002_001",3.678,1.014
"tract","47157021751","B25002_003",0.14,0.264
"tract","47157021751","B25003_001",3.538,1.048
"tract","47157021751","B25003_003",0.668,0.551
"tract","47157021751","B25044_001",3.538,1.048
"tract","47157021751","B25044_003",0,0.048
"tract","47157021751","B25044_010",0.476,0.497
"tract","47157021751","B28002_001",3.538,1.048
"tract","47157021751","B28002_013",0,0.048
"tract","47157021751","C17002_001",12.306,4.298
"tract","47157021751","C17002_002",0.41,0.443
"tract","47157021751","C17002_003",2.792,3.455
"tract","47157021751","POP100",12,0
"tract","47157021751","POP100_all",7520,0
"tract","47157021754","B01003_001",2359.971,419.383
"tract","47157021754","B03002_001",2359.971,419.383
"tract","47157021754","B03002_003",41.497,39.567
"tract","47157021754","B03002_004",1866.478,385.704
"tract","47157021754","B03002_012",401.018,162.856
"tract","47157021754","B11001_001",896.049,174.126
"tract","47157021754","B19313_001",79370594.67,19360489.232
"tract","47157021754","B25002_001",910.437,172.83
"tract","47157021754","B25002_003",14.387,24.148
"tract","47157021754","B25003_001",896.049,174.126
"tract","47157021754","B25003_003",504.093,158.601
"tract","47157021754","B25044_001",896.049,174.126
"tract","47157021754","B25044_003",3.357,9.005
"tract","47157021754","B25044_010",57.591,38.739
"tract","47157021754","B28002_001",896.049,174.126
"tract","47157021754","B28002_013",14.074,21.905
"tract","47157021754","C17002_001",2359.971,419.383
"tract","47157021754","C17002_002",164.325,166.935
"tract","47157021754","C17002_003",346.994,238.443
"tract","47157021754","POP100",2109,0
"tract","47157021754","POP100_all",4343,0
"tract","47157021755","B01003_001",1585,405
"tract","47157021755","B03002_001",1585,405
"tract","47157021755","B03002_003",13,16
"tract","47157021755","B03002_004",1400,408
"tract","47157021755","B03002_012",78,73
"tract","47157021755","B11001_001",887,118
"tract","47157021755","B19313_001",43569400,10343954
"tract","47157021755","B25002_001",1134,155
"tract","47157021755","B25002_003",247,160
"tract","47157021755","B25003_001",887,118
"tract","47157021755","B25003_003",880,117
"tract","47157021755","B25044_001",887,118
"tract","47157021755","B25044_003",7,11
"tract","47157021755","B25044_010",182,69
"tract","47157021755","B28002_001",887,118
"tract","47157021755","B28002_013",41,32
"tract","47157021755","C17002_001",1585,405
"tract","47157021755","C17002_002",187,156
"tract","47157021755","C17002_003",128,127
"tract","47157021755","POP100",1763,0
"tract","47157021755","POP100_all",1763,0
"tract","47157021756","B01003_001",1635,369.738
"tract","47157021756","B03002_001",1635,369.738
"tract","47157021756","B03002_003",669,145.248
"tract","47157021756","B03002_004",963,339.271
"tract","47157021756","B03002_012",0,19.799
"tract","47157021756","B11001_001",899,177.234
"tract","47157021756","B19313_001",58886600,13846897.477
"tract","47157021756","B25002_001",1378,212.269
"tract","47157021756","B25002_003",479,166.643
"tract","47157021756","B25003_001",899,177.234
"tract","47157021756","B25003_003",701,171.493
"tract","47157021756","B25044_001",899,177.234
"tract","47157021756","B25044_003",23,29.53
"tract","47157021756","B25044_010",221,100.767
"tract","47157021756","B28002_001",899,177.234
"tract","47157021756","B28002_013",200,104.35
"tract","47157021756","C17002_001",1525,365.568
"tract","47157021756","C17002_002",140,96.26
"tract","47157021756","C17002_003",41,51.865
"tract","47157021756","POP100",2144,0
"tract","47157021756","POP100_all",2144,0
"tract","47157021757","B01003_001",3368,946.321
"tract","47157021757","B03002_001",3368,946.321
"tract","47157021757","B03002_003",114,106.977
"tract","47157021757","B03002_004",3066,929.702
"tract","47157021757","B03002_012",177,211.757
"tract","47157021757","B11001_001",1521,493.997
"tract","47157021757","B19313_001",102121800,37575363.175
"tract","47157021757","B25002_001",1678,510.141
"tract","47157021757","B25002_003",157,120.623
"tract","47157021757","B25003_001",1521,493.997
"tract","47157021757","B25003_003",1077,467.861
"tract","47157021757","B25044_001",1521,493.997
"tract","47157021757","B25044_003",0,24.249
"tract","47157021757","B25044_010",201,127.969
"tract","47157021757","B28002_001",1521,493.997
"tract","47157021757","B28002_013",117,89.342
"tract","47157021757","C17002_001",3368,946.321
"tract","47157021757","C17002_002",195,147.77
"tract","47157021757","C17002_003",81,92.482
"tract","47157021757","POP100",3743,0
"tract","47157021757","POP100_all",3743,0
"tract","47157021758","B01003_001",3475,856.173
"tract","47157021758","B03002_001",3475,856.173
"tract","47157021758","B03002_003",312,202.181
"tract","47157021758","B03002_004",2552,879.222
"tract","47157021758","B03002_012",588,472.886
"tract","47157021758","B11001_001",1351,320.203
"tract","47157021758","B19313_001",82791100,20380149.679
"tract","47157021758","B25002_001",1454,305.164
"tract","47157021758","B25002_003",103,84.172
"tract","47157021758","B25003_001",1351,320.203
"tract","47157021758","B25003_003",935,294.932
"tract","47157021758","B25044_001",1351,320.203
"tract","47157021758","B25044_003",0,19.799
"tract","47157021758","B25044_010",253,190.882
"tract","47157021758","B28002_001",1351,320.203
"tract","47157021758","B28002_013",112,93.862
"tract","47157021758","C17002_001",3475,856.173
"tract","47157021758","C17002_002",19,37.696
"tract","47157021758","C17002_003",625,446.323
"tract","47157021758","POP100",3030,0
"tract","47157021758","POP100_all",3030,0
"tract","47157021759","B01003_001",4283,1070.247
"tract","47157021759","B03002_001",4283,1070.247
"tract","47157021759","B03002_003",352,232.175
"tract","47157021759","B03002_004",3435,1042.559
"tract","47157021759","B03002_012",310,210.231
"tract","47157021759","B11001_001",1431,264.909
"tract","47157021759","B19313_001",99301300,25820761.846
"tract","47157021759","B25002_001",1529,253.805
"tract","47157021759","B25002_003",98,100.975
"tract","47157021759","B25003_001",1431,264.909
"tract","47157021759","B25003_003",846,239.944
"tract","47157021759","B25044_001",1431,264.909
"tract","47157021759","B25044_003",30,33.106
"tract","47157021759","B25044_010",54,59.203
"tract","47157021759","B28002_001",1431,264.909
"tract","47157021759","B28002_013",41,35.511
"tract","47157021759","C17002_001",4283,1070.247
"tract","47157021759","C17002_002",326,248.697
"tract","47157021759","C17002_003",904,630.518
"tract","47157021759","POP100",4194,0
"tract","47157021759","POP100_all",4194,0
"tract","47157021760","B01003_001",4737,1870.68
"tract","47157021760","B03002_001",4737,1870.68
"tract","47157021760","B03002_003",287,238.835
"tract","47157021760","B03002_004",4114,1914.445
"tract","47157021760","B03002_012",309,297.042
"tract","47157021760","B11001_001",1384,313.704
"tract","47157021760","B19313_001",116786300,32409607.688
"tract","47157021760","B25002_001",1434,318.751
"tract","47157021760","B25002_003",50,62.586
"tract","47157021760","B25003_001",1384,313.704
"tract","47157021760","B25003_003",591,209.347
"tract","47157021760","B25044_001",1384,313.704
"tract","47157021760","B25044_003",31,37.014
"tract","47157021760","B25044_010",35,61.612
"tract","47157021760","B28002_001",1384,313.704
"tract","47157021760","B28002_013",24,33.106
"tract","47157021760","C17002_001",4737,1870.68
"tract","47157021760","C17002_002",96,119.821
"tract","47157021760","C17002_003",129,188.521
"tract","47157021760","POP100",3950,0
"tract","47157021760","POP100_all",3950,0
"tract","47157021900","B01003_001",5088,1084.463
"tract","47157021900","B03002_001",5088,1084.463
"tract","47157021900","B03002_003",133,98.96
"tract","47157021900","B03002_004",4711,1044.893
"tract","47157021900","B03002_012",120,143.461
"tract","47157021900","B11001_001",1900,391.603
"tract","47157021900","B19313_001",155896300,44020272.743
"tract","47157021900","B25002_001",2124,385.654
"tract","47157021900","B25002_003",224,123.061
"tract","47157021900","B25003_001",1900,391.603
"tract","47157021900","B25003_003",959,357.356
"tract","47157021900","B25044_001",1900,391.603
"tract","47157021900","B25044_003",62,57.836
"tract","47157021900","B25044_010",27,34.641
"tract","47157021900","B28002_001",1900,391.603
"tract","47157021900","B28002_013",96,110.68
"tract","47157021900","C17002_001",5088,1084.463
"tract","47157021900","C17002_002",355,318.62
"tract","47157021900","C17002_003",303,267.12
"tract","47157021900","POP100",4929,0
"tract","47157021900","POP100_all",4929,0
"tract","47157022023","B01003_001",2865,653.754
"tract","47157022023","B03002_001",2865,653.754
"tract","47157022023","B03002_003",30,39.711
"tract","47157022023","B03002_004",2689,626.013
"tract","47157022023","B03002_012",0,24.249
"tract","47157022023","B11001_001",903,179.145
"tract","47157022023","B19313_001",49476000,12066523.376
"tract","47157022023","B25002_001",1654,191.805
"tract","47157022023","B25002_003",751,123.454
"tract","47157022023","B25003_001",903,179.145
"tract","47157022023","B25003_003",619,168.478
"tract","47157022023","B25044_001",903,179.145
"tract","47157022023","B25044_003",0,24.249
"tract","47157022023","B25044_010",50,57.628
"tract","47157022023","B28002_001",903,179.145
"tract","47157022023","B28002_013",84,66.34
"tract","47157022023","C17002_001",2848,653.754
"tract","47157022023","C17002_002",869,511.506
"tract","47157022023","C17002_003",431,278.009
"tract","47157022023","POP100",1703,0
"tract","47157022023","POP100_all",1703,0
"tract","47157022024","B01003_001",3536,828.571
"tract","47157022024","B03002_001",3536,828.571
"tract","47157022024","B03002_003",26,30.414
"tract","47157022024","B03002_004",3510,828.571
"tract","47157022024","B03002_012",0,19.799
"tract","47157022024","B11001_001",1197,235.637
"tract","47157022024","B19313_001",86868000,22759574.96
"tract","47157022024","B25002_001",1197,235.637
"tract","47157022024","B25002_003",0,19.799
"tract","47157022024","B25003_001",1197,235.637
"tract","47157022024","B25003_003",339,183.076
"tract","47157022024","B25044_001",1197,235.637
"tract","47157022024","B25044_003",32,29.833
"tract","47157022024","B25044_010",38,59.666
"tract","47157022024","B28002_001",1197,235.637
"tract","47157022024","B28002_013",65,41.629
"tract","47157022024","C17002_001",3536,828.571
"tract","47157022024","C17002_002",339,247.879
"tract","47157022024","C17002_003",314,259.141
"tract","47157022024","POP100",3246,0
"tract","47157022024","POP100_all",3246,0
"tract","47157022025","B01003_001",3723,1019.495
"tract","47157022025","B03002_001",3723,1019.495
"tract","47157022025","B03002_003",155,151.222
"tract","47157022025","B03002_004",3500,981.75
"tract","47157022025","B03002_012",0,24.249
"tract","47157022025","B11001_001",1472,329.575
"tract","47157022025","B19313_001",53422500,14997119.982
"tract","47157022025","B25002_001",1818,345.064
"tract","47157022025","B25002_003",346,133.518
"tract","47157022025","B25003_001",1472,329.575
"tract","47157022025","B25003_003",1371,323.351
"tract","47157022025","B25044_001",1472,329.575
"tract","47157022025","B25044_003",0,24.249
"tract","47157022025","B25044_010",328,202.292
"tract","47157022025","B28002_001",1472,329.575
"tract","47157022025","B28002_013",273,173.781
"tract","47157022025","C17002_001",3723,1019.495
"tract","47157022025","C17002_002",1670,764.174
"tract","47157022025","C17002_003",466,425.63
"tract","47157022025","POP100",3097,0
"tract","47157022025","POP100_all",3097,0
"tract","47157022026","B01003_001",1922,537.249
"tract","47157022026","B03002_001",1922,537.249
"tract","47157022026","B03002_003",120,64.195
"tract","47157022026","B03002_004",1653,486.489
"tract","47157022026","B03002_012",134,186.526
"tract","47157022026","B11001_001",647,158.405
"tract","47157022026","B19313_001",36307800,12350531.472
"tract","47157022026","B25002_001",896,157.813
"tract","47157022026","B25002_003",249,96.897
"tract","47157022026","B25003_001",647,158.405
"tract","47157022026","B25003_003",468,153.675
"tract","47157022026","B25044_001",647,158.405
"tract","47157022026","B25044_003",0,19.799
"tract","47157022026","B25044_010",81,63.561
"tract","47157022026","B28002_001",647,158.405
"tract","47157022026","B28002_013",28,26.42
"tract","47157022026","C17002_001",1922,537.249
"tract","47157022026","C17002_002",635,370.871
"tract","47157022026","C17002_003",138,157.623
"tract","47157022026","POP100",2304,0
"tract","47157022026","POP100_all",2304,0
"tract","47157022111","B01003_001",4977,1181.329
"tract","47157022111","B03002_001",4977,1181.329
"tract","47157022111","B03002_003",82,67.328
"tract","47157022111","B03002_004",4446,1106.091
"tract","47157022111","B03002_012",372,407.147
"tract","47157022111","B11001_001",2246,523.162
"tract","47157022111","B19313_001",162446000,94902981.651
"tract","47157022111","B25002_001",2482,515.221
"tract","47157022111","B25002_003",236,138.423
"tract","47157022111","B25003_001",2246,523.162
"tract","47157022111","B25003_003",1725,485.706
"tract","47157022111","B25044_001",2246,523.162
"tract","47157022111","B25044_003",67,72.208
"tract","47157022111","B25044_010",532,222.293
"tract","47157022111","B28002_001",2246,523.162
"tract","47157022111","B28002_013",562,308.057
"tract","47157022111","C17002_001",4746,1179.078
"tract","47157022111","C17002_002",536,376.263
"tract","47157022111","C17002_003",953,522.488
"tract","47157022111","POP100",5307,0
"tract","47157022111","POP100_all",5307,0
"tract","47157022121","B01003_001",4652,981.603
"tract","47157022121","B03002_001",4652,981.603
"tract","47157022121","B03002_003",95,79.436
"tract","47157022121","B03002_004",4416,980.511
"tract","47157022121","B03002_012",126,180.092
"tract","47157022121","B11001_001",1703,238.315
"tract","47157022121","B19313_001",132942100,23533614.29
"tract","47157022121","B25002_001",1781,238.315
"tract","47157022121","B25002_003",78,72.945
"tract","47157022121","B25003_001",1703,238.315
"tract","47157022121","B25003_003",527,187.382
"tract","47157022121","B25044_001",1703,238.315
"tract","47157022121","B25044_003",12,31.113
"tract","47157022121","B25044_010",0,24.249
"tract","47157022121","B28002_001",1703,238.315
"tract","47157022121","B28002_013",202,120.706
"tract","47157022121","C17002_001",4630,980.917
"tract","47157022121","C17002_002",988,561.983
"tract","47157022121","C17002_003",322,361.914
"tract","47157022121","POP100",4267,0
"tract","47157022121","POP100_all",4267,0
"tract","47157022122","B01003_001",3934,899.588
"tract","47157022122","B03002_001",3934,899.588
"tract","47157022122","B03002_003",198,152.375
"tract","47157022122","B03002_004",3537,872.523
"tract","47157022122","B03002_012",181,278.704
"tract","47157022122","B11001_001",1642,293.54
"tract","47157022122","B19313_001",107228500,31115175.607
"tract","47157022122","B25002_001",1993,304.457
"tract","47157022122","B25002_003",351,132.367
"tract","47157022122","B25003_001",1642,293.54
"tract","47157022122","B25003_003",909,248.936
"tract","47157022122","B25044_001",1642,293.54
"tract","47157022122","B25044_003",25,43.738
"tract","47157022122","B25044_010",139,74.673
"tract","47157022122","B28002_001",1642,293.54
"tract","47157022122","B28002_013",47,51.585
"tract","47157022122","C17002_001",3934,899.588
"tract","47157022122","C17002_002",542,370.521
"tract","47157022122","C17002_003",461,242.18
"tract","47157022122","POP100",3934,0
"tract","47157022122","POP100_all",3934,0
"tract","47157022130","B01003_001",4920,1423.132
"tract","47157022130","B03002_001",4920,1423.132
"tract","47157022130","B03002_003",133,121.926
"tract","47157022130","B03002_004",4735,1420.978
"tract","47157022130","B03002_012",20,41.773
"tract","47157022130","B11001_001",1926,387.408
"tract","47157022130","B19313_001",131460100,53445759.771
"tract","47157022130","B25002_001",2289,406.87
"tract","47157022130","B25002_003",363,183.567
"tract","47157022130","B25003_001",1926,387.408
"tract","47157022130","B25003_003",559,233.998
"tract","47157022130","B25044_001",1926,387.408
"tract","47157022130","B25044_003",57,96.167
"tract","47157022130","B25044_010",15,36.878
"tract","47157022130","B28002_001",1926,387.408
"tract","47157022130","B28002_013",257,180.413
"tract","47157022130","C17002_001",4588,1112.204
"tract","47157022130","C17002_002",348,368.711
"tract","47157022130","C17002_003",719,475.944
"tract","47157022130","POP100",4944,0
"tract","47157022130","POP100_all",4944,0
"tract","47157022131","B01003_001",2197,842.568
"tract","47157022131","B03002_001",2197,842.568
"tract","47157022131","B03002_003",173,236.415
"tract","47157022131","B03002_004",1951,791.647
"tract","47157022131","B03002_012",0,19.799
"tract","47157022131","B11001_001",947,259.933
"tract","47157022131","B19313_001",33469200,11857742.4
"tract","47157022131","B25002_001",1204,259.278
"tract","47157022131","B25002_003",257,126.27
"tract","47157022131","B25003_001",947,259.933
"tract","47157022131","B25003_003",805,257.031
"tract","47157022131","B25044_001",947,259.933
"tract","47157022131","B25044_003",21,28.653
"tract","47157022131","B25044_010",471,227.115
"tract","47157022131","B28002_001",947,259.933
"tract","47157022131","B28002_013",79,90.094
"tract","47157022131","C17002_001",2197,842.568
"tract","47157022131","C17002_002",564,261.964
"tract","47157022131","C17002_003",615,696.604
"tract","47157022131","POP100",2892,0
"tract","47157022131","POP100_all",2892,0
"tract","47157022132","B01003_001",2777,808.219
"tract","47157022132","B03002_001",2777,808.219
"tract","47157022132","B03002_003",120,90.802
"tract","47157022132","B03002_004",2657,807.27
"tract","47157022132","B03002_012",0,19.799
"tract","47157022132","B11001_001",1141,301.095
"tract","47157022132","B19313_001",54744300,16618430.772
"tract","47157022132","B25002_001",1340,302.539
"tract","47157022132","B25002_003",199,105.759
"tract","47157022132","B25003_001",1141,301.095
"tract","47157022132","B25003_003",815,288.765
"tract","47157022132","B25044_001",1141,301.095
"tract","47157022132","B25044_003",0,19.799
"tract","47157022132","B25044_010",114,91.4
"tract","47157022132","B28002_001",1141,301.095
"tract","47157022132","B28002_013",152,116.362
"tract","47157022132","C17002_001",2777,808.219
"tract","47157022132","C17002_002",654,579.142
"tract","47157022132","C17002_003",182,200.661
"tract","47157022132","POP100",2974,0
"tract","47157022132","POP100_all",2974,0
"tract","47157022210","B01003_001",4277,900.527
"tract","47157022210","B03002_001",4277,900.527
"tract","47157022210","B03002_003",34,41.388
"tract","47157022210","B03002_004",3940,870.885
"tract","47157022210","B03002_012",9,24.249
"tract","47157022210","B11001_001",1735,375.059
"tract","47157022210","B19313_001",94445600,21310003.465
"tract","47157022210","B25002_001",1884,391.262
"tract","47157022210","B25002_003",149,113.737
"tract","47157022210","B25003_001",1735,375.059
"tract","47157022210","B25003_003",449,163.957
"tract","47157022210","B25044_001",1735,375.059
"tract","47157022210","B25044_003",122,75.319
"tract","47157022210","B25044_010",44,37.483
"tract","47157022210","B28002_001",1735,375.059
"tract","47157022210","B28002_013",249,111.897
"tract","47157022210","C17002_001",4234,893.965
"tract","47157022210","C17002_002",392,315.084
"tract","47157022210","C17002_003",185,122.201
"tract","47157022210","POP100",4280,0
"tract","47157022210","POP100_all",4280,0
"tract","47157022220","B01003_001",3845,1159.967
"tract","47157022220","B03002_001",3845,1159.967
"tract","47157022220","B03002_003",92,137.394
"tract","47157022220","B03002_004",3569,1086.848
"tract","47157022220","B03002_012",94,152.591
"tract","47157022220","B11001_001",1571,386.625
"tract","47157022220","B19313_001",90639500,39033346.543
"tract","47157022220","B25002_001",1896,383.013
"tract","47157022220","B25002_003",325,147.211
"tract","47157022220","B25003_001",1571,386.625
"tract","47157022220","B25003_003",723,242.159
"tract","47157022220","B25044_001",1571,386.625
"tract","47157022220","B25044_003",53,47.603
"tract","47157022220","B25044_010",35,62.61
"tract","47157022220","B28002_001",1571,386.625
"tract","47157022220","B28002_013",105,71.148
"tract","47157022220","C17002_001",3845,1159.967
"tract","47157022220","C17002_002",367,339.662
"tract","47157022220","C17002_003",1161,800.901
"tract","47157022220","POP100",3418,0
"tract","47157022220","POP100_all",3418,0
"tract","47157022310","B01003_001",5071,1157.256
"tract","47157022310","B03002_001",5071,1157.256
"tract","47157022310","B03002_003",0,28
"tract","47157022310","B03002_004",5039,1157.869
"tract","47157022310","B03002_012",32,52
"tract","47157022310","B11001_001",1853,328.206
"tract","47157022310","B19313_001",76019200,21303208.552
"tract","47157022310","B25002_001",2061,343.638
"tract","47157022310","B25002_003",208,128.876
"tract","47157022310","B25003_001",1853,328.206
"tract","47157022310","B25003_003",1024,321.504
"tract","47157022310","B25044_001",1853,328.206
"tract","47157022310","B25044_003",74,88.391
"tract","47157022310","B25044_010",158,105.214
"tract","47157022310","B28002_001",1853,328.206
"tract","47157022310","B28002_013",432,208.552
"tract","47157022310","C17002_001",5071,1157.256
"tract","47157022310","C17002_002",964,549.219
"tract","47157022310","C17002_003",1240,766.984
"tract","47157022310","POP100",5479,0
"tract","47157022310","POP100_all",5479,0
"tract","47157022321","B01003_001",4105,978.653
"tract","47157022321","B03002_001",4105,978.653
"tract","47157022321","B03002_003",41,46.433
"tract","47157022321","B03002_004",3889,954.954
"tract","47157022321","B03002_012",131,192.023
"tract","47157022321","B11001_001",1472,238.512
"tract","47157022321","B19313_001",95693400,22893773.074
"tract","47157022321","B25002_001",1547,240.16
"tract","47157022321","B25002_003",75,57.991
"tract","47157022321","B25003_001",1472,238.512
"tract","47157022321","B25003_003",566,194.792
"tract","47157022321","B25044_001",1472,238.512
"tract","47157022321","B25044_003",45,51.856
"tract","47157022321","B25044_010",94,71.477
"tract","47157022321","B28002_001",1472,238.512
"tract","47157022321","B28002_013",103,69.814
"tract","47157022321","C17002_001",4054,965.769
"tract","47157022321","C17002_002",713,594.922
"tract","47157022321","C17002_003",274,163.515
"tract","47157022321","POP100",4034,0
"tract","47157022321","POP100_all",4034,0
"tract","47157022322","B01003_001",3559,729.26
"tract","47157022322","B03002_001",3559,729.26
"tract","47157022322","B03002_003",0,28
"tract","47157022322","B03002_004",3456,733.625
"tract","47157022322","B03002_012",0,28
"tract","47157022322","B11001_001",1449,241.006
"tract","47157022322","B19313_001",96760300,20861929.143
"tract","47157022322","B25002_001",1526,246
"tract","47157022322","B25002_003",77,73.485
"tract","47157022322","B25003_001",1449,241.006
"tract","47157022322","B25003_003",562,213.453
"tract","47157022322","B25044_001",1449,241.006
"tract","47157022322","B25044_003",57,49.9
"tract","47157022322","B25044_010",86,74.599
"tract","47157022322","B28002_001",1449,241.006
"tract","47157022322","B28002_013",189,105.138
"tract","47157022322","C17002_001",3559,729.26
"tract","47157022322","C17002_002",232,186.949
"tract","47157022322","C17002_003",603,460.306
"tract","47157022322","POP100",3972,0
"tract","47157022322","POP100_all",3972,0
"tract","47157022330","B01003_001",4972,1406.105
"tract","47157022330","B03002_001",4972,1406.105
"tract","47157022330","B03002_003",69,112.752
"tract","47157022330","B03002_004",4788,1417.258
"tract","47157022330","B03002_012",53,88.25
"tract","47157022330","B11001_001",1742,329.049
"tract","47157022330","B19313_001",92306400,26976064.963
"tract","47157022330","B25002_001",1881,325.348
"tract","47157022330","B25002_003",139,88.69
"tract","47157022330","B25003_001",1742,329.049
"tract","47157022330","B25003_003",785,289.211
"tract","47157022330","B25044_001",1742,329.049
"tract","47157022330","B25044_003",85,73.593
"tract","47157022330","B25044_010",104,82.735
"tract","47157022330","B28002_001",1742,329.049
"tract","47157022330","B28002_013",233,125.236
"tract","47157022330","C17002_001",4943,1403.308
"tract","47157022330","C17002_002",757,473.629
"tract","47157022330","C17002_003",1504,1264.284
"tract","47157022330","POP100",4607,0
"tract","47157022330","POP100_all",4607,0
"tract","47157022410","B01003_001",5954,1235.75
"tract","47157022410","B03002_001",5954,1235.75
"tract","47157022410","B03002_003",258,162.991
"tract","47157022410","B03002_004",5488,1217.687
"tract","47157022410","B03002_012",0,31.305
"tract","47157022410","B11001_001",2253,430.367
"tract","47157022410","B19313_001",203549900,54772464.681
"tract","47157022410","B25002_001",2395,442.285
"tract","47157022410","B25002_003",142,134.067
"tract","47157022410","B25003_001",2253,430.367
"tract","47157022410","B25003_003",628,257.932
"tract","47157022410","B25044_001",2253,430.367
"tract","47157022410","B25044_003",83,90.67
"tract","47157022410","B25044_010",40,57.306
"tract","47157022410","B28002_001",2253,430.367
"tract","47157022410","B28002_013",117,108.812
"tract","47157022410","C17002_001",5954,1235.75
"tract","47157022410","C17002_002",185,165.076
"tract","47157022410","C17002_003",1303,934.475
"tract","47157022410","POP100",5592,0
"tract","47157022410","POP100_all",5592,0
"tract","47157022500","B01003_001",4588,998.379
"tract","47157022500","B03002_001",4588,998.379
"tract","47157022500","B03002_003",382,163.404
"tract","47157022500","B03002_004",3605,951.511
"tract","47157022500","B03002_012",584,369.796
"tract","47157022500","B11001_001",1775,280.387
"tract","47157022500","B19313_001",118350000,22673544.556
"tract","47157022500","B25002_001",1892,293.027
"tract","47157022500","B25002_003",117,81.719
"tract","47157022500","B25003_001",1775,280.387
"tract","47157022500","B25003_003",729,211.54
"tract","47157022500","B25044_001",1775,280.387
"tract","47157022500","B25044_003",11,29.052
"tract","47157022500","B25044_010",62,85.1
"tract","47157022500","B28002_001",1775,280.387
"tract","47157022500","B28002_013",165,110.535
"tract","47157022500","C17002_001",4588,998.379
"tract","47157022500","C17002_002",420,220.341
"tract","47157022500","C17002_003",148,124.386
"tract","47157022500","POP100",4550,0
"tract","47157022500","POP100_all",4550,0
"tract","47157022600","B01003_001",3781.546,840.335
"tract","47157022600","B03002_001",3781.546,840.335
"tract","47157022600","B03002_003",323.747,241.254
"tract","47157022600","B03002_004",2489.305,564.794
"tract","47157022600","B03002_012",950.65,666.96
"tract","47157022600","B11001_001",1309.237,235.441
"tract","47157022600","B19313_001",69135818.673,19286169.574
"tract","47157022600","B25002_001",1543.466,241.784
"tract","47157022600","B25002_003",234.229,102.58
"tract","47157022600","B25003_001",1309.237,235.441
"tract","47157022600","B25003_003",749.233,187.845
"tract","47157022600","B25044_001",1309.237,235.441
"tract","47157022600","B25044_003",7,15.08
"tract","47157022600","B25044_010",4,22.966
"tract","47157022600","B28002_001",1309.237,235.441
"tract","47157022600","B28002_013",100.995,84.397
"tract","47157022600","C17002_001",3770.703,840.335
"tract","47157022600","C17002_002",509.053,370.938
"tract","47157022600","C17002_003",521.337,330.894
"tract","47157022600","POP100",3961,0
"tract","47157022600","POP100_all",4508,0
"tract","47157022700","B01003_001",6506,1539.958
"tract","47157022700","B03002_001",6506,1539.958
"tract","47157022700","B03002_003",220,248.032
"tract","47157022700","B03002_004",6145,1498.505
"tract","47157022700","B03002_012",0,31.305
"tract","47157022700","B11001_001",2860,640.44
"tract","47157022700","B19313_001",109382900,26636985.625
"tract","47157022700","B25002_001",3140,659.59
"tract","47157022700","B25002_003",280,184.851
"tract","47157022700","B25003_001",2860,640.44
"tract","47157022700","B25003_003",1725,622.227
"tract","47157022700","B25044_001",2860,640.44
"tract","47157022700","B25044_003",34,65.307
"tract","47157022700","B25044_010",492,282.152
"tract","47157022700","B28002_001",2860,640.44
"tract","47157022700","B28002_013",458,239.054
"tract","47157022700","C17002_001",6483,1537.552
"tract","47157022700","C17002_002",1365,746.705
"tract","47157022700","C17002_003",736,555.602
"tract","47157022700","POP100",6387,0
"tract","47157022700","POP100_all",6387,0
"tract","47157980100","B01003_001",0,14
"tract","47157980100","B03002_001",0,14
"tract","47157980100","B03002_003",0,14
"tract","47157980100","B03002_004",0,14
"tract","47157980100","B03002_012",0,14
"tract","47157980100","B11001_001",0,14
"tract","47157980100","B19313_001",0,0
"tract","47157980100","B25002_001",0,14
"tract","47157980100","B25002_003",0,14
"tract","47157980100","B25003_001",0,14
"tract","47157980100","B25003_003",0,14
"tract","47157980100","B25044_001",0,14
"tract","47157980100","B25044_003",0,14
"tract","47157980100","B25044_010",0,14
"tract","47157980100","B28002_001",0,14
"tract","47157980100","B28002_013",0,14
"tract","47157980100","C17002_001",0,14
"tract","47157980100","C17002_002",0,14
"tract","47157980100","C17002_003",0,14
"tract","47157980100","POP100",15,0
"tract","47157980100","POP100_all",15,0
"tract","47157980200","B01003_001",0,14
"tract","47157980200","B03002_001",0,14
"tract","47157980200","B03002_003",0,14
"tract","47157980200","B03002_004",0,14
"tract","47157980200","B03002_012",0,14
"tract","47157980200","B11001_001",0,14
"tract","47157980200","B19313_001",0,0
"tract","47157980200","B25002_001",0,14
"tract","47157980200","B25002_003",0,14
"tract","47157980200","B25003_001",0,14
"tract","47157980200","B25003_003",0,14
"tract","47157980200","B25044_001",0,14
"tract","47157980200","B25044_003",0,14
"tract","47157980200","B25044_010",0,14
"tract","47157980200","B28002_001",0,14
"tract","47157980200","B28002_013",0,14
"tract","47157980200","C17002_001",0,14
"tract","47157980200","C17002_002",0,14
"tract","47157980200","C17002_003",0,14
"tract","47157980200","POP100",11,0
"tract","47157980200","POP100_all",11,0
"tract","47157980300","B01003_001",0,9.917
"tract","47157980300","B03002_001",0,9.917
"tract","47157980300","B03002_003",0,9.917
"tract","47157980300","B03002_004",0,9.917
"tract","47157980300","B03002_012",0,9.917
"tract","47157980300","B11001_001",0,9.917
"tract","47157980300","B19313_001",0,0
"tract","47157980300","B25002_001",0,9.917
"tract","47157980300","B25002_003",0,9.917
"tract","47157980300","B25003_001",0,9.917
"tract","47157980300","B25003_003",0,9.917
"tract","47157980300","B25044_001",0,9.917
"tract","47157980300","B25044_003",0,9.917
"tract","47157980300","B25044_010",0,9.917
"tract","47157980300","B28002_001",0,9.917
"tract","47157980300","B28002_013",0,9.917
"tract","47157980300","C17002_001",0,9.917
"tract","47157980300","C17002_002",0,9.917
"tract","47157980300","C17002_003",0,9.917
"tract","47157980300","POP100",0,0
"tract","47157980300","POP100_all",0,0
"tract","47157980401","B01003_001",1747,75
"tract","47157980401","B03002_001",1747,75
"tract","47157980401","B03002_003",389,159
"tract","47157980401","B03002_004",1296,161
"tract","47157980401","B03002_012",49,50
"tract","47157980401","B11001_001",0,14
"tract","47157980401","B19313_001",15454600,5143845
"tract","47157980401","B25002_001",0,14
"tract","47157980401","B25002_003",0,14
"tract","47157980401","B25003_001",0,14
"tract","47157980401","B25003_003",0,14
"tract","47157980401","B25044_001",0,14
"tract","47157980401","B25044_003",0,14
"tract","47157980401","B25044_010",0,14
"tract","47157980401","B28002_001",0,14
"tract","47157980401","B28002_013",0,14
"tract","47157980401","C17002_001",0,14
"tract","47157980401","C17002_002",0,14
"tract","47157980401","C17002_003",0,14
"tract","47157980401","POP100",1829,0
"tract","47157980401","POP100_all",1829,0
"tract","47157980402","B01003_001",0,14
"tract","47157980402","B03002_001",0,14
"tract","47157980402","B03002_003",0,14
"tract","47157980402","B03002_004",0,14
"tract","47157980402","B03002_012",0,14
"tract","47157980402","B11001_001",0,14
"tract","47157980402","B19313_001",0,0
"tract","47157980402","B25002_001",0,14
"tract","47157980402","B25002_003",0,14
"tract","47157980402","B25003_001",0,14
"tract","47157980402","B25003_003",0,14
"tract","47157980402","B25044_001",0,14
"tract","47157980402","B25044_003",0,14
"tract","47157980402","B25044_010",0,14
"tract","47157980402","B28002_001",0,14
"tract","47157980402","B28002_013",0,14
"tract","47157980402","C17002_001",0,14
"tract","47157980402","C17002_002",0,14
"tract","47157980402","C17002_003",0,14
"tract","47157980402","POP100",9,0
"tract","47157980402","POP100_all",9,0
"zcta","38002","B01003_001",516.84,332.34
"zcta","38002","B03002_001",516.84,332.34
"zcta","38002","B03002_003",57.382,67.743
"zcta","38002","B03002_004",411.24,303.25
"zcta","38002","B03002_012",5.579,9.165
"zcta","38002","B11001_001",203.471,108.636
"zcta","38002","B19313_001",19988071.889,13214553.592
"zcta","38002","B25002_001",323.431,115.006
"zcta","38002","B25002_003",119.96,103.682
"zcta","38002","B25003_001",203.471,108.636
"zcta","38002","B25003_003",72.896,57.326
"zcta","38002","B25044_001",203.471,108.636
"zcta","38002","B25044_003",0,4.954
"zcta","38002","B25044_010",0,4.954
"zcta","38002","B28002_001",203.471,108.636
"zcta","38002","B28002_013",4.954,8.139
"zcta","38002","C17002_001",516.84,332.34
"zcta","38002","C17002_002",16.737,31.082
"zcta","38002","C17002_003",7.97,15.143
"zcta","38002","POP100",791,0
"zcta","38002","POP100_all",41738,0
"zcta","38016","B01003_001",30739.351,2626.833
"zcta","38016","B03002_001",30739.351,2626.833
"zcta","38016","B03002_003",9834.902,1323.451
"zcta","38016","B03002_004",15863.661,2337.445
"zcta","38016","B03002_012",2166.276,758.209
"zcta","38016","B11001_001",13481.881,991.399
"zcta","38016","B19313_001",1239309189.611,111566913.994
"zcta","38016","B25002_001",14665.379,1014.899
"zcta","38016","B25002_003",1183.499,395.423
"zcta","38016","B25003_001",13481.881,991.399
"zcta","38016","B25003_003",6351.629,740.954
"zcta","38016","B25044_001",13481.881,991.399
"zcta","38016","B25044_003",68.037,71.424
"zcta","38016","B25044_010",440.442,267.19
"zcta","38016","B28002_001",13481.881,991.399
"zcta","38016","B28002_013",556.286,261.42
"zcta","38016","C17002_001",30580.367,2625.161
"zcta","38016","C17002_002",1621.079,991.694
"zcta","38016","C17002_003",1200.378,667.393
"zcta","38016","POP100",34123,0
"zcta","38016","POP100_all",48322,0
"zcta","38018","B01003_001",17517.95,2259.54
"zcta","38018","B03002_001",17517.95,2259.54
"zcta","38018","B03002_003",6081.472,684.138
"zcta","38018","B03002_004",8459.693,1905.61
"zcta","38018","B03002_012",1220.79,448.542
"zcta","38018","B11001_001",6859.853,610.102
"zcta","38018","B19313_001",709544605.401,77211706.924
"zcta","38018","B25002_001",7394.954,609.648
"zcta","38018","B25002_003",535.102,203.716
"zcta","38018","B25003_001",6859.853,610.102
"zcta","38018","B25003_003",3208.661,563.784
"zcta","38018","B25044_001",6859.853,610.102
"zcta","38018","B25044_003",112.928,72.849
"zcta","38018","B25044_010",156.188,96.928
"zcta","38018","B28002_001",6859.853,610.102
"zcta","38018","B28002_013",224.949,118.936
"zcta","38018","C17002_001",17332.759,2252.595
"zcta","38018","C17002_002",391.16,184.729
"zcta","38018","C17002_003",370.688,208.301
"zcta","38018","POP100",16364,0
"zcta","38018","POP100_all",37086,0
"zcta","38103","B01003_001",14373.502,1171.896
"zcta","38103","B03002_001",14373.502,1171.896
"zcta","38103","B03002_003",8219.427,895.134
"zcta","38103","B03002_004",4060.173,672.532
"zcta","38103","B03002_012",605.197,236.703
"zcta","38103","B11001_001",8437.694,751.845
"zcta","38103","B19313_001",1049752734.584,143986187.806
"zcta","38103","B25002_001",9378.043,760.592
"zcta","38103","B25002_003",940.349,315.69
"zcta","38103","B25003_001",8437.694,751.845
"zcta","38103","B25003_003",5878.243,685.212
"zcta","38103","B25044_001",8437.694,751.845
"zcta","38103","B25044_003",56,74.351
"zcta","38103","B25044_010",507.975,183.763
"zcta","38103","B28002_001",8437.694,751.845
"zcta","38103","B28002_013",245.089,112.644
"zcta","38103","C17002_001",12247.485,1159.501
"zcta","38103","C17002_002",919.317,296.579
"zcta","38103","C17002_003",298.366,180.831
"zcta","38103","POP100",14739,0
"zcta","38103","POP100_all",14739,0
"zcta","38104","B01003_001",22554.94,1385.591
"zcta","38104","B03002_001",22554.94,1385.591
"zcta","38104","B03002_003",13178.131,1040.66
"zcta","38104","B03002_004",6922.193,954.06
"zcta","38104","B03002_012",1071.674,331.082
"zcta","38104","B11001_001",13027.058,813.782
"zcta","38104","B19313_001",1190649614.931,102789323.166
"zcta","38104","B25002_001",14521.494,826.391
"zcta","38104","B25002_003",1494.437,273.119
"zcta","38104","B25003_001",13027.058,813.782
"zcta","38104","B25003_003",8134.415,730.665
"zcta","38104","B25044_001",13027.058,813.782
"zcta","38104","B25044_003",48.673,71.86
"zcta","38104","B25044_010",1329.128,360.158
"zcta","38104","B28002_001",13027.058,813.782
"zcta","38104","B28002_013",975.599,256.337
"zcta","38104","C17002_001",21708.444,1377.317
"zcta","38104","C17002_002",2160.807,416.304
"zcta","38104","C17002_003",1268.354,302.947
"zcta","38104","POP100",22584,0
"zcta","38104","POP100_all",22584,0
"zcta","38105","B01003_001",5746.608,590.326
"zcta","38105","B03002_001",5746.608,590.326
"zcta","38105","B03002_003",802.537,233.531
"zcta","38105","B03002_004",4111.129,550.061
"zcta","38105","B03002_012",325.041,164.312
"zcta","38105","B11001_001",3281.549,331.442
"zcta","38105","B19313_001",170835855.5,23505804.028
"zcta","38105","B25002_001",4275.522,326.212
"zcta","38105","B25002_003",993.973,181.054
"zcta","38105","B25003_001",3281.549,331.442
"zcta","38105","B25003_003",2755.804,317.933
"zcta","38105","B25044_001",3281.549,331.442
"zcta","38105","B25044_003",17.654,36.813
"zcta","38105","B25044_010",819.783,182.316
"zcta","38105","B28002_001",3281.549,331.442
"zcta","38105","B28002_013",523.615,155.239
"zcta","38105","C17002_001",5666.934,590.324
"zcta","38105","C17002_002",901.896,304.283
"zcta","38105","C17002_003",593.822,194.292
"zcta","38105","POP100",6232,0
"zcta","38105","POP100_all",6232,0
"zcta","38106","B01003_001",21360.456,1878.437
"zcta","38106","B03002_001",21360.456,1878.437
"zcta","38106","B03002_003",619.785,167.06
"zcta","38106","B03002_004",19690.424,1866.01
"zcta","38106","B03002_012",633.351,266.491
"zcta","38106","B11001_001",8962.946,760.353
"zcta","38106","B19313_001",453011596.811,53630765.648
"zcta","38106","B25002_001",11534.13,786.912
"zcta","38106","B25002_003",2571.185,350.861
"zcta","38106","B25003_001",8962.946,760.353
"zcta","38106","B25003_003",5325.818,689.442
"zcta","38106","B25044_001",8962.946,760.353
"zcta","38106","B25044_003",334.952,113.46
"zcta","38106","B25044_010",1067.77,247.476
"zcta","38106","B28002_001",8962.946,760.353
"zcta","38106","B28002_013",1847.517,383.88
"zcta","38106","C17002_001",21095.817,1843.468
"zcta","38106","C17002_002",5619.208,1277.224
"zcta","38106","C17002_003",2964.409,707.646
"zcta","38106","POP100",22394,0
"zcta","38106","POP100_all",22394,0
"zcta","38107","B01003_001",13941.108,1176.124
"zcta","38107","B03002_001",13941.108,1176.124
"zcta","38107","B03002_003",2684.885,365.237
"zcta","38107","B03002_004",10306.889,1060.954
"zcta","38107","B03002_012",328.014,228.138
"zcta","38107","B11001_001",6828.551,523.062
"zcta","38107","B19313_001",411052492.107,51875894.254
"zcta","38107","B25002_001",8240.915,566.923
"zcta","38107","B25002_003",1412.364,282.475
"zcta","38107","B25003_001",6828.551,523.062
"zcta","38107","B25003_003",4103.577,417.264
"zcta","38107","B25044_001",6828.551,523.062
"zcta","38107","B25044_003",288.018,161.809
"zcta","38107","B25044_010",1079.212,203.171
"zcta","38107","B28002_001",6828.551,523.062
"zcta","38107","B28002_013",1010.277,242.819
"zcta","38107","C17002_001",13759.341,1169.311
"zcta","38107","C17002_002",2150.673,597.898
"zcta","38107","C17002_003",2021.659,489.043
"zcta","38107","POP100",15655,0
"zcta","38107","POP100_all",15655,0
"zcta","38108","B01003_001",16577.785,2019.611
"zcta","38108","B03002_001",16577.785,2019.611
"zcta","38108","B03002_003",2386.292,707.678
"zcta","38108","B03002_004",9243.765,1236.826
"zcta","38108","B03002_012",4666.86,1452.079
"zcta","38108","B11001_001",6232.032,635.847
"zcta","38108","B19313_001",347477899.795,63572635.821
"zcta","38108","B25002_001",7429.99,636.88
"zcta","38108","B25002_003",1197.958,272.863
"zcta","38108","B25003_001",6232.032,635.847
"zcta","38108","B25003_003",3411.306,532.435
"zcta","38108","B25044_001",6232.032,635.847
"zcta","38108","B25044_003",280.231,102.475
"zcta","38108","B25044_010",888.809,272.976
"zcta","38108","B28002_001",6232.032,635.847
"zcta","38108","B28002_013",1509.809,332.948
"zcta","38108","C17002_001",16501.837,2018.301
"zcta","38108","C17002_002",2236.136,552.144
"zcta","38108","C17002_003",2673.922,828.69
"zcta","38108","POP100",17051,0
"zcta","38108","POP100_all",17051,0
"zcta","38109","B01003_001",42503.261,3429.621
"zcta","38109","B03002_001",42503.261,3429.621
"zcta","38109","B03002_003",750.456,355.765
"zcta","38109","B03002_004",40350.781,3369.065
"zcta","38109","B03002_012",350.528,274.321
"zcta","38109","B11001_001",16678.169,1138.27
"zcta","38109","B19313_001",929161359.524,89288140.814
"zcta","38109","B25002_001",18926.265,1171.725
"zcta","38109","B25002_003",2248.096,402.515
"zcta","38109","B25003_001",16678.169,1138.27
"zcta","38109","B25003_003",7451.691,935.634
"zcta","38109","B25044_001",16678.169,1138.27
"zcta","38109","B25044_003",622.451,206.719
"zcta","38109","B25044_010",1267.844,360.29
"zcta","38109","B28002_001",16678.169,1138.27
"zcta","38109","B28002_013",2258.375,427.13
"zcta","38109","C17002_001",42326.17,3419.855
"zcta","38109","C17002_002",5680.594,1361.661
"zcta","38109","C17002_003",8019.892,2179.941
"zcta","38109","POP100",42437,0
"zcta","38109","POP100_all",42437,0
"zcta","38111","B01003_001",41916.766,3471.439
"zcta","38111","B03002_001",41916.766,3471.439
"zcta","38111","B03002_003",13963.814,1242.313
"zcta","38111","B03002_004",19802.191,2852.225
"zcta","38111","B03002_012",5591.36,1513.249
"zcta","38111","B11001_001",17410.671,1036.406
"zcta","38111","B19313_001",1592782525.375,166544225.359
"zcta","38111","B25002_001",19604.81,1066.703
"zcta","38111","B25002_003",2194.138,397.89
"zcta","38111","B25003_001",17410.671,1036.406
"zcta","38111","B25003_003",9668.526,896.557
"zcta","38111","B25044_001",17410.671,1036.406
"zcta","38111","B25044_003",354.984,196.018
"zcta","38111","B25044_010",1848.094,447.056
"zcta","38111","B28002_001",17410.671,1036.406
"zcta","38111","B28002_013",1381.351,345.901
"zcta","38111","C17002_001",39648.764,3331.438
"zcta","38111","C17002_002",5468.392,1222.916
"zcta","38111","C17002_003",4869.869,1332.102
"zcta","38111","POP100",40533,0
"zcta","38111","POP100_all",40533,0
"zcta","38112","B01003_001",16994.383,1548.029
"zcta","38112","B03002_001",16994.383,1548.029
"zcta","38112","B03002_003",6330.457,663.936
"zcta","38112","B03002_004",7332.91,1167.344
"zcta","38112","B03002_012",2461.968,919.532
"zcta","38112","B11001_001",6569.122,512.139
"zcta","38112","B19313_001",558470214.614,55936584.35
"zcta","38112","B25002_001",7592.006,532.372
"zcta","38112","B25002_003",1022.884,228.336
"zcta","38112","B25003_001",6569.122,512.139
"zcta","38112","B25003_003",3232.415,431.355
"zcta","38112","B25044_001",6569.122,512.139
"zcta","38112","B25044_003",202.794,117.855
"zcta","38112","B25044_010",745.239,303.991
"zcta","38112","B28002_001",6569.122,512.139
"zcta","38112","B28002_013",734.878,289.331
"zcta","38112","C17002_001",15622.286,1543.149
"zcta","38112","C17002_002",2450.977,820.492
"zcta","38112","C17002_003",2100.63,745.225
"zcta","38112","POP100",16970,0
"zcta","38112","POP100_all",16970,0
"zcta","38113","B01003_001",0,14
"zcta","38113","B03002_001",0,14
"zcta","38113","B03002_003",0,14
"zcta","38113","B03002_004",0,14
"zcta","38113","B03002_012",0,14
"zcta","38113","B11001_001",0,14
"zcta","38113","B19313_001",0,0
"zcta","38113","B25002_001",0,14
"zcta","38113","B25002_003",0,14
"zcta","38113","B25003_001",0,14
"zcta","38113","B25003_003",0,14
"zcta","38113","B25044_001",0,14
"zcta","38113","B25044_003",0,14
"zcta","38113","B25044_010",0,14
"zcta","38113","B28002_001",0,14
"zcta","38113","B28002_013",0,14
"zcta","38113","C17002_001",0,14
"zcta","38113","C17002_002",0,14
"zcta","38113","C17002_003",0,14
"zcta","38113","POP100",11,0
"zcta","38113","POP100_all",11,0
"zcta","38114","B01003_001",20492.428,1831.201
"zcta","38114","B03002_001",20492.428,1831.201
"zcta","38114","B03002_003",1242.238,263.826
"zcta","38114","B03002_004",17964.375,1771.222
"zcta","38114","B03002_012",1021.339,484.451
"zcta","38114","B11001_001",9366.506,769.238
"zcta","38114","B19313_001",483708092.941,41686644.325
"zcta","38114","B25002_001",12141.549,798.497
"zcta","38114","B25002_003",2775.043,380.935
"zcta","38114","B25003_001",9366.506,769.238
"zcta","38114","B25003_003",5118.108,619.674
"zcta","38114","B25044_001",9366.506,769.238
"zcta","38114","B25044_003",418.394,179.526
"zcta","38114","B25044_010",882.803,266.43
"zcta","38114","B28002_001",9366.506,769.238
"zcta","38114","B28002_013",1378.104,258.28
"zcta","38114","C17002_001",20462.428,1829.565
"zcta","38114","C17002_002",3419.206,924.168
"zcta","38114","C17002_003",3333.291,903.932
"zcta","38114","POP100",23559,0
"zcta","38114","POP100_all",23559,0
"zcta","38115","B01003_001",38403.666,2692.059
"zcta","38115","B03002_001",38403.666,2692.059
"zcta","38115","B03002_003",2418.657,418.313
"zcta","38115","B03002_004",30942.295,2532.323
"zcta","38115","B03002_012",4428.868,1031.59
"zcta","38115","B11001_001",16199.012,992.952
"zcta","38115","B19313_001",980972671.863,83046898.793
"zcta","38115","B25002_001",19007.429,1008.544
"zcta","38115","B25002_003",2808.417,416.597
"zcta","38115","B25003_001",16199.012,992.952
"zcta","38115","B25003_003",12333.95,895.99
"zcta","38115","B25044_001",16199.012,992.952
"zcta","38115","B25044_003",124.252,90.251
"zcta","38115","B25044_010",1972.498,426.534
"zcta","38115","B28002_001",16199.012,992.952
"zcta","38115","B28002_013",1047.16,253.531
"zcta","38115","C17002_001",38216.666,2687.972
"zcta","38115","C17002_002",3362.007,774.859
"zcta","38115","C17002_003",3978.135,920.355
"zcta","38115","POP100",40076,0
"zcta","38115","POP100_all",40076,0
"zcta","38116","B01003_001",39991.623,3152.208
"zcta","38116","B03002_001",39991.623,3152.208
"zcta","38116","B03002_003",1494.521,408.351
"zcta","38116","B03002_004",36661.841,3062.812
"zcta","38116","B03002_012",1373.191,656.759
"zcta","38116","B11001_001",15578.377,1010.669
"zcta","38116","B19313_001",965732092.603,123880586.296
"zcta","38116","B25002_001",18526.488,1028.557
"zcta","38116","B25002_003",2948.111,390.298
"zcta","38116","B25003_001",15578.377,1010.669
"zcta","38116","B25003_003",8861.163,877.229
"zcta","38116","B25044_001",15578.377,1010.669
"zcta","38116","B25044_003",224.275,147.734
"zcta","38116","B25044_010",1830,419.444
"zcta","38116","B28002_001",15578.377,1010.669
"zcta","38116","B28002_013",1907.098,462.86
"zcta","38116","C17002_001",39389.623,3023.482
"zcta","38116","C17002_002",7547.474,1491.031
"zcta","38116","C17002_003",4740.157,1256.341
"zcta","38116","POP100",39107,0
"zcta","38116","POP100_all",39107,0
"zcta","38117","B01003_001",25846.413,1802.461
"zcta","38117","B03002_001",25846.413,1802.461
"zcta","38117","B03002_003",18918.721,1336.003
"zcta","38117","B03002_004",3362.089,1013.548
"zcta","38117","B03002_012",2354.773,794.975
"zcta","38117","B11001_001",11333.371,705.38
"zcta","38117","B19313_001",1686224520.335,160904403.7
"zcta","38117","B25002_001",12015.309,711.923
"zcta","38117","B25002_003",681.938,246.122
"zcta","38117","B25003_001",11333.371,705.38
"zcta","38117","B25003_003",2957.733,512.197
"zcta","38117","B25044_001",11333.371,705.38
"zcta","38117","B25044_003",176.94,137.535
"zcta","38117","B25044_010",324.565,155.899
"zcta","38117","B28002_001",11333.371,705.38
"zcta","38117","B28002_013",624.242,193.175
"zcta","38117","C17002_001",25735.969,1797.125
"zcta","38117","C17002_002",1001.564,497.185
"zcta","38117","C17002_003",1581.056,850.704
"zcta","38117","POP100",27138,0
"zcta","38117","POP100_all",27138,0
"zcta","38118","B01003_001",39173.248,3746.632
"zcta","38118","B03002_001",39173.248,3746.632
"zcta","38118","B03002_003",1801.711,587.05
"zcta","38118","B03002_004",28299.244,3223.05
"zcta","38118","B03002_012",8043.364,1914.694
"zcta","38118","B11001_001",13163.758,894.505
"zcta","38118","B19313_001",865715163.214,157347709.723
"zcta","38118","B25002_001",16277.344,919.088
"zcta","38118","B25002_003",3113.586,400.419
"zcta","38118","B25003_001",13163.758,894.505
"zcta","38118","B25003_003",7921.994,789.539
"zcta","38118","B25044_001",13163.758,894.505
"zcta","38118","B25044_003",171.748,117.355
"zcta","38118","B25044_010",836.11,283.589
"zcta","38118","B28002_001",13163.758,894.505
"zcta","38118","B28002_013",1311.334,308.717
"zcta","38118","C17002_001",38839.508,3743.164
"zcta","38118","C17002_002",5053.773,1507.461
"zcta","38118","C17002_003",6541.831,2370.528
"zcta","38118","POP100",39627,0
"zcta","38118","POP100_all",39627,0
"zcta","38119","B01003_001",23206.441,1866.901
"zcta","38119","B03002_001",23206.441,1866.901
"zcta","38119","B03002_003",11195.786,1184.944
"zcta","38119","B03002_004",8786.899,1474.571
"zcta","38119","B03002_012",1304.392,690.994
"zcta","38119","B11001_001",10080.248,767.594
"zcta","38119","B19313_001",1237019036.368,126708415.736
"zcta","38119","B25002_001",10678.749,785.77
"zcta","38119","B25002_003",598.501,282.327
"zcta","38119","B25003_001",10080.248,767.594
"zcta","38119","B25003_003",3907.28,568.368
"zcta","38119","B25044_001",10080.248,767.594
"zcta","38119","B25044_003",51,61.783
"zcta","38119","B25044_010",187,132.133
"zcta","38119","B28002_001",10080.248,767.594
"zcta","38119","B28002_013",166.469,96.215
"zcta","38119","C17002_001",22778.324,1865.495
"zcta","38119","C17002_002",1082.585,454.647
"zcta","38119","C17002_003",746.5,472.903
"zcta","38119","POP100",23997,0
"zcta","38119","POP100_all",23997,0
"zcta","38120","B01003_001",13310.626,1345.209
"zcta","38120","B03002_001",13310.626,1345.209
"zcta","38120","B03002_003",11080.1,1223.188
"zcta","38120","B03002_004",708.673,308.063
"zcta","38120","B03002_012",541.351,349.009
"zcta","38120","B11001_001",6159.201,585.019
"zcta","38120","B19313_001",1419313050.883,399419634.908
"zcta","38120","B25002_001",6562.988,595.132
"zcta","38120","B25002_003",403.786,190.321
"zcta","38120","B25003_001",6159.201,585.019
"zcta","38120","B25003_003",1829.201,327.828
"zcta","38120","B25044_001",6159.201,585.019
"zcta","38120","B25044_003",49.281,60.544
"zcta","38120","B25044_010",211.223,120.533
"zcta","38120","B28002_001",6159.201,585.019
"zcta","38120","B28002_013",114.635,102.962
"zcta","38120","C17002_001",13252.795,1344.534
"zcta","38120","C17002_002",253.449,143.17
"zcta","38120","C17002_003",853.781,492.916
"zcta","38120","POP100",14536,0
"zcta","38120","POP100_all",14536,0
"zcta","38122","B01003_001",25953.719,2461.543
"zcta","38122","B03002_001",25953.719,2461.543
"zcta","38122","B03002_003",8588.56,1174.667
"zcta","38122","B03002_004",5250.958,1166.486
"zcta","38122","B03002_012",9883.39,1928.375
"zcta","38122","B11001_001",9232.817,673.963
"zcta","38122","B19313_001",615391925.105,75657339.256
"zcta","38122","B25002_001",9938.069,679.554
"zcta","38122","B25002_003",705.252,215.774
"zcta","38122","B25003_001",9232.817,673.963
"zcta","38122","B25003_003",4342.552,510.502
"zcta","38122","B25044_001",9232.817,673.963
"zcta","38122","B25044_003",297.314,125.717
"zcta","38122","B25044_010",476.416,184.162
"zcta","38122","B28002_001",9232.817,673.963
"zcta","38122","B28002_013",975.43,304.234
"zcta","38122","C17002_001",25515.613,2381.118
"zcta","38122","C17002_002",3913.148,1135.398
"zcta","38122","C17002_003",3172.799,1081.884
"zcta","38122","POP100",26432,0
"zcta","38122","POP100_all",26432,0
"zcta","38125","B01003_001",7433.826,1181.78
"zcta","38125","B03002_001",7433.826,1181.78
"zcta","38125","B03002_003",928.996,265.556
"zcta","38125","B03002_004",5255.767,1121.142
"zcta","38125","B03002_012",844.404,460.729
"zcta","38125","B11001_001",2700.389,353.272
"zcta","38125","B19313_001",270635046.763,40204551.211
"zcta","38125","B25002_001",2916.546,350.186
"zcta","38125","B25002_003",216.157,110.479
"zcta","38125","B25003_001",2700.389,353.272
"zcta","38125","B25003_003",1340.303,282.401
"zcta","38125","B25044_001",2700.389,353.272
"zcta","38125","B25044_003",0.064,26.777
"zcta","38125","B25044_010",11.632,29.067
"zcta","38125","B28002_001",2700.389,353.272
"zcta","38125","B28002_013",53.237,32.446
"zcta","38125","C17002_001",7366.09,1176.71
"zcta","38125","C17002_002",254.586,237.951
"zcta","38125","C17002_003",220.01,135.417
"zcta","38125","POP100",6720,0
"zcta","38125","POP100_all",40970,0
"zcta","38126","B01003_001",5979.733,837.017
"zcta","38126","B03002_001",5979.733,837.017
"zcta","38126","B03002_003",426.414,206.245
"zcta","38126","B03002_004",5312.723,797.365
"zcta","38126","B03002_012",72.093,56.344
"zcta","38126","B11001_001",2703.277,350.87
"zcta","38126","B19313_001",99966657.354,14042980.557
"zcta","38126","B25002_001",3220.627,371.235
"zcta","38126","B25002_003",517.35,151.037
"zcta","38126","B25003_001",2703.277,350.87
"zcta","38126","B25003_003",2353.962,343.388
"zcta","38126","B25044_001",2703.277,350.87
"zcta","38126","B25044_003",13,43.72
"zcta","38126","B25044_010",806.958,178.1
"zcta","38126","B28002_001",2703.277,350.87
"zcta","38126","B28002_013",532.977,218.541
"zcta","38126","C17002_001",5874.599,837.016
"zcta","38126","C17002_002",1231.081,365.865
"zcta","38126","C17002_003",1703.731,582.767
"zcta","38126","POP100",5717,0
"zcta","38126","POP100_all",5717,0
"zcta","38127","B01003_001",35720.061,3260.26
"zcta","38127","B03002_001",35720.061,3260.26
"zcta","38127","B03002_003",2370.985,659.449
"zcta","38127","B03002_004",31699.45,3179.827
"zcta","38127","B03002_012",1042.832,431.224
"zcta","38127","B11001_001",13001.29,932.008
"zcta","38127","B19313_001",634368495.42,64787775.892
"zcta","38127","B25002_001",15962.747,972.767
"zcta","38127","B25002_003",2961.457,456.575
"zcta","38127","B25003_001",13001.29,932.008
"zcta","38127","B25003_003",7611.959,789.429
"zcta","38127","B25044_001",13001.29,932.008
"zcta","38127","B25044_003",250,126.855
"zcta","38127","B25044_010",1367,355.394
"zcta","38127","B28002_001",13001.29,932.008
"zcta","38127","B28002_013",1460.661,317.247
"zcta","38127","C17002_001",35663.061,3257.112
"zcta","38127","C17002_002",8323.519,2191.808
"zcta","38127","C17002_003",5736,1368.152
"zcta","38127","POP100",36801,0
"zcta","38127","POP100_all",40679,0
"zcta","38128","B01003_001",37897.122,3268
"zcta","38128","B03002_001",37897.122,3268
"zcta","38128","B03002_003",3314.315,671.201
"zcta","38128","B03002_004",29291.646,3044.062
"zcta","38128","B03002_012",3984.07,1119.678
"zcta","38128","B11001_001",14497.627,1043.465
"zcta","38128","B19313_001",969852165.7,102930803.277
"zcta","38128","B25002_001",16555.417,1056.813
"zcta","38128","B25002_003",2057.79,367.499
"zcta","38128","B25003_001",14497.627,1043.465
"zcta","38128","B25003_003",8493.546,920.481
"zcta","38128","B25044_001",14497.627,1043.465
"zcta","38128","B25044_003",190.533,107.468
"zcta","38128","B25044_010",1275.258,336.372
"zcta","38128","B28002_001",14497.627,1043.465
"zcta","38128","B28002_013",1471.198,316.063
"zcta","38128","C17002_001",37630.094,3261.692
"zcta","38128","C17002_002",3705.998,928.155
"zcta","38128","C17002_003",4033.877,994.87
"zcta","38128","POP100",38240,0
"zcta","38128","POP100_all",43197,0
"zcta","38131","B01003_001",14.264,5.053
"zcta","38131","B03002_001",14.264,5.053
"zcta","38131","B03002_003",2.023,1.039
"zcta","38131","B03002_004",7.524,4.517
"zcta","38131","B03002_012",4.669,2.95
"zcta","38131","B11001_001",4.575,1.215
"zcta","38131","B19313_001",224219.874,68272.771
"zcta","38131","B25002_001",4.575,1.215
"zcta","38131","B25002_003",0,0.102
"zcta","38131","B25003_001",4.575,1.215
"zcta","38131","B25003_003",1.735,1.032
"zcta","38131","B25044_001",4.575,1.215
"zcta","38131","B25044_003",0.081,0.117
"zcta","38131","B25044_010",0,0.102
"zcta","38131","B28002_001",4.575,1.215
"zcta","38131","B28002_013",0.922,0.754
"zcta","38131","C17002_001",14.264,5.053
"zcta","38131","C17002_002",2.063,1.415
"zcta","38131","C17002_003",1.111,0.975
"zcta","38131","POP100",14,0
"zcta","38131","POP100_all",14,0
"zcta","38132","B01003_001",55.018,19.513
"zcta","38132","B03002_001",55.018,19.513
"zcta","38132","B03002_003",7.802,4.116
"zcta","38132","B03002_004",29.02,17.449
"zcta","38132","B03002_012",18.01,11.418
"zcta","38132","B11001_001",10.981,4.043
"zcta","38132","B19313_001",864848.087,263337.831
"zcta","38132","B25002_001",10.981,4.043
"zcta","38132","B25002_003",0,2.811
"zcta","38132","B25003_001",10.981,4.043
"zcta","38132","B25003_003",4.164,3.739
"zcta","38132","B25044_001",10.981,4.043
"zcta","38132","B25044_003",0.193,2.814
"zcta","38132","B25044_010",0,2.811
"zcta","38132","B28002_001",10.981,4.043
"zcta","38132","B28002_013",2.214,3.334
"zcta","38132","C17002_001",55.018,19.513
"zcta","38132","C17002_002",7.957,5.538
"zcta","38132","C17002_003",4.287,3.876
"zcta","38132","POP100",55,0
"zcta","38132","POP100_all",55,0
"zcta","38133","B01003_001",9857.083,1786.273
"zcta","38133","B03002_001",9857.083,1786.273
"zcta","38133","B03002_003",2793.451,622.333
"zcta","38133","B03002_004",4023.079,1380.667
"zcta","38133","B03002_012",2409.19,1034.142
"zcta","38133","B11001_001",3949.778,574.328
"zcta","38133","B19313_001",307293785.375,53083142.94
"zcta","38133","B25002_001",4068.788,577.301
"zcta","38133","B25002_003",119.009,113.6
"zcta","38133","B25003_001",3949.778,574.328
"zcta","38133","B25003_003",1933.278,480.226
"zcta","38133","B25044_001",3949.778,574.328
"zcta","38133","B25044_003",118.047,96.747
"zcta","38133","B25044_010",85.403,104.102
"zcta","38133","B28002_001",3949.778,574.328
"zcta","38133","B28002_013",282.422,192.635
"zcta","38133","C17002_001",9857.083,1786.273
"zcta","38133","C17002_002",560.605,316.072
"zcta","38133","C17002_003",441.166,316.623
"zcta","38133","POP100",10810,0
"zcta","38133","POP100_all",22482,0
"zcta","38134","B01003_001",29761.761,2821.342
"zcta","38134","B03002_001",29761.761,2821.342
"zcta","38134","B03002_003",5706.415,909.524
"zcta","38134","B03002_004",15721.432,1978.518
"zcta","38134","B03002_012",6157.162,1813.896
"zcta","38134","B11001_001",10288.733,951.689
"zcta","38134","B19313_001",789961940.611,85228978.996
"zcta","38134","B25002_001",10802.301,953.234
"zcta","38134","B25002_003",513.568,227.831
"zcta","38134","B25003_001",10288.733,951.689
"zcta","38134","B25003_003",6901.354,876.478
"zcta","38134","B25044_001",10288.733,951.689
"zcta","38134","B25044_003",90.917,86.103
"zcta","38134","B25044_010",475.379,218.125
"zcta","38134","B28002_001",10288.733,951.689
"zcta","38134","B28002_013",565.979,256.425
"zcta","38134","C17002_001",26505.265,2819.362
"zcta","38134","C17002_002",2054.815,627.563
"zcta","38134","C17002_003",1694.723,816.725
"zcta","38134","POP100",28207,0
"zcta","38134","POP100_all",41760,0
"zcta","38135","B01003_001",2703.907,1123.356
"zcta","38135","B03002_001",2703.907,1123.356
"zcta","38135","B03002_003",355.422,149.732
"zcta","38135","B03002_004",2208.553,1169.994
"zcta","38135","B03002_012",99.816,99.705
"zcta","38135","B11001_001",824.767,163.105
"zcta","38135","B19313_001",63245581.909,30007614.194
"zcta","38135","B25002_001",872.306,150.81
"zcta","38135","B25002_003",47.539,50.17
"zcta","38135","B25003_001",824.767,163.105
"zcta","38135","B25003_003",428.108,99.756
"zcta","38135","B25044_001",824.767,163.105
"zcta","38135","B25044_003",1.598,9.52
"zcta","38135","B25044_010",96.677,64.52
"zcta","38135","B28002_001",824.767,163.105
"zcta","38135","B28002_013",73.529,54.825
"zcta","38135","C17002_001",2670.24,1122.171
"zcta","38135","C17002_002",262.198,233.543
"zcta","38135","C17002_003",69.687,39.243
"zcta","38135","POP100",1785,0
"zcta","38135","POP100_all",29609,0
"zcta","38138","B01003_001",199.728,37.505
"zcta","38138","B03002_001",199.728,37.505
"zcta","38138","B03002_003",139.363,36.434
"zcta","38138","B03002_004",41.966,18.17
"zcta","38138","B03002_012",4.385,4.104
"zcta","38138","B11001_001",153.829,31.914
"zcta","38138","B19313_001",22364190.782,7202404.333
"zcta","38138","B25002_001",156.663,32.09
"zcta","38138","B25002_003",2.834,3.934
"zcta","38138","B25003_001",153.829,31.914
"zcta","38138","B25003_003",71.031,28.478
"zcta","38138","B25044_001",153.829,31.914
"zcta","38138","B25044_003",0.068,2.494
"zcta","38138","B25044_010",39.312,24.015
"zcta","38138","B28002_001",153.829,31.914
"zcta","38138","B28002_013",16.422,17.967
"zcta","38138","C17002_001",199.728,37.505
"zcta","38138","C17002_002",19.66,15.572
"zcta","38138","C17002_003",5.984,6.9
"zcta","38138","POP100",213,0
"zcta","38138","POP100_all",25837,0
"zcta","38141","B01003_001",17388.848,2457.072
"zcta","38141","B03002_001",17388.848,2457.072
"zcta","38141","B03002_003",722.372,338.171
"zcta","38141","B03002_004",14939.417,2468.057
"zcta","38141","B03002_012",1420.735,449.561
"zcta","38141","B11001_001",5702.876,532.947
"zcta","38141","B19313_001",447957706.87,55648784.037
"zcta","38141","B25002_001",5919.597,529.256
"zcta","38141","B25002_003",216.72,135.42
"zcta","38141","B25003_001",5702.876,532.947
"zcta","38141","B25003_003",2575.272,396.71
"zcta","38141","B25044_001",5702.876,532.947
"zcta","38141","B25044_003",93.357,69.197
"zcta","38141","B25044_010",158.067,97.56
"zcta","38141","B28002_001",5702.876,532.947
"zcta","38141","B28002_013",151.329,81.141
"zcta","38141","C17002_001",17388.744,2457.072
"zcta","38141","C17002_002",823.394,395.782
"zcta","38141","C17002_003",1694.552,782.04
"zcta","38141","POP100",15957,0
"zcta","38141","POP100_all",22333,0
"zcta","38152","B01003_001",126.81,40.53
"zcta","38152","B03002_001",126.81,40.53
"zcta","38152","B03002_003",43.947,26.292
"zcta","38152","B03002_004",42.713,23.54
"zcta","38152","B03002_012",2.563,2.373
"zcta","38152","B11001_001",0.573,0.24
"zcta","38152","B19313_001",4534811.211,3591258.351
"zcta","38152","B25002_001",0.753,0.224
"zcta","38152","B25002_003",0.179,0.121
"zcta","38152","B25003_001",0.573,0.24
"zcta","38152","B25003_003",0.459,0.253
"zcta","38152","B25044_001",0.573,0.24
"zcta","38152","B25044_003",0,0.018
"zcta","38152","B25044_010",0.183,0.193
"zcta","38152","B28002_001",0.573,0.24
"zcta","38152","B28002_013",0.014,0.022
"zcta","38152","C17002_001",75.175,26.387
"zcta","38152","C17002_002",16.421,15.661
"zcta","38152","C17002_003",24.204,20.787
"zcta","38152","POP100",127,0
"zcta","38152","POP100_all",127,0
